Land_Required_Hectare,Land_Acquired_Hectare,Affected_Families,Displaced_Families,Compensation_Amount_Crore,RR_Amount_Crore,R&R_Progress_Percent,Legal_Disputes_Count,Historical_Delay_Days,Risk_Score_0_100,Delay_Label,Land_Acquisition_Ratio,Displacement_Ratio,Total_Compensation_Crore,Sanction_Date_Year,Sanction_Date_Month,3A_Notification_Date_Year,3A_Notification_Date_Month,3D_Notification_Date_Year,3D_Notification_Date_Month,Award_Date_Year,Award_Date_Month,Payment_Date_Year,Payment_Date_Month,Possession_Date_Year,Possession_Date_Month,State_Gujarat,State_Karnataka,State_Madhya Pradesh,State_Maharashtra,State_Odisha,State_Rajasthan,State_Tamil Nadu,State_Uttar Pradesh,State_West Bengal,District_Ahmedabad,District_Ajmer,District_Alwar,District_Aurangabad,District_Bardhaman,District_Bengaluru Urban,District_Bhagalpur,District_Bhopal,District_Bhubaneswar,District_Chennai,District_Coimbatore,District_Cuttack,District_Gaya,District_Gorakhpur,District_Gwalior,District_Hooghly,District_Howrah,District_Indore,District_Jabalpur,District_Jaipur,District_Jodhpur,District_Kanpur Nagar,District_Kolkata,District_Kota,District_Lucknow,District_Madurai,District_Mangaluru,District_Muzaffarpur,District_Mysuru,District_Nagpur,District_Nashik,District_Patna,District_Prayagraj,District_Pune,District_Puri,District_Rajkot,District_Salem,District_Sambalpur,District_Surat,District_Thane,District_Ujjain,District_Vadodara,District_Varanasi,Project_Type_Irrigation,Project_Type_National Highway,Project_Type_Railway,Project_Type_Renewable Energy,Project_Type_Urban Development,Compensation_Status_Partially paid,Compensation_Status_Pending,Possession_Status_Pending,Possession_Status_Substantially complete
169.36,107.95,304,50,207.8,13.46,97.7,4,736,58,0,0.6373996221067548,0.16447368421052633,221.26000000000002,2019,5,2019,8,2021,8,2021,5,2022,12,2023,8,False,False,False,False,False,False,False,False,True,False,False,False,False,False,False,False,False,False,False,False,False,False,False,False,True,False,False,False,False,False,False,False,False,False,False,False,False,False,False,False,False,False,False,False,False,False,False,False,False,False,False,False,True,False,False,False,False,True,False,True,False
60.51,57.81,94,15,124.42,6.28,93.8,4,1745,49,0,0.9553792761527021,0.1595744680851064,130.7,2021,4,2023,2,2022,6,2024,5,2025,12,2028,2,False,False,True,False,False,False,False,False,False,False,False,False,False,False,False,False,False,False,False,False,False,False,False,False,False,False,False,False,False,False,False,False,False,False,False,False,False,False,False,False,False,False,False,False,False,False,False,False,False,True,False,False,False,False,False,False,True,False,False,False,True
84.41,33.67,164,26,214.35,10.61,100.0,4,2240,68,1,0.398886387868736,0.15853658536585366,224.95999999999998,2018,11,2019,12,2020,9,2024,5,2026,1,2026,5,False,False,False,False,True,False,False,False,False,False,False,False,False,False,False,False,False,False,False,False,False,False,False,False,False,False,False,False,False,False,False,False,False,False,False,False,False,False,False,False,False,False,False,False,False,False,True,False,False,False,False,False,False,False,False,False,True,False,True,True,False
68.02,46.03,129,24,223.83,11.34,100.0,1,602,57,0,0.6767127315495443,0.18604651162790697,235.17000000000002,2018,7,2019,5,2022,3,2019,4,2020,2,2022,3,True,False,False,False,False,False,False,False,False,True,False,False,False,False,False,False,False,False,False,False,False,False,False,False,False,False,False,False,False,False,False,False,False,False,False,False,False,False,False,False,False,False,False,False,False,False,False,False,False,False,False,False,False,False,True,False,False,True,False,False,False
29.96,23.3,48,8,53.02,5.04,86.7,1,1438,56,0,0.7777036048064085,0.16666666666666666,58.06,2022,3,2023,1,2024,8,2025,6,2025,8,2027,8,False,False,False,False,False,False,False,False,True,False,False,False,False,False,False,False,False,False,False,False,False,False,False,False,False,False,False,False,False,False,False,True,False,False,False,False,False,False,False,False,False,False,False,False,False,False,False,False,False,False,False,False,True,False,False,False,False,True,False,False,False
88.53,50.36,158,35,364.77,10.93,91.7,2,1284,61,1,0.5688467186264543,0.22151898734177214,375.7,2020,8,2021,5,2023,8,2024,5,2025,3,2026,8,False,False,False,False,False,False,True,False,False,False,False,False,False,False,False,False,False,False,False,False,False,False,False,False,False,False,False,False,False,False,False,False,False,False,True,False,False,False,False,False,False,False,False,False,False,False,False,False,False,False,False,False,False,True,False,False,False,False,True,True,False
63.12,23.25,127,28,163.72,8.78,95.4,3,272,45,0,0.36834600760456276,0.2204724409448819,172.5,2018,2,2020,7,2020,6,2019,2,2019,8,2020,6,False,False,False,False,False,True,False,False,False,False,True,False,False,False,False,False,False,False,False,False,False,False,False,False,False,False,False,False,False,False,False,False,False,False,False,False,False,False,False,False,False,False,False,False,False,False,False,False,False,False,False,False,False,False,False,True,False,False,True,True,False
126.4,76.31,239,36,290.61,19.32,100.0,3,2393,58,0,0.6037183544303797,0.1506276150627615,309.93,2018,12,2020,5,2020,1,2025,3,2026,9,2028,3,False,False,False,False,False,False,False,False,True,False,False,False,False,False,False,False,False,False,False,False,False,False,False,False,True,False,False,False,False,False,False,False,False,False,False,False,False,False,False,False,False,False,False,False,False,False,False,False,False,False,False,False,False,False,False,False,False,True,False,True,False
18.92,17.47,32,5,56.72,3.02,100.0,0,1247,48,0,0.9233615221987314,0.15625,59.74,2019,2,2021,4,2020,6,2021,11,2023,2,2024,8,False,False,False,False,True,False,False,False,False,False,False,False,False,False,False,False,False,False,False,False,False,False,False,False,False,False,False,False,False,False,False,False,False,False,False,False,False,False,False,False,False,False,False,False,False,False,True,False,False,False,False,False,False,False,True,False,False,False,False,False,True
5.27,3.5,9,1,7.48,0.36,100.0,0,315,38,0,0.6641366223908919,0.1111111111111111,7.840000000000001,2017,11,2019,8,2018,9,2019,5,2020,10,2021,3,True,False,False,False,False,False,False,False,False,False,False,False,False,False,False,False,False,False,False,False,False,False,False,False,False,False,False,False,False,False,False,False,False,False,False,False,False,False,False,False,False,False,False,False,True,False,False,False,False,False,False,False,False,False,False,False,False,True,False,False,False
85.22,76.39,156,29,101.78,18.13,100.0,6,2104,50,0,0.8963858249237269,0.1858974358974359,119.91,2025,10,2027,4,2026,4,2030,8,2032,4,2033,7,False,False,True,False,False,False,False,False,False,False,False,False,False,False,False,False,False,False,False,False,False,False,False,False,False,False,True,False,False,False,False,False,False,False,False,False,False,False,False,False,False,False,False,False,False,False,False,False,False,False,False,False,False,True,False,False,False,False,False,False,False
42.51,19.81,83,18,88.51,2.42,90.4,1,1238,64,1,0.46600799811808985,0.21686746987951808,90.93,2023,7,2025,3,2027,9,2028,4,2028,6,2029,3,False,False,False,False,True,False,False,False,False,False,False,False,False,False,False,False,False,False,False,False,True,False,False,False,False,False,False,False,False,False,False,False,False,False,False,False,False,False,False,False,False,False,False,False,False,False,False,False,False,False,False,False,False,True,False,False,False,False,True,True,False
22.29,19.25,42,6,21.13,0.94,91.4,0,1893,52,0,0.863615971287573,0.14285714285714285,22.07,2016,8,2016,10,2017,4,2021,8,2022,12,2024,8,False,False,False,False,True,False,False,False,False,False,False,False,False,False,False,False,False,False,False,False,True,False,False,False,False,False,False,False,False,False,False,False,False,False,False,False,False,False,False,False,False,False,False,False,False,False,False,False,False,False,False,False,False,False,False,False,True,True,False,False,False
23.57,11.23,50,7,51.78,2.79,94.3,1,36,22,0,0.4764531183708104,0.14,54.57,2025,6,2026,1,2026,4,2026,7,2026,9,2028,8,False,False,False,False,False,True,False,False,False,False,False,True,False,False,False,False,False,False,False,False,False,False,False,False,False,False,False,False,False,False,False,False,False,False,False,False,False,False,False,False,False,False,False,False,False,False,False,False,False,False,False,False,False,True,False,False,False,False,True,True,False
385.56,229.29,689,138,1266.37,62.11,76.5,22,1548,71,1,0.594693432928727,0.20029027576197386,1328.4799999999998,2016,3,2018,5,2018,2,2020,4,2020,6,2022,1,False,False,False,False,False,False,False,False,False,False,False,False,False,False,False,False,False,False,False,False,False,True,False,False,False,False,False,False,False,False,False,False,False,False,False,False,False,False,False,False,False,False,False,False,False,False,False,False,False,False,False,False,False,False,False,False,False,False,True,True,False
15.77,10.31,26,6,60.0,3.06,100.0,0,2507,56,0,0.6537729866835764,0.23076923076923078,63.06,2020,11,2021,1,2023,10,2026,12,2027,10,2029,7,True,False,False,False,False,False,False,False,False,False,False,False,False,False,False,False,False,False,False,False,False,False,False,False,False,False,False,False,False,False,False,False,False,False,False,False,False,False,False,False,False,False,False,False,True,False,False,False,False,False,False,False,True,False,False,False,False,True,False,False,False
12.76,8.63,16,3,37.58,1.81,100.0,0,1315,55,0,0.676332288401254,0.1875,39.39,2024,3,2025,3,2027,11,2027,10,2028,10,2029,7,False,False,False,True,False,False,False,False,False,False,False,False,True,False,False,False,False,False,False,False,False,False,False,False,False,False,False,False,False,False,False,False,False,False,False,False,False,False,False,False,False,False,False,False,False,False,False,False,False,False,False,False,True,False,False,False,False,True,False,False,False
32.63,21.86,45,8,109.57,4.0,99.1,0,1576,57,0,0.6699356420471958,0.17777777777777778,113.57,2018,8,2020,6,2022,1,2023,7,2024,12,2025,2,False,False,False,False,True,False,False,False,False,False,False,False,False,False,False,False,False,True,False,False,False,False,False,False,False,False,False,False,False,False,False,False,False,False,False,False,False,False,False,False,False,False,False,False,False,False,False,False,False,False,False,False,False,False,False,False,True,False,True,False,False
97.56,49.35,155,25,378.78,9.87,100.0,5,1937,64,1,0.5058425584255842,0.16129032258064516,388.65,2019,10,2021,5,2020,6,2026,3,2027,8,2028,1,False,False,False,False,False,False,False,False,False,False,False,False,False,False,False,True,False,False,False,False,False,False,False,False,False,False,False,False,False,False,False,False,False,False,False,False,False,False,False,False,False,False,False,False,False,False,False,False,False,False,False,False,False,False,False,True,False,False,True,True,False
292.48,166.14,510,105,1070.65,40.59,85.8,11,1832,65,1,0.568038840262582,0.20588235294117646,1111.24,2025,9,2027,10,2027,2,2030,12,2031,3,2033,2,False,False,False,True,False,False,False,False,False,False,False,False,False,False,False,False,False,False,False,False,False,False,False,False,False,False,False,False,False,False,False,False,False,False,False,False,False,False,True,False,False,False,False,False,False,False,False,False,False,False,False,False,False,False,False,False,False,True,False,True,False
57.82,50.38,118,26,114.71,13.79,100.0,4,527,49,0,0.8713248011068835,0.22033898305084745,128.5,2022,6,2023,3,2026,1,2024,5,2025,8,2025,9,True,False,False,False,False,False,False,False,False,True,False,False,False,False,False,False,False,False,False,False,False,False,False,False,False,False,False,False,False,False,False,False,False,False,False,False,False,False,False,False,False,False,False,False,False,False,False,False,False,False,False,False,False,False,False,False,False,False,False,False,False
8.41,5.63,12,3,24.57,0.56,84.4,0,1436,58,0,0.6694411414982164,0.25,25.13,2016,12,2018,1,2017,7,2019,3,2020,9,2022,6,False,False,False,False,False,False,False,True,False,False,False,False,False,False,False,False,False,False,False,False,False,False,False,False,False,False,False,False,False,False,False,False,False,True,False,False,False,False,False,False,False,False,False,False,False,False,False,False,False,False,False,False,False,True,False,False,False,True,False,False,False
215.05,160.52,404,64,382.78,27.4,100.0,18,1706,61,1,0.7464310625435945,0.15841584158415842,410.17999999999995,2016,4,2016,6,2019,10,2019,11,2020,11,2022,12,False,False,False,False,False,False,True,False,False,False,False,False,False,False,False,False,False,False,False,False,False,False,False,False,False,False,False,False,False,False,False,False,False,False,True,False,False,False,False,False,False,False,False,False,False,False,False,False,False,False,False,False,False,False,False,False,False,True,False,False,False
29.39,17.69,54,11,86.18,4.82,74.4,0,1088,61,1,0.6019054100034026,0.2037037037037037,91.0,2023,7,2024,8,2024,9,2027,11,2028,1,2029,6,False,False,False,False,False,False,False,False,False,False,False,False,False,False,False,False,False,False,False,False,False,True,False,False,False,False,False,False,False,False,False,False,False,False,False,False,False,False,False,False,False,False,False,False,False,False,False,False,False,False,False,False,False,False,True,False,False,True,False,True,False
12.97,8.51,24,1,30.82,0.5,74.1,3,1167,62,1,0.6561295296838858,0.041666666666666664,31.32,2019,8,2021,4,2022,11,2024,2,2025,3,2025,10,False,True,False,False,False,False,False,False,False,False,False,False,False,False,True,False,False,False,False,False,False,False,False,False,False,False,False,False,False,False,False,False,False,False,False,False,False,False,False,False,False,False,False,False,False,False,False,False,False,False,False,False,False,False,False,True,False,False,True,False,False
10.18,6.95,15,1,22.19,0.87,100.0,0,2002,56,0,0.6827111984282908,0.06666666666666667,23.060000000000002,2020,2,2020,11,2023,8,2026,9,2027,5,2028,7,False,False,False,False,False,False,False,True,False,False,False,False,False,False,False,False,False,False,False,False,False,False,False,False,False,False,False,False,False,False,False,False,False,False,False,False,False,False,False,False,False,True,False,False,False,False,False,False,False,False,False,False,False,True,False,False,False,True,False,False,False
69.15,58.97,131,25,102.29,10.06,84.7,3,1336,52,0,0.8527838033261026,0.19083969465648856,112.35000000000001,2020,8,2021,3,2024,7,2024,10,2025,7,2025,10,False,False,False,False,False,False,True,False,False,False,False,False,False,False,False,False,False,False,True,False,False,False,False,False,False,False,False,False,False,False,False,False,False,False,False,False,False,False,False,False,False,False,False,False,False,False,False,False,False,False,False,False,False,False,True,False,False,False,False,False,False
38.05,34.32,68,13,109.53,7.49,100.0,3,446,41,0,0.9019710906701709,0.19117647058823528,117.02,2019,11,2020,4,2023,11,2021,4,2022,11,2024,1,False,False,False,False,False,True,False,False,False,False,False,False,False,False,False,False,False,False,False,False,False,False,False,False,False,False,False,False,True,False,False,False,False,False,False,False,False,False,False,False,False,False,False,False,False,False,False,False,False,False,False,False,False,False,False,False,True,False,False,False,True
42.31,29.01,75,16,148.02,8.94,86.3,3,0,13,0,0.6856535098085559,0.21333333333333335,156.96,2020,6,2021,5,2024,3,2022,2,2022,11,2023,5,False,False,False,False,False,False,False,False,True,False,False,False,False,True,False,False,False,False,False,False,False,False,False,False,False,False,False,False,False,False,False,False,False,False,False,False,False,False,False,False,False,False,False,False,False,False,False,False,False,False,False,False,True,False,False,False,False,True,False,False,False
108.47,84.98,201,34,316.05,15.2,99.6,5,786,53,0,0.7834424264773671,0.1691542288557214,331.25,2022,10,2023,3,2026,1,2024,9,2026,4,2027,8,False,False,True,False,False,False,False,False,False,False,False,False,False,False,False,False,False,False,False,False,False,False,False,False,False,False,True,False,False,False,False,False,False,False,False,False,False,False,False,False,False,False,False,False,False,False,False,False,False,False,False,False,False,False,False,False,True,True,False,False,False
13.43,9.26,25,1,14.18,2.86,100.0,0,1993,55,0,0.6895011169024572,0.04,17.04,2019,1,2020,2,2022,7,2025,6,2026,5,2027,6,False,True,False,False,False,False,False,False,False,False,False,False,False,False,True,False,False,False,False,False,False,False,False,False,False,False,False,False,False,False,False,False,False,False,False,False,False,False,False,False,False,False,False,False,False,False,False,False,False,False,False,False,True,False,False,False,False,True,False,False,False
117.47,47.51,224,42,495.72,6.7,100.0,6,2049,69,1,0.40444368775006384,0.1875,502.42,2018,4,2018,11,2020,4,2024,9,2026,1,2026,12,False,False,False,False,False,True,False,False,False,False,True,False,False,False,False,False,False,False,False,False,False,False,False,False,False,False,False,False,False,False,False,False,False,False,False,False,False,False,False,False,False,False,False,False,False,False,False,False,False,False,False,False,False,False,False,False,True,False,True,True,False
17.83,12.25,32,5,14.63,2.88,100.0,1,1458,56,0,0.6870443073471678,0.15625,17.51,2019,11,2021,1,2023,10,2023,7,2025,2,2026,5,True,False,False,False,False,False,False,False,False,False,False,False,False,False,False,False,False,False,False,False,False,False,False,False,False,False,False,False,False,False,False,False,False,False,False,False,False,False,False,False,False,False,False,False,False,False,False,True,False,False,False,False,False,False,False,False,False,True,False,False,False
260.87,194.32,418,75,1062.97,25.1,93.2,7,1241,56,0,0.7448920918465135,0.17942583732057416,1088.07,2020,5,2022,2,2020,10,2024,3,2024,8,2025,12,False,False,False,False,False,True,False,False,False,False,False,True,False,False,False,False,False,False,False,False,False,False,False,False,False,False,False,False,False,False,False,False,False,False,False,False,False,False,False,False,False,False,False,False,False,False,False,False,False,False,False,False,False,False,True,False,False,True,False,False,False
54.53,32.65,95,18,198.19,9.03,82.5,3,0,19,0,0.5987529800110031,0.18947368421052632,207.22,2025,5,2027,6,2028,3,2026,2,2027,1,2027,6,False,False,False,False,False,False,False,False,True,False,False,False,False,True,False,False,False,False,False,False,False,False,False,False,False,False,False,False,False,False,False,False,False,False,False,False,False,False,False,False,False,False,False,False,False,False,False,False,False,False,False,False,True,False,False,False,False,False,True,True,False
11.94,6.65,31,10,13.82,3.31,99.6,0,1986,59,0,0.5569514237855947,0.3225806451612903,17.13,2024,5,2026,4,2026,12,2029,5,2030,11,2032,10,True,False,False,False,False,False,False,False,False,False,False,False,False,False,False,False,False,False,False,False,False,False,False,False,False,False,False,False,False,False,False,False,False,False,False,False,False,False,False,False,False,False,False,False,False,False,False,False,False,False,True,False,False,True,False,False,False,True,False,True,False
3.95,3.45,9,2,6.62,0.23,88.0,0,1754,50,0,0.8734177215189873,0.2222222222222222,6.8500000000000005,2018,6,2019,8,2021,11,2023,4,2023,8,2024,11,False,True,False,False,False,False,False,False,False,False,False,False,False,False,False,False,False,False,False,False,False,False,False,False,False,False,False,False,False,False,False,False,False,False,False,False,False,True,False,False,False,False,False,False,False,False,False,False,False,False,False,False,False,False,True,False,False,False,False,False,False
67.28,38.36,139,25,140.69,15.78,100.0,5,465,56,0,0.570154577883472,0.17985611510791366,156.47,2024,1,2025,7,2026,6,2025,8,2026,1,2026,9,False,False,False,False,False,False,False,False,True,False,False,False,False,False,False,False,False,False,False,False,False,False,False,False,False,True,False,False,False,False,False,False,False,False,False,False,False,False,False,False,False,False,False,False,False,False,False,False,False,False,False,False,False,True,False,False,False,False,True,True,False
20.61,11.14,47,7,85.9,1.26,100.0,2,0,17,0,0.5405143134400777,0.14893617021276595,87.16000000000001,2023,9,2023,12,2024,10,2024,9,2025,1,2025,3,False,False,False,True,False,False,False,False,False,False,False,False,False,False,False,False,False,False,False,False,False,False,False,False,False,False,False,False,False,False,False,False,False,False,False,False,False,False,False,False,False,False,False,False,False,False,False,False,True,False,False,False,False,False,True,False,False,False,True,True,False
25.65,22.25,40,6,113.52,3.81,86.9,1,1869,51,0,0.8674463937621832,0.15,117.33,2017,5,2018,9,2021,1,2022,3,2022,7,2024,2,False,False,True,False,False,False,False,False,False,False,False,False,False,False,False,False,False,False,False,False,False,False,False,False,False,False,False,False,False,False,False,False,False,False,False,False,False,False,False,False,False,False,False,False,False,False,False,False,False,True,False,False,False,False,True,False,False,True,False,False,False
64.47,46.82,114,13,72.37,3.07,100.0,2,819,56,0,0.7262292539165504,0.11403508771929824,75.44,2024,7,2024,12,2027,4,2027,3,2027,11,2029,2,False,True,False,False,False,False,False,False,False,False,False,False,False,False,False,False,False,False,False,False,False,False,False,False,False,False,False,False,False,False,False,False,False,False,False,False,False,True,False,False,False,False,False,False,False,False,False,False,False,False,False,False,False,False,False,False,True,True,False,False,False
82.3,61.01,174,33,186.71,18.47,97.8,4,1780,56,0,0.7413122721749696,0.1896551724137931,205.18,2023,10,2025,6,2024,9,2029,2,2030,2,2031,6,False,False,False,True,False,False,False,False,False,False,False,False,False,False,False,False,False,False,False,False,False,False,False,False,False,False,False,False,False,False,False,False,False,False,False,False,False,False,True,False,False,False,False,False,False,False,False,False,False,False,False,False,True,False,False,False,False,True,False,False,False
101.87,90.47,181,35,137.76,7.33,100.0,4,2073,49,0,0.8880926671247668,0.19337016574585636,145.09,2020,3,2020,6,2023,4,2025,10,2027,1,2027,8,False,False,False,False,False,False,True,False,False,False,False,False,False,False,False,False,False,False,False,True,False,False,False,False,False,False,False,False,False,False,False,False,False,False,False,False,False,False,False,False,False,False,False,False,False,False,False,False,False,False,False,False,True,False,False,False,False,False,False,False,False
9.25,6.88,16,4,16.93,1.01,83.2,1,0,9,0,0.7437837837837837,0.25,17.94,2022,9,2024,4,2023,7,2023,8,2023,10,2025,1,False,True,False,False,False,False,False,False,False,False,False,False,False,False,False,False,False,False,False,False,False,False,False,False,False,False,False,False,False,False,False,False,False,False,False,False,False,True,False,False,False,False,False,False,False,False,False,False,False,False,False,False,False,False,True,False,False,False,False,False,False
124.7,106.82,238,42,552.42,26.96,100.0,8,1691,52,0,0.8566158781074579,0.17647058823529413,579.38,2021,5,2023,8,2023,7,2025,2,2026,7,2028,6,False,False,False,False,False,False,True,False,False,False,False,False,False,False,False,False,False,False,False,True,False,False,False,False,False,False,False,False,False,False,False,False,False,False,False,False,False,False,False,False,False,False,False,False,False,False,False,False,False,False,False,False,False,False,False,False,False,False,False,False,False
16.79,10.01,28,6,74.59,2.78,93.3,1,941,61,1,0.5961882072662299,0.21428571428571427,77.37,2024,9,2025,4,2025,10,2028,3,2029,5,2030,6,True,False,False,False,False,False,False,False,False,False,False,False,False,False,False,False,False,False,False,False,False,False,False,False,False,False,False,False,False,False,False,False,False,False,False,False,False,False,False,False,False,False,False,False,False,False,False,True,False,False,False,False,False,False,False,False,False,False,True,True,False
3.14,1.66,7,0,8.0,0.69,88.9,0,1418,62,1,0.5286624203821656,0.0,8.69,2020,12,2022,3,2021,4,2025,3,2026,3,2027,2,False,False,False,True,False,False,False,False,False,False,False,False,False,False,False,False,False,False,False,False,False,False,False,False,False,False,False,False,False,False,False,False,False,False,False,False,False,False,False,False,False,False,False,False,False,False,False,False,True,False,False,False,False,True,False,False,False,False,True,True,False
9.22,6.01,13,3,13.62,1.25,100.0,0,1226,57,0,0.6518438177874186,0.23076923076923078,14.87,2020,2,2022,6,2024,1,2024,8,2024,12,2025,8,False,False,True,False,False,False,False,False,False,False,False,False,False,False,False,False,False,False,False,False,False,False,False,False,False,False,True,False,False,False,False,False,False,False,False,False,False,False,False,False,False,False,False,False,False,False,False,False,False,False,False,False,False,True,False,False,False,True,False,False,False
37.26,30.92,68,15,105.22,5.23,100.0,1,1224,51,0,0.829844337090714,0.22058823529411764,110.45,2019,9,2020,4,2023,1,2024,5,2025,1,2026,4,False,False,False,False,False,False,False,False,True,False,False,False,False,False,False,False,False,False,False,False,False,False,False,False,True,False,False,False,False,False,False,False,False,False,False,False,False,False,False,False,False,False,False,False,False,False,False,False,False,False,False,False,False,False,False,False,True,True,False,False,False
11.26,10.58,22,5,22.37,2.53,100.0,0,0,1,0,0.9396092362344582,0.22727272727272727,24.900000000000002,2021,8,2023,1,2025,6,2023,2,2023,4,2023,10,False,False,False,False,True,False,False,False,False,False,False,False,False,False,False,False,False,True,False,False,False,False,False,False,False,False,False,False,False,False,False,False,False,False,False,False,False,False,False,False,False,False,False,False,False,False,False,False,False,False,False,False,False,False,True,False,False,False,False,False,True
27.44,15.36,48,13,116.25,4.95,87.1,3,1860,62,1,0.5597667638483964,0.2708333333333333,121.2,2019,1,2021,3,2021,3,2023,10,2024,3,2026,5,False,False,False,False,False,True,False,False,False,False,False,False,False,False,False,False,False,False,False,False,False,False,False,False,False,False,False,False,False,False,False,False,True,False,False,False,False,False,False,False,False,False,False,False,False,False,False,False,False,False,False,False,False,True,False,False,False,False,True,True,False
42.02,27.9,74,15,160.83,4.74,91.4,1,889,58,0,0.663969538315088,0.20270270270270271,165.57000000000002,2021,1,2021,7,2024,9,2023,9,2024,8,2026,9,False,False,False,False,False,False,False,True,False,False,False,False,False,False,False,False,False,False,False,False,False,False,False,False,False,False,False,False,False,False,False,False,False,False,False,False,False,False,False,False,False,False,False,False,False,False,False,False,False,False,False,True,False,True,False,False,False,True,False,False,False
24.99,15.2,46,10,48.55,4.34,100.0,2,1097,58,0,0.6082432973189276,0.21739130434782608,52.89,2023,1,2024,4,2025,11,2027,3,2027,4,2027,7,False,False,True,False,False,False,False,False,False,False,False,False,False,False,False,False,False,False,False,False,False,False,False,False,False,False,False,True,False,False,False,False,False,False,False,False,False,False,False,False,False,False,False,False,False,False,False,False,False,False,False,False,False,False,False,True,False,True,False,True,False
18.28,18.03,34,5,15.86,4.07,100.0,0,807,45,0,0.9863238512035011,0.14705882352941177,19.93,2024,2,2026,5,2024,9,2026,3,2027,5,2028,6,False,False,False,True,False,False,False,False,False,False,False,False,False,False,False,False,False,False,False,False,False,False,False,False,False,False,False,False,False,False,False,False,False,False,False,False,False,False,False,False,False,False,False,False,False,False,False,False,True,False,False,False,False,False,True,False,False,False,False,False,True
8.58,4.11,15,5,38.55,1.61,87.5,0,0,20,0,0.47902097902097907,0.3333333333333333,40.16,2023,7,2023,12,2027,2,2025,7,2025,9,2025,11,False,False,False,False,True,False,False,False,False,False,False,False,False,False,False,False,False,False,False,False,True,False,False,False,False,False,False,False,False,False,False,False,False,False,False,False,False,False,False,False,False,False,False,False,False,False,False,False,False,False,False,False,False,False,False,False,True,False,True,True,False
30.63,13.8,46,6,101.95,0.93,98.8,4,456,58,0,0.4505386875612145,0.13043478260869565,102.88000000000001,2024,3,2024,12,2026,12,2026,2,2026,9,2028,4,False,False,True,False,False,False,False,False,False,False,False,False,False,False,False,False,False,False,False,False,False,False,False,False,False,False,False,True,False,False,False,False,False,False,False,False,False,False,False,False,False,False,False,False,False,False,False,False,False,False,False,False,False,True,False,False,False,False,True,True,False
3.8,3.54,9,3,9.03,0.84,100.0,0,1771,48,0,0.9315789473684211,0.3333333333333333,9.87,2020,7,2022,5,2023,12,2025,4,2026,11,2027,10,False,False,False,True,False,False,False,False,False,False,False,False,True,False,False,False,False,False,False,False,False,False,False,False,False,False,False,False,False,False,False,False,False,False,False,False,False,False,False,False,False,False,False,False,False,False,False,False,False,False,False,False,False,False,False,False,True,True,False,False,True
15.09,9.45,30,4,28.18,3.29,100.0,0,871,58,0,0.6262425447316103,0.13333333333333333,31.47,2022,7,2023,1,2025,12,2026,5,2027,2,2027,7,False,False,False,False,False,False,False,False,False,False,False,False,False,False,False,False,False,False,False,False,False,False,False,False,False,False,False,False,False,False,False,False,False,False,False,False,False,False,False,False,True,False,False,False,False,False,False,False,False,False,False,False,True,False,False,False,False,False,True,True,False
11.85,8.52,23,2,9.67,1.21,94.7,0,180,24,0,0.7189873417721518,0.08695652173913043,10.879999999999999,2024,10,2026,1,2025,9,2027,2,2027,7,2027,9,False,False,False,False,False,False,False,False,False,False,False,False,False,False,False,False,False,False,False,False,False,False,False,False,False,False,False,False,False,False,False,False,False,False,False,False,False,False,False,False,True,False,False,False,False,False,False,False,False,False,False,False,False,False,False,False,True,True,False,False,False
23.59,12.2,48,11,32.31,5.65,100.0,1,1522,61,1,0.5171682916490038,0.22916666666666666,37.96,2017,6,2019,6,2019,7,2022,4,2023,5,2024,1,False,False,False,False,False,False,True,False,False,False,False,False,False,False,False,False,False,False,False,False,False,False,False,False,False,False,False,False,False,False,False,False,False,False,True,False,False,False,False,False,False,False,False,False,False,False,False,False,False,False,False,False,False,False,False,False,False,False,True,True,False
24.21,13.99,56,3,19.89,3.37,77.2,1,1691,62,1,0.5778603882693102,0.05357142857142857,23.26,2017,8,2018,11,2018,5,2022,6,2023,12,2024,9,False,False,True,False,False,False,False,False,False,False,False,False,False,False,False,False,True,False,False,False,False,False,False,False,False,False,False,False,False,False,False,False,False,False,False,False,False,False,False,False,False,False,False,False,False,False,False,False,False,False,False,False,False,False,False,False,False,False,True,True,False
78.25,65.01,148,31,235.62,9.19,100.0,3,1958,53,0,0.8307987220447285,0.20945945945945946,244.81,2021,9,2023,5,2026,1,2026,3,2026,11,2029,1,False,False,False,False,False,False,False,False,False,False,False,False,False,False,False,False,False,False,False,False,False,False,False,False,False,False,False,False,False,False,False,False,False,False,False,False,True,False,False,False,False,False,False,False,False,False,False,False,False,False,False,False,False,False,False,False,True,True,False,False,False
145.98,99.51,311,52,475.07,11.22,96.0,8,1187,59,0,0.6816687217427045,0.16720257234726688,486.29,2021,8,2023,5,2024,5,2024,10,2025,8,2026,11,False,False,False,True,False,False,False,False,False,False,False,False,False,False,False,False,False,False,False,False,False,False,False,False,False,False,False,False,False,False,False,False,False,False,False,False,False,False,False,True,False,False,False,False,False,False,False,False,False,False,False,False,False,False,False,False,False,True,False,False,False
9.8,3.69,18,4,35.64,0.53,98.1,0,2367,65,1,0.3765306122448979,0.2222222222222222,36.17,2016,9,2018,4,2019,8,2022,9,2023,12,2025,6,False,False,False,False,False,False,True,False,False,False,False,False,False,False,False,False,False,False,False,True,False,False,False,False,False,False,False,False,False,False,False,False,False,False,False,False,False,False,False,False,False,False,False,False,False,False,False,False,False,False,False,False,True,False,False,False,False,False,True,True,False
219.83,187.22,385,60,327.96,28.36,100.0,7,1605,53,0,0.8516580994404767,0.15584415584415584,356.32,2017,4,2018,4,2021,2,2022,3,2022,8,2023,12,False,False,False,True,False,False,False,False,False,False,False,False,False,False,False,False,False,False,False,False,False,False,False,False,False,False,False,False,False,False,False,False,False,False,False,False,False,False,False,False,False,False,True,False,False,False,False,False,False,False,False,False,False,False,True,False,False,True,False,False,False
13.75,11.56,18,2,15.88,1.44,100.0,1,2214,50,0,0.8407272727272728,0.1111111111111111,17.32,2023,11,2026,1,2026,6,2029,10,2030,2,2032,1,False,False,False,False,False,False,True,False,False,False,False,False,False,False,False,False,False,False,False,False,False,False,False,False,False,False,False,False,False,False,False,False,False,False,True,False,False,False,False,False,False,False,False,False,False,False,False,False,False,False,False,False,False,False,False,False,False,False,False,False,False
35.61,31.78,74,12,114.19,4.2,96.7,2,609,49,0,0.8924459421510812,0.16216216216216217,118.39,2021,3,2023,2,2024,8,2022,10,2023,5,2024,11,False,False,True,False,False,False,False,False,False,False,False,False,False,False,False,False,False,False,False,False,False,False,False,False,False,False,False,True,False,False,False,False,False,False,False,False,False,False,False,False,False,False,False,False,False,False,False,False,False,False,False,False,False,False,False,False,False,False,False,False,False
49.94,32.58,85,16,132.32,6.86,100.0,0,617,57,0,0.6523828594313176,0.18823529411764706,139.18,2024,4,2025,7,2026,12,2025,2,2026,4,2027,10,False,False,False,False,True,False,False,False,False,False,False,False,False,False,False,False,False,True,False,False,False,False,False,False,False,False,False,False,False,False,False,False,False,False,False,False,False,False,False,False,False,False,False,False,False,False,False,False,False,False,False,False,False,False,False,False,True,True,False,False,False
345.36,213.41,591,117,1395.27,35.15,94.1,9,907,63,1,0.617934908501274,0.19796954314720813,1430.42,2018,7,2020,4,2018,12,2020,10,2021,4,2022,5,False,False,False,False,False,False,False,False,True,False,False,False,False,True,False,False,False,False,False,False,False,False,False,False,False,False,False,False,False,False,False,False,False,False,False,False,False,False,False,False,False,False,False,False,False,False,False,False,False,False,False,False,True,False,False,False,False,False,True,True,False
17.42,10.34,22,2,48.31,2.35,100.0,1,142,25,0,0.5935706084959815,0.09090909090909091,50.660000000000004,2021,9,2024,2,2023,1,2023,2,2024,7,2024,10,False,True,False,False,False,False,False,False,False,False,False,False,False,False,False,False,False,False,False,False,False,False,False,False,False,False,False,False,False,False,False,False,False,False,False,True,False,False,False,False,False,False,False,False,False,False,False,False,False,False,False,False,False,False,True,False,False,True,False,True,False
4.97,4.14,6,0,12.16,0.69,96.8,0,325,34,0,0.8329979879275654,0.0,12.85,2024,1,2024,6,2026,8,2026,1,2026,9,2026,11,False,False,False,False,True,False,False,False,False,False,False,False,False,False,False,False,False,False,False,False,False,False,False,False,False,False,False,False,False,False,False,False,False,False,False,False,False,False,False,False,False,False,False,True,False,False,False,False,False,False,False,False,False,False,False,False,True,True,False,False,False
133.0,86.49,269,45,346.56,21.35,76.8,9,976,63,1,0.6503007518796992,0.16728624535315986,367.91,2017,1,2017,12,2020,8,2020,7,2021,6,2022,10,True,False,False,False,False,False,False,False,False,False,False,False,False,False,False,False,False,False,False,False,False,False,False,False,False,False,False,False,False,False,False,False,False,False,False,False,False,False,False,False,False,False,False,False,False,False,False,False,False,False,True,False,False,False,False,False,True,False,True,False,False
13.02,8.36,27,2,48.1,2.81,100.0,0,0,13,0,0.642089093701997,0.07407407407407407,50.910000000000004,2021,2,2023,1,2024,10,2022,6,2023,9,2023,11,False,False,False,True,False,False,False,False,False,False,False,False,True,False,False,False,False,False,False,False,False,False,False,False,False,False,False,False,False,False,False,False,False,False,False,False,False,False,False,False,False,False,False,False,False,False,False,False,False,False,False,False,False,False,False,True,False,False,True,True,False
20.87,13.4,39,8,18.11,4.11,100.0,1,1071,57,0,0.6420699568758984,0.20512820512820512,22.22,2018,3,2019,3,2019,10,2021,5,2022,7,2022,10,True,False,False,False,False,False,False,False,False,False,False,False,False,False,False,False,False,False,False,False,False,False,False,False,False,False,False,False,False,False,False,False,False,False,False,False,False,False,False,False,False,False,False,False,False,False,False,True,False,False,False,False,True,False,False,False,False,True,False,True,False
9.8,5.78,13,4,41.13,1.19,100.0,1,1212,58,0,0.5897959183673469,0.3076923076923077,42.32,2022,11,2023,8,2024,12,2027,5,2027,11,2028,1,False,False,False,False,True,False,False,False,False,False,False,False,False,False,False,False,False,False,False,False,False,False,False,False,False,False,False,False,False,False,False,False,False,False,False,False,False,False,False,False,False,False,False,True,False,False,False,False,False,False,False,False,False,False,True,False,False,True,False,True,False
20.93,10.17,37,3,72.05,1.45,100.0,1,1889,62,1,0.4859053989488772,0.08108108108108109,73.5,2020,6,2021,4,2023,1,2024,11,2026,3,2027,4,False,False,False,False,False,False,True,False,False,False,False,False,False,False,False,False,False,False,False,False,False,False,False,False,False,False,False,False,False,False,False,False,False,False,True,False,False,False,False,False,False,False,False,False,False,False,False,False,False,False,False,False,True,False,False,False,False,False,True,True,False
12.93,12.28,26,6,52.7,0.92,93.6,3,1324,49,0,0.9497293116782676,0.23076923076923078,53.620000000000005,2024,10,2026,1,2027,8,2028,1,2029,4,2030,10,False,True,False,False,False,False,False,False,False,False,False,False,False,False,False,False,False,False,False,False,False,False,False,False,False,False,False,False,False,False,False,False,False,False,False,False,False,True,False,False,False,False,False,False,False,False,False,False,False,False,False,False,False,False,True,False,False,True,False,False,True
58.94,47.38,82,14,256.42,9.18,100.0,0,2892,52,0,0.8038683406854429,0.17073170731707318,265.6,2021,4,2022,11,2025,1,2027,11,2029,5,2030,11,False,True,False,False,False,False,False,False,False,False,False,False,False,False,True,False,False,False,False,False,False,False,False,False,False,False,False,False,False,False,False,False,False,False,False,False,False,False,False,False,False,False,False,False,False,False,False,False,False,False,False,False,True,False,False,False,False,True,False,False,False
32.49,27.34,56,7,53.16,2.6,93.0,4,628,52,0,0.8414896891351185,0.125,55.76,2020,12,2022,12,2022,12,2022,3,2023,7,2025,2,False,False,False,False,False,False,False,True,False,False,False,False,False,False,False,False,False,False,False,False,False,False,False,False,False,False,False,False,False,False,False,False,False,False,False,False,False,False,False,False,False,True,False,False,False,False,False,False,False,False,False,False,False,False,False,False,True,False,False,False,False
15.16,10.31,23,2,44.57,1.03,100.0,1,2062,58,0,0.6800791556728233,0.08695652173913043,45.6,2020,6,2022,6,2022,7,2026,5,2026,12,2027,11,False,True,False,False,False,False,False,False,False,False,False,False,False,False,True,False,False,False,False,False,False,False,False,False,False,False,False,False,False,False,False,False,False,False,False,False,False,False,False,False,False,False,False,False,False,False,False,False,False,False,False,False,False,False,False,False,True,False,True,False,False
81.12,69.88,126,29,210.78,4.61,100.0,3,1144,50,0,0.8614398422090729,0.23015873015873015,215.39000000000001,2022,3,2023,11,2023,1,2026,4,2026,7,2028,8,False,False,False,False,False,False,False,False,True,False,False,False,False,False,False,False,False,False,False,False,False,False,False,False,False,False,False,False,False,False,False,True,False,False,False,False,False,False,False,False,False,False,False,False,False,False,False,False,False,False,False,False,False,True,False,False,False,False,False,False,False
38.67,32.85,75,9,107.86,5.46,93.8,5,664,54,0,0.8494957331264547,0.12,113.32,2016,8,2017,5,2020,12,2017,10,2019,1,2019,10,False,True,False,False,False,False,False,False,False,False,False,False,False,False,False,False,False,False,False,False,False,False,False,False,False,False,False,False,False,False,False,False,False,False,False,False,False,True,False,False,False,False,False,False,False,False,False,False,False,False,False,False,False,False,False,False,False,True,False,False,False
4.73,2.52,14,4,4.61,1.23,100.0,2,193,34,0,0.5327695560253699,0.2857142857142857,5.84,2022,1,2023,6,2025,1,2022,12,2023,5,2025,6,False,False,False,False,True,False,False,False,False,False,False,False,False,False,False,False,False,True,False,False,False,False,False,False,False,False,False,False,False,False,False,False,False,False,False,False,False,False,False,False,False,False,False,False,False,False,False,False,False,False,False,False,False,False,False,True,False,False,True,True,False
75.17,35.0,125,23,314.34,10.95,95.5,6,1462,66,1,0.465611281096182,0.184,325.28999999999996,2018,2,2018,7,2020,8,2021,3,2021,7,2023,7,False,False,False,False,False,False,False,True,False,False,False,False,False,False,False,False,False,False,False,False,False,False,False,False,False,False,False,False,False,False,False,False,False,False,False,False,False,False,False,False,False,True,False,False,False,False,False,False,False,False,False,False,True,False,False,False,False,False,True,True,False
36.05,14.21,56,5,156.18,2.58,100.0,3,1187,66,1,0.39417475728155343,0.08928571428571429,158.76000000000002,2020,3,2021,3,2020,11,2023,6,2024,10,2025,4,False,False,False,False,True,False,False,False,False,False,False,False,False,False,False,False,False,False,False,False,True,False,False,False,False,False,False,False,False,False,False,False,False,False,False,False,False,False,False,False,False,False,False,False,False,False,False,False,False,False,False,False,False,False,False,True,False,False,True,True,False
120.39,82.19,207,46,401.5,6.1,100.0,3,254,32,0,0.6826978984965528,0.2222222222222222,407.6,2021,9,2023,5,2024,7,2023,12,2024,10,2024,12,False,False,False,False,True,False,False,False,False,False,False,False,False,False,False,False,False,False,False,False,True,False,False,False,False,False,False,False,False,False,False,False,False,False,False,False,False,False,False,False,False,False,False,False,False,False,False,False,False,False,False,False,False,True,False,False,False,True,False,False,False
33.92,26.57,69,14,59.55,3.52,98.1,0,1436,52,0,0.783313679245283,0.2028985507246377,63.07,2023,5,2024,8,2024,3,2029,1,2029,3,2029,10,False,False,False,False,False,True,False,False,False,False,False,False,False,False,False,False,False,False,False,False,False,False,False,False,False,False,False,False,False,True,False,False,False,False,False,False,False,False,False,False,False,False,False,False,False,False,False,False,False,False,False,False,False,False,False,False,False,True,False,False,False
13.58,6.06,19,5,50.42,1.34,100.0,0,169,34,0,0.4462444771723122,0.2631578947368421,51.760000000000005,2021,8,2023,4,2023,11,2023,11,2023,12,2024,5,False,False,False,False,False,False,False,True,False,False,False,False,False,False,False,False,False,False,False,False,False,False,False,False,False,False,False,False,False,False,False,False,False,True,False,False,False,False,False,False,False,False,False,False,False,False,False,False,False,False,False,False,True,False,False,False,False,False,True,True,False
24.43,20.01,26,5,85.61,2.11,77.8,3,2649,54,0,0.8190749079001228,0.19230769230769232,87.72,2018,11,2020,2,2019,3,2025,6,2026,11,2027,12,False,False,False,False,True,False,False,False,False,False,False,False,False,False,False,False,False,True,False,False,False,False,False,False,False,False,False,False,False,False,False,False,False,False,False,False,False,False,False,False,False,False,False,False,False,False,False,False,False,False,False,False,False,False,True,False,False,False,False,False,False
66.95,40.2,115,22,195.89,5.41,88.9,3,901,59,0,0.6004480955937267,0.19130434782608696,201.29999999999998,2025,9,2025,10,2028,12,2028,10,2028,12,2029,11,False,False,False,False,False,True,False,False,False,False,True,False,False,False,False,False,False,False,False,False,False,False,False,False,False,False,False,False,False,False,False,False,False,False,False,False,False,False,False,False,False,False,False,False,False,False,False,False,False,False,False,False,False,False,False,False,False,True,False,True,False
13.86,11.23,21,4,19.82,0.8,93.5,0,1341,53,0,0.8102453102453103,0.19047619047619047,20.62,2022,2,2023,6,2024,3,2025,8,2026,7,2027,6,False,False,False,False,False,True,False,False,False,False,True,False,False,False,False,False,False,False,False,False,False,False,False,False,False,False,False,False,False,False,False,False,False,False,False,False,False,False,False,False,False,False,False,False,False,False,False,False,False,False,False,False,False,False,False,False,True,True,False,False,False
19.29,17.03,30,5,29.79,3.12,100.0,0,0,5,0,0.8828408501814412,0.16666666666666666,32.91,2020,7,2022,10,2022,10,2021,4,2022,4,2022,11,False,False,False,False,False,False,False,True,False,False,False,False,False,False,False,False,False,False,False,False,False,False,False,False,False,False,False,False,False,False,False,False,False,False,False,False,False,False,False,False,False,False,False,False,False,False,False,False,False,False,False,True,False,True,False,False,False,True,False,False,False
24.01,15.89,43,8,71.57,4.55,100.0,1,1017,59,0,0.6618075801749271,0.18604651162790697,76.11999999999999,2024,3,2026,7,2026,7,2027,2,2028,4,2028,7,True,False,False,False,False,False,False,False,False,True,False,False,False,False,False,False,False,False,False,False,False,False,False,False,False,False,False,False,False,False,False,False,False,False,False,False,False,False,False,False,False,False,False,False,False,False,False,False,False,False,False,False,False,False,False,False,False,False,True,False,False
9.49,6.67,16,2,12.12,0.77,100.0,0,1841,54,0,0.702845100105374,0.125,12.889999999999999,2022,12,2024,9,2026,5,2028,8,2029,10,2029,11,False,False,False,False,False,False,True,False,False,False,False,False,False,False,False,False,False,False,False,True,False,False,False,False,False,False,False,False,False,False,False,False,False,False,False,False,False,False,False,False,False,False,False,False,False,False,False,False,False,False,False,False,False,False,False,False,False,True,False,False,False
14.06,12.63,24,4,48.91,1.82,100.0,0,293,28,0,0.8982930298719772,0.16666666666666666,50.73,2017,1,2018,6,2018,10,2018,5,2018,6,2020,6,False,False,False,False,False,False,False,False,True,False,False,False,False,True,False,False,False,False,False,False,False,False,False,False,False,False,False,False,False,False,False,False,False,False,False,False,False,False,False,False,False,False,False,False,False,False,False,False,False,False,False,False,False,False,False,False,True,False,False,False,False
35.61,25.26,67,10,56.5,4.29,100.0,1,1001,56,0,0.7093513058129739,0.14925373134328357,60.79,2024,8,2024,11,2025,5,2026,5,2027,11,2029,6,False,False,False,False,False,False,True,False,False,False,False,False,False,False,False,False,False,False,True,False,False,False,False,False,False,False,False,False,False,False,False,False,False,False,False,False,False,False,False,False,False,False,False,False,False,False,False,False,False,False,False,False,True,False,False,False,False,True,False,False,False
99.73,82.64,171,30,415.75,5.85,99.4,2,471,46,0,0.8286373207660683,0.17543859649122806,421.6,2018,8,2019,11,2021,6,2019,6,2020,7,2021,7,False,True,False,False,False,False,False,False,False,False,False,False,False,False,False,False,False,False,False,False,False,False,False,False,False,False,False,False,False,False,False,False,False,False,False,True,False,False,False,False,False,False,False,False,False,False,False,False,False,False,False,False,False,False,True,False,False,True,False,False,False
41.15,28.93,71,16,169.91,8.1,90.6,3,1761,57,0,0.7030376670716889,0.22535211267605634,178.01,2020,8,2021,7,2022,10,2026,12,2027,11,2028,9,False,False,False,False,False,False,False,False,True,False,False,False,False,False,False,False,False,False,False,False,False,False,False,False,True,False,False,False,False,False,False,False,False,False,False,False,False,False,False,False,False,False,False,False,False,False,False,False,False,False,False,False,False,False,False,False,True,True,False,False,False
28.62,21.85,54,9,53.99,1.13,96.7,0,0,9,0,0.7634521313766597,0.16666666666666666,55.120000000000005,2019,12,2020,10,2021,8,2020,12,2021,6,2022,6,False,True,False,False,False,False,False,False,False,False,False,False,False,False,True,False,False,False,False,False,False,False,False,False,False,False,False,False,False,False,False,False,False,False,False,False,False,False,False,False,False,False,False,False,False,False,False,False,False,False,False,False,False,False,True,False,False,True,False,False,False
13.05,8.08,19,4,14.47,0.74,86.1,0,532,58,0,0.6191570881226053,0.21052631578947367,15.21,2017,5,2018,1,2021,2,2019,12,2020,8,2021,8,False,False,False,False,True,False,False,False,False,False,False,False,False,False,False,False,False,False,False,False,True,False,False,False,False,False,False,False,False,False,False,False,False,False,False,False,False,False,False,False,False,False,False,False,False,False,False,False,False,False,False,False,True,False,False,False,False,True,False,True,False
89.58,51.32,159,24,274.32,8.67,100.0,3,1102,61,1,0.5728957356552802,0.1509433962264151,282.99,2016,12,2019,3,2019,4,2021,2,2021,6,2021,12,False,False,False,True,False,False,False,False,False,False,False,False,False,False,False,False,False,False,False,False,False,False,False,False,False,False,False,False,False,False,False,False,False,False,False,False,False,False,False,False,False,False,True,False,False,False,False,False,False,False,False,False,False,False,False,False,False,False,True,True,False
46.22,43.79,76,13,113.66,8.03,96.4,1,2214,47,0,0.9474253569883168,0.17105263157894737,121.69,2021,3,2021,7,2023,9,2027,5,2028,1,2028,9,False,False,False,False,False,False,False,True,False,False,False,False,False,False,False,False,False,False,False,False,False,False,False,False,False,False,False,False,False,False,False,False,False,False,False,False,False,False,False,False,False,False,False,False,False,False,False,False,False,False,False,False,False,False,True,False,False,False,False,False,True
14.78,8.73,35,4,19.68,3.46,94.9,2,0,14,0,0.5906630581867389,0.11428571428571428,23.14,2023,9,2023,11,2027,7,2025,2,2025,4,2025,7,False,False,False,False,False,False,False,False,True,False,False,False,False,False,False,False,False,False,False,False,False,False,False,False,True,False,False,False,False,False,False,False,False,False,False,False,False,False,False,False,False,False,False,False,False,False,False,False,False,False,False,False,False,True,False,False,False,True,False,True,False
73.6,42.1,121,17,203.61,9.44,95.1,4,2050,61,1,0.5720108695652174,0.14049586776859505,213.05,2021,5,2023,9,2025,5,2026,8,2026,10,2028,6,False,False,False,False,False,False,False,False,True,False,False,False,False,False,False,False,False,False,False,False,False,False,False,False,False,True,False,False,False,False,False,False,False,False,False,False,False,False,False,False,False,False,False,False,False,False,False,False,False,False,False,False,False,True,False,False,False,False,True,True,False
52.44,39.85,84,16,234.57,7.52,83.6,2,1656,53,0,0.7599160945842869,0.19047619047619047,242.09,2020,1,2022,1,2020,11,2024,5,2025,2,2026,7,False,False,False,False,True,False,False,False,False,False,False,False,False,False,False,False,False,True,False,False,False,False,False,False,False,False,False,False,False,False,False,False,False,False,False,False,False,False,False,False,False,False,False,False,False,False,False,False,False,False,False,False,False,False,False,False,True,False,False,False,False
13.28,7.24,22,4,14.01,1.19,90.4,0,1613,62,1,0.5451807228915663,0.18181818181818182,15.2,2020,3,2020,8,2023,8,2026,3,2026,12,2027,8,True,False,False,False,False,False,False,False,False,True,False,False,False,False,False,False,False,False,False,False,False,False,False,False,False,False,False,False,False,False,False,False,False,False,False,False,False,False,False,False,False,False,False,False,False,False,False,False,False,False,False,False,True,False,False,False,False,False,True,True,False
27.08,14.6,50,7,48.11,5.7,100.0,1,637,59,0,0.5391432791728213,0.14,53.81,2018,2,2018,6,2020,7,2020,12,2021,5,2022,8,False,False,False,False,False,True,False,False,False,False,False,False,False,False,False,False,False,False,False,False,False,False,False,False,False,False,False,False,True,False,False,False,False,False,False,False,False,False,False,False,False,False,False,False,False,False,False,False,False,False,False,False,False,False,False,False,True,True,False,True,False
18.31,17.96,37,6,51.14,0.84,100.0,0,0,1,0,0.9808847624249045,0.16216216216216217,51.980000000000004,2016,11,2017,7,2019,3,2017,9,2017,10,2019,8,False,False,False,False,True,False,False,False,False,False,False,False,False,False,False,False,False,False,False,False,False,False,False,False,False,False,False,False,False,False,False,False,False,False,False,False,False,False,False,False,False,False,False,False,False,False,True,False,False,False,False,False,False,False,False,False,True,False,False,False,True
417.19,387.18,738,147,1558.39,22.21,89.7,21,80,18,0,0.9280663486660754,0.1991869918699187,1580.6000000000001,2018,3,2018,4,2021,9,2019,1,2019,2,2021,1,False,False,False,False,False,False,False,False,False,False,False,False,False,False,False,False,False,False,False,False,False,False,False,False,False,False,False,False,False,False,False,False,False,False,False,False,True,False,False,False,False,False,False,False,False,False,False,False,False,False,False,False,False,False,False,True,False,False,False,False,True
51.0,39.23,88,9,44.34,9.9,74.2,0,1084,56,0,0.7692156862745098,0.10227272727272728,54.24,2018,8,2019,9,2020,1,2022,1,2022,5,2023,3,False,False,False,False,False,True,False,False,False,False,True,False,False,False,False,False,False,False,False,False,False,False,False,False,False,False,False,False,False,False,False,False,False,False,False,False,False,False,False,False,False,False,False,False,False,False,False,False,False,False,False,False,False,False,False,False,True,True,False,False,False
36.12,30.73,66,13,126.82,7.56,100.0,4,1913,52,0,0.8507751937984497,0.19696969696969696,134.38,2022,8,2024,4,2026,4,2028,12,2030,2,2031,2,False,False,False,False,False,False,False,True,False,False,False,False,False,False,False,False,False,False,False,False,False,False,True,False,False,False,False,False,False,False,False,False,False,False,False,False,False,False,False,False,False,False,False,False,False,False,False,False,False,False,False,False,False,False,False,True,False,True,False,False,False
48.07,33.53,70,8,63.34,4.83,100.0,2,1047,56,0,0.6975244435198669,0.11428571428571428,68.17,2017,8,2019,4,2021,7,2021,2,2021,7,2021,11,False,False,False,False,False,True,False,False,False,False,False,False,False,False,False,False,False,False,False,False,False,False,False,False,False,False,False,False,False,True,False,False,False,False,False,False,False,False,False,False,False,False,False,False,False,False,False,False,False,False,False,False,False,True,False,False,False,True,False,False,False
119.0,111.62,184,29,460.95,14.29,91.2,7,1119,50,0,0.937983193277311,0.15760869565217392,475.24,2021,2,2022,5,2022,8,2024,5,2024,10,2025,10,True,False,False,False,False,False,False,False,False,False,False,False,False,False,False,False,False,False,False,False,False,False,False,False,False,False,False,False,False,False,False,False,False,False,False,False,False,False,False,False,False,False,False,False,True,False,False,False,False,False,False,False,False,True,False,False,False,False,False,False,True
27.57,19.2,46,9,92.66,5.07,94.0,0,1282,58,0,0.6964091403699674,0.1956521739130435,97.72999999999999,2019,11,2020,7,2022,9,2024,4,2024,8,2025,9,False,False,False,False,False,True,False,False,False,False,False,False,False,False,False,False,False,False,False,False,False,False,False,False,False,False,False,False,False,True,False,False,False,False,False,False,False,False,False,False,False,False,False,False,False,False,False,False,False,False,False,False,False,False,False,False,True,False,True,False,False
16.61,13.7,28,2,41.34,2.95,100.0,1,38,10,0,0.8248043347381095,0.07142857142857142,44.290000000000006,2019,2,2020,11,2020,1,2020,3,2021,2,2021,7,False,False,False,False,False,False,False,True,False,False,False,False,False,False,False,False,False,False,False,False,False,False,True,False,False,False,False,False,False,False,False,False,False,False,False,False,False,False,False,False,False,False,False,False,False,False,False,False,False,False,False,False,False,True,False,False,False,True,False,False,False
69.71,50.67,139,32,267.68,14.76,100.0,3,2679,56,0,0.7268684550279731,0.2302158273381295,282.44,2017,7,2017,10,2018,9,2023,12,2025,5,2026,11,True,False,False,False,False,False,False,False,False,False,False,False,False,False,False,False,False,False,False,False,False,False,False,False,False,False,False,False,False,False,False,False,False,False,False,False,False,False,False,False,False,False,False,False,False,False,False,True,False,False,False,False,True,False,False,False,False,True,False,False,False
25.15,24.19,48,9,88.33,2.74,88.1,1,803,49,0,0.9618290258449306,0.1875,91.07,2018,11,2019,12,2021,9,2021,11,2022,2,2023,3,False,False,False,False,False,False,True,False,False,False,False,False,False,False,False,False,False,False,False,True,False,False,False,False,False,False,False,False,False,False,False,False,False,False,False,False,False,False,False,False,False,False,False,False,False,False,False,False,False,False,False,False,False,False,False,True,False,True,False,False,True
10.28,7.51,18,2,37.1,1.85,100.0,1,2463,55,0,0.7305447470817121,0.1111111111111111,38.95,2020,4,2021,1,2021,11,2025,8,2026,10,2028,7,False,False,False,False,False,False,False,False,True,False,False,False,False,False,False,False,False,False,False,False,False,False,False,False,False,True,False,False,False,False,False,False,False,False,False,False,False,False,False,False,False,False,False,False,False,False,False,False,False,False,False,False,False,False,False,True,False,True,False,False,False
8.46,8.15,16,3,15.85,0.43,100.0,1,414,38,0,0.9633569739952718,0.1875,16.28,2017,1,2018,11,2018,6,2018,12,2019,11,2021,6,False,False,False,False,False,False,False,False,True,False,False,False,False,False,False,False,False,False,False,False,False,False,False,False,False,True,False,False,False,False,False,False,False,False,False,False,False,False,False,False,False,False,False,False,False,False,False,False,False,False,False,False,False,False,False,False,True,True,False,False,True
138.28,107.63,245,47,427.54,16.83,100.0,7,2641,55,0,0.7783482788544981,0.19183673469387755,444.37,2025,7,2025,10,2027,8,2031,6,2032,11,2034,12,False,True,False,False,False,False,False,False,False,False,False,False,False,False,False,False,False,False,False,False,False,False,False,False,False,False,False,False,False,False,False,False,False,False,False,False,False,True,False,False,False,False,False,False,False,False,False,False,False,False,False,False,False,True,False,False,False,True,False,False,False
34.18,26.68,49,10,45.19,2.14,86.4,1,236,29,0,0.7805734347571679,0.20408163265306123,47.33,2024,12,2027,5,2028,4,2026,1,2027,6,2027,8,False,False,False,False,False,False,True,False,False,False,False,False,False,False,False,False,False,False,False,False,False,False,False,False,False,False,False,False,False,False,False,False,False,False,False,False,False,False,False,False,False,False,False,False,False,True,False,False,False,False,False,False,False,False,True,False,False,True,False,False,False
16.62,14.12,23,5,63.77,0.54,96.6,0,190,21,0,0.8495788206979542,0.21739130434782608,64.31,2024,12,2026,12,2028,9,2025,12,2027,6,2028,7,False,False,False,False,False,False,True,False,False,False,False,False,False,False,False,False,False,False,True,False,False,False,False,False,False,False,False,False,False,False,False,False,False,False,False,False,False,False,False,False,False,False,False,False,False,False,False,False,False,False,False,False,False,False,False,True,False,False,False,False,False
23.7,22.2,43,8,65.15,3.51,100.0,1,1087,47,0,0.9367088607594937,0.18604651162790697,68.66000000000001,2021,11,2023,8,2025,3,2025,12,2027,2,2027,9,False,False,False,False,False,True,False,False,False,False,True,False,False,False,False,False,False,False,False,False,False,False,False,False,False,False,False,False,False,False,False,False,False,False,False,False,False,False,False,False,False,False,False,False,False,False,False,False,False,False,False,False,False,False,False,False,True,False,False,False,True
67.18,50.55,101,15,258.78,2.79,100.0,3,2218,54,0,0.7524560881214646,0.1485148514851485,261.57,2025,7,2027,7,2028,2,2031,5,2031,12,2033,8,False,False,False,False,False,False,False,False,True,False,False,False,False,False,False,False,False,False,False,False,False,False,False,False,True,False,False,False,False,False,False,False,False,False,False,False,False,False,False,False,False,False,False,False,False,False,False,False,False,False,False,False,False,False,False,False,True,True,False,False,False
22.34,8.75,41,8,35.33,1.31,77.0,1,1274,69,1,0.39167412712623095,0.1951219512195122,36.64,2025,8,2026,10,2029,9,2029,1,2029,12,2032,2,False,False,False,False,False,False,False,True,False,False,False,False,False,False,False,False,False,False,False,False,False,False,False,False,False,False,False,False,False,False,False,False,False,False,False,False,False,False,False,False,False,True,False,False,False,False,False,False,False,False,False,False,True,False,False,False,False,False,True,True,False
7.03,5.74,17,1,9.01,0.48,87.0,0,518,50,0,0.8165007112375533,0.058823529411764705,9.49,2021,1,2021,10,2023,1,2023,3,2024,2,2024,8,False,False,True,False,False,False,False,False,False,False,False,False,False,False,False,False,True,False,False,False,False,False,False,False,False,False,False,False,False,False,False,False,False,False,False,False,False,False,False,False,False,False,False,False,False,False,False,False,False,False,False,False,False,False,False,False,False,True,False,False,False
41.51,25.64,71,14,139.02,8.34,88.4,3,1072,61,1,0.6176824861479162,0.19718309859154928,147.36,2023,11,2024,9,2026,5,2028,2,2029,1,2029,8,False,False,True,False,False,False,False,False,False,False,False,False,False,False,False,False,False,False,False,False,False,False,False,False,False,False,True,False,False,False,False,False,False,False,False,False,False,False,False,False,False,False,False,False,False,False,False,False,False,False,False,False,False,False,False,False,False,True,False,True,False
100.32,95.48,170,38,101.93,4.07,96.9,6,2544,50,0,0.9517543859649124,0.2235294117647059,106.0,2021,5,2022,5,2024,7,2027,4,2028,8,2030,1,True,False,False,False,False,False,False,False,False,False,False,False,False,False,False,False,False,False,False,False,False,False,False,False,False,False,False,False,False,False,False,False,False,False,False,False,False,False,False,False,False,False,False,False,False,False,False,False,False,False,True,False,False,False,False,True,False,False,False,False,True
93.83,71.68,173,32,159.77,8.13,79.4,5,1827,57,0,0.7639347756581052,0.18497109826589594,167.9,2021,12,2023,1,2023,10,2025,5,2027,1,2028,8,False,False,False,False,False,False,False,False,True,False,False,False,False,False,False,False,False,False,False,False,False,False,False,False,True,False,False,False,False,False,False,False,False,False,False,False,False,False,False,False,False,False,False,False,False,False,False,False,False,False,False,False,True,False,False,False,False,True,False,False,False
17.13,15.37,29,7,71.3,2.47,100.0,1,1353,48,0,0.8972562755399883,0.2413793103448276,73.77,2022,10,2025,1,2026,1,2027,12,2028,4,2028,10,False,False,False,False,False,False,False,False,True,False,False,False,False,False,False,False,False,False,False,False,False,False,False,False,False,False,False,False,False,False,False,True,False,False,False,False,False,False,False,False,False,False,False,False,False,False,False,False,False,False,False,False,True,False,False,False,False,False,False,False,False
106.61,103.94,190,37,137.66,19.44,89.0,4,572,49,0,0.9749554450801988,0.19473684210526315,157.1,2019,6,2021,11,2022,7,2021,6,2022,3,2023,2,False,False,True,False,False,False,False,False,False,False,False,False,False,False,False,False,False,False,False,False,False,False,False,True,False,False,False,False,False,False,False,False,False,False,False,False,False,False,False,False,False,False,False,False,False,False,False,False,False,False,False,False,True,False,False,False,False,False,False,False,True
37.08,34.53,69,14,81.19,5.58,100.0,1,0,3,0,0.9312297734627832,0.2028985507246377,86.77,2017,6,2017,11,2021,5,2018,5,2019,11,2020,5,False,False,False,False,False,False,False,False,True,False,False,False,False,False,False,False,False,False,False,False,False,False,False,False,True,False,False,False,False,False,False,False,False,False,False,False,False,False,False,False,False,False,False,False,False,False,False,False,False,False,False,False,False,False,False,True,False,False,False,False,True
103.66,54.79,184,37,445.6,21.65,100.0,5,1123,60,0,0.5285548909897743,0.20108695652173914,467.25,2019,6,2019,8,2022,7,2023,1,2024,7,2025,4,False,False,False,False,False,True,False,False,False,False,False,False,False,False,False,False,False,False,False,False,False,False,False,False,False,False,False,False,False,True,False,False,False,False,False,False,False,False,False,False,False,False,False,False,False,False,False,False,False,False,False,False,False,False,False,False,False,True,False,True,False
53.18,49.92,88,10,46.48,4.73,90.8,1,1147,48,0,0.9386987589319293,0.11363636363636363,51.209999999999994,2025,10,2026,4,2028,4,2029,12,2030,2,2031,10,False,False,False,False,False,False,False,False,False,False,False,False,False,False,False,False,False,False,False,False,False,True,False,False,False,False,False,False,False,False,False,False,False,False,False,False,False,False,False,False,False,False,False,False,False,False,False,False,False,False,False,False,True,False,False,False,False,False,False,False,True
6.54,5.59,12,0,16.01,0.81,100.0,0,1088,51,0,0.8547400611620795,0.0,16.82,2021,2,2021,7,2025,3,2024,9,2026,1,2027,1,False,False,False,True,False,False,False,False,False,False,False,False,False,False,False,False,False,False,False,False,False,False,False,False,False,False,False,False,False,False,False,False,False,False,False,False,False,False,True,False,False,False,False,False,False,False,False,False,False,False,False,False,False,True,False,False,False,True,False,False,False
171.87,166.16,300,45,637.62,30.64,97.2,16,871,53,0,0.9667772153371734,0.15,668.26,2019,5,2021,6,2020,10,2021,11,2023,5,2023,9,False,False,False,False,False,False,True,False,False,False,False,False,False,False,False,False,False,False,False,False,False,False,False,False,False,False,False,False,False,False,False,False,False,False,False,False,False,False,False,False,False,False,False,False,False,True,False,False,False,False,False,False,False,False,False,False,True,True,False,False,True
31.56,29.38,62,9,131.39,5.47,100.0,1,737,48,0,0.9309252217997466,0.14516129032258066,136.85999999999999,2024,2,2025,11,2026,1,2026,12,2027,6,2027,9,False,True,False,False,False,False,False,False,False,False,False,False,False,False,False,False,False,False,False,False,False,False,False,False,False,False,False,False,False,False,False,False,False,False,False,True,False,False,False,False,False,False,False,False,False,False,False,False,False,False,False,False,False,False,False,False,True,True,False,False,True
53.35,47.47,98,22,187.88,4.06,100.0,4,771,51,0,0.8897844423617619,0.22448979591836735,191.94,2023,7,2024,6,2027,10,2025,5,2025,7,2027,7,True,False,False,False,False,False,False,False,False,False,False,False,False,False,False,False,False,False,False,False,False,False,False,False,False,False,False,False,False,False,False,False,False,False,False,False,False,False,False,False,False,False,False,False,True,False,False,False,False,False,False,False,False,False,True,False,False,True,False,False,False
7.81,7.62,17,3,31.92,1.19,90.8,0,0,2,0,0.9756722151088348,0.17647058823529413,33.11,2016,4,2017,10,2019,9,2017,1,2017,8,2018,5,False,False,False,False,False,False,False,False,False,False,False,False,False,False,False,False,False,False,False,False,False,True,False,False,False,False,False,False,False,False,False,False,False,False,False,False,False,False,False,False,False,False,False,False,False,False,False,False,False,False,False,False,False,False,True,False,False,False,False,False,True
49.67,31.6,94,18,46.05,11.05,100.0,4,678,59,0,0.6361989128246427,0.19148936170212766,57.099999999999994,2017,1,2017,10,2017,8,2020,5,2020,11,2021,8,False,False,True,False,False,False,False,False,False,False,False,False,False,False,False,False,True,False,False,False,False,False,False,False,False,False,False,False,False,False,False,False,False,False,False,False,False,False,False,False,False,False,False,False,False,False,False,False,False,False,False,False,False,False,False,True,False,True,False,True,False
90.28,30.68,152,23,105.59,16.16,76.7,2,2084,72,1,0.33983163491360213,0.1513157894736842,121.75,2022,6,2024,7,2023,9,2028,8,2029,8,2029,11,False,False,False,False,False,False,True,False,False,False,False,False,False,False,False,False,False,False,False,False,False,False,False,False,False,False,False,False,False,False,False,False,False,False,True,False,False,False,False,False,False,False,False,False,False,False,False,False,False,False,False,False,False,False,False,True,False,False,True,True,False
207.54,146.34,375,71,732.53,14.69,95.0,17,974,62,1,0.7051170858629662,0.18933333333333333,747.22,2020,8,2021,7,2023,4,2022,2,2023,5,2025,3,False,False,False,False,False,False,False,False,True,False,False,False,False,False,False,False,False,False,False,False,False,False,False,False,False,False,False,False,False,False,False,True,False,False,False,False,False,False,False,False,False,False,False,False,False,False,False,False,False,False,False,False,False,False,False,False,True,True,False,False,False
121.56,68.45,208,42,436.07,7.9,81.3,6,919,64,1,0.5630964132938466,0.20192307692307693,443.96999999999997,2018,11,2020,1,2019,5,2021,12,2022,3,2024,2,False,True,False,False,False,False,False,False,False,False,False,False,False,False,False,False,False,False,False,False,False,False,False,False,False,False,False,False,False,False,False,False,False,False,False,True,False,False,False,False,False,False,False,False,False,False,False,False,False,False,False,False,False,True,False,False,False,False,True,True,False
52.16,47.84,92,8,158.54,9.46,100.0,4,830,49,0,0.9171779141104296,0.08695652173913043,168.0,2018,2,2019,8,2020,9,2020,12,2021,10,2021,12,False,False,False,False,False,False,False,False,True,False,False,False,False,False,False,False,False,False,False,False,False,False,False,False,True,False,False,False,False,False,False,False,False,False,False,False,False,False,False,False,False,False,False,False,False,False,False,False,False,False,False,False,False,False,False,False,False,False,False,False,True
6.4,4.45,9,0,22.41,0.36,91.2,0,1142,58,0,0.6953125,0.0,22.77,2017,11,2018,4,2020,6,2021,3,2022,10,2024,2,False,False,False,False,False,False,False,True,False,False,False,False,False,False,False,False,False,False,False,False,False,False,False,False,False,False,False,False,False,False,True,False,False,False,False,False,False,False,False,False,False,False,False,False,False,False,False,False,False,False,False,False,False,False,False,False,False,True,False,False,False
34.2,27.37,69,16,135.94,4.5,86.6,3,1154,56,0,0.8002923976608187,0.2318840579710145,140.44,2016,1,2018,4,2018,2,2019,4,2019,9,2020,11,False,False,False,False,False,False,False,True,False,False,False,False,False,False,False,False,False,False,False,False,False,False,False,False,False,False,False,False,False,False,False,False,False,False,False,False,False,False,False,False,False,False,False,False,False,False,False,False,False,False,False,True,False,False,False,True,False,True,False,False,False
16.57,15.58,26,3,46.7,0.99,84.4,0,147,17,0,0.9402534701267351,0.11538461538461539,47.690000000000005,2016,1,2018,1,2018,4,2017,1,2017,8,2018,4,False,True,False,False,False,False,False,False,False,False,False,False,False,False,False,False,False,False,False,False,False,False,False,False,False,False,False,False,False,False,False,False,False,False,False,True,False,False,False,False,False,False,False,False,False,False,False,False,False,False,False,False,False,True,False,False,False,True,False,False,True
37.9,32.77,73,20,163.16,1.57,100.0,2,1185,50,0,0.8646437994722956,0.273972602739726,164.73,2024,10,2026,10,2029,1,2027,9,2028,6,2029,11,False,True,False,False,False,False,False,False,False,False,False,False,False,False,False,False,False,False,False,False,False,False,False,False,False,False,False,False,False,False,False,False,False,False,False,False,False,True,False,False,False,False,False,False,False,False,False,False,False,False,False,False,False,False,False,True,False,True,False,False,False
8.88,6.67,18,4,29.91,1.94,100.0,1,586,53,0,0.7511261261261261,0.2222222222222222,31.85,2020,4,2021,9,2020,10,2022,10,2023,12,2024,11,False,False,True,False,False,False,False,False,False,False,False,False,False,False,False,False,False,False,False,False,False,False,False,False,False,False,False,True,False,False,False,False,False,False,False,False,False,False,False,False,False,False,False,False,False,False,False,False,False,False,False,False,False,False,False,False,False,True,False,False,False
24.28,16.41,42,6,61.82,4.11,92.6,1,1172,58,0,0.6758649093904447,0.14285714285714285,65.93,2024,10,2026,8,2026,2,2028,2,2029,3,2030,8,False,True,False,False,False,False,False,False,False,False,False,False,False,False,False,False,False,False,False,False,False,False,False,False,False,False,False,False,False,False,False,False,False,False,False,False,False,True,False,False,False,False,False,False,False,False,False,False,False,False,False,False,False,False,False,True,False,True,False,False,False
17.86,6.53,25,4,42.14,1.68,97.7,1,1952,66,1,0.36562150055991044,0.16,43.82,2019,10,2021,5,2021,7,2024,1,2025,2,2026,10,False,False,False,False,False,True,False,False,False,False,False,False,False,False,False,False,False,False,False,False,False,False,False,False,False,False,False,False,False,True,False,False,False,False,False,False,False,False,False,False,False,False,False,False,False,False,False,False,False,False,False,False,True,False,False,False,False,False,True,True,False
17.32,9.17,40,5,61.93,1.44,95.5,2,686,61,1,0.5294457274826789,0.125,63.37,2017,4,2018,5,2018,5,2018,6,2019,3,2020,11,False,False,False,False,False,False,False,False,True,False,False,False,False,False,False,False,False,False,False,False,False,False,False,False,False,False,False,False,False,False,False,True,False,False,False,False,False,False,False,False,False,False,False,False,False,False,False,False,False,False,False,False,False,False,False,True,False,True,False,True,False
17.49,16.01,38,12,54.79,3.82,100.0,1,1034,47,0,0.9153802172670099,0.3157894736842105,58.61,2025,1,2026,7,2027,1,2029,2,2029,8,2030,4,False,False,False,False,False,False,False,False,False,False,False,False,False,False,False,False,False,False,False,False,False,True,False,False,False,False,False,False,False,False,False,False,False,False,False,False,False,False,False,False,False,False,False,False,False,False,False,False,False,False,False,False,False,False,False,False,True,False,False,False,True
26.16,18.75,51,12,100.05,2.85,81.4,0,657,58,0,0.716743119266055,0.23529411764705882,102.89999999999999,2022,4,2023,11,2024,7,2026,4,2026,5,2027,5,False,False,False,False,True,False,False,False,False,False,False,False,False,False,False,False,False,True,False,False,False,False,False,False,False,False,False,False,False,False,False,False,False,False,False,False,False,False,False,False,False,False,False,False,False,False,False,False,False,False,False,False,False,False,False,True,False,True,False,False,False
39.89,27.88,65,6,147.18,5.6,67.2,3,160,28,0,0.6989220355978941,0.09230769230769231,152.78,2023,3,2023,11,2026,6,2024,9,2025,5,2026,11,False,True,False,False,False,False,False,False,False,False,False,False,False,False,True,False,False,False,False,False,False,False,False,False,False,False,False,False,False,False,False,False,False,False,False,False,False,False,False,False,False,False,False,False,False,False,False,False,False,False,False,False,False,False,False,False,True,True,False,False,False
2.46,1.93,2,1,6.74,0.1,98.8,0,912,53,0,0.7845528455284553,0.5,6.84,2019,9,2021,3,2020,6,2023,8,2024,6,2024,11,True,False,False,False,False,False,False,False,False,False,False,False,False,False,False,False,False,False,False,False,False,False,False,False,False,False,False,False,False,False,False,False,False,False,False,False,False,False,False,False,False,False,False,False,False,False,False,False,False,False,True,False,False,True,False,False,False,True,False,False,False
2.78,2.41,3,1,11.95,0.19,94.6,0,732,50,0,0.866906474820144,0.3333333333333333,12.139999999999999,2016,12,2019,4,2020,2,2018,6,2019,8,2020,7,False,False,False,False,False,False,False,True,False,False,False,False,False,False,False,False,False,False,False,False,False,False,False,False,False,False,False,False,False,False,False,False,False,True,False,False,False,False,False,False,False,False,False,False,False,False,False,False,False,False,False,False,False,False,False,False,False,True,False,False,False
21.36,18.42,32,3,72.75,2.35,98.8,1,960,53,0,0.8623595505617978,0.09375,75.1,2019,10,2020,8,2023,5,2023,7,2024,6,2025,7,False,False,False,False,False,True,False,False,False,False,True,False,False,False,False,False,False,False,False,False,False,False,False,False,False,False,False,False,False,False,False,False,False,False,False,False,False,False,False,False,False,False,False,False,False,False,False,False,False,False,False,False,False,False,True,False,False,True,False,False,False
24.59,22.48,39,8,37.94,3.75,84.1,1,2644,51,0,0.9141927612850752,0.20512820512820512,41.69,2024,5,2025,5,2024,8,2030,1,2031,7,2033,3,False,False,False,False,False,False,True,False,False,False,False,False,False,False,False,False,False,False,False,False,False,False,False,False,False,False,False,False,False,False,False,False,False,False,True,False,False,False,False,False,False,False,False,False,False,False,False,False,False,False,False,False,False,False,True,False,False,True,False,False,True
36.2,32.26,67,13,111.8,6.91,88.6,3,594,50,0,0.891160220994475,0.19402985074626866,118.71,2018,2,2018,5,2020,7,2020,1,2020,8,2021,6,False,False,False,False,True,False,False,False,False,False,False,False,False,False,False,False,False,False,False,False,True,False,False,False,False,False,False,False,False,False,False,False,False,False,False,False,False,False,False,False,False,False,False,False,False,False,False,False,False,False,False,False,False,False,False,False,False,False,False,False,False
14.47,3.5,24,3,22.38,1.54,100.0,0,606,72,1,0.24187975120939875,0.125,23.919999999999998,2016,7,2017,4,2017,12,2018,8,2019,6,2020,4,False,False,False,False,False,False,False,False,False,False,False,False,False,False,False,False,False,False,False,False,False,False,False,False,False,False,False,False,False,False,False,False,False,False,False,False,False,False,False,False,True,False,False,False,False,False,False,False,False,False,False,False,False,False,True,False,False,False,True,True,False
30.25,25.57,47,10,86.75,2.04,100.0,2,449,43,0,0.8452892561983472,0.2127659574468085,88.79,2016,9,2017,7,2019,6,2017,9,2017,12,2019,7,False,False,False,False,True,False,False,False,False,False,False,False,False,False,False,False,False,False,False,False,True,False,False,False,False,False,False,False,False,False,False,False,False,False,False,False,False,False,False,False,False,False,False,False,False,False,False,False,False,False,False,False,False,False,False,True,False,True,False,False,False
34.01,25.33,57,6,126.61,2.02,100.0,2,2026,54,0,0.7447809467803587,0.10526315789473684,128.63,2017,10,2018,9,2019,9,2023,12,2024,7,2025,7,False,True,False,False,False,False,False,False,False,False,False,False,False,False,False,False,False,False,False,False,False,False,False,False,False,False,False,False,False,False,False,False,False,False,False,False,False,True,False,False,False,False,False,False,False,False,False,False,False,False,False,False,False,True,False,False,False,True,False,False,False
14.37,10.16,26,5,54.7,1.41,67.2,1,1893,59,0,0.7070285316631872,0.19230769230769232,56.11,2018,9,2019,11,2019,6,2024,1,2024,7,2025,8,False,False,True,False,False,False,False,False,False,False,False,False,False,False,False,False,False,False,False,False,False,False,False,False,False,False,False,False,False,False,False,False,False,False,False,False,False,False,False,False,False,False,False,False,False,False,False,False,False,True,False,False,False,True,False,False,False,True,False,False,False
82.55,71.63,160,18,264.82,16.03,89.4,6,1798,53,0,0.8677165354330708,0.1125,280.85,2017,7,2018,4,2021,2,2022,3,2023,1,2023,11,False,False,False,False,False,False,False,True,False,False,False,False,False,False,False,False,False,False,False,False,False,False,False,False,False,False,False,False,False,False,False,False,False,False,False,False,False,False,False,False,False,True,False,False,False,False,False,False,False,False,False,False,False,False,False,False,False,True,False,False,False
35.77,26.13,63,17,132.29,2.99,100.0,1,2157,55,0,0.7305004193458204,0.2698412698412698,135.28,2023,8,2025,1,2027,1,2028,5,2029,5,2031,6,False,False,False,False,False,False,False,True,False,False,False,False,False,False,False,False,False,False,False,False,False,False,False,False,False,False,False,False,False,False,True,False,False,False,False,False,False,False,False,False,False,False,False,False,False,False,False,False,False,False,False,False,False,False,True,False,False,True,False,False,False
51.78,45.84,87,18,131.9,2.15,100.0,5,1228,50,0,0.8852838933951332,0.20689655172413793,134.05,2020,3,2022,4,2024,4,2023,6,2023,8,2025,1,False,False,False,False,False,False,True,False,False,False,False,False,False,False,False,False,False,False,False,False,False,False,False,False,False,False,False,False,False,False,False,False,False,False,True,False,False,False,False,False,False,False,False,False,False,False,False,False,False,False,False,False,False,False,False,True,False,False,False,False,False
32.1,28.75,49,6,91.08,3.74,89.8,1,1323,50,0,0.895638629283489,0.12244897959183673,94.82,2020,5,2020,9,2022,4,2024,8,2025,6,2026,2,False,False,True,False,False,False,False,False,False,False,False,False,False,False,False,False,True,False,False,False,False,False,False,False,False,False,False,False,False,False,False,False,False,False,False,False,False,False,False,False,False,False,False,False,False,False,False,False,False,False,False,False,False,True,False,False,False,False,False,False,False
245.59,140.51,431,84,995.76,10.07,81.1,16,1433,68,1,0.5721324158149761,0.19489559164733178,1005.83,2017,2,2017,11,2019,9,2021,12,2022,4,2024,2,False,False,False,False,False,False,False,False,True,False,False,False,False,False,False,False,False,False,False,False,False,False,False,False,True,False,False,False,False,False,False,False,False,False,False,False,False,False,False,False,False,False,False,False,False,False,False,False,False,False,False,False,False,True,False,False,False,False,True,True,False
54.4,29.53,96,20,142.77,10.42,88.4,4,2126,61,1,0.5428308823529412,0.20833333333333334,153.19,2022,6,2023,5,2023,9,2028,7,2029,3,2030,8,False,False,False,True,False,False,False,False,False,False,False,False,False,False,False,False,False,False,False,False,False,False,False,False,False,False,False,False,False,False,False,False,False,False,False,False,False,False,False,False,False,False,True,False,False,False,False,False,False,False,False,False,True,False,False,False,False,True,False,True,False
18.39,9.86,25,2,38.59,2.2,100.0,0,2822,59,0,0.5361609570418705,0.08,40.790000000000006,2021,12,2022,12,2025,4,2027,10,2029,4,2031,5,False,False,False,False,False,True,False,False,False,False,False,True,False,False,False,False,False,False,False,False,False,False,False,False,False,False,False,False,False,False,False,False,False,False,False,False,False,False,False,False,False,False,False,False,False,False,False,False,False,False,False,False,True,False,False,False,False,True,False,True,False
68.1,66.72,138,29,255.3,6.3,94.3,4,1831,49,0,0.9797356828193833,0.21014492753623187,261.6,2019,12,2021,4,2022,10,2025,8,2025,11,2026,8,False,False,False,False,False,False,False,True,False,False,False,False,False,False,False,False,False,False,False,False,False,False,False,False,False,False,False,False,False,False,False,False,False,False,False,False,False,False,False,False,False,False,False,False,False,False,False,False,False,False,False,False,False,True,False,False,False,True,False,False,True
5.83,5.63,13,5,5.75,0.87,98.7,0,1570,47,0,0.9656946826758147,0.38461538461538464,6.62,2022,2,2022,4,2022,6,2027,1,2027,6,2028,12,True,False,False,False,False,False,False,False,False,False,False,False,False,False,False,False,False,False,False,False,False,False,False,False,False,False,False,False,False,False,False,False,False,False,False,False,False,False,False,False,False,False,False,False,False,False,False,False,False,False,True,False,False,False,False,False,False,False,False,False,True
33.77,23.13,59,12,146.76,5.54,100.0,2,1102,56,0,0.684927450399763,0.2033898305084746,152.29999999999998,2019,1,2021,5,2020,3,2023,3,2024,3,2025,3,False,False,False,False,False,False,False,True,False,False,False,False,False,False,False,False,False,False,False,False,False,False,False,False,False,False,False,False,False,False,False,False,False,False,False,False,False,False,False,False,False,False,False,False,False,False,False,False,False,False,False,False,False,False,False,False,True,True,False,False,False
41.23,27.85,71,10,84.86,7.92,100.0,2,1148,55,0,0.6754790201309727,0.14084507042253522,92.78,2020,2,2022,7,2022,12,2022,8,2023,10,2025,11,False,False,False,False,True,False,False,False,False,False,False,False,False,False,False,False,False,False,False,False,True,False,False,False,False,False,False,False,False,False,False,False,False,False,False,False,False,False,False,False,False,False,False,False,False,False,False,False,False,False,False,False,False,False,False,False,True,True,False,False,False
34.16,25.53,58,9,106.91,6.23,94.6,1,1012,55,0,0.7473653395784544,0.15517241379310345,113.14,2021,4,2021,6,2022,12,2025,11,2026,2,2027,2,False,False,False,False,False,False,False,True,False,False,False,False,False,False,False,False,False,False,False,False,False,False,False,False,False,False,False,False,False,False,False,False,False,False,False,False,False,False,False,False,False,True,False,False,False,False,False,False,False,False,False,False,False,False,False,True,False,True,False,False,False
21.46,13.28,30,5,71.59,0.81,97.1,1,714,60,0,0.6188257222739981,0.16666666666666666,72.4,2025,2,2027,3,2026,11,2028,7,2028,12,2029,5,False,False,False,False,False,False,False,True,False,False,False,False,False,False,False,False,False,False,False,False,False,False,False,False,False,False,False,False,False,False,False,False,False,True,False,False,False,False,False,False,False,False,False,False,False,False,False,False,False,False,False,False,False,True,False,False,False,False,True,True,False
10.89,9.67,19,4,14.24,0.53,93.4,0,0,7,0,0.8879706152433424,0.21052631578947367,14.77,2018,11,2020,8,2020,5,2019,8,2020,3,2021,8,False,False,False,True,False,False,False,False,False,False,False,False,False,False,False,False,False,False,False,False,False,False,False,False,False,False,False,False,False,False,False,False,False,False,False,False,False,False,False,False,False,False,False,False,False,False,False,False,True,False,False,False,False,True,False,False,False,True,False,False,False
13.61,13.01,24,5,52.32,1.91,90.5,0,1996,49,0,0.9559147685525349,0.20833333333333334,54.23,2019,6,2020,2,2020,5,2025,8,2025,9,2026,4,False,False,False,True,False,False,False,False,False,False,False,False,True,False,False,False,False,False,False,False,False,False,False,False,False,False,False,False,False,False,False,False,False,False,False,False,False,False,False,False,False,False,False,False,False,False,False,False,False,False,False,False,False,True,False,False,False,True,False,False,True
33.18,28.99,61,11,96.78,4.25,81.5,1,2129,51,0,0.873719107896323,0.18032786885245902,101.03,2025,4,2026,2,2027,4,2029,8,2030,12,2032,8,False,False,False,False,False,False,False,False,False,False,False,False,False,False,False,True,False,False,False,False,False,False,False,False,False,False,False,False,False,False,False,False,False,False,False,False,False,False,False,False,False,False,False,False,False,False,False,False,False,False,False,False,False,False,False,False,False,False,False,False,False
9.84,8.6,25,4,19.81,1.23,100.0,0,2392,49,0,0.8739837398373983,0.16,21.04,2023,4,2023,9,2026,4,2028,10,2030,4,2031,11,False,False,False,False,False,False,False,False,True,False,False,False,False,True,False,False,False,False,False,False,False,False,False,False,False,False,False,False,False,False,False,False,False,False,False,False,False,False,False,False,False,False,False,False,False,False,False,False,False,False,False,False,True,False,False,False,False,False,False,False,False
175.94,153.6,291,46,694.53,34.23,89.9,5,2745,51,0,0.8730248948505172,0.15807560137457044,728.76,2024,5,2025,2,2027,2,2030,12,2032,3,2033,5,True,False,False,False,False,False,False,False,False,False,False,False,False,False,False,False,False,False,False,False,False,False,False,False,False,False,False,False,False,False,False,False,False,False,False,False,False,False,False,False,False,False,False,False,True,False,False,False,False,False,False,False,False,True,False,False,False,False,False,False,False
2.14,1.31,7,2,6.66,0.66,91.0,0,941,58,0,0.6121495327102804,0.2857142857142857,7.32,2023,12,2026,4,2025,3,2027,7,2028,3,2028,5,False,False,False,False,False,False,False,True,False,False,False,False,False,False,False,False,False,False,False,False,False,False,False,False,False,False,False,False,False,False,False,False,False,False,False,False,False,False,False,False,False,True,False,False,False,False,False,False,False,False,False,False,False,True,False,False,False,True,False,True,False
21.68,15.95,41,8,80.38,3.64,100.0,1,795,54,0,0.73570110701107,0.1951219512195122,84.02,2016,8,2018,8,2020,9,2019,2,2019,8,2020,10,False,False,False,False,False,False,False,True,False,False,False,False,False,False,False,False,False,False,False,False,False,False,False,False,False,False,False,False,False,False,False,False,False,False,False,False,False,False,False,False,False,False,False,False,False,False,False,False,False,False,False,False,False,False,True,False,False,True,False,False,False
33.46,27.62,51,4,149.62,1.94,97.0,3,1285,52,0,0.8254632396891811,0.0784313725490196,151.56,2022,6,2024,1,2022,10,2028,6,2028,10,2029,1,False,False,False,False,False,True,False,False,False,False,True,False,False,False,False,False,False,False,False,False,False,False,False,False,False,False,False,False,False,False,False,False,False,False,False,False,False,False,False,False,False,False,False,False,False,False,False,False,False,False,False,False,False,False,False,False,False,True,False,False,False
49.77,44.94,94,13,63.81,4.55,100.0,0,2060,50,0,0.9029535864978901,0.13829787234042554,68.36,2019,5,2019,7,2023,6,2025,3,2026,4,2026,9,False,False,False,True,False,False,False,False,False,False,False,False,False,False,False,False,False,False,False,False,False,False,False,False,False,False,False,False,False,False,False,False,False,False,False,False,False,False,False,True,False,False,False,False,False,False,False,False,False,False,False,False,False,False,False,True,False,True,False,False,True
11.99,10.04,20,3,42.85,1.61,74.7,0,2121,52,0,0.8373644703919932,0.15,44.46,2024,5,2024,11,2027,1,2030,11,2030,12,2032,4,True,False,False,False,False,False,False,False,False,True,False,False,False,False,False,False,False,False,False,False,False,False,False,False,False,False,False,False,False,False,False,False,False,False,False,False,False,False,False,False,False,False,False,False,False,False,False,False,False,False,False,False,False,True,False,False,False,False,False,False,False
93.16,79.69,181,29,335.69,18.02,97.7,2,1271,51,0,0.855410047230571,0.16022099447513813,353.71,2021,5,2022,11,2024,10,2025,3,2026,8,2027,2,False,False,False,False,False,False,True,False,False,False,False,False,False,False,False,False,False,False,False,False,False,False,False,False,False,False,False,False,False,False,False,False,False,False,False,False,False,False,False,False,False,False,False,False,False,True,False,False,False,False,False,False,False,False,True,False,False,True,False,False,False
7.43,6.92,13,3,29.99,1.47,94.6,0,470,41,0,0.9313593539703904,0.23076923076923078,31.459999999999997,2016,12,2017,4,2017,10,2018,8,2019,6,2020,9,False,False,False,False,False,False,False,False,False,False,False,False,False,False,False,False,False,False,False,False,False,False,False,False,False,False,False,False,False,False,False,False,False,False,False,False,True,False,False,False,False,False,False,False,False,False,False,False,False,False,False,False,False,False,False,False,True,False,False,False,True
17.01,10.62,31,4,39.29,2.78,100.0,0,1877,58,0,0.6243386243386242,0.12903225806451613,42.07,2017,8,2018,5,2021,10,2023,6,2024,7,2025,1,False,False,False,False,False,False,False,False,True,False,False,False,False,False,False,False,False,False,False,False,False,False,False,False,True,False,False,False,False,False,False,False,False,False,False,False,False,False,False,False,False,False,False,False,False,False,False,False,False,False,False,False,False,False,False,True,False,False,True,True,False
55.74,37.69,79,19,223.95,4.89,100.0,1,1363,55,0,0.6761750986724075,0.24050632911392406,228.83999999999997,2019,5,2020,7,2022,2,2022,10,2023,11,2024,9,False,False,True,False,False,False,False,False,False,False,False,False,False,False,False,False,False,False,False,False,False,False,False,False,False,False,False,False,False,False,False,False,False,False,False,False,False,False,False,False,False,False,False,False,False,False,False,False,False,True,False,False,False,True,False,False,False,True,False,False,False
84.79,39.87,133,27,268.58,11.85,100.0,5,0,21,0,0.4702205448755749,0.20300751879699247,280.43,2021,6,2022,11,2025,3,2023,6,2023,12,2024,2,False,False,False,False,False,False,False,False,True,False,False,False,False,False,False,False,False,False,False,False,False,False,False,False,False,True,False,False,False,False,False,False,False,False,False,False,False,False,False,False,False,False,False,False,False,False,False,False,False,False,False,False,False,True,False,False,False,False,True,True,False
7.36,5.77,12,1,7.76,0.32,86.3,1,1264,54,0,0.7839673913043478,0.08333333333333333,8.08,2018,6,2019,10,2019,6,2021,11,2023,7,2024,1,False,False,False,False,True,False,False,False,False,False,False,False,False,False,False,False,False,False,False,False,True,False,False,False,False,False,False,False,False,False,False,False,False,False,False,False,False,False,False,False,False,False,False,False,False,False,False,False,False,False,False,False,False,False,True,False,False,True,False,False,False
422.01,382.73,746,143,386.82,59.69,78.3,25,661,58,0,0.906921636928035,0.19168900804289543,446.51,2021,10,2023,5,2022,9,2023,2,2023,10,2025,8,False,False,False,False,False,False,False,True,False,False,False,False,False,False,False,False,False,False,False,False,False,False,False,False,False,False,False,False,False,False,False,False,False,False,False,False,False,False,False,False,False,False,False,False,False,False,False,False,False,False,False,True,False,False,False,False,False,False,False,False,True
12.21,8.02,22,8,31.52,2.41,100.0,0,1908,55,0,0.6568386568386567,0.36363636363636365,33.93,2020,4,2022,1,2024,3,2025,9,2026,12,2027,4,False,False,False,False,False,False,False,False,False,False,False,False,False,False,False,True,False,False,False,False,False,False,False,False,False,False,False,False,False,False,False,False,False,False,False,False,False,False,False,False,False,False,False,False,False,False,False,False,False,False,False,False,False,True,False,False,False,True,False,False,False
8.07,7.11,16,3,29.92,1.34,100.0,0,0,3,0,0.8810408921933086,0.1875,31.26,2017,12,2019,6,2022,1,2018,11,2019,4,2019,6,False,False,False,False,True,False,False,False,False,False,False,False,False,False,False,False,False,False,False,False,False,False,False,False,False,False,False,False,False,False,False,False,False,False,False,False,False,False,False,False,False,False,False,False,False,False,True,False,False,False,False,False,False,False,False,False,True,False,False,False,False
49.54,24.63,97,22,110.06,2.01,96.8,2,623,63,1,0.49717400080742835,0.2268041237113402,112.07000000000001,2021,6,2022,7,2022,6,2022,9,2023,10,2025,6,True,False,False,False,False,False,False,False,False,False,False,False,False,False,False,False,False,False,False,False,False,False,False,False,False,False,False,False,False,False,False,False,False,False,False,False,False,False,False,False,False,False,False,False,False,False,False,True,False,False,False,False,False,True,False,False,False,False,True,True,False
21.15,14.22,38,6,83.58,3.4,100.0,0,862,57,0,0.672340425531915,0.15789473684210525,86.98,2018,12,2019,4,2021,10,2020,6,2021,4,2022,9,False,False,True,False,False,False,False,False,False,False,False,False,False,False,False,False,False,False,False,False,False,False,False,True,False,False,False,False,False,False,False,False,False,False,False,False,False,False,False,False,False,False,False,False,False,False,False,False,False,False,False,False,False,False,False,False,True,True,False,False,False
18.25,16.96,42,10,47.83,3.89,100.0,1,1520,47,0,0.9293150684931507,0.23809523809523808,51.72,2025,8,2027,7,2028,3,2031,10,2032,6,2032,11,False,False,False,True,False,False,False,False,False,False,False,False,True,False,False,False,False,False,False,False,False,False,False,False,False,False,False,False,False,False,False,False,False,False,False,False,False,False,False,False,False,False,False,False,False,False,False,False,False,False,False,False,False,False,False,True,False,False,False,False,True
54.36,33.01,92,11,48.78,6.82,100.0,3,974,60,0,0.6072479764532744,0.11956521739130435,55.6,2019,4,2021,4,2023,5,2022,3,2023,7,2023,9,False,False,False,False,False,False,False,False,False,False,False,False,False,False,False,False,False,False,False,False,False,False,False,False,False,False,False,False,False,False,False,False,False,False,False,False,True,False,False,False,False,False,False,False,False,False,False,False,False,False,False,False,False,False,False,True,False,False,True,True,False
6.51,2.4,14,6,28.66,1.42,97.4,0,1489,66,1,0.3686635944700461,0.42857142857142855,30.08,2018,1,2019,10,2018,7,2023,5,2024,10,2025,1,False,False,False,False,False,False,False,False,False,False,False,False,False,False,False,False,False,False,False,False,False,True,False,False,False,False,False,False,False,False,False,False,False,False,False,False,False,False,False,False,False,False,False,False,False,False,False,False,False,False,False,False,True,False,False,False,False,False,True,True,False
5.46,3.73,12,4,14.26,0.48,97.2,0,908,53,0,0.6831501831501832,0.3333333333333333,14.74,2019,5,2021,1,2023,3,2023,11,2024,10,2025,1,False,False,False,False,False,False,False,True,False,False,False,False,False,False,False,False,False,False,False,False,False,False,False,False,False,False,False,False,False,False,False,False,False,False,False,False,False,False,False,False,False,False,False,False,False,False,False,False,False,False,False,True,True,False,False,False,False,False,False,False,False
16.49,13.83,28,4,52.86,1.71,86.4,1,1526,53,0,0.8386901152213464,0.14285714285714285,54.57,2023,3,2024,10,2026,11,2027,7,2028,9,2029,3,False,True,False,False,False,False,False,False,False,False,False,False,False,False,True,False,False,False,False,False,False,False,False,False,False,False,False,False,False,False,False,False,False,False,False,False,False,False,False,False,False,False,False,False,False,False,False,False,False,False,False,False,False,False,False,False,True,True,False,False,False
88.05,41.08,164,33,135.37,16.52,99.3,5,1824,66,1,0.46655309483248153,0.20121951219512196,151.89000000000001,2021,1,2022,7,2022,2,2026,12,2027,2,2028,5,False,False,False,False,False,False,False,False,False,False,False,False,False,False,False,False,False,False,False,False,False,True,False,False,False,False,False,False,False,False,False,False,False,False,False,False,False,False,False,False,False,False,False,False,False,False,False,False,False,False,False,False,False,False,False,False,False,False,True,True,False
17.22,14.15,33,7,32.72,2.65,100.0,0,2031,52,0,0.8217189314750291,0.21212121212121213,35.37,2021,6,2022,8,2022,3,2027,10,2028,1,2029,8,False,False,False,False,False,True,False,False,False,False,False,False,False,False,False,False,False,False,False,False,False,False,False,False,False,False,False,False,False,False,False,False,True,False,False,False,False,False,False,False,False,False,False,False,False,False,False,False,False,False,False,False,False,True,False,False,False,True,False,False,False
148.29,121.99,250,52,384.35,29.86,100.0,10,649,53,0,0.8226448175871603,0.208,414.21000000000004,2022,9,2023,9,2023,8,2024,3,2025,3,2026,7,False,False,True,False,False,False,False,False,False,False,False,False,False,False,False,False,False,False,False,False,False,False,False,False,False,False,True,False,False,False,False,False,False,False,False,False,False,False,False,False,False,False,False,False,False,False,False,False,False,False,False,False,False,True,False,False,False,False,False,False,False
99.59,71.32,185,40,395.16,4.98,86.8,0,2290,56,0,0.71613615824882,0.21621621621621623,400.14000000000004,2024,2,2026,7,2027,8,2029,5,2030,6,2032,4,False,False,True,False,False,False,False,False,False,False,False,False,False,False,False,False,False,False,False,False,False,False,False,False,False,False,False,False,False,False,False,False,False,False,False,False,False,False,False,False,False,False,False,False,False,False,False,False,False,True,False,False,True,False,False,False,False,True,False,False,False
39.76,32.22,69,11,46.81,3.07,88.3,2,1855,54,0,0.8103621730382294,0.15942028985507245,49.88,2023,5,2025,2,2025,4,2027,10,2029,4,2029,10,False,False,False,False,False,True,False,False,False,False,False,False,False,False,False,False,False,False,False,False,False,False,False,False,False,False,False,False,True,False,False,False,False,False,False,False,False,False,False,False,False,False,False,False,False,False,False,False,False,False,False,False,False,False,False,False,True,True,False,False,False
42.09,33.09,68,12,155.2,2.71,99.2,1,488,48,0,0.7861724875267284,0.17647058823529413,157.91,2021,12,2022,5,2022,12,2023,6,2023,11,2025,7,False,False,False,False,False,False,True,False,False,False,False,False,False,False,False,False,False,False,False,False,False,False,False,False,False,False,False,False,False,False,False,False,False,False,True,False,False,False,False,False,False,False,False,False,False,False,False,False,False,False,False,False,False,True,False,False,False,True,False,False,False
39.73,20.75,63,11,116.95,7.41,100.0,0,81,23,0,0.5222753586710295,0.1746031746031746,124.36,2024,6,2026,7,2025,8,2027,1,2027,5,2027,9,False,False,False,False,False,True,False,False,False,False,False,False,False,False,False,False,False,False,False,False,False,False,False,False,False,False,False,False,False,False,False,False,True,False,False,False,False,False,False,False,False,False,False,False,False,False,False,False,False,False,False,False,False,True,False,False,False,False,True,True,False
35.15,29.11,60,11,93.1,6.42,100.0,0,0,5,0,0.8281650071123755,0.18333333333333332,99.52,2025,4,2026,4,2029,6,2026,7,2027,2,2027,9,False,False,False,False,False,True,False,False,False,False,False,False,False,False,False,False,False,False,False,False,False,False,False,False,False,False,False,False,True,False,False,False,False,False,False,False,False,False,False,False,False,False,False,False,False,False,False,False,False,False,False,False,False,False,False,False,False,True,False,False,False
20.78,15.15,32,6,84.02,1.07,100.0,2,671,54,0,0.7290664100096246,0.1875,85.08999999999999,2019,9,2019,12,2021,1,2022,9,2022,12,2023,7,False,False,True,False,False,False,False,False,False,False,False,False,False,False,False,False,False,False,False,False,False,False,False,True,False,False,False,False,False,False,False,False,False,False,False,False,False,False,False,False,False,False,False,False,False,False,False,False,False,False,False,False,False,False,True,False,False,True,False,False,False
23.33,15.48,43,7,28.86,2.38,88.4,0,290,36,0,0.6635233604800687,0.16279069767441862,31.24,2017,3,2017,9,2020,1,2019,5,2020,8,2020,11,False,False,False,False,False,False,False,False,True,False,False,False,False,False,False,False,False,False,False,False,False,False,False,False,False,False,False,False,False,False,False,True,False,False,False,False,False,False,False,False,False,False,False,False,False,False,False,False,False,False,False,False,True,False,False,False,False,True,False,False,False
10.28,3.96,14,1,45.91,0.35,96.5,0,886,67,1,0.3852140077821012,0.07142857142857142,46.26,2020,12,2023,3,2023,5,2023,2,2023,8,2025,3,False,False,True,False,False,False,False,False,False,False,False,False,False,False,False,False,True,False,False,False,False,False,False,False,False,False,False,False,False,False,False,False,False,False,False,False,False,False,False,False,False,False,False,False,False,False,False,False,False,False,False,False,True,False,False,False,False,False,True,True,False
3.29,1.29,7,2,13.04,0.58,100.0,0,2060,66,1,0.39209726443769,0.2857142857142857,13.62,2022,5,2024,11,2022,9,2028,1,2029,7,2030,2,False,True,False,False,False,False,False,False,False,False,False,False,False,False,False,False,False,False,False,False,False,False,False,False,False,False,False,False,False,False,False,False,False,False,False,False,False,True,False,False,False,False,False,False,False,False,False,False,False,False,False,False,False,False,True,False,False,False,True,True,False
90.38,60.27,162,28,181.23,8.61,92.1,6,1584,61,1,0.6668510732462934,0.1728395061728395,189.83999999999997,2020,11,2022,7,2024,2,2024,7,2024,12,2026,8,False,False,False,False,False,False,False,True,False,False,False,False,False,False,False,False,False,False,False,False,False,False,True,False,False,False,False,False,False,False,False,False,False,False,False,False,False,False,False,False,False,False,False,False,False,False,False,False,False,False,False,False,False,True,False,False,False,False,True,False,False
35.07,23.88,65,12,86.65,2.97,100.0,0,2160,56,0,0.6809238665526091,0.18461538461538463,89.62,2025,1,2026,3,2027,7,2031,3,2031,7,2032,5,False,False,False,False,True,False,False,False,False,False,False,False,False,False,False,False,False,False,False,False,False,False,False,False,False,False,False,False,False,False,False,False,False,False,False,False,False,False,False,False,False,False,False,False,False,False,True,False,False,False,False,False,False,False,False,False,False,True,False,False,False
30.15,25.36,45,9,26.91,3.25,100.0,2,586,53,0,0.8411276948590382,0.2,30.16,2023,7,2024,12,2026,4,2026,7,2027,11,2028,2,False,False,False,False,False,False,False,False,True,False,False,False,False,False,False,False,False,False,False,False,False,False,False,False,False,True,False,False,False,False,False,False,False,False,False,False,False,False,False,False,False,False,False,False,False,False,False,False,False,False,False,False,False,False,False,False,False,True,False,False,False
44.63,39.29,80,19,122.83,7.96,86.8,3,2272,52,0,0.8803495406677122,0.2375,130.79,2022,11,2023,4,2027,3,2028,4,2029,10,2031,9,False,False,False,True,False,False,False,False,False,False,False,False,False,False,False,False,False,False,False,False,False,False,False,False,False,False,False,False,False,False,False,False,False,False,False,False,False,False,False,False,False,False,False,False,False,False,False,False,True,False,False,False,True,False,False,False,False,True,False,False,False
13.09,10.1,22,5,37.0,1.33,90.3,1,1030,55,0,0.7715813598166539,0.22727272727272727,38.33,2024,1,2024,3,2026,8,2027,8,2028,2,2029,1,False,False,False,False,True,False,False,False,False,False,False,False,False,False,False,False,False,True,False,False,False,False,False,False,False,False,False,False,False,False,False,False,False,False,False,False,False,False,False,False,False,False,False,False,False,False,False,False,False,False,False,False,False,False,False,False,False,True,False,False,False
11.01,9.05,25,2,46.55,2.39,86.4,1,2018,53,0,0.8219800181653043,0.08,48.94,2018,4,2020,7,2022,5,2024,8,2025,12,2026,11,False,False,False,False,False,False,False,True,False,False,False,False,False,False,False,False,False,False,False,False,False,False,False,False,False,False,False,False,False,False,False,False,False,False,False,False,False,False,False,False,False,True,False,False,False,False,False,False,False,False,False,False,False,False,False,True,False,True,False,False,False
22.56,19.93,38,9,50.43,2.46,99.8,1,511,50,0,0.8834219858156028,0.23684210526315788,52.89,2023,5,2024,4,2027,6,2025,2,2026,1,2027,2,False,True,False,False,False,False,False,False,False,False,False,False,False,False,False,False,False,False,False,False,False,False,False,False,False,False,False,False,False,False,False,False,False,False,False,True,False,False,False,False,False,False,False,False,False,False,False,False,False,False,False,False,False,False,True,False,False,True,False,False,False
117.7,81.6,218,33,342.66,9.04,87.4,4,866,58,0,0.693288020390824,0.15137614678899083,351.70000000000005,2020,6,2020,10,2023,8,2023,10,2024,7,2024,10,False,True,False,False,False,False,False,False,False,False,False,False,False,False,True,False,False,False,False,False,False,False,False,False,False,False,False,False,False,False,False,False,False,False,False,False,False,False,False,False,False,False,False,False,False,False,False,False,False,False,False,False,False,True,False,False,False,True,False,False,False
9.31,6.94,22,5,32.96,1.42,100.0,1,2289,52,0,0.7454350161117078,0.22727272727272727,34.38,2017,10,2019,6,2019,6,2024,3,2025,6,2025,10,False,False,False,True,False,False,False,False,False,False,False,False,True,False,False,False,False,False,False,False,False,False,False,False,False,False,False,False,False,False,False,False,False,False,False,False,False,False,False,False,False,False,False,False,False,False,False,False,False,False,False,False,False,False,False,True,False,False,False,False,False
2.17,1.42,5,0,6.62,0.37,100.0,0,1864,57,0,0.6543778801843317,0.0,6.99,2018,2,2018,10,2018,10,2024,6,2024,9,2025,6,False,False,False,False,False,False,False,False,True,False,False,False,False,False,False,False,False,False,False,False,False,False,False,False,False,True,False,False,False,False,False,False,False,False,False,False,False,False,False,False,False,False,False,False,False,False,False,False,False,False,False,False,False,False,True,False,False,True,False,False,False
17.79,10.95,15,1,24.51,0.99,100.0,0,601,57,0,0.6155143338954469,0.06666666666666667,25.5,2024,8,2025,5,2026,11,2026,7,2026,10,2027,11,False,False,False,False,False,False,True,False,False,False,False,False,False,False,False,False,False,False,False,False,False,False,False,False,False,False,False,False,False,False,False,False,False,False,False,False,False,False,False,False,False,False,False,False,False,True,False,False,False,False,False,False,False,False,False,False,True,True,False,True,False
93.94,68.62,165,21,134.87,7.83,98.2,3,307,37,0,0.730466255056419,0.12727272727272726,142.70000000000002,2016,6,2017,8,2020,7,2019,1,2019,7,2019,12,False,False,False,False,False,True,False,False,False,False,True,False,False,False,False,False,False,False,False,False,False,False,False,False,False,False,False,False,False,False,False,False,False,False,False,False,False,False,False,False,False,False,False,False,False,False,False,False,False,False,False,False,True,False,False,False,False,True,False,False,False
5.3,3.82,5,0,6.95,0.19,100.0,0,2431,55,0,0.720754716981132,0.0,7.140000000000001,2017,5,2017,11,2019,11,2023,6,2023,10,2025,7,False,False,False,False,False,False,False,False,True,False,False,False,False,False,False,False,False,False,False,False,False,False,False,False,False,False,False,False,False,False,False,True,False,False,False,False,False,False,False,False,False,False,False,False,False,False,False,False,False,False,False,False,False,False,False,False,False,True,False,False,False
9.2,6.29,20,3,14.77,2.29,100.0,0,988,56,0,0.6836956521739131,0.15,17.06,2024,8,2026,3,2028,7,2027,7,2028,10,2030,3,False,False,False,False,False,False,True,False,False,False,False,False,False,False,False,False,False,False,False,False,False,False,False,False,False,False,False,False,False,False,False,False,False,False,False,False,False,False,False,False,False,False,False,False,False,True,False,False,False,False,False,False,False,False,False,False,True,True,False,False,False
39.0,34.9,81,15,78.58,4.03,81.6,2,2110,51,0,0.8948717948717948,0.18518518518518517,82.61,2023,7,2025,5,2027,7,2029,9,2030,11,2031,12,False,True,False,False,False,False,False,False,False,False,False,False,False,False,False,False,False,False,False,False,False,False,False,False,False,False,False,False,False,False,False,False,False,False,False,False,False,True,False,False,False,False,False,False,False,False,False,False,False,False,False,False,False,False,False,False,False,False,False,False,False
391.47,342.39,682,113,1384.54,61.75,100.0,19,0,11,0,0.8746264081538814,0.1656891495601173,1446.29,2019,4,2021,7,2020,1,2019,12,2021,3,2021,7,False,False,True,False,False,False,False,False,False,False,False,False,False,False,False,False,False,False,False,False,False,False,False,False,False,False,True,False,False,False,False,False,False,False,False,False,False,False,False,False,False,False,False,False,False,False,False,False,False,False,False,False,False,False,False,True,False,True,False,False,False
7.7,5.74,16,2,7.9,0.87,100.0,0,2004,53,0,0.7454545454545455,0.125,8.77,2017,8,2018,10,2022,1,2023,4,2024,6,2026,2,False,False,False,False,False,False,False,True,False,False,False,False,False,False,False,False,False,False,False,False,False,False,False,False,False,False,False,False,False,False,False,False,False,False,False,False,False,False,False,False,False,False,False,False,False,False,False,False,False,False,False,False,False,True,False,False,False,True,False,False,False
7.41,3.22,14,2,28.42,1.64,100.0,1,1956,65,1,0.43454790823211875,0.14285714285714285,30.060000000000002,2018,4,2020,9,2022,6,2023,8,2024,4,2025,12,False,False,False,True,False,False,False,False,False,False,False,False,False,False,False,False,False,False,False,False,False,False,False,False,False,False,False,False,False,False,False,False,False,False,False,False,False,False,False,False,False,False,False,False,False,False,False,False,True,False,False,False,False,True,False,False,False,False,True,True,False
42.04,38.15,79,10,74.46,9.39,67.6,1,139,20,0,0.9074690770694577,0.12658227848101267,83.85,2018,9,2020,12,2019,8,2020,5,2020,7,2022,4,False,False,False,False,False,False,False,True,False,False,False,False,False,False,False,False,False,False,False,False,False,False,True,False,False,False,False,False,False,False,False,False,False,False,False,False,False,False,False,False,False,False,False,False,False,False,False,False,False,False,False,False,False,True,False,False,False,True,False,False,True
99.95,85.9,184,38,306.81,18.86,89.9,9,1123,57,0,0.8594297148574287,0.20652173913043478,325.67,2025,8,2026,2,2027,5,2029,10,2030,9,2031,7,True,False,False,False,False,False,False,False,False,False,False,False,False,False,False,False,False,False,False,False,False,False,False,False,False,False,False,False,False,False,False,False,False,False,False,False,False,False,False,False,False,False,False,False,True,False,False,False,False,False,False,False,False,False,False,False,False,True,False,False,False
16.05,12.8,39,7,45.67,3.05,100.0,0,1798,51,0,0.7975077881619937,0.1794871794871795,48.72,2021,9,2022,5,2025,11,2025,8,2027,3,2029,4,True,False,False,False,False,False,False,False,False,True,False,False,False,False,False,False,False,False,False,False,False,False,False,False,False,False,False,False,False,False,False,False,False,False,False,False,False,False,False,False,False,False,False,False,False,False,False,False,False,False,False,False,False,False,False,False,True,True,False,False,False
5.92,4.5,8,2,8.11,0.59,99.2,0,2017,53,0,0.7601351351351352,0.25,8.7,2023,6,2025,6,2023,10,2029,11,2030,6,2031,8,False,False,False,False,False,False,False,False,True,False,False,False,False,False,False,False,False,False,False,False,False,False,False,False,False,True,False,False,False,False,False,False,False,False,False,False,False,False,False,False,False,False,False,False,False,False,False,False,False,False,False,False,False,True,False,False,False,True,False,False,False
46.24,25.82,78,11,86.15,4.13,96.3,2,2329,61,1,0.5583910034602076,0.14102564102564102,90.28,2022,5,2024,1,2025,3,2027,4,2028,11,2030,9,False,True,False,False,False,False,False,False,False,False,False,False,False,False,False,False,False,False,False,False,False,False,False,False,False,False,False,False,False,False,False,False,False,False,False,True,False,False,False,False,False,False,False,False,False,False,False,False,False,False,False,False,False,False,False,False,True,False,True,True,False
55.41,40.17,101,17,105.0,3.25,100.0,1,248,30,0,0.7249593936112616,0.16831683168316833,108.25,2025,11,2026,6,2028,6,2027,8,2028,9,2029,6,False,True,False,False,False,False,False,False,False,False,False,False,False,False,False,False,False,False,False,False,False,False,False,False,False,False,False,False,False,False,False,False,False,False,False,True,False,False,False,False,False,False,False,False,False,False,False,False,False,False,False,False,False,False,False,False,False,True,False,False,False
177.44,139.85,331,50,551.51,9.24,100.0,8,246,31,0,0.788153742110009,0.1510574018126888,560.75,2019,1,2021,6,2023,5,2020,4,2020,12,2021,8,False,False,False,False,False,True,False,False,False,False,True,False,False,False,False,False,False,False,False,False,False,False,False,False,False,False,False,False,False,False,False,False,False,False,False,False,False,False,False,False,False,False,False,False,False,False,False,False,False,False,False,False,False,False,False,True,False,True,False,False,False
57.8,41.76,113,23,214.87,7.52,99.9,4,1665,56,0,0.7224913494809688,0.20353982300884957,222.39000000000001,2023,4,2023,5,2024,9,2026,3,2027,1,2029,3,False,False,False,False,False,True,False,False,False,False,False,True,False,False,False,False,False,False,False,False,False,False,False,False,False,False,False,False,False,False,False,False,False,False,False,False,False,False,False,False,False,False,False,False,False,False,False,False,False,False,False,False,False,False,False,False,True,True,False,False,False
68.58,40.38,133,17,307.67,15.68,100.0,4,1860,62,1,0.5888013998250219,0.12781954887218044,323.35,2021,8,2021,10,2022,8,2027,4,2027,7,2028,5,False,False,False,False,False,True,False,False,False,False,False,True,False,False,False,False,False,False,False,False,False,False,False,False,False,False,False,False,False,False,False,False,False,False,False,False,False,False,False,False,False,False,False,False,False,False,False,False,False,False,False,False,False,False,False,True,False,False,True,True,False
23.05,14.65,45,7,26.62,2.01,100.0,0,1268,58,0,0.6355748373101953,0.15555555555555556,28.630000000000003,2024,7,2026,9,2026,8,2028,8,2030,3,2030,3,False,False,True,False,False,False,False,False,False,False,False,False,False,False,False,False,False,False,False,False,False,False,False,False,False,False,False,False,False,False,False,False,False,False,False,False,False,False,False,False,False,False,False,False,False,False,False,False,False,True,False,False,False,False,False,False,False,False,True,True,False
344.3,117.49,632,136,1471.22,38.61,89.3,13,1383,73,1,0.34124310194597735,0.21518987341772153,1509.83,2024,11,2025,10,2026,12,2030,3,2030,9,2031,8,False,False,False,False,True,False,False,False,False,False,False,False,False,False,False,False,False,False,False,False,True,False,False,False,False,False,False,False,False,False,False,False,False,False,False,False,False,False,False,False,False,False,False,False,False,False,False,False,False,False,False,False,False,False,False,False,False,False,True,True,False
20.12,8.85,43,8,57.9,3.62,100.0,3,1314,64,1,0.4398608349900596,0.18604651162790697,61.519999999999996,2025,3,2026,1,2025,12,2028,10,2029,4,2030,3,False,False,False,False,False,False,False,False,False,False,False,False,False,False,False,False,False,False,False,False,False,False,False,False,False,False,False,False,False,False,False,False,False,False,False,False,True,False,False,False,False,False,False,False,False,False,False,False,False,False,False,False,True,False,False,False,False,False,True,True,False
16.25,15.72,23,3,34.45,1.27,68.7,0,1442,51,0,0.9673846153846154,0.13043478260869565,35.720000000000006,2025,1,2026,7,2028,9,2030,12,2031,6,2031,7,False,False,False,False,True,False,False,False,False,False,False,False,False,False,False,False,False,False,False,False,True,False,False,False,False,False,False,False,False,False,False,False,False,False,False,False,False,False,False,False,False,False,False,False,False,False,False,False,False,False,False,False,False,False,False,False,False,True,False,False,True
183.01,120.49,343,65,339.1,6.98,85.5,11,1589,62,1,0.6583793235342331,0.18950437317784258,346.08000000000004,2017,8,2018,1,2020,12,2023,5,2024,6,2024,8,False,False,False,False,False,False,False,True,False,False,False,False,False,False,False,False,False,False,False,False,False,False,True,False,False,False,False,False,False,False,False,False,False,False,False,False,False,False,False,False,False,False,False,False,False,False,False,False,False,False,False,False,False,False,False,False,False,True,False,False,False
6.86,6.45,13,2,10.79,0.78,100.0,1,1809,47,0,0.9402332361516035,0.15384615384615385,11.569999999999999,2022,7,2022,11,2024,2,2028,8,2028,9,2029,2,False,False,False,False,True,False,False,False,False,False,False,False,False,False,False,False,False,False,False,False,False,False,False,False,False,False,False,False,False,False,False,False,False,False,False,False,False,False,False,False,False,False,False,False,False,False,True,False,False,False,False,False,False,False,True,False,False,False,False,False,True
4.72,2.82,11,5,13.5,1.11,100.0,0,314,39,0,0.597457627118644,0.45454545454545453,14.61,2018,12,2020,5,2020,12,2020,3,2020,9,2022,11,False,False,True,False,False,False,False,False,False,False,False,False,False,False,False,False,False,False,False,False,False,False,False,False,False,False,False,False,False,False,False,False,False,False,False,False,False,False,False,False,False,False,False,False,False,False,False,False,False,True,False,False,False,True,False,False,False,True,False,True,False
33.77,28.55,63,13,145.22,7.21,100.0,2,2518,51,0,0.8454249333728161,0.20634920634920634,152.43,2017,1,2017,6,2020,1,2023,6,2024,8,2025,6,False,False,False,False,False,False,False,True,False,False,False,False,False,False,False,False,False,False,False,False,False,False,True,False,False,False,False,False,False,False,False,False,False,False,False,False,False,False,False,False,False,False,False,False,False,False,False,False,False,False,False,False,True,False,False,False,False,True,False,False,False
29.91,18.74,59,10,44.09,2.8,91.8,0,555,58,0,0.6265463055834168,0.1694915254237288,46.89,2017,8,2018,9,2021,4,2019,9,2020,12,2021,3,False,False,False,False,True,False,False,False,False,False,False,False,False,False,False,False,False,False,False,False,True,False,False,False,False,False,False,False,False,False,False,False,False,False,False,False,False,False,False,False,False,False,False,False,False,False,False,False,False,False,False,False,True,False,False,False,False,True,False,True,False
23.86,17.32,24,1,57.59,2.69,94.1,0,1839,56,0,0.7259010896898576,0.041666666666666664,60.28,2017,5,2018,12,2019,2,2023,1,2024,6,2024,12,False,False,True,False,False,False,False,False,False,False,False,False,False,False,False,False,False,False,False,False,False,False,False,False,False,False,False,False,False,False,False,False,False,False,False,False,False,False,False,False,False,False,False,False,False,False,False,False,False,True,False,False,True,False,False,False,False,True,False,False,False
80.96,67.73,157,28,125.83,16.75,99.3,4,1823,53,0,0.8365859683794468,0.17834394904458598,142.57999999999998,2019,6,2020,12,2023,9,2025,2,2026,5,2026,6,False,False,False,False,False,False,False,False,False,False,False,False,False,False,False,False,False,False,False,False,False,True,False,False,False,False,False,False,False,False,False,False,False,False,False,False,False,False,False,False,False,False,False,False,False,False,False,False,False,False,False,False,False,False,True,False,False,True,False,False,False
12.08,4.71,23,8,17.51,1.4,100.0,3,1155,67,1,0.38990066225165565,0.34782608695652173,18.91,2025,9,2027,7,2028,6,2029,6,2029,10,2031,4,False,False,False,False,True,False,False,False,False,False,False,False,False,False,False,False,False,False,False,False,False,False,False,False,False,False,False,False,False,False,False,False,False,False,False,False,False,False,False,False,False,False,False,False,False,False,True,False,False,False,False,False,False,False,False,True,False,False,True,True,False
31.95,26.97,52,9,128.02,1.06,100.0,4,1310,52,0,0.844131455399061,0.17307692307692307,129.08,2016,4,2016,11,2017,3,2020,7,2021,10,2022,7,False,False,True,False,False,False,False,False,False,False,False,False,False,False,False,False,False,False,False,False,False,False,False,False,False,False,True,False,False,False,False,False,False,False,False,False,False,False,False,False,False,False,False,False,False,False,False,False,False,False,False,False,False,False,False,False,False,True,False,False,False
20.9,12.5,38,5,36.98,3.97,100.0,2,2016,59,0,0.5980861244019139,0.13157894736842105,40.949999999999996,2019,12,2022,2,2022,8,2026,4,2026,8,2026,12,False,False,False,False,False,True,False,False,False,False,False,True,False,False,False,False,False,False,False,False,False,False,False,False,False,False,False,False,False,False,False,False,False,False,False,False,False,False,False,False,False,False,False,False,False,False,False,False,False,False,False,False,False,True,False,False,False,False,True,True,False
12.29,11.59,27,1,21.11,1.31,100.0,0,460,40,0,0.9430431244914566,0.037037037037037035,22.419999999999998,2020,10,2021,5,2024,3,2023,11,2024,7,2025,2,False,True,False,False,False,False,False,False,False,False,False,False,False,False,True,False,False,False,False,False,False,False,False,False,False,False,False,False,False,False,False,False,False,False,False,False,False,False,False,False,False,False,False,False,False,False,False,False,False,False,False,False,False,False,False,False,True,False,False,False,True
28.17,27.59,51,8,117.36,4.88,100.0,0,1206,45,0,0.9794107206247781,0.1568627450980392,122.24,2023,11,2024,3,2027,6,2027,2,2028,5,2028,12,False,False,False,False,False,True,False,False,False,False,False,True,False,False,False,False,False,False,False,False,False,False,False,False,False,False,False,False,False,False,False,False,False,False,False,False,False,False,False,False,False,False,False,False,False,False,False,False,False,False,False,False,False,False,False,True,False,False,False,False,True
70.29,41.76,116,27,156.63,8.95,81.0,6,1437,61,1,0.5941101152368757,0.23275862068965517,165.57999999999998,2023,3,2024,5,2025,7,2026,2,2027,6,2028,12,False,True,False,False,False,False,False,False,False,False,False,False,False,False,True,False,False,False,False,False,False,False,False,False,False,False,False,False,False,False,False,False,False,False,False,False,False,False,False,False,False,False,False,False,False,False,False,False,False,False,False,False,False,False,False,False,False,True,False,True,False
249.78,168.55,474,76,207.88,19.99,100.0,10,181,29,0,0.6747938185603332,0.16033755274261605,227.87,2016,2,2017,7,2016,6,2017,2,2017,9,2018,7,False,False,False,True,False,False,False,False,False,False,False,False,False,False,False,False,False,False,False,False,False,False,False,False,False,False,False,False,False,False,False,False,False,False,False,False,False,False,False,True,False,False,False,False,False,False,False,False,False,False,False,False,False,False,True,False,False,True,False,False,False
53.49,49.58,105,21,185.52,8.91,92.7,0,622,48,0,0.9269022247148999,0.2,194.43,2020,3,2021,10,2021,4,2021,10,2022,8,2023,8,False,False,False,True,False,False,False,False,False,False,False,False,False,False,False,False,False,False,False,False,False,False,False,False,False,False,False,False,False,False,False,False,False,False,False,False,False,False,False,True,False,False,False,False,False,False,False,False,False,False,False,False,False,False,False,False,False,False,False,False,True
2.43,2.03,6,1,6.59,0.58,90.8,0,1608,51,0,0.8353909465020575,0.16666666666666666,7.17,2024,12,2026,5,2026,6,2028,11,2028,12,2031,2,False,False,False,True,False,False,False,False,False,False,False,False,True,False,False,False,False,False,False,False,False,False,False,False,False,False,False,False,False,False,False,False,False,False,False,False,False,False,False,False,False,False,False,False,False,False,False,False,False,False,False,False,False,False,False,False,False,True,False,False,False
28.84,20.92,63,13,105.68,4.25,100.0,4,2187,57,0,0.7253814147018031,0.20634920634920634,109.93,2021,8,2023,10,2025,10,2027,6,2028,7,2030,8,False,False,False,False,False,False,False,False,False,False,False,False,False,False,False,False,False,False,False,False,False,False,False,False,False,False,False,False,False,False,False,False,False,False,False,False,False,False,False,False,True,False,False,False,False,False,False,False,False,False,False,False,False,False,True,False,False,True,False,False,False
31.49,22.2,57,7,91.64,5.4,100.0,3,1564,56,0,0.7049857097491267,0.12280701754385964,97.04,2021,10,2022,8,2025,3,2027,8,2028,7,2028,10,False,False,False,False,False,True,False,False,False,False,False,True,False,False,False,False,False,False,False,False,False,False,False,False,False,False,False,False,False,False,False,False,False,False,False,False,False,False,False,False,False,False,False,False,False,False,False,False,False,False,False,False,True,False,False,False,False,True,False,False,False
76.42,22.2,158,25,160.46,9.56,85.2,4,125,40,0,0.29049986914420306,0.15822784810126583,170.02,2021,11,2023,12,2022,7,2022,12,2023,1,2024,12,False,True,False,False,False,False,False,False,False,False,False,False,False,False,False,False,False,False,False,False,False,False,False,False,False,False,False,False,False,False,False,False,False,False,False,False,False,True,False,False,False,False,False,False,False,False,False,False,False,False,False,False,True,False,False,False,False,False,True,True,False
36.05,12.23,65,15,37.72,7.67,100.0,0,653,67,1,0.33925104022191405,0.23076923076923078,45.39,2017,5,2018,8,2019,5,2018,8,2019,11,2021,10,False,False,True,False,False,False,False,False,False,False,False,False,False,False,False,False,False,False,False,False,False,False,False,False,False,False,False,False,False,False,False,False,False,False,False,False,False,False,False,False,False,False,False,False,False,False,False,False,False,True,False,False,False,True,False,False,False,False,True,True,False
104.91,52.98,176,41,420.06,7.74,98.7,4,1258,64,1,0.5050042893909065,0.23295454545454544,427.8,2021,1,2022,11,2021,9,2025,2,2025,10,2025,12,False,False,False,False,False,False,False,True,False,False,False,False,False,False,False,False,False,False,False,False,False,False,False,False,False,False,False,False,False,False,False,False,False,False,False,False,False,False,False,False,False,False,False,False,False,False,False,False,False,False,False,False,False,True,False,False,False,False,True,True,False
44.33,27.86,72,7,69.43,7.04,75.5,0,1813,60,0,0.6284683058876608,0.09722222222222222,76.47000000000001,2018,1,2018,5,2020,8,2023,2,2023,10,2025,1,False,False,True,False,False,False,False,False,False,False,False,False,False,False,False,False,False,False,False,False,False,False,False,False,False,False,False,True,False,False,False,False,False,False,False,False,False,False,False,False,False,False,False,False,False,False,False,False,False,False,False,False,True,False,False,False,False,True,False,True,False
142.42,125.1,259,57,625.79,24.59,83.7,9,2222,55,0,0.8783878668726303,0.22007722007722008,650.38,2024,5,2024,12,2027,2,2028,11,2030,1,2031,12,False,False,False,False,False,False,False,True,False,False,False,False,False,False,False,False,False,False,False,False,False,False,False,False,False,False,False,False,False,False,False,False,False,True,False,False,False,False,False,False,False,False,False,False,False,False,False,False,False,False,False,False,False,False,False,True,False,True,False,False,False
19.32,17.85,43,7,33.03,3.14,98.5,1,1999,49,0,0.923913043478261,0.16279069767441862,36.17,2017,1,2019,5,2019,4,2023,2,2023,11,2025,3,True,False,False,False,False,False,False,False,False,False,False,False,False,False,False,False,False,False,False,False,False,False,False,False,False,False,False,False,False,False,False,False,False,False,False,False,False,False,False,False,False,False,False,False,False,False,False,True,False,False,False,False,False,False,False,False,True,True,False,False,True
34.62,25.04,68,13,133.63,3.74,88.4,3,1617,57,0,0.7232813402657424,0.19117647058823528,137.37,2018,3,2019,9,2022,3,2023,7,2024,3,2025,10,False,False,True,False,False,False,False,False,False,False,False,False,False,False,False,False,True,False,False,False,False,False,False,False,False,False,False,False,False,False,False,False,False,False,False,False,False,False,False,False,False,False,False,False,False,False,False,False,False,False,False,False,False,False,False,False,False,True,False,False,False
68.49,48.63,119,21,254.67,7.68,99.7,2,58,13,0,0.7100306614104249,0.17647058823529413,262.34999999999997,2020,1,2020,7,2021,8,2022,1,2022,2,2023,4,False,False,False,False,True,False,False,False,False,False,False,False,False,False,False,False,False,False,False,False,False,False,False,False,False,False,False,False,False,False,False,False,False,False,False,False,False,False,False,False,False,False,False,True,False,False,False,False,False,False,False,False,False,False,False,False,True,True,False,False,False
16.91,10.2,39,7,42.48,3.24,87.3,1,822,61,1,0.6031933767001774,0.1794871794871795,45.72,2019,3,2020,7,2022,12,2022,4,2023,7,2024,9,False,False,False,False,True,False,False,False,False,False,False,False,False,False,False,False,False,False,False,False,False,False,False,False,False,False,False,False,False,False,False,False,False,False,False,False,False,False,False,False,False,False,False,False,False,False,True,False,False,False,False,False,False,False,False,False,False,False,True,True,False
13.6,4.98,22,6,31.09,1.61,100.0,1,643,66,1,0.3661764705882353,0.2727272727272727,32.7,2022,1,2022,6,2023,11,2026,3,2026,4,2026,10,False,False,False,False,False,False,False,False,True,False,False,False,False,False,False,False,False,False,False,False,False,False,False,False,False,True,False,False,False,False,False,False,False,False,False,False,False,False,False,False,False,False,False,False,False,False,False,False,False,False,False,False,True,False,False,False,False,False,True,True,False
15.97,13.82,28,3,54.33,2.69,100.0,1,136,16,0,0.8653725735754539,0.10714285714285714,57.019999999999996,2019,7,2021,4,2023,2,2021,8,2022,10,2022,12,False,False,False,False,False,True,False,False,False,False,False,True,False,False,False,False,False,False,False,False,False,False,False,False,False,False,False,False,False,False,False,False,False,False,False,False,False,False,False,False,False,False,False,False,False,False,False,False,False,False,False,False,False,True,False,False,False,True,False,False,False
14.17,10.09,25,2,39.05,1.4,100.0,1,1551,56,0,0.7120677487649965,0.08,40.449999999999996,2018,7,2020,9,2022,3,2023,4,2023,5,2024,12,False,False,False,False,False,False,False,True,False,False,False,False,False,False,False,False,False,False,False,False,False,False,False,False,False,False,False,False,False,False,False,False,False,False,False,False,False,False,False,False,False,True,False,False,False,False,False,False,False,False,False,False,False,False,False,True,False,True,False,False,False
50.53,43.04,93,7,158.58,2.86,97.1,2,1410,50,0,0.8517712250148426,0.07526881720430108,161.44000000000003,2024,9,2025,6,2026,5,2029,1,2029,9,2031,8,False,False,False,False,False,False,False,True,False,False,False,False,False,False,False,False,False,False,False,False,False,False,False,False,False,False,False,False,False,False,False,False,False,False,False,False,False,False,False,False,False,False,False,False,False,False,False,False,False,False,False,False,False,True,False,False,False,False,False,False,False
4.78,3.14,9,1,12.14,0.64,100.0,1,1657,58,0,0.6569037656903766,0.1111111111111111,12.780000000000001,2016,5,2018,7,2016,9,2020,9,2021,6,2023,2,False,False,False,False,False,True,False,False,False,False,False,False,False,False,False,False,False,False,False,False,False,False,False,False,False,False,False,False,False,True,False,False,False,False,False,False,False,False,False,False,False,False,False,False,False,False,False,False,False,False,False,False,False,False,False,False,True,False,True,False,False
6.32,4.55,7,0,18.08,0.32,83.7,0,1856,56,0,0.7199367088607594,0.0,18.4,2017,3,2017,9,2020,11,2021,11,2022,11,2024,3,False,False,False,False,False,False,False,False,False,False,False,False,False,False,False,False,False,False,False,False,False,True,False,False,False,False,False,False,False,False,False,False,False,False,False,False,False,False,False,False,False,False,False,False,False,False,False,False,False,False,False,False,False,True,False,False,False,True,False,False,False
193.01,98.28,376,72,289.49,30.71,87.5,8,1279,68,1,0.5091964146935393,0.19148936170212766,320.2,2022,11,2024,5,2026,1,2025,11,2026,3,2028,3,False,False,False,False,False,False,False,False,True,False,False,False,False,True,False,False,False,False,False,False,False,False,False,False,False,False,False,False,False,False,False,False,False,False,False,False,False,False,False,False,False,False,False,False,False,False,False,False,False,False,False,False,True,False,False,False,False,False,True,True,False
14.51,10.58,29,4,14.58,2.09,100.0,0,990,54,0,0.7291523087525844,0.13793103448275862,16.67,2023,5,2025,3,2027,8,2026,12,2027,6,2027,7,False,False,False,False,False,False,False,False,False,False,False,False,False,False,False,False,False,False,False,False,False,True,False,False,False,False,False,False,False,False,False,False,False,False,False,False,False,False,False,False,False,False,False,False,False,False,False,False,False,False,False,False,False,False,False,True,False,True,False,False,False
36.6,32.52,84,14,77.48,8.22,100.0,2,679,51,0,0.8885245901639345,0.16666666666666666,85.7,2023,9,2024,11,2028,1,2025,9,2027,4,2027,7,False,False,False,False,False,False,False,False,False,False,False,False,False,False,False,True,False,False,False,False,False,False,False,False,False,False,False,False,False,False,False,False,False,False,False,False,False,False,False,False,False,False,False,False,False,False,False,False,False,False,False,False,False,False,False,False,True,True,False,False,False
6.76,3.8,6,0,17.06,0.47,95.4,0,1346,62,1,0.5621301775147929,0.0,17.529999999999998,2021,9,2023,5,2022,11,2025,1,2026,6,2027,10,False,False,False,False,False,False,False,False,False,False,False,False,False,False,False,True,False,False,False,False,False,False,False,False,False,False,False,False,False,False,False,False,False,False,False,False,False,False,False,False,False,False,False,False,False,False,False,False,False,False,False,False,False,False,False,True,False,False,True,True,False
32.92,26.94,56,11,136.69,3.53,100.0,2,1447,51,0,0.8183475091130012,0.19642857142857142,140.22,2022,8,2024,2,2025,5,2025,8,2027,2,2028,9,False,False,False,False,False,True,False,False,False,False,True,False,False,False,False,False,False,False,False,False,False,False,False,False,False,False,False,False,False,False,False,False,False,False,False,False,False,False,False,False,False,False,False,False,False,False,False,False,False,False,False,False,False,False,False,False,False,True,False,False,False
14.6,8.35,16,3,34.04,0.51,100.0,0,1213,58,0,0.571917808219178,0.1875,34.55,2017,10,2019,4,2020,4,2019,8,2020,10,2022,12,False,False,False,False,False,False,False,False,False,False,False,False,False,False,False,False,False,False,False,False,False,True,False,False,False,False,False,False,False,False,False,False,False,False,False,False,False,False,False,False,False,False,False,False,False,False,False,False,False,False,False,False,False,True,False,False,False,True,False,True,False
6.28,2.23,15,1,15.11,0.48,83.2,2,1956,70,1,0.35509554140127386,0.06666666666666667,15.59,2018,3,2020,2,2022,1,2023,3,2023,5,2025,6,False,False,False,False,True,False,False,False,False,False,False,False,False,False,False,False,False,False,False,False,False,False,False,False,False,False,False,False,False,False,False,False,False,False,False,False,False,False,False,False,False,False,False,True,False,False,False,False,False,False,False,False,False,False,False,True,False,False,True,True,False
114.08,77.77,206,45,376.11,17.31,100.0,3,862,56,0,0.6817145862552595,0.21844660194174756,393.42,2022,4,2022,8,2025,5,2024,6,2025,9,2025,12,False,False,False,True,False,False,False,False,False,False,False,False,False,False,False,False,False,False,False,False,False,False,False,False,False,False,False,False,False,False,False,False,False,False,False,False,False,False,True,False,False,False,False,False,False,False,False,False,False,False,False,False,False,False,True,False,False,True,False,False,False
97.76,82.34,158,21,153.01,17.08,100.0,3,976,53,0,0.842266775777414,0.13291139240506328,170.08999999999997,2022,10,2024,9,2026,10,2024,12,2026,8,2027,10,True,False,False,False,False,False,False,False,False,True,False,False,False,False,False,False,False,False,False,False,False,False,False,False,False,False,False,False,False,False,False,False,False,False,False,False,False,False,False,False,False,False,False,False,False,False,False,False,False,False,False,False,False,True,False,False,False,True,False,False,False
26.91,25.41,36,5,108.31,2.21,100.0,2,2163,47,0,0.9442586399108138,0.1388888888888889,110.52,2023,7,2025,3,2026,11,2028,8,2029,6,2031,5,False,False,False,False,False,False,False,True,False,False,False,False,False,False,False,False,False,False,False,False,False,False,False,False,False,False,False,False,False,False,False,False,False,False,False,False,False,False,False,False,False,False,False,False,False,False,False,False,False,False,False,False,False,False,False,False,False,False,False,False,True
81.4,54.33,110,18,193.92,8.04,60.1,4,629,62,1,0.6674447174447173,0.16363636363636364,201.95999999999998,2024,10,2026,8,2025,12,2027,1,2027,2,2029,2,False,False,False,False,False,False,False,True,False,False,False,False,False,False,False,False,False,False,False,False,False,False,False,False,False,False,False,False,False,False,False,False,False,False,False,False,False,False,False,False,False,True,False,False,False,False,False,False,False,False,False,False,False,False,False,True,False,True,False,False,False
201.0,161.8,364,70,853.03,28.8,88.7,8,2113,54,0,0.8049751243781095,0.19230769230769232,881.8299999999999,2018,7,2019,7,2022,8,2025,2,2026,2,2027,4,True,False,False,False,False,False,False,False,False,True,False,False,False,False,False,False,False,False,False,False,False,False,False,False,False,False,False,False,False,False,False,False,False,False,False,False,False,False,False,False,False,False,False,False,False,False,False,False,False,False,False,False,False,False,False,False,True,False,False,False,False
63.69,52.72,127,21,114.88,8.6,84.9,3,0,9,0,0.8277594598838123,0.16535433070866143,123.47999999999999,2017,6,2017,8,2020,6,2018,6,2019,3,2019,5,False,False,False,False,False,True,False,False,False,False,False,False,False,False,False,False,False,False,False,False,False,False,False,False,False,False,False,False,False,True,False,False,False,False,False,False,False,False,False,False,False,False,False,False,False,False,False,False,False,False,False,False,False,False,False,False,False,True,False,False,False
48.41,36.75,75,12,122.12,1.95,88.3,5,671,55,0,0.7591406734145838,0.16,124.07000000000001,2023,5,2023,8,2026,1,2024,7,2026,2,2027,6,False,False,True,False,False,False,False,False,False,False,False,False,False,False,False,False,False,False,False,False,False,False,False,False,False,False,False,False,False,False,False,False,False,False,False,False,False,False,False,False,False,False,False,False,False,False,False,False,False,True,False,False,False,False,True,False,False,True,False,False,False
36.56,27.4,70,11,134.51,5.52,90.0,0,1034,55,0,0.7494529540481399,0.15714285714285714,140.03,2022,2,2023,4,2022,12,2023,12,2024,10,2026,11,False,False,False,False,False,True,False,False,False,False,False,False,False,False,False,False,False,False,False,False,False,False,False,False,False,False,False,False,False,True,False,False,False,False,False,False,False,False,False,False,False,False,False,False,False,False,False,False,False,False,False,False,False,False,False,True,False,True,False,False,False
57.37,45.99,115,36,163.9,3.88,93.8,1,659,53,0,0.801638487014119,0.3130434782608696,167.78,2020,9,2020,12,2023,10,2023,4,2023,11,2025,7,False,False,False,False,False,False,False,True,False,False,False,False,False,False,False,False,False,False,False,False,False,False,False,False,False,False,False,False,False,False,False,False,False,False,False,False,False,False,False,False,False,False,False,False,False,False,False,False,False,False,False,False,True,False,False,False,False,True,False,False,False
20.82,11.44,42,9,67.59,3.17,94.6,2,93,24,0,0.5494716618635926,0.21428571428571427,70.76,2022,12,2025,2,2025,8,2024,7,2025,8,2025,12,False,False,False,False,False,False,False,True,False,False,False,False,False,False,False,False,False,False,False,False,False,False,False,False,False,False,False,False,False,False,False,False,False,True,False,False,False,False,False,False,False,False,False,False,False,False,False,False,False,False,False,False,False,True,False,False,False,True,False,True,False
22.72,21.22,44,13,41.77,4.29,100.0,2,1549,49,0,0.9339788732394366,0.29545454545454547,46.06,2019,4,2020,6,2023,4,2022,10,2024,4,2025,4,True,False,False,False,False,False,False,False,False,True,False,False,False,False,False,False,False,False,False,False,False,False,False,False,False,False,False,False,False,False,False,False,False,False,False,False,False,False,False,False,False,False,False,False,False,False,False,False,False,False,False,False,False,False,False,False,True,True,False,False,True
47.03,35.89,89,18,94.78,1.83,93.7,4,536,55,0,0.763129917074208,0.20224719101123595,96.61,2018,5,2019,12,2020,2,2020,12,2021,3,2023,1,False,False,False,False,False,False,False,False,False,False,False,False,False,False,False,True,False,False,False,False,False,False,False,False,False,False,False,False,False,False,False,False,False,False,False,False,False,False,False,False,False,False,False,False,False,False,False,False,False,False,False,False,True,False,False,False,False,True,False,False,False
18.66,17.89,31,5,49.97,1.95,100.0,1,1625,46,0,0.9587352625937835,0.16129032258064516,51.92,2023,1,2024,12,2024,7,2027,2,2027,9,2028,11,False,False,False,False,False,True,False,False,False,False,False,False,False,False,False,False,False,False,False,False,False,False,False,False,False,False,False,False,True,False,False,False,False,False,False,False,False,False,False,False,False,False,False,False,False,False,False,False,False,False,False,False,False,False,False,True,False,False,False,False,True
20.78,17.91,33,5,32.19,3.12,93.0,1,1975,52,0,0.8618864292589028,0.15151515151515152,35.309999999999995,2017,10,2019,8,2020,2,2022,8,2023,10,2025,11,False,True,False,False,False,False,False,False,False,False,False,False,False,False,True,False,False,False,False,False,False,False,False,False,False,False,False,False,False,False,False,False,False,False,False,False,False,False,False,False,False,False,False,False,False,False,False,False,False,False,False,False,False,False,False,True,False,True,False,False,False
29.97,18.77,50,9,37.98,3.64,98.9,4,2061,58,0,0.6262929596262929,0.18,41.62,2024,3,2024,8,2028,7,2030,5,2030,6,2032,6,True,False,False,False,False,False,False,False,False,True,False,False,False,False,False,False,False,False,False,False,False,False,False,False,False,False,False,False,False,False,False,False,False,False,False,False,False,False,False,False,False,False,False,False,False,False,False,False,False,False,False,False,False,False,False,False,False,True,False,True,False
94.69,86.97,168,26,371.38,7.31,87.8,6,1240,52,0,0.9184707994508395,0.15476190476190477,378.69,2017,3,2018,7,2018,6,2020,12,2021,11,2023,10,False,False,False,False,True,False,False,False,False,False,False,False,False,False,False,False,False,True,False,False,False,False,False,False,False,False,False,False,False,False,False,False,False,False,False,False,False,False,False,False,False,False,False,False,False,False,False,False,False,False,False,False,False,False,False,True,False,True,False,False,True
9.65,8.67,19,5,35.39,1.71,88.2,1,1862,51,0,0.8984455958549222,0.2631578947368421,37.1,2020,11,2021,11,2022,4,2025,4,2026,4,2028,3,False,False,False,False,False,False,False,True,False,False,False,False,False,False,False,False,False,False,False,False,False,False,False,False,False,False,False,False,False,False,False,False,False,False,False,False,False,False,False,False,False,False,False,False,False,False,False,False,False,False,False,True,False,False,False,False,True,True,False,False,False
64.02,32.89,109,24,272.0,10.72,100.0,3,632,63,1,0.513745704467354,0.22018348623853212,282.72,2023,12,2026,1,2025,10,2026,6,2026,10,2027,2,True,False,False,False,False,False,False,False,False,False,False,False,False,False,False,False,False,False,False,False,False,False,False,False,False,False,False,False,False,False,False,False,False,False,False,False,False,False,False,False,False,False,False,False,True,False,False,False,False,False,False,False,True,False,False,False,False,False,True,True,False
66.14,33.22,124,21,196.45,6.98,100.0,5,1563,64,1,0.5022679165406713,0.1693548387096774,203.42999999999998,2016,11,2017,2,2018,6,2021,5,2022,11,2023,7,False,False,False,False,False,True,False,False,False,False,False,True,False,False,False,False,False,False,False,False,False,False,False,False,False,False,False,False,False,False,False,False,False,False,False,False,False,False,False,False,False,False,False,False,False,False,False,False,False,False,False,False,False,False,False,False,True,False,True,True,False
65.75,23.85,135,26,154.84,6.71,100.0,1,1549,66,1,0.36273764258555136,0.1925925925925926,161.55,2016,1,2016,5,2016,8,2019,10,2020,10,2022,1,False,False,False,False,False,False,False,True,False,False,False,False,False,False,False,False,False,False,False,False,False,False,False,False,False,False,False,False,False,False,False,False,False,True,False,False,False,False,False,False,False,False,False,False,False,False,False,False,False,False,False,False,False,False,True,False,False,False,True,True,False
13.37,10.13,30,2,15.79,2.24,96.6,1,860,56,0,0.7576664173522814,0.06666666666666667,18.03,2019,3,2019,7,2022,4,2021,10,2022,4,2023,9,False,False,True,False,False,False,False,False,False,False,False,False,False,False,False,False,False,False,False,False,False,False,False,False,False,False,True,False,False,False,False,False,False,False,False,False,False,False,False,False,False,False,False,False,False,False,False,False,False,False,False,False,False,False,True,False,False,True,False,False,False
5.51,3.26,12,2,21.75,0.68,100.0,0,616,60,0,0.5916515426497277,0.16666666666666666,22.43,2018,3,2019,3,2019,8,2019,1,2019,12,2021,7,True,False,False,False,False,False,False,False,False,False,False,False,False,False,False,False,False,False,False,False,False,False,False,False,False,False,False,False,False,False,False,False,False,False,False,False,False,False,False,False,False,False,False,False,False,False,False,False,False,False,True,False,False,True,False,False,False,False,True,True,False
52.44,45.95,87,10,130.48,9.01,82.2,3,462,46,0,0.8762395118230359,0.11494252873563218,139.48999999999998,2016,5,2018,9,2017,6,2017,1,2018,8,2020,5,False,False,False,False,False,False,False,False,True,False,False,False,False,False,False,False,False,False,False,False,False,False,False,False,True,False,False,False,False,False,False,False,False,False,False,False,False,False,False,False,False,False,False,False,False,False,False,False,False,False,False,False,False,True,False,False,False,True,False,False,False
36.15,33.6,68,7,103.97,6.66,97.0,1,1688,47,0,0.9294605809128631,0.10294117647058823,110.63,2021,10,2022,5,2022,7,2027,2,2027,5,2028,2,False,False,False,False,False,False,False,True,False,False,False,False,False,False,False,False,False,False,False,False,False,False,False,False,False,False,False,False,False,False,False,False,False,False,False,False,False,False,False,False,False,True,False,False,False,False,False,False,False,False,False,False,False,False,True,False,False,False,False,False,True
81.81,53.99,155,29,160.35,7.93,100.0,2,577,56,0,0.6599437721549933,0.1870967741935484,168.28,2018,12,2021,1,2021,7,2022,6,2022,7,2023,2,False,False,False,False,False,True,False,False,False,False,False,True,False,False,False,False,False,False,False,False,False,False,False,False,False,False,False,False,False,False,False,False,False,False,False,False,False,False,False,False,False,False,False,False,False,False,False,False,False,False,False,False,False,False,False,True,False,True,False,False,False
14.87,9.41,17,2,40.72,1.12,88.7,0,1418,59,0,0.632817753866846,0.11764705882352941,41.839999999999996,2022,11,2023,10,2023,4,2026,11,2028,1,2029,10,False,False,False,True,False,False,False,False,False,False,False,False,False,False,False,False,False,False,False,False,False,False,False,False,False,False,False,False,False,False,False,False,False,False,False,False,False,False,False,False,False,False,False,False,False,False,False,False,True,False,False,False,False,False,False,False,True,False,True,True,False
64.08,40.23,136,27,236.61,14.82,100.0,3,0,12,0,0.6278089887640449,0.19852941176470587,251.43,2016,6,2018,6,2018,10,2019,1,2019,2,2019,5,False,True,False,False,False,False,False,False,False,False,False,False,False,False,False,False,False,False,False,False,False,False,False,False,False,False,False,False,False,False,False,False,False,False,False,True,False,False,False,False,False,False,False,False,False,False,False,False,False,False,False,False,False,False,True,False,False,True,False,True,False
86.01,76.09,147,32,295.48,5.11,100.0,0,1739,49,0,0.8846645738867573,0.21768707482993196,300.59000000000003,2023,3,2024,10,2024,3,2028,11,2028,11,2030,3,False,False,False,False,False,False,True,False,False,False,False,False,False,False,False,False,False,False,False,False,False,False,False,False,False,False,False,False,False,False,False,False,False,False,True,False,False,False,False,False,False,False,False,False,False,False,False,False,False,False,False,False,False,True,False,False,False,True,False,False,False
27.24,23.51,48,6,121.46,4.58,94.8,1,2598,49,0,0.8630690161527167,0.125,126.03999999999999,2019,3,2020,8,2020,12,2025,1,2026,9,2027,10,False,False,False,False,False,False,False,False,False,False,False,False,False,False,False,False,False,False,False,False,False,True,False,False,False,False,False,False,False,False,False,False,False,False,False,False,False,False,False,False,False,False,False,False,False,False,False,False,False,False,False,False,False,False,True,False,False,False,False,False,False
45.46,32.43,78,16,119.74,4.03,80.1,1,1351,57,0,0.7133743950725913,0.20512820512820512,123.77,2017,9,2018,7,2019,2,2022,5,2022,8,2023,12,False,False,False,False,False,False,True,False,False,False,False,False,False,False,False,False,False,False,False,False,False,False,False,False,False,False,False,False,False,False,False,False,False,False,False,False,False,False,False,False,False,False,False,False,False,True,False,False,False,False,False,False,False,False,False,True,False,True,False,False,False
43.9,36.97,92,17,121.16,2.94,88.8,2,0,6,0,0.8421412300683371,0.18478260869565216,124.1,2016,1,2017,4,2018,12,2016,10,2017,12,2018,3,False,False,False,False,False,True,False,False,False,False,False,False,False,False,False,False,False,False,False,False,False,False,False,False,False,False,False,False,False,False,False,False,True,False,False,False,False,False,False,False,False,False,False,False,False,False,False,False,False,False,False,False,False,False,True,False,False,False,False,False,False
13.18,12.41,35,4,13.12,1.11,93.2,0,659,48,0,0.941578148710167,0.11428571428571428,14.229999999999999,2019,6,2019,8,2022,5,2022,1,2022,4,2024,4,False,False,False,False,True,False,False,False,False,False,False,False,False,False,False,False,False,False,False,False,True,False,False,False,False,False,False,False,False,False,False,False,False,False,False,False,False,False,False,False,False,False,False,False,False,False,False,False,False,False,False,False,False,False,False,False,True,False,False,False,True
50.96,40.21,111,21,114.19,5.29,66.0,2,110,22,0,0.7890502354788069,0.1891891891891892,119.48,2023,7,2023,12,2026,1,2024,11,2024,12,2025,8,False,False,False,False,True,False,False,False,False,False,False,False,False,False,False,False,False,False,False,False,False,False,False,False,False,False,False,False,False,False,False,False,False,False,False,False,False,False,False,False,False,False,False,True,False,False,False,False,False,False,False,False,True,False,False,False,False,True,False,False,False
151.79,128.05,271,61,639.31,20.27,100.0,4,104,16,0,0.8435997101258319,0.22509225092250923,659.5799999999999,2025,1,2026,2,2027,9,2026,3,2027,2,2027,12,False,False,False,True,False,False,False,False,False,False,False,False,False,False,False,False,False,False,False,False,False,False,False,False,False,False,False,False,False,False,False,False,False,False,False,False,False,False,False,False,False,False,True,False,False,False,False,False,False,False,False,False,False,False,False,True,False,True,False,False,False
30.64,26.8,59,18,64.24,6.54,100.0,1,382,37,0,0.8746736292428199,0.3050847457627119,70.78,2021,4,2022,12,2022,4,2023,5,2023,12,2024,12,False,False,False,False,False,False,False,False,False,False,False,False,False,False,False,False,False,False,False,False,False,False,False,False,False,False,False,False,False,False,False,False,False,False,False,False,True,False,False,False,False,False,False,False,False,False,False,False,False,False,False,False,False,True,False,False,False,True,False,False,False
6.95,6.62,15,3,25.26,0.75,98.3,0,1247,47,0,0.9525179856115108,0.2,26.01,2020,9,2022,1,2023,1,2024,4,2025,5,2027,3,False,False,False,False,False,False,False,False,True,False,False,False,False,False,False,False,False,False,False,False,False,False,False,False,False,False,False,False,False,False,False,True,False,False,False,False,False,False,False,False,False,False,False,False,False,False,False,False,False,False,False,False,False,False,False,False,True,False,False,False,True
15.07,12.16,26,2,66.57,1.04,81.8,0,2017,54,0,0.8069011280690113,0.07692307692307693,67.61,2025,9,2026,8,2028,4,2031,3,2032,10,2034,6,False,False,False,True,False,False,False,False,False,False,False,False,False,False,False,False,False,False,False,False,False,False,False,False,False,False,False,False,False,False,False,False,False,False,False,False,False,False,False,False,False,False,False,False,False,False,False,False,True,False,False,False,False,False,True,False,False,True,False,False,False
5.06,3.76,6,1,6.42,0.41,100.0,0,2118,54,0,0.7430830039525692,0.16666666666666666,6.83,2021,1,2022,2,2021,12,2027,1,2027,6,2029,8,False,False,False,False,False,False,True,False,False,False,False,False,False,False,False,False,False,False,False,False,False,False,False,False,False,False,False,False,False,False,False,False,False,False,True,False,False,False,False,False,False,False,False,False,False,False,False,False,False,False,False,False,False,False,True,False,False,True,False,False,False
108.88,82.75,160,24,221.66,5.71,77.4,3,1862,54,0,0.7600110213078619,0.15,227.37,2018,10,2019,12,2020,12,2024,8,2025,12,2027,1,False,False,False,True,False,False,False,False,False,False,False,False,True,False,False,False,False,False,False,False,False,False,False,False,False,False,False,False,False,False,False,False,False,False,False,False,False,False,False,False,False,False,False,False,False,False,False,False,False,False,False,False,True,False,False,False,False,False,False,False,False
64.34,19.8,114,21,164.4,5.38,100.0,6,721,72,1,0.307740130556419,0.18421052631578946,169.78,2019,1,2021,5,2019,12,2020,10,2021,11,2023,4,False,False,False,False,False,False,True,False,False,False,False,False,False,False,False,False,False,False,False,False,False,False,False,False,False,False,False,False,False,False,False,False,False,False,True,False,False,False,False,False,False,False,False,False,False,False,False,False,False,False,False,False,False,True,False,False,False,False,True,True,False
18.15,14.51,28,6,30.46,3.32,100.0,1,1593,53,0,0.7994490358126722,0.21428571428571427,33.78,2021,12,2022,4,2025,2,2025,12,2026,10,2028,12,False,False,False,False,False,False,False,True,False,False,False,False,False,False,False,False,False,False,False,False,False,False,False,False,False,False,False,False,False,False,False,False,False,False,False,False,False,False,False,False,False,False,False,False,False,False,False,False,False,False,False,False,False,True,False,False,False,True,False,False,False
7.26,4.28,13,2,6.14,0.99,97.9,0,1936,59,0,0.5895316804407714,0.15384615384615385,7.13,2016,5,2017,6,2018,2,2021,12,2023,5,2023,11,False,False,False,False,True,False,False,False,False,False,False,False,False,False,False,False,False,False,False,False,False,False,False,False,False,False,False,False,False,False,False,False,False,False,False,False,False,False,False,False,False,False,False,True,False,False,False,False,False,False,False,False,False,False,False,False,False,True,False,True,False
13.02,11.51,23,2,32.99,2.26,100.0,0,1390,48,0,0.8840245775729647,0.08695652173913043,35.25,2023,2,2023,9,2025,11,2025,4,2026,6,2028,7,False,False,False,False,False,False,False,True,False,False,False,False,False,False,False,False,False,False,False,False,False,False,False,False,False,False,False,False,False,False,False,False,False,False,False,False,False,False,False,False,False,True,False,False,False,False,False,False,False,False,False,False,False,True,False,False,False,False,False,False,False
15.83,13.59,39,7,44.09,1.61,100.0,0,804,50,0,0.8584965255843335,0.1794871794871795,45.7,2018,12,2019,5,2021,2,2023,10,2023,11,2023,12,False,True,False,False,False,False,False,False,False,False,False,False,False,False,True,False,False,False,False,False,False,False,False,False,False,False,False,False,False,False,False,False,False,False,False,False,False,False,False,False,False,False,False,False,False,False,False,False,False,False,False,False,True,False,False,False,False,True,False,False,False
33.43,27.11,57,6,104.1,4.1,89.4,2,2149,54,0,0.8109482500747831,0.10526315789473684,108.19999999999999,2022,6,2024,2,2026,9,2028,9,2028,10,2030,12,False,False,False,False,False,False,False,False,False,False,False,False,False,False,False,False,False,False,False,False,False,False,False,False,False,False,False,False,False,False,False,False,False,False,False,False,True,False,False,False,False,False,False,False,False,False,False,False,False,False,False,False,False,False,False,False,False,True,False,False,False
32.32,28.17,45,9,124.78,3.2,81.7,2,2471,52,0,0.8715965346534654,0.2,127.98,2017,11,2018,5,2019,1,2023,4,2024,12,2027,1,False,False,False,False,False,False,False,False,True,False,False,False,False,False,False,False,False,False,False,False,False,False,False,False,False,False,False,False,False,False,False,True,False,False,False,False,False,False,False,False,False,False,False,False,False,False,False,False,False,False,False,False,False,False,False,False,False,False,False,False,False
114.6,81.57,205,36,198.98,20.76,100.0,4,1805,56,0,0.7117801047120419,0.17560975609756097,219.73999999999998,2025,10,2026,8,2027,2,2031,7,2032,2,2033,12,False,False,False,False,False,False,True,False,False,False,False,False,False,False,False,False,False,False,False,False,False,False,False,False,False,False,False,False,False,False,False,False,False,False,False,False,False,False,False,False,False,False,False,False,False,True,False,False,False,False,False,False,False,False,True,False,False,True,False,False,False
14.99,11.64,22,4,15.38,0.49,97.3,1,110,18,0,0.7765176784523016,0.18181818181818182,15.870000000000001,2018,8,2020,4,2022,3,2019,10,2020,9,2022,2,False,False,False,False,False,False,False,False,True,False,False,False,False,False,False,False,False,False,False,False,False,False,False,False,False,False,False,False,False,False,False,True,False,False,False,False,False,False,False,False,False,False,False,False,False,False,False,False,False,False,False,False,False,False,True,False,False,True,False,False,False
6.63,2.11,18,6,7.51,1.91,100.0,0,1359,70,1,0.31825037707390647,0.3333333333333333,9.42,2024,7,2025,5,2025,7,2027,2,2028,5,2029,12,False,False,False,False,False,False,True,False,False,False,False,False,False,False,False,False,False,False,False,False,False,False,False,False,False,False,False,False,False,False,False,False,False,False,False,False,False,False,False,False,False,False,False,False,False,True,False,False,False,False,False,False,False,True,False,False,False,False,True,True,False
9.42,6.69,20,4,24.87,0.56,98.7,0,1656,55,0,0.7101910828025478,0.2,25.43,2017,9,2018,8,2020,12,2021,7,2022,6,2024,6,False,False,False,False,False,True,False,False,False,False,False,False,False,False,False,False,False,False,False,False,False,False,False,False,False,False,False,False,True,False,False,False,False,False,False,False,False,False,False,False,False,False,False,False,False,False,False,False,False,False,False,False,False,False,False,False,False,True,False,False,False
29.28,25.39,56,7,123.34,6.25,100.0,2,2271,51,0,0.8671448087431693,0.125,129.59,2022,8,2024,5,2025,9,2028,11,2030,6,2031,11,False,False,False,True,False,False,False,False,False,False,False,False,False,False,False,False,False,False,False,False,False,False,False,False,False,False,False,False,False,False,False,False,False,False,False,False,False,False,True,False,False,False,False,False,False,False,False,False,False,False,False,False,False,False,True,False,False,True,False,False,False
14.46,13.87,29,5,64.12,0.99,100.0,1,192,17,0,0.9591977869986168,0.1724137931034483,65.11,2021,6,2023,12,2024,5,2022,7,2022,12,2024,5,False,True,False,False,False,False,False,False,False,False,False,False,False,False,True,False,False,False,False,False,False,False,False,False,False,False,False,False,False,False,False,False,False,False,False,False,False,False,False,False,False,False,False,False,False,False,False,False,False,False,False,False,True,False,False,False,False,False,False,False,True
22.38,9.95,35,7,34.88,2.56,81.0,1,349,50,0,0.4445933869526363,0.2,37.440000000000005,2018,11,2019,4,2021,4,2021,3,2022,8,2022,11,False,False,False,False,True,False,False,False,False,False,False,False,False,False,False,False,False,True,False,False,False,False,False,False,False,False,False,False,False,False,False,False,False,False,False,False,False,False,False,False,False,False,False,False,False,False,False,False,False,False,False,False,False,False,True,False,False,False,True,True,False
19.03,15.2,34,7,25.92,1.02,86.1,0,725,53,0,0.7987388334209142,0.20588235294117646,26.94,2017,12,2018,9,2020,10,2021,7,2021,8,2023,1,False,False,False,False,False,False,True,False,False,False,False,False,False,False,False,False,False,False,False,False,False,False,False,False,False,False,False,False,False,False,False,False,False,False,True,False,False,False,False,False,False,False,False,False,False,False,False,False,False,False,False,False,False,False,False,True,False,True,False,False,False
80.66,77.52,157,34,170.02,10.16,100.0,2,1564,48,0,0.9610711629060252,0.21656050955414013,180.18,2022,12,2025,4,2026,4,2028,7,2028,8,2029,4,False,False,False,False,False,False,False,False,True,False,False,False,False,True,False,False,False,False,False,False,False,False,False,False,False,False,False,False,False,False,False,False,False,False,False,False,False,False,False,False,False,False,False,False,False,False,False,False,False,False,False,False,False,False,False,True,False,True,False,False,True
16.66,12.93,41,5,41.92,2.05,100.0,1,0,9,0,0.776110444177671,0.12195121951219512,43.97,2023,12,2024,8,2027,9,2024,10,2025,2,2025,5,False,True,False,False,False,False,False,False,False,False,False,False,False,False,False,False,False,False,False,False,False,False,False,False,False,False,False,False,False,False,False,False,False,False,False,True,False,False,False,False,False,False,False,False,False,False,False,False,False,False,False,False,False,False,True,False,False,True,False,False,False
20.55,17.75,40,11,77.88,2.48,100.0,1,459,45,0,0.8637469586374695,0.275,80.36,2024,10,2026,9,2025,11,2025,7,2025,12,2027,7,False,False,True,False,False,False,False,False,False,False,False,False,False,False,False,False,True,False,False,False,False,False,False,False,False,False,False,False,False,False,False,False,False,False,False,False,False,False,False,False,False,False,False,False,False,False,False,False,False,False,False,False,False,False,False,False,False,True,False,False,False
61.39,43.3,127,16,225.06,9.46,100.0,1,1674,54,0,0.7053266004235217,0.12598425196850394,234.52,2017,12,2019,8,2020,1,2023,10,2024,2,2024,5,False,False,True,False,False,False,False,False,False,False,False,False,False,False,False,False,False,False,False,False,False,False,False,False,False,False,False,False,False,False,False,False,False,False,False,False,False,False,False,False,False,False,False,False,False,False,False,False,False,True,False,False,False,False,False,False,False,True,False,False,False
17.03,15.51,33,11,71.76,2.18,95.3,1,899,48,0,0.9107457428068114,0.3333333333333333,73.94000000000001,2024,7,2025,10,2028,4,2026,10,2027,9,2029,4,False,False,False,False,False,False,False,True,False,False,False,False,False,False,False,False,False,False,False,False,False,False,False,False,False,False,False,False,False,False,False,False,False,False,False,False,False,False,False,False,False,True,False,False,False,False,False,False,False,False,False,False,False,False,False,False,True,False,False,False,True
45.75,35.01,78,18,181.86,1.74,89.6,2,783,56,0,0.7652459016393443,0.23076923076923078,183.60000000000002,2020,6,2020,12,2024,9,2021,10,2022,4,2024,5,False,False,False,False,True,False,False,False,False,False,False,False,False,False,False,False,False,True,False,False,False,False,False,False,False,False,False,False,False,False,False,False,False,False,False,False,False,False,False,False,False,False,False,False,False,False,False,False,False,False,False,False,False,False,False,True,False,True,False,False,False
41.74,6.26,85,17,101.16,9.04,97.8,1,751,76,1,0.1499760421657882,0.2,110.19999999999999,2025,10,2028,1,2026,6,2028,9,2029,2,2030,9,False,False,False,False,False,True,False,False,False,False,False,False,False,False,False,False,False,False,False,False,False,False,False,False,False,False,False,False,False,True,False,False,False,False,False,False,False,False,False,False,False,False,False,False,False,False,False,False,False,False,False,False,True,False,False,False,False,False,True,True,False
34.53,10.62,57,12,30.05,1.68,100.0,0,0,24,0,0.30755864465682015,0.21052631578947367,31.73,2021,7,2023,2,2023,12,2022,3,2022,9,2023,6,False,False,False,False,False,False,False,False,True,False,False,False,False,False,False,False,False,False,False,False,False,False,False,False,False,True,False,False,False,False,False,False,False,False,False,False,False,False,False,False,False,False,False,False,False,False,False,False,False,False,False,False,False,False,False,False,False,False,True,True,False
9.64,7.03,29,2,16.15,3.42,97.9,1,250,27,0,0.729253112033195,0.06896551724137931,19.57,2021,12,2024,2,2023,2,2024,1,2024,9,2025,10,False,False,False,True,False,False,False,False,False,False,False,False,False,False,False,False,False,False,False,False,False,False,False,False,False,False,False,False,False,False,False,False,False,False,False,False,False,False,False,False,False,False,False,False,False,False,False,False,True,False,False,False,False,True,False,False,False,False,False,False,False
102.49,53.03,183,33,313.33,19.24,100.0,5,1766,62,1,0.5174163333008098,0.18032786885245902,332.57,2021,7,2021,12,2023,12,2027,9,2029,1,2029,3,False,False,False,True,False,False,False,False,False,False,False,False,False,False,False,False,False,False,False,False,False,False,False,False,False,False,False,False,False,False,False,False,False,False,False,False,False,False,True,False,False,False,False,False,False,False,False,False,False,False,False,False,False,False,False,True,False,False,True,True,False
276.08,194.65,462,77,733.14,35.18,99.5,13,711,60,0,0.7050492610837439,0.16666666666666666,768.3199999999999,2025,1,2025,3,2025,4,2027,1,2027,11,2028,12,False,False,False,False,False,False,False,False,True,False,False,False,False,True,False,False,False,False,False,False,False,False,False,False,False,False,False,False,False,False,False,False,False,False,False,False,False,False,False,False,False,False,False,False,False,False,False,False,False,False,False,False,True,False,False,False,False,True,False,False,False
30.23,26.32,50,7,51.05,2.23,100.0,1,914,49,0,0.8706582864703937,0.14,53.279999999999994,2017,9,2019,9,2019,11,2020,4,2020,10,2022,7,False,False,False,False,False,False,False,False,False,False,False,False,False,False,False,False,False,False,False,False,False,False,False,False,False,False,False,False,False,False,False,False,False,False,False,False,True,False,False,False,False,False,False,False,False,False,False,False,False,False,False,False,True,False,False,False,False,False,False,False,False
10.52,9.15,21,6,13.54,0.6,91.1,1,695,51,0,0.8697718631178708,0.2857142857142857,14.139999999999999,2017,6,2018,6,2020,6,2020,9,2022,3,2022,7,False,False,False,False,False,True,False,False,False,False,False,False,False,False,False,False,False,False,False,False,False,False,False,False,False,False,False,False,False,False,False,False,True,False,False,False,False,False,False,False,False,False,False,False,False,False,False,False,False,False,False,False,False,False,False,False,False,True,False,False,False
30.85,26.08,46,8,49.34,4.01,82.0,3,893,55,0,0.8453808752025931,0.17391304347826086,53.35,2020,5,2021,2,2021,7,2023,2,2024,8,2025,9,False,True,False,False,False,False,False,False,False,False,False,False,False,False,False,False,False,False,False,False,False,False,False,False,False,False,False,False,False,False,False,False,False,False,False,True,False,False,False,False,False,False,False,False,False,False,False,False,False,False,False,False,True,False,False,False,False,True,False,False,False
80.63,52.29,151,30,141.99,6.06,100.0,4,197,31,0,0.6485179213692175,0.1986754966887417,148.05,2018,12,2021,3,2021,12,2020,1,2020,7,2022,9,False,False,False,False,False,False,True,False,False,False,False,False,False,False,False,False,False,False,False,False,False,False,False,False,False,False,False,False,False,False,False,False,False,False,True,False,False,False,False,False,False,False,False,False,False,False,False,False,False,False,False,False,False,False,False,False,False,False,True,True,False
16.2,10.37,28,6,64.95,2.61,100.0,1,567,58,0,0.6401234567901234,0.21428571428571427,67.56,2021,4,2021,7,2023,11,2023,2,2023,9,2024,6,False,False,False,False,False,False,False,False,False,False,False,False,False,False,False,True,False,False,False,False,False,False,False,False,False,False,False,False,False,False,False,False,False,False,False,False,False,False,False,False,False,False,False,False,False,False,False,False,False,False,False,False,False,False,True,False,False,False,True,True,False
26.34,24.45,56,9,90.29,5.78,99.1,1,1712,48,0,0.928246013667426,0.16071428571428573,96.07000000000001,2023,8,2026,1,2025,8,2029,3,2030,1,2031,8,False,False,False,False,False,False,True,False,False,False,False,False,False,False,False,False,False,False,False,False,False,False,False,False,False,False,False,False,False,False,False,False,False,False,True,False,False,False,False,False,False,False,False,False,False,False,False,False,False,False,False,False,False,False,False,True,False,False,False,False,True
42.13,35.53,73,11,119.8,8.68,74.9,2,2229,54,0,0.8433420365535248,0.1506849315068493,128.48,2016,4,2016,7,2018,8,2021,3,2022,2,2024,4,False,False,False,False,False,False,True,False,False,False,False,False,False,False,False,False,False,False,False,False,False,False,False,False,False,False,False,False,False,False,False,False,False,False,True,False,False,False,False,False,False,False,False,False,False,False,False,False,False,False,False,False,False,False,False,False,True,True,False,False,False
99.79,79.2,192,35,87.56,13.52,100.0,6,0,10,0,0.7936667000701473,0.18229166666666666,101.08,2021,9,2023,12,2024,5,2022,6,2023,2,2023,6,False,False,False,False,False,False,False,False,False,False,False,False,False,False,False,False,False,False,False,False,False,True,False,False,False,False,False,False,False,False,False,False,False,False,False,False,False,False,False,False,False,False,False,False,False,False,False,False,False,False,False,False,False,False,True,False,False,True,False,False,False
65.07,48.03,102,19,249.77,11.98,88.4,2,430,47,0,0.7381281696634394,0.18627450980392157,261.75,2018,4,2018,6,2022,1,2020,6,2020,12,2022,7,False,False,False,False,False,False,False,True,False,False,False,False,False,False,False,False,False,False,False,False,False,False,False,False,False,False,False,False,False,False,False,False,False,False,False,False,False,False,False,False,False,False,False,False,False,False,False,False,False,False,False,False,False,False,False,True,False,True,False,False,False
67.82,66.48,155,25,192.89,5.41,83.5,1,788,48,0,0.9802418165732824,0.16129032258064516,198.29999999999998,2021,4,2022,11,2023,6,2025,3,2025,10,2026,2,False,False,True,False,False,False,False,False,False,False,False,False,False,False,False,False,False,False,False,False,False,False,False,False,False,False,False,False,False,False,False,False,False,False,False,False,False,False,False,False,False,False,False,False,False,False,False,False,False,True,False,False,False,False,False,False,False,False,False,False,True
19.56,15.81,26,6,61.05,2.69,100.0,1,836,50,0,0.8082822085889572,0.23076923076923078,63.739999999999995,2019,6,2021,5,2022,1,2020,10,2021,6,2023,3,False,False,False,False,False,False,True,False,False,False,False,False,False,False,False,False,False,False,False,True,False,False,False,False,False,False,False,False,False,False,False,False,False,False,False,False,False,False,False,False,False,False,False,False,False,False,False,False,False,False,False,False,False,False,False,True,False,False,False,False,False
44.79,27.51,87,10,46.71,4.87,100.0,5,285,38,0,0.6141995981245815,0.11494252873563218,51.58,2022,12,2024,8,2025,3,2023,10,2024,3,2025,11,False,False,False,False,False,False,False,False,False,False,False,False,False,False,False,False,False,False,False,False,False,True,False,False,False,False,False,False,False,False,False,False,False,False,False,False,False,False,False,False,False,False,False,False,False,False,False,False,False,False,False,False,False,False,False,False,False,True,False,True,False
14.56,6.56,23,5,55.55,1.3,93.1,0,762,65,1,0.4505494505494505,0.21739130434782608,56.849999999999994,2021,6,2023,2,2022,3,2022,5,2023,5,2025,1,False,False,False,False,False,False,False,False,False,False,False,False,False,False,False,True,False,False,False,False,False,False,False,False,False,False,False,False,False,False,False,False,False,False,False,False,False,False,False,False,False,False,False,False,False,False,False,False,False,False,False,False,False,False,True,False,False,False,True,True,False
69.79,45.81,119,21,270.68,5.58,93.8,4,1344,58,0,0.6563977647227396,0.17647058823529413,276.26,2016,8,2017,7,2019,7,2019,6,2020,10,2022,3,True,False,False,False,False,False,False,False,False,False,False,False,False,False,False,False,False,False,False,False,False,False,False,False,False,False,False,False,False,False,False,False,False,False,False,False,False,False,False,False,False,False,False,False,True,False,False,False,False,False,False,False,False,True,False,False,False,True,False,False,False
94.75,35.3,183,39,385.48,6.83,88.7,6,1187,70,1,0.37255936675461737,0.21311475409836064,392.31,2019,8,2021,8,2020,11,2024,10,2025,3,2025,10,False,False,False,False,False,False,False,True,False,False,False,False,False,False,False,False,False,False,False,False,False,False,False,False,False,False,False,False,False,False,False,False,False,False,False,False,False,False,False,False,False,False,False,False,False,False,False,False,False,False,False,True,False,True,False,False,False,False,True,True,False
52.11,33.24,89,12,143.51,5.72,74.1,2,3,17,0,0.637881404720783,0.1348314606741573,149.23,2021,10,2023,7,2023,6,2023,10,2024,5,2024,9,False,False,False,False,True,False,False,False,False,False,False,False,False,False,False,False,False,False,False,False,True,False,False,False,False,False,False,False,False,False,False,False,False,False,False,False,False,False,False,False,False,False,False,False,False,False,False,False,False,False,False,False,False,False,False,True,False,True,False,True,False
20.75,14.55,36,8,46.85,4.27,98.0,0,64,16,0,0.7012048192771084,0.2222222222222222,51.120000000000005,2025,3,2025,11,2025,7,2025,10,2026,11,2027,10,True,False,False,False,False,False,False,False,False,False,False,False,False,False,False,False,False,False,False,False,False,False,False,False,False,False,False,False,False,False,False,False,False,False,False,False,False,False,False,False,False,False,False,False,False,False,False,True,False,False,False,False,False,True,False,False,False,True,False,False,False
24.44,19.18,52,9,26.16,2.76,100.0,1,1062,53,0,0.7847790507364975,0.17307692307692307,28.92,2024,12,2025,5,2029,2,2027,1,2028,2,2029,9,True,False,False,False,False,False,False,False,False,False,False,False,False,False,False,False,False,False,False,False,False,False,False,False,False,False,False,False,False,False,False,False,False,False,False,False,False,False,False,False,False,False,False,False,True,False,False,False,False,False,False,False,False,False,False,False,False,True,False,False,False
182.46,138.81,348,56,276.86,23.01,96.2,6,485,52,0,0.7607694837224597,0.16091954022988506,299.87,2019,2,2020,8,2021,8,2022,3,2022,4,2022,8,False,False,False,False,False,False,False,False,True,False,False,False,False,True,False,False,False,False,False,False,False,False,False,False,False,False,False,False,False,False,False,False,False,False,False,False,False,False,False,False,False,False,False,False,False,False,False,False,False,False,False,False,True,False,False,False,False,True,False,False,False
21.1,10.41,40,6,34.49,1.71,97.1,0,1612,62,1,0.4933649289099526,0.15,36.2,2024,10,2026,6,2025,2,2029,3,2029,7,2031,8,False,False,True,False,False,False,False,False,False,False,False,False,False,False,False,False,False,False,False,False,False,False,False,False,False,False,False,True,False,False,False,False,False,False,False,False,False,False,False,False,False,False,False,False,False,False,False,False,False,False,False,False,False,False,False,False,False,False,True,True,False
85.63,74.8,155,20,88.37,8.33,82.3,5,905,52,0,0.8735256335396473,0.12903225806451613,96.7,2019,11,2021,4,2022,11,2022,12,2023,7,2025,5,False,False,False,False,False,False,False,False,False,False,False,False,False,False,False,False,False,False,False,False,False,False,False,False,False,False,False,False,False,False,False,False,False,False,False,False,False,False,False,False,True,False,False,False,False,False,False,False,False,False,False,False,True,False,False,False,False,False,False,False,False
42.05,32.8,81,19,57.66,2.07,100.0,1,785,52,0,0.7800237812128419,0.2345679012345679,59.73,2022,3,2024,1,2023,12,2023,2,2024,2,2025,12,False,False,True,False,False,False,False,False,False,False,False,False,False,False,False,False,True,False,False,False,False,False,False,False,False,False,False,False,False,False,False,False,False,False,False,False,False,False,False,False,False,False,False,False,False,False,False,False,False,False,False,False,False,False,True,False,False,True,False,False,False
21.45,16.03,40,7,87.54,4.62,100.0,1,2302,55,0,0.7473193473193473,0.175,92.16000000000001,2022,7,2024,1,2023,2,2028,9,2030,3,2030,6,False,False,False,False,False,True,False,False,False,False,False,False,False,False,False,False,False,False,False,False,False,False,False,False,False,False,False,False,True,False,False,False,False,False,False,False,False,False,False,False,False,False,False,False,False,False,False,False,False,False,False,False,False,False,False,False,True,True,False,False,False
7.81,5.89,20,3,22.01,1.42,100.0,0,2089,52,0,0.7541613316261203,0.15,23.43,2018,1,2020,3,2019,12,2022,9,2023,9,2025,9,False,False,False,False,False,False,False,False,True,False,False,False,False,False,False,False,False,False,False,False,False,False,False,False,True,False,False,False,False,False,False,False,False,False,False,False,False,False,False,False,False,False,False,False,False,False,False,False,False,False,False,False,True,False,False,False,False,True,False,False,False
37.03,31.57,56,12,134.37,5.22,93.4,0,2505,50,0,0.8525519848771267,0.21428571428571427,139.59,2020,4,2022,6,2021,10,2026,7,2027,9,2029,9,False,False,False,False,True,False,False,False,False,False,False,False,False,False,False,False,False,False,False,False,False,False,False,False,False,False,False,False,False,False,False,False,False,False,False,False,False,False,False,False,False,False,False,False,False,False,True,False,False,False,False,False,False,True,False,False,False,False,False,False,False
32.82,28.56,47,12,59.65,3.35,58.8,2,363,39,0,0.8702010968921389,0.2553191489361702,63.0,2024,11,2026,7,2028,7,2026,10,2027,4,2028,3,False,False,True,False,False,False,False,False,False,False,False,False,False,False,False,False,False,False,False,False,False,False,False,False,False,False,True,False,False,False,False,False,False,False,False,False,False,False,False,False,False,False,False,False,False,False,False,False,False,False,False,False,False,False,False,False,False,False,False,False,False
182.46,109.41,298,46,236.84,28.91,97.7,10,1877,61,1,0.5996382768826044,0.15436241610738255,265.75,2018,5,2018,12,2021,6,2024,5,2024,9,2026,5,False,False,False,True,False,False,False,False,False,False,False,False,False,False,False,False,False,False,False,False,False,False,False,False,False,False,False,False,False,False,False,False,False,False,False,False,False,False,True,False,False,False,False,False,False,False,False,False,False,False,False,False,False,False,True,False,False,True,False,True,False
12.68,9.34,32,7,27.66,2.35,94.1,1,1173,54,0,0.7365930599369085,0.21875,30.01,2019,3,2021,3,2019,9,2023,2,2023,10,2024,5,False,False,False,False,False,False,True,False,False,False,False,False,False,False,False,False,False,False,True,False,False,False,False,False,False,False,False,False,False,False,False,False,False,False,False,False,False,False,False,False,False,False,False,False,False,False,False,False,False,False,False,False,False,True,False,False,False,True,False,False,False
297.31,195.24,494,88,1110.17,44.54,96.6,20,1721,65,1,0.6566883051360533,0.17813765182186234,1154.71,2016,12,2018,11,2019,8,2020,9,2022,4,2023,11,False,False,False,False,False,True,False,False,False,False,True,False,False,False,False,False,False,False,False,False,False,False,False,False,False,False,False,False,False,False,False,False,False,False,False,False,False,False,False,False,False,False,False,False,False,False,False,False,False,False,False,False,False,False,True,False,False,False,True,False,False
43.76,33.6,83,10,83.15,7.34,100.0,4,352,38,0,0.7678244972577697,0.12048192771084337,90.49000000000001,2020,7,2022,6,2024,9,2021,3,2022,9,2024,3,False,False,False,False,False,False,False,True,False,False,False,False,False,False,False,False,False,False,False,False,False,False,True,False,False,False,False,False,False,False,False,False,False,False,False,False,False,False,False,False,False,False,False,False,False,False,False,False,False,False,False,False,False,False,False,False,True,True,False,False,False
43.72,36.24,80,17,68.06,5.87,93.8,2,1639,51,0,0.8289112534309241,0.2125,73.93,2024,7,2024,9,2026,8,2029,2,2029,8,2031,5,False,False,False,False,True,False,False,False,False,False,False,False,False,False,False,False,False,False,False,False,False,False,False,False,False,False,False,False,False,False,False,False,False,False,False,False,False,False,False,False,False,False,False,True,False,False,False,False,False,False,False,False,False,False,False,False,False,False,False,False,False
16.56,10.52,36,9,14.62,1.55,99.2,1,1351,57,0,0.6352657004830918,0.25,16.169999999999998,2019,8,2020,9,2020,6,2024,5,2025,3,2025,7,False,False,False,False,False,True,False,False,False,False,False,False,False,False,False,False,False,False,False,False,False,False,False,False,False,False,False,False,True,False,False,False,False,False,False,False,False,False,False,False,False,False,False,False,False,False,False,False,False,False,False,False,False,False,False,True,False,True,False,True,False
41.05,25.68,75,9,127.62,3.09,100.0,2,2098,59,0,0.6255785627283801,0.12,130.71,2018,10,2020,8,2021,6,2023,8,2024,5,2026,3,False,False,False,False,False,False,True,False,False,False,False,False,False,False,False,False,False,False,True,False,False,False,False,False,False,False,False,False,False,False,False,False,False,False,False,False,False,False,False,False,False,False,False,False,False,False,False,False,False,False,False,False,False,False,False,False,False,False,True,True,False
48.09,35.46,82,18,116.02,8.81,78.7,4,390,44,0,0.7373674360573923,0.21951219512195122,124.83,2022,7,2024,6,2023,6,2023,5,2024,11,2026,2,False,False,False,False,False,False,False,False,True,False,False,False,False,False,False,False,False,False,False,False,False,False,False,False,False,False,False,False,False,False,False,True,False,False,False,False,False,False,False,False,False,False,False,False,False,False,False,False,False,False,False,False,False,False,False,False,True,True,False,False,False
76.5,58.87,128,26,134.44,4.1,94.0,2,1855,55,0,0.7695424836601307,0.203125,138.54,2024,11,2026,4,2027,7,2030,4,2031,1,2032,10,False,False,False,False,False,False,True,False,False,False,False,False,False,False,False,False,False,False,False,True,False,False,False,False,False,False,False,False,False,False,False,False,False,False,False,False,False,False,False,False,False,False,False,False,False,False,False,False,False,False,False,False,False,False,False,False,False,True,False,False,False
11.26,7.67,18,3,30.66,1.37,99.1,0,282,33,0,0.6811722912966253,0.16666666666666666,32.03,2021,6,2022,4,2021,12,2022,12,2023,8,2023,10,True,False,False,False,False,False,False,False,False,False,False,False,False,False,False,False,False,False,False,False,False,False,False,False,False,False,False,False,False,False,False,False,False,False,False,False,False,False,False,False,False,False,False,False,False,False,False,True,False,False,False,False,False,False,False,True,False,True,False,False,False
122.34,107.28,245,47,415.02,17.21,99.6,11,2015,53,0,0.8769004413928396,0.19183673469387755,432.22999999999996,2024,2,2024,4,2025,3,2029,2,2029,7,2031,1,False,False,False,False,False,False,True,False,False,False,False,False,False,False,False,False,False,False,False,True,False,False,False,False,False,False,False,False,False,False,False,False,False,False,False,False,False,False,False,False,False,False,False,False,False,False,False,False,False,False,False,False,True,False,False,False,False,False,False,False,False
43.01,38.49,81,20,73.79,8.09,94.1,2,1936,50,0,0.8949081608928157,0.24691358024691357,81.88000000000001,2022,7,2024,9,2024,7,2027,5,2028,12,2030,2,True,False,False,False,False,False,False,False,False,False,False,False,False,False,False,False,False,False,False,False,False,False,False,False,False,False,False,False,False,False,False,False,False,False,False,False,False,False,False,False,False,False,False,False,False,False,False,True,False,False,False,False,False,False,True,False,False,False,False,False,False
55.05,27.5,115,21,168.04,3.86,93.6,2,1570,63,1,0.4995458673932789,0.1826086956521739,171.9,2024,8,2025,4,2027,12,2028,5,2028,7,2030,6,False,False,False,False,False,False,False,False,True,False,False,False,False,False,False,False,False,False,False,False,False,False,False,False,True,False,False,False,False,False,False,False,False,False,False,False,False,False,False,False,False,False,False,False,False,False,False,False,False,False,False,False,False,False,False,True,False,False,True,True,False
24.02,13.42,49,10,42.34,4.35,95.2,0,84,23,0,0.5587010824313072,0.20408163265306123,46.690000000000005,2018,5,2019,2,2019,9,2020,5,2021,1,2021,4,False,True,False,False,False,False,False,False,False,False,False,False,False,False,False,False,False,False,False,False,False,False,False,False,False,False,False,False,False,False,False,False,False,False,False,False,False,True,False,False,False,False,False,False,False,False,False,False,False,False,False,False,False,True,False,False,False,False,True,True,False
11.84,9.68,18,4,52.7,1.45,87.2,0,1610,54,0,0.8175675675675675,0.2222222222222222,54.150000000000006,2017,6,2019,4,2019,10,2022,3,2023,6,2023,10,True,False,False,False,False,False,False,False,False,True,False,False,False,False,False,False,False,False,False,False,False,False,False,False,False,False,False,False,False,False,False,False,False,False,False,False,False,False,False,False,False,False,False,False,False,False,False,False,False,False,False,False,False,False,False,False,True,True,False,False,False
32.22,29.65,78,14,113.09,7.03,84.0,1,1195,50,0,0.9202358783364369,0.1794871794871795,120.12,2018,1,2018,12,2020,1,2020,10,2022,4,2023,12,False,False,False,False,False,False,False,True,False,False,False,False,False,False,False,False,False,False,False,False,False,False,False,False,False,False,False,False,False,False,False,False,False,False,False,False,False,False,False,False,False,True,False,False,False,False,False,False,False,False,False,False,True,False,False,False,False,False,False,False,True
36.14,26.02,60,14,109.5,4.93,75.4,1,562,57,0,0.719977863862756,0.23333333333333334,114.43,2021,1,2023,6,2021,11,2023,10,2023,12,2024,8,False,False,False,False,False,False,True,False,False,False,False,False,False,False,False,False,False,False,False,False,False,False,False,False,False,False,False,False,False,False,False,False,False,False,False,False,False,False,False,False,False,False,False,False,False,True,False,False,False,False,False,False,False,True,False,False,False,True,False,False,False
7.5,4.35,20,4,10.78,1.53,100.0,4,1479,61,1,0.58,0.2,12.309999999999999,2020,3,2021,6,2022,2,2023,1,2024,6,2026,7,False,False,False,False,False,False,True,False,False,False,False,False,False,False,False,False,False,False,False,False,False,False,False,False,False,False,False,False,False,False,False,False,False,False,True,False,False,False,False,False,False,False,False,False,False,False,False,False,False,False,False,False,False,True,False,False,False,False,True,True,False
66.24,48.17,110,25,196.71,12.39,100.0,1,1000,55,0,0.7272041062801933,0.22727272727272727,209.10000000000002,2020,11,2021,7,2022,10,2023,2,2024,9,2025,2,False,False,False,False,False,False,False,True,False,False,False,False,False,False,False,False,False,False,False,False,False,False,False,False,False,False,False,False,False,False,False,False,False,False,False,False,False,False,False,False,False,False,False,False,False,False,False,False,False,False,False,True,False,False,False,False,True,True,False,False,False
81.17,68.61,160,30,305.34,8.78,93.7,4,30,9,0,0.8452630282123937,0.1875,314.11999999999995,2025,9,2027,8,2029,1,2026,7,2026,11,2027,6,False,False,False,True,False,False,False,False,False,False,False,False,True,False,False,False,False,False,False,False,False,False,False,False,False,False,False,False,False,False,False,False,False,False,False,False,False,False,False,False,False,False,False,False,False,False,False,False,False,False,False,False,True,False,False,False,False,True,False,False,False
14.44,9.81,24,3,50.93,0.92,100.0,0,1910,56,0,0.6793628808864266,0.125,51.85,2017,3,2018,1,2019,10,2023,2,2024,5,2024,5,False,False,False,False,False,False,False,False,False,False,False,False,False,False,False,False,False,False,False,False,False,False,False,False,False,False,False,False,False,False,False,False,False,False,False,False,False,False,False,False,True,False,False,False,False,False,False,False,False,False,False,False,False,True,False,False,False,True,False,False,False
10.78,6.35,23,7,39.66,2.29,100.0,0,1457,58,0,0.5890538033395176,0.30434782608695654,41.949999999999996,2018,7,2018,9,2019,10,2022,8,2023,8,2025,3,False,True,False,False,False,False,False,False,False,False,False,False,False,False,False,False,False,False,False,False,False,False,False,False,False,False,False,False,False,False,False,False,False,False,False,True,False,False,False,False,False,False,False,False,False,False,False,False,False,False,False,False,False,True,False,False,False,True,False,True,False
22.13,15.59,50,10,43.73,1.65,92.8,3,1600,56,0,0.7044735652959784,0.2,45.379999999999995,2024,2,2026,6,2027,12,2029,5,2030,3,2030,4,False,False,False,False,True,False,False,False,False,False,False,False,False,False,False,False,False,False,False,False,False,False,False,False,False,False,False,False,False,False,False,False,False,False,False,False,False,False,False,False,False,False,False,True,False,False,False,False,False,False,False,False,True,False,False,False,False,True,False,False,False
30.69,22.87,63,13,61.83,5.54,88.7,1,1212,56,0,0.7451938742261323,0.20634920634920634,67.37,2021,9,2021,11,2022,12,2023,12,2024,9,2026,9,True,False,False,False,False,False,False,False,False,False,False,False,False,False,False,False,False,False,False,False,False,False,False,False,False,False,False,False,False,False,False,False,False,False,False,False,False,False,False,False,False,False,False,False,True,False,False,False,False,False,False,False,False,False,False,False,False,True,False,False,False
23.01,18.57,44,14,64.29,3.3,84.7,0,18,10,0,0.8070404172099087,0.3181818181818182,67.59,2022,1,2023,10,2023,12,2023,9,2024,1,2024,8,False,False,False,False,False,False,False,True,False,False,False,False,False,False,False,False,False,False,False,False,False,False,False,False,False,False,False,False,False,False,False,False,False,False,False,False,False,False,False,False,False,True,False,False,False,False,False,False,False,False,False,False,False,True,False,False,False,True,False,False,False
28.19,21.82,62,7,51.62,1.25,100.0,1,1403,54,0,0.7740333451578574,0.11290322580645161,52.87,2021,5,2022,6,2023,8,2026,3,2026,10,2027,12,False,False,False,False,False,False,False,False,True,False,False,False,False,False,False,False,False,False,False,False,False,False,False,False,True,False,False,False,False,False,False,False,False,False,False,False,False,False,False,False,False,False,False,False,False,False,False,False,False,False,False,False,False,False,True,False,False,True,False,False,False
37.39,30.94,65,11,45.55,2.86,94.4,0,1387,52,0,0.8274939823482215,0.16923076923076924,48.41,2020,5,2022,5,2022,3,2024,7,2025,10,2025,12,True,False,False,False,False,False,False,False,False,False,False,False,False,False,False,False,False,False,False,False,False,False,False,False,False,False,False,False,False,False,False,False,False,False,False,False,False,False,False,False,False,False,False,False,False,False,False,True,False,False,False,False,True,False,False,False,False,True,False,False,False
7.63,7.24,11,1,19.12,0.77,97.1,0,1707,46,0,0.9488859764089123,0.09090909090909091,19.89,2021,1,2022,1,2022,5,2026,8,2027,1,2027,10,False,False,False,False,False,False,False,False,False,False,False,False,False,False,False,False,False,False,False,False,False,True,False,False,False,False,False,False,False,False,False,False,False,False,False,False,False,False,False,False,False,False,False,False,False,False,False,False,False,False,False,False,False,True,False,False,False,False,False,False,True
8.56,5.29,13,3,6.91,0.69,99.8,0,2338,59,0,0.6179906542056074,0.23076923076923078,7.6,2024,8,2027,1,2027,8,2030,1,2030,9,2032,10,False,False,False,False,False,False,False,False,True,False,False,False,False,False,False,False,False,False,False,False,False,False,False,False,False,True,False,False,False,False,False,False,False,False,False,False,False,False,False,False,False,False,False,False,False,False,False,False,False,False,False,False,False,False,False,False,True,False,True,True,False
2.0,1.41,4,1,7.23,0.25,100.0,1,1346,55,0,0.705,0.25,7.48,2017,1,2017,7,2019,4,2020,6,2021,4,2023,5,False,False,False,False,False,True,False,False,False,False,False,False,False,False,False,False,False,False,False,False,False,False,False,False,False,False,False,False,True,False,False,False,False,False,False,False,False,False,False,False,False,False,False,False,False,False,False,False,False,False,False,False,False,False,False,True,False,True,False,False,False
76.9,57.75,124,30,274.83,9.94,100.0,2,964,55,0,0.7509752925877763,0.24193548387096775,284.77,2017,8,2019,1,2018,3,2022,4,2022,12,2023,1,False,False,False,False,False,False,True,False,False,False,False,False,False,False,False,False,False,False,False,False,False,False,False,False,False,False,False,False,False,False,False,False,False,False,False,False,False,False,False,False,False,False,False,False,False,True,False,False,False,False,False,False,False,False,True,False,False,True,False,False,False
30.42,16.54,53,9,86.46,4.93,92.0,0,1720,61,1,0.5437212360289283,0.16981132075471697,91.38999999999999,2020,11,2021,3,2024,11,2025,1,2025,3,2027,2,False,False,False,False,False,True,False,False,False,False,False,False,False,False,False,False,False,False,False,False,False,False,False,False,False,False,False,False,False,True,False,False,False,False,False,False,False,False,False,False,False,False,False,False,False,False,False,False,False,False,False,False,False,False,False,True,False,False,True,True,False
85.44,72.17,164,33,304.7,5.76,100.0,3,2258,52,0,0.844686329588015,0.20121951219512196,310.46,2017,10,2019,8,2018,11,2024,2,2025,3,2026,12,True,False,False,False,False,False,False,False,False,False,False,False,False,False,False,False,False,False,False,False,False,False,False,False,False,False,False,False,False,False,False,False,False,False,False,False,False,False,False,False,False,False,False,False,False,False,False,True,False,False,False,False,False,False,False,True,False,True,False,False,False
9.6,4.62,19,6,29.86,0.92,100.0,2,1207,64,1,0.48125,0.3157894736842105,30.78,2021,10,2023,6,2025,6,2023,11,2025,4,2026,10,False,False,False,False,False,False,False,False,False,False,False,False,False,False,False,False,False,False,False,False,False,False,False,False,False,False,False,False,False,False,False,False,False,False,False,False,False,False,False,False,True,False,False,False,False,False,False,False,False,False,False,False,False,True,False,False,False,False,True,True,False
30.7,29.01,57,12,103.78,4.77,99.4,2,1065,48,0,0.9449511400651467,0.21052631578947367,108.55,2024,8,2025,12,2027,9,2027,11,2029,3,2030,6,False,True,False,False,False,False,False,False,False,False,False,False,False,False,True,False,False,False,False,False,False,False,False,False,False,False,False,False,False,False,False,False,False,False,False,False,False,False,False,False,False,False,False,False,False,False,False,False,False,False,False,False,False,False,True,False,False,True,False,False,True
37.14,32.31,75,11,38.6,5.91,81.5,2,998,51,0,0.8699515347334411,0.14666666666666667,44.510000000000005,2016,8,2017,7,2018,12,2020,11,2022,2,2022,4,True,False,False,False,False,False,False,False,False,False,False,False,False,False,False,False,False,False,False,False,False,False,False,False,False,False,False,False,False,False,False,False,False,False,False,False,False,False,False,False,False,False,False,False,True,False,False,False,False,False,False,False,False,False,True,False,False,False,False,False,False
17.09,8.13,32,6,69.4,3.0,100.0,0,1295,61,1,0.47571679344645995,0.1875,72.4,2025,5,2026,9,2027,2,2029,11,2030,7,2030,9,False,False,False,False,False,False,False,True,False,False,False,False,False,False,False,False,False,False,False,False,False,False,False,False,False,False,False,False,False,False,True,False,False,False,False,False,False,False,False,False,False,False,False,False,False,False,False,False,False,False,False,False,False,False,False,False,False,True,False,True,False
6.34,4.03,15,6,20.18,1.26,100.0,1,1007,58,0,0.6356466876971609,0.4,21.44,2018,8,2021,1,2018,12,2023,8,2023,10,2024,8,False,False,True,False,False,False,False,False,False,False,False,False,False,False,False,False,False,False,False,False,False,False,False,False,False,False,False,True,False,False,False,False,False,False,False,False,False,False,False,False,False,False,False,False,False,False,False,False,False,False,False,False,False,False,False,True,False,False,True,True,False
171.72,120.15,321,52,525.35,17.02,87.4,9,1613,60,0,0.699685534591195,0.16199376947040497,542.37,2017,8,2018,6,2020,8,2022,7,2023,8,2025,1,True,False,False,False,False,False,False,False,False,False,False,False,False,False,False,False,False,False,False,False,False,False,False,False,False,False,False,False,False,False,False,False,False,False,False,False,False,False,False,False,False,False,False,False,False,False,False,False,False,False,True,False,False,False,True,False,False,True,False,False,False
121.42,104.74,213,39,271.11,14.89,100.0,5,1515,51,0,0.8626255971009718,0.18309859154929578,286.0,2016,1,2018,2,2017,11,2020,1,2020,12,2021,12,False,False,False,False,False,False,True,False,False,False,False,False,False,False,False,False,False,False,True,False,False,False,False,False,False,False,False,False,False,False,False,False,False,False,False,False,False,False,False,False,False,False,False,False,False,False,False,False,False,False,False,False,False,False,False,False,False,False,False,False,False
20.45,13.12,37,6,18.49,4.01,100.0,1,1516,58,0,0.6415647921760391,0.16216216216216217,22.5,2020,10,2021,6,2024,3,2025,2,2025,10,2026,7,False,False,False,False,False,False,True,False,False,False,False,False,False,False,False,False,False,False,False,True,False,False,False,False,False,False,False,False,False,False,False,False,False,False,False,False,False,False,False,False,False,False,False,False,False,False,False,False,False,False,False,False,True,False,False,False,False,True,False,True,False
49.91,47.89,98,18,206.4,3.78,100.0,1,1539,46,0,0.9595271488679624,0.1836734693877551,210.18,2021,9,2022,1,2024,12,2026,1,2026,10,2027,12,True,False,False,False,False,False,False,False,False,False,False,False,False,False,False,False,False,False,False,False,False,False,False,False,False,False,False,False,False,False,False,False,False,False,False,False,False,False,False,False,False,False,False,False,False,False,False,False,False,False,True,False,False,False,False,False,False,False,False,False,True
18.45,6.18,40,8,82.05,2.31,100.0,0,189,41,0,0.33495934959349594,0.2,84.36,2021,12,2022,1,2022,4,2024,1,2024,8,2025,5,False,False,False,False,False,False,False,False,True,False,False,False,False,True,False,False,False,False,False,False,False,False,False,False,False,False,False,False,False,False,False,False,False,False,False,False,False,False,False,False,False,False,False,False,False,False,False,False,False,False,False,False,False,False,False,False,True,False,True,True,False
11.07,9.99,23,3,41.94,2.4,100.0,1,904,50,0,0.9024390243902439,0.13043478260869565,44.339999999999996,2020,2,2020,10,2022,3,2024,3,2024,8,2025,9,False,False,True,False,False,False,False,False,False,False,False,False,False,False,False,False,False,False,False,False,False,False,False,False,False,False,False,True,False,False,False,False,False,False,False,False,False,False,False,False,False,False,False,False,False,False,False,False,False,False,False,False,False,True,False,False,False,True,False,False,True
186.28,177.98,338,66,779.7,19.07,100.0,6,467,43,0,0.9554434185097702,0.1952662721893491,798.7700000000001,2018,5,2019,8,2021,5,2019,6,2021,2,2021,7,False,False,False,False,False,False,False,True,False,False,False,False,False,False,False,False,False,False,False,False,False,False,False,False,False,False,False,False,False,False,False,False,False,False,False,False,False,False,False,False,False,False,False,False,False,False,False,False,False,False,False,False,True,False,False,False,False,False,False,False,True
5.72,3.7,14,3,7.14,0.86,100.0,2,1170,58,0,0.6468531468531469,0.21428571428571427,8.0,2023,4,2023,10,2025,12,2025,4,2026,10,2028,5,True,False,False,False,False,False,False,False,False,False,False,False,False,False,False,False,False,False,False,False,False,False,False,False,False,False,False,False,False,False,False,False,False,False,False,False,False,False,False,False,False,False,False,False,True,False,False,False,False,False,False,False,True,False,False,False,False,True,False,True,False
22.52,21.03,39,8,28.74,2.02,100.0,1,1417,47,0,0.9338365896980463,0.20512820512820512,30.759999999999998,2024,1,2024,3,2024,5,2028,9,2029,10,2030,10,False,False,False,False,False,False,False,False,True,False,False,False,False,True,False,False,False,False,False,False,False,False,False,False,False,False,False,False,False,False,False,False,False,False,False,False,False,False,False,False,False,False,False,False,False,False,False,False,False,False,False,False,False,False,False,False,True,False,False,False,True
32.6,28.44,57,9,132.18,6.27,73.3,0,1596,51,0,0.8723926380368098,0.15789473684210525,138.45000000000002,2019,9,2021,12,2024,1,2024,1,2025,4,2026,5,False,False,False,False,False,False,True,False,False,False,False,False,False,False,False,False,False,False,False,False,False,False,False,False,False,False,False,False,False,False,False,False,False,False,True,False,False,False,False,False,False,False,False,False,False,False,False,False,False,False,False,False,False,False,False,False,False,False,False,False,False
156.22,120.65,295,59,158.22,25.47,89.4,3,0,10,0,0.7723082831903726,0.2,183.69,2021,7,2022,5,2024,9,2022,3,2023,5,2024,3,False,False,False,False,False,False,True,False,False,False,False,False,False,False,False,False,False,False,False,True,False,False,False,False,False,False,False,False,False,False,False,False,False,False,False,False,False,False,False,False,False,False,False,False,False,False,False,False,False,False,False,False,False,True,False,False,False,True,False,False,False
73.45,34.18,131,20,84.09,5.36,86.4,3,295,45,0,0.4653505786249149,0.15267175572519084,89.45,2021,9,2024,1,2024,7,2022,5,2024,1,2024,8,False,False,False,False,False,False,False,False,False,False,False,False,False,False,False,False,False,False,False,False,False,False,False,False,False,False,False,False,False,False,False,False,False,False,False,False,False,False,False,False,True,False,False,False,False,False,False,False,False,False,False,False,False,False,False,False,False,False,True,True,False
5.63,4.39,7,1,21.52,0.66,90.4,0,917,53,0,0.7797513321492007,0.14285714285714285,22.18,2020,8,2020,12,2022,9,2021,10,2023,1,2024,7,True,False,False,False,False,False,False,False,False,False,False,False,False,False,False,False,False,False,False,False,False,False,False,False,False,False,False,False,False,False,False,False,False,False,False,False,False,False,False,False,False,False,False,False,True,False,False,False,False,False,False,False,False,False,True,False,False,True,False,False,False
29.88,23.04,46,9,85.48,1.1,100.0,0,1332,51,0,0.7710843373493976,0.1956521739130435,86.58,2025,1,2025,4,2029,3,2028,4,2029,6,2031,6,False,False,True,False,False,False,False,False,False,False,False,False,False,False,False,False,False,False,False,False,False,False,False,False,False,False,False,False,False,False,False,False,False,False,False,False,False,False,False,False,False,False,False,False,False,False,False,False,False,True,False,False,False,False,False,False,False,True,False,False,False
30.6,23.67,52,11,68.83,3.1,95.8,1,1932,54,0,0.7735294117647059,0.21153846153846154,71.92999999999999,2023,12,2024,9,2027,3,2028,12,2029,3,2030,11,False,False,False,True,False,False,False,False,False,False,False,False,False,False,False,False,False,False,False,False,False,False,False,False,False,False,False,False,False,False,False,False,False,False,False,False,False,False,True,False,False,False,False,False,False,False,False,False,False,False,False,False,True,False,False,False,False,True,False,False,False
23.85,22.72,35,8,67.92,3.88,86.3,1,2359,48,0,0.9526205450733751,0.22857142857142856,71.8,2025,2,2026,12,2026,4,2030,5,2031,6,2032,12,False,False,True,False,False,False,False,False,False,False,False,False,False,False,False,False,False,False,False,False,False,False,False,False,False,False,True,False,False,False,False,False,False,False,False,False,False,False,False,False,False,False,False,False,False,False,False,False,False,False,False,False,False,True,False,False,False,False,False,False,True
55.69,46.49,85,14,225.62,7.56,88.6,3,977,54,0,0.8347997845214581,0.16470588235294117,233.18,2016,2,2017,4,2020,1,2020,10,2021,5,2021,12,False,False,False,False,False,False,True,False,False,False,False,False,False,False,False,False,False,False,False,False,False,False,False,False,False,False,False,False,False,False,False,False,False,False,False,False,False,False,False,False,False,False,False,False,False,True,False,False,False,False,False,False,False,False,False,False,False,True,False,False,False
7.32,4.29,14,3,26.36,1.39,97.7,0,947,60,0,0.5860655737704917,0.21428571428571427,27.75,2023,8,2024,2,2024,5,2027,1,2027,9,2028,3,False,False,False,False,False,False,True,False,False,False,False,False,False,False,False,False,False,False,False,True,False,False,False,False,False,False,False,False,False,False,False,False,False,False,False,False,False,False,False,False,False,False,False,False,False,False,False,False,False,False,False,False,False,True,False,False,False,False,True,True,False
19.91,16.48,34,1,66.88,3.85,92.8,2,534,52,0,0.8277247614264189,0.029411764705882353,70.72999999999999,2021,3,2023,7,2021,11,2022,3,2023,8,2025,2,False,False,False,False,False,True,False,False,False,False,False,False,False,False,False,False,False,False,False,False,False,False,False,False,False,False,False,False,True,False,False,False,False,False,False,False,False,False,False,False,False,False,False,False,False,False,False,False,False,False,False,False,False,True,False,False,False,True,False,False,False
48.37,44.43,73,13,213.53,7.11,68.9,3,588,55,0,0.9185445524085177,0.1780821917808219,220.64000000000001,2022,9,2024,1,2023,4,2025,12,2026,10,2027,7,False,False,False,False,False,False,True,False,False,False,False,False,False,False,False,False,False,False,False,False,False,False,False,False,False,False,False,False,False,False,False,False,False,False,False,False,False,False,False,False,False,False,False,False,False,True,False,False,False,False,False,False,False,False,True,False,False,True,False,False,True
59.12,34.72,107,22,161.33,3.09,87.9,4,2212,63,1,0.5872801082543978,0.205607476635514,164.42000000000002,2024,3,2025,11,2028,7,2030,7,2031,8,2033,6,False,False,False,False,False,False,False,True,False,False,False,False,False,False,False,False,False,False,False,False,False,False,False,False,False,False,False,False,False,False,False,False,False,True,False,False,False,False,False,False,False,False,False,False,False,False,False,False,False,False,False,False,False,False,True,False,False,False,True,True,False
34.79,21.23,68,13,28.65,2.93,100.0,2,2315,58,0,0.610232825524576,0.19117647058823528,31.58,2020,12,2021,8,2021,12,2027,6,2027,9,2028,10,False,False,False,False,True,False,False,False,False,False,False,False,False,False,False,False,False,False,False,False,False,False,False,False,False,False,False,False,False,False,False,False,False,False,False,False,False,False,False,False,False,False,False,False,False,False,True,False,False,False,False,False,True,False,False,False,False,True,False,True,False
22.46,14.74,45,8,53.62,3.15,100.0,0,2160,57,0,0.6562778272484416,0.17777777777777778,56.769999999999996,2025,3,2025,10,2025,7,2031,1,2031,7,2032,9,True,False,False,False,False,False,False,False,False,False,False,False,False,False,False,False,False,False,False,False,False,False,False,False,False,False,False,False,False,False,False,False,False,False,False,False,False,False,False,False,False,False,False,False,False,False,False,False,False,False,True,False,False,False,False,False,True,True,False,False,False
26.58,16.2,50,10,30.76,1.07,100.0,1,547,59,0,0.6094808126410836,0.2,31.830000000000002,2020,9,2023,1,2024,7,2022,8,2024,3,2024,5,False,False,True,False,False,False,False,False,False,False,False,False,False,False,False,False,False,False,False,False,False,False,False,False,False,False,False,False,False,False,False,False,False,False,False,False,False,False,False,False,False,False,False,False,False,False,False,False,False,True,False,False,False,True,False,False,False,True,False,True,False
62.83,54.42,119,27,77.34,9.81,70.8,2,1183,52,0,0.866146745185421,0.226890756302521,87.15,2020,11,2021,3,2021,5,2025,1,2026,4,2026,7,False,False,False,False,True,False,False,False,False,False,False,False,False,False,False,False,False,True,False,False,False,False,False,False,False,False,False,False,False,False,False,False,False,False,False,False,False,False,False,False,False,False,False,False,False,False,False,False,False,False,False,False,False,False,False,False,True,False,False,False,False
31.0,27.0,46,9,54.04,3.94,80.3,1,1005,51,0,0.8709677419354839,0.1956521739130435,57.98,2018,10,2018,11,2020,3,2020,5,2021,9,2023,5,False,False,False,False,False,False,False,False,True,False,False,False,False,False,False,False,False,False,False,False,False,False,False,False,True,False,False,False,False,False,False,False,False,False,False,False,False,False,False,False,False,False,False,False,False,False,False,False,False,False,False,False,True,False,False,False,False,False,False,False,False
10.57,9.69,20,5,23.37,1.79,99.0,0,770,48,0,0.9167455061494796,0.25,25.16,2022,11,2024,12,2025,8,2024,9,2025,7,2026,11,False,False,False,True,False,False,False,False,False,False,False,False,True,False,False,False,False,False,False,False,False,False,False,False,False,False,False,False,False,False,False,False,False,False,False,False,False,False,False,False,False,False,False,False,False,False,False,False,False,False,False,False,False,True,False,False,False,True,False,False,True
8.73,7.18,23,8,22.54,1.74,73.8,0,472,49,0,0.8224513172966781,0.34782608695652173,24.279999999999998,2023,9,2024,7,2026,5,2025,1,2026,8,2026,11,False,False,False,False,False,False,False,True,False,False,False,False,False,False,False,False,False,False,False,False,False,False,True,False,False,False,False,False,False,False,False,False,False,False,False,False,False,False,False,False,False,False,False,False,False,False,False,False,False,False,False,False,False,True,False,False,False,True,False,False,False
6.76,4.54,23,5,9.66,1.5,92.4,0,480,51,0,0.6715976331360947,0.21739130434782608,11.16,2023,4,2024,4,2026,6,2025,9,2026,4,2027,8,False,False,True,False,False,False,False,False,False,False,False,False,False,False,False,False,False,False,False,False,False,False,False,False,False,False,False,True,False,False,False,False,False,False,False,False,False,False,False,False,False,False,False,False,False,False,False,False,False,False,False,False,False,False,False,True,False,True,False,False,False
128.46,107.13,234,39,250.93,24.7,100.0,2,2308,52,0,0.8339560952825782,0.16666666666666666,275.63,2024,2,2026,8,2025,8,2029,12,2031,2,2032,1,False,False,False,False,True,False,False,False,False,False,False,False,False,False,False,False,False,False,False,False,False,False,False,False,False,False,False,False,False,False,False,False,False,False,False,False,False,False,False,False,False,False,False,True,False,False,False,False,False,False,False,False,False,False,False,False,True,True,False,False,False
67.19,58.19,122,21,122.5,11.8,88.1,2,2436,52,0,0.8660514957582973,0.1721311475409836,134.3,2018,10,2019,8,2022,3,2024,6,2025,10,2027,9,False,False,False,True,False,False,False,False,False,False,False,False,False,False,False,False,False,False,False,False,False,False,False,False,False,False,False,False,False,False,False,False,False,False,False,False,False,False,True,False,False,False,False,False,False,False,False,False,False,False,False,False,False,False,False,False,False,True,False,False,False
26.94,16.39,50,9,57.96,4.06,94.2,2,1955,61,1,0.6083890126206385,0.18,62.02,2023,10,2024,12,2027,1,2029,11,2030,9,2030,12,False,False,False,False,False,True,False,False,False,False,False,False,False,False,False,False,False,False,False,False,False,False,False,False,False,False,False,False,False,False,False,False,True,False,False,False,False,False,False,False,False,False,False,False,False,False,False,False,False,False,False,False,False,False,True,False,False,False,True,True,False
19.03,13.31,38,9,22.83,0.93,89.9,0,1104,57,0,0.6994219653179191,0.23684210526315788,23.759999999999998,2017,2,2019,4,2017,7,2020,8,2020,12,2022,10,False,False,False,False,False,False,False,True,False,False,False,False,False,False,False,False,False,False,False,False,False,False,False,False,False,False,False,False,False,False,False,False,False,True,False,False,False,False,False,False,False,False,False,False,False,False,False,False,False,False,False,False,False,False,False,False,False,True,False,False,False
16.88,11.84,35,6,38.32,3.13,100.0,0,755,55,0,0.7014218009478673,0.17142857142857143,41.45,2021,6,2021,11,2022,1,2024,2,2025,3,2025,6,False,False,False,False,False,False,False,True,False,False,False,False,False,False,False,False,False,False,False,False,False,False,True,False,False,False,False,False,False,False,False,False,False,False,False,False,False,False,False,False,False,False,False,False,False,False,False,False,False,False,False,False,False,False,False,False,True,True,False,False,False
89.41,71.47,149,35,254.92,11.3,100.0,5,1640,55,0,0.7993513029862431,0.2348993288590604,266.21999999999997,2017,10,2019,9,2018,3,2022,5,2023,12,2024,4,False,False,False,False,False,True,False,False,False,False,True,False,False,False,False,False,False,False,False,False,False,False,False,False,False,False,False,False,False,False,False,False,False,False,False,False,False,False,False,False,False,False,False,False,False,False,False,False,False,False,False,False,False,False,True,False,False,True,False,False,False
201.23,160.92,329,57,233.17,29.4,78.1,8,454,49,0,0.7996819559707797,0.17325227963525835,262.57,2019,9,2021,3,2021,2,2020,7,2021,9,2023,9,True,False,False,False,False,False,False,False,False,True,False,False,False,False,False,False,False,False,False,False,False,False,False,False,False,False,False,False,False,False,False,False,False,False,False,False,False,False,False,False,False,False,False,False,False,False,False,False,False,False,False,False,False,False,False,False,False,True,False,False,False
16.36,14.36,26,4,44.61,1.33,79.7,0,793,54,0,0.8777506112469438,0.15384615384615385,45.94,2025,7,2026,4,2029,9,2028,3,2028,10,2029,4,False,False,False,False,False,True,False,False,False,False,False,True,False,False,False,False,False,False,False,False,False,False,False,False,False,False,False,False,False,False,False,False,False,False,False,False,False,False,False,False,False,False,False,False,False,False,False,False,False,False,False,False,False,False,False,True,False,True,False,False,False
93.54,52.72,169,35,336.45,16.51,81.5,3,1369,62,1,0.5636091511652769,0.20710059171597633,352.96,2019,7,2021,6,2020,2,2023,6,2024,7,2025,12,False,False,False,False,False,False,False,True,False,False,False,False,False,False,False,False,False,False,False,False,False,False,False,False,False,False,False,False,False,False,False,False,False,False,False,False,False,False,False,False,False,False,False,False,False,False,False,False,False,False,False,True,False,False,True,False,False,True,False,True,False
30.82,17.58,48,9,25.6,2.97,72.4,2,1457,64,1,0.5704088254380272,0.1875,28.57,2016,7,2018,1,2020,5,2020,9,2021,3,2023,1,False,False,False,False,False,False,False,True,False,False,False,False,False,False,False,False,False,False,False,False,False,False,False,False,False,False,False,False,False,False,False,False,False,False,False,False,False,False,False,False,False,False,False,False,False,False,False,False,False,False,False,True,False,True,False,False,False,False,True,True,False
24.23,20.09,42,8,23.64,4.6,93.1,0,509,49,0,0.8291374329343788,0.19047619047619047,28.240000000000002,2023,10,2024,6,2024,4,2025,11,2025,12,2027,9,False,False,False,False,True,False,False,False,False,False,False,False,False,False,False,False,False,True,False,False,False,False,False,False,False,False,False,False,False,False,False,False,False,False,False,False,False,False,False,False,False,False,False,False,False,False,False,False,False,False,False,False,False,False,False,False,False,True,False,False,False
134.86,126.48,246,40,340.65,7.48,90.9,6,467,44,0,0.9378614859854664,0.16260162601626016,348.13,2017,8,2018,1,2020,7,2018,7,2020,2,2020,8,False,False,False,False,False,False,True,False,False,False,False,False,False,False,False,False,False,False,True,False,False,False,False,False,False,False,False,False,False,False,False,False,False,False,False,False,False,False,False,False,False,False,False,False,False,False,False,False,False,False,False,False,False,False,True,False,False,False,False,False,True
29.66,22.5,61,12,119.51,4.18,100.0,2,1141,57,0,0.758597437626433,0.19672131147540983,123.69,2018,8,2019,7,2021,10,2024,2,2024,10,2024,11,False,False,False,True,False,False,False,False,False,False,False,False,False,False,False,False,False,False,False,False,False,False,False,False,False,False,False,False,False,False,False,False,False,False,False,False,False,False,False,False,False,False,False,False,False,False,False,False,True,False,False,False,False,False,False,True,False,False,True,False,False
40.3,23.64,79,22,181.02,3.21,100.0,0,396,47,0,0.5866004962779157,0.27848101265822783,184.23000000000002,2021,1,2022,2,2024,2,2023,4,2023,5,2023,8,False,False,False,False,False,True,False,False,False,False,False,False,False,False,False,False,False,False,False,False,False,False,False,False,False,False,False,False,False,False,False,False,True,False,False,False,False,False,False,False,False,False,False,False,False,False,False,False,False,False,False,False,False,False,True,False,False,True,False,True,False
38.41,32.58,76,19,44.0,4.97,100.0,1,1407,51,0,0.8482166102577454,0.25,48.97,2017,5,2018,3,2018,8,2020,8,2021,11,2023,3,False,False,False,True,False,False,False,False,False,False,False,False,False,False,False,False,False,False,False,False,False,False,False,False,False,False,False,False,False,False,False,False,False,False,False,False,False,False,False,True,False,False,False,False,False,False,False,False,False,False,False,False,False,False,True,False,False,True,False,False,False
5.9,2.97,16,4,5.12,0.89,100.0,0,1820,62,1,0.5033898305084746,0.25,6.01,2017,8,2018,6,2020,4,2021,1,2022,7,2024,8,False,False,False,False,False,True,False,False,False,False,False,False,False,False,False,False,False,False,False,False,False,False,False,False,False,False,False,False,False,False,False,False,True,False,False,False,False,False,False,False,False,False,False,False,False,False,False,False,False,False,False,False,False,False,False,True,False,False,True,True,False
39.98,16.75,67,12,65.83,6.72,100.0,1,224,40,0,0.41895947973986997,0.1791044776119403,72.55,2018,3,2018,10,2020,9,2019,3,2020,4,2020,7,False,False,False,False,False,False,False,False,True,False,False,False,False,False,False,False,False,False,False,False,False,False,False,False,False,True,False,False,False,False,False,False,False,False,False,False,False,False,False,False,False,False,False,False,False,False,False,False,False,False,False,False,False,False,False,False,False,False,True,True,False
17.07,5.72,28,3,43.18,1.03,87.0,0,28,26,0,0.3350908025776215,0.10714285714285714,44.21,2025,8,2026,10,2028,9,2026,10,2027,6,2027,8,False,False,False,False,False,False,False,True,False,False,False,False,False,False,False,False,False,False,False,False,False,False,False,False,False,False,False,False,False,False,False,False,False,False,False,False,False,False,False,False,False,True,False,False,False,False,False,False,False,False,False,False,True,False,False,False,False,False,True,True,False
7.23,5.37,13,2,21.08,1.04,95.3,0,425,45,0,0.7427385892116183,0.15384615384615385,22.119999999999997,2024,7,2026,9,2028,5,2025,7,2027,1,2028,3,False,False,False,False,False,False,True,False,False,False,False,False,False,False,False,False,False,False,True,False,False,False,False,False,False,False,False,False,False,False,False,False,False,False,False,False,False,False,False,False,False,False,False,False,False,False,False,False,False,False,False,False,False,False,False,False,False,True,False,False,False
17.87,8.46,32,6,78.66,1.94,100.0,1,1422,64,1,0.47341913822048126,0.1875,80.6,2020,1,2021,5,2023,7,2023,2,2024,4,2026,5,False,False,False,False,True,False,False,False,False,False,False,False,False,False,False,False,False,False,False,False,True,False,False,False,False,False,False,False,False,False,False,False,False,False,False,False,False,False,False,False,False,False,False,False,False,False,False,False,False,False,False,False,False,False,False,False,True,False,True,True,False
17.72,11.0,27,6,72.43,1.94,100.0,1,1088,58,0,0.6207674943566592,0.2222222222222222,74.37,2020,2,2021,12,2021,8,2023,11,2024,7,2024,9,False,False,False,False,False,False,True,False,False,False,False,False,False,False,False,False,False,False,False,False,False,False,False,False,False,False,False,False,False,False,False,False,False,False,True,False,False,False,False,False,False,False,False,False,False,False,False,False,False,False,False,False,False,False,False,True,False,True,False,True,False
83.92,68.01,152,29,241.67,13.9,73.4,6,1755,59,0,0.8104146806482364,0.19078947368421054,255.57,2020,7,2022,3,2024,11,2024,7,2026,2,2027,6,False,False,False,False,False,False,True,False,False,False,False,False,False,False,False,False,False,False,True,False,False,False,False,False,False,False,False,False,False,False,False,False,False,False,False,False,False,False,False,False,False,False,False,False,False,False,False,False,False,False,False,False,False,False,False,False,False,False,True,False,False
10.34,7.79,13,3,22.11,0.72,100.0,0,1415,54,0,0.753384912959381,0.23076923076923078,22.83,2025,8,2027,2,2027,7,2028,4,2029,4,2031,2,False,False,False,False,False,False,True,False,False,False,False,False,False,False,False,False,False,False,True,False,False,False,False,False,False,False,False,False,False,False,False,False,False,False,False,False,False,False,False,False,False,False,False,False,False,False,False,False,False,False,False,False,False,False,True,False,False,True,False,False,False
13.6,11.08,23,4,27.05,1.3,100.0,2,0,7,0,0.8147058823529412,0.17391304347826086,28.35,2021,7,2023,6,2023,5,2023,5,2023,10,2024,1,False,False,False,True,False,False,False,False,False,False,False,False,False,False,False,False,False,False,False,False,False,False,False,False,False,False,False,False,False,False,False,False,False,False,False,False,False,False,False,False,False,False,True,False,False,False,False,False,False,False,False,False,False,False,False,True,False,True,False,False,False
37.92,29.47,66,14,110.68,1.83,100.0,2,321,34,0,0.7771624472573839,0.21212121212121213,112.51,2019,8,2021,1,2022,6,2021,7,2021,7,2023,9,False,False,False,False,False,True,False,False,False,False,False,False,False,False,False,False,False,False,False,False,False,False,False,False,False,False,False,False,False,False,False,False,True,False,False,False,False,False,False,False,False,False,False,False,False,False,False,False,False,False,False,False,False,True,False,False,False,True,False,False,False
7.96,5.43,12,1,27.61,0.9,100.0,0,1831,56,0,0.6821608040201005,0.08333333333333333,28.509999999999998,2018,2,2019,3,2019,1,2022,12,2023,6,2025,5,False,True,False,False,False,False,False,False,False,False,False,False,False,False,False,False,False,False,False,False,False,False,False,False,False,False,False,False,False,False,False,False,False,False,False,True,False,False,False,False,False,False,False,False,False,False,False,False,False,False,False,False,False,False,False,False,False,True,False,False,False
15.5,14.41,30,3,40.02,1.85,92.6,2,559,48,0,0.9296774193548387,0.1,41.870000000000005,2024,3,2025,2,2025,12,2025,12,2027,3,2028,7,False,False,False,False,False,False,False,False,True,False,False,False,False,False,False,False,False,False,False,False,False,False,False,False,True,False,False,False,False,False,False,False,False,False,False,False,False,False,False,False,False,False,False,False,False,False,False,False,False,False,False,False,False,False,False,True,False,False,False,False,True
5.67,4.42,12,1,10.92,1.21,100.0,0,2249,54,0,0.7795414462081128,0.08333333333333333,12.129999999999999,2019,2,2020,12,2022,10,2024,10,2026,3,2026,11,False,False,True,False,False,False,False,False,False,False,False,False,False,False,False,False,False,False,False,False,False,False,False,True,False,False,False,False,False,False,False,False,False,False,False,False,False,False,False,False,False,False,False,False,False,False,False,False,False,False,False,False,False,False,False,False,False,True,False,False,False
75.19,65.82,133,29,230.74,8.5,100.0,2,1119,50,0,0.8753823646761537,0.21804511278195488,239.24,2022,5,2024,5,2024,5,2025,5,2026,3,2026,11,False,False,False,False,False,False,True,False,False,False,False,False,False,False,False,False,False,False,False,False,False,False,False,False,False,False,False,False,False,False,False,False,False,False,True,False,False,False,False,False,False,False,False,False,False,False,False,False,False,False,False,False,False,False,False,True,False,True,False,False,False
22.17,14.62,35,3,63.5,4.1,100.0,2,1331,57,0,0.6594497068110058,0.08571428571428572,67.6,2016,1,2016,10,2016,12,2021,6,2022,4,2022,8,True,False,False,False,False,False,False,False,False,True,False,False,False,False,False,False,False,False,False,False,False,False,False,False,False,False,False,False,False,False,False,False,False,False,False,False,False,False,False,False,False,False,False,False,False,False,False,False,False,False,False,False,False,False,True,False,False,True,False,False,False
29.49,16.53,54,12,70.22,2.01,100.0,2,1398,62,1,0.5605289928789421,0.2222222222222222,72.23,2019,12,2021,4,2024,2,2023,1,2024,5,2026,3,False,False,False,True,False,False,False,False,False,False,False,False,False,False,False,False,False,False,False,False,False,False,False,False,False,False,False,False,False,False,False,False,False,False,False,False,False,False,False,False,False,False,False,False,False,False,False,False,True,False,False,False,False,True,False,False,False,False,True,True,False
74.89,62.96,150,24,267.28,7.01,100.0,3,2166,51,0,0.8406996928828949,0.16,274.28999999999996,2024,12,2026,9,2028,3,2030,12,2031,6,2033,3,False,False,False,False,True,False,False,False,False,False,False,False,False,False,False,False,False,False,False,False,False,False,False,False,False,False,False,False,False,False,False,False,False,False,False,False,False,False,False,False,False,False,False,False,False,False,True,False,False,False,False,False,False,True,False,False,False,True,False,False,False
14.55,10.68,28,5,26.83,1.66,95.2,2,800,54,0,0.734020618556701,0.17857142857142858,28.49,2024,11,2026,3,2026,1,2026,3,2027,9,2029,7,False,False,True,False,False,False,False,False,False,False,False,False,False,False,False,False,True,False,False,False,False,False,False,False,False,False,False,False,False,False,False,False,False,False,False,False,False,False,False,False,False,False,False,False,False,False,False,False,False,False,False,False,False,False,False,False,True,True,False,False,False
21.93,18.47,38,10,56.89,1.41,100.0,2,1296,51,0,0.8422252621979024,0.2631578947368421,58.3,2025,9,2026,6,2029,10,2029,8,2031,1,2031,3,False,True,False,False,False,False,False,False,False,False,False,False,False,False,True,False,False,False,False,False,False,False,False,False,False,False,False,False,False,False,False,False,False,False,False,False,False,False,False,False,False,False,False,False,False,False,False,False,False,False,False,False,False,False,False,True,False,True,False,False,False
10.42,7.72,10,2,44.59,1.17,100.0,0,1701,54,0,0.7408829174664108,0.2,45.760000000000005,2025,10,2025,11,2026,2,2031,5,2032,4,2032,10,True,False,False,False,False,False,False,False,False,False,False,False,False,False,False,False,False,False,False,False,False,False,False,False,False,False,False,False,False,False,False,False,False,False,False,False,False,False,False,False,False,False,False,False,False,False,False,True,False,False,False,False,False,False,False,False,False,True,False,False,False
10.4,5.48,23,3,36.13,1.93,87.4,1,751,63,1,0.5269230769230769,0.13043478260869565,38.06,2017,11,2019,4,2020,2,2020,7,2021,9,2023,1,False,True,False,False,False,False,False,False,False,False,False,False,False,False,False,False,False,False,False,False,False,False,False,False,False,False,False,False,False,False,False,False,False,False,False,False,False,True,False,False,False,False,False,False,False,False,False,False,False,False,False,False,False,True,False,False,False,False,True,True,False
11.93,9.32,16,2,26.67,0.34,95.5,0,1081,52,0,0.7812238055322717,0.125,27.01,2018,9,2020,5,2021,9,2022,8,2022,10,2024,6,False,False,True,False,False,False,False,False,False,False,False,False,False,False,False,False,False,False,False,False,False,False,False,False,False,False,True,False,False,False,False,False,False,False,False,False,False,False,False,False,False,False,False,False,False,False,False,False,False,False,False,False,False,True,False,False,False,True,False,False,False
18.31,8.27,34,9,51.65,2.65,91.8,0,599,64,1,0.4516657564172583,0.2647058823529412,54.3,2020,1,2022,2,2020,7,2022,5,2023,9,2023,10,False,False,False,False,False,False,True,False,False,False,False,False,False,False,False,False,False,False,False,False,False,False,False,False,False,False,False,False,False,False,False,False,False,False,False,False,False,False,False,False,False,False,False,False,False,True,False,False,False,False,False,False,True,False,False,False,False,False,True,True,False
20.39,4.42,42,7,46.9,4.12,73.2,2,1549,73,1,0.2167729279058362,0.16666666666666666,51.019999999999996,2021,5,2023,10,2024,2,2025,11,2026,12,2027,8,True,False,False,False,False,False,False,False,False,False,False,False,False,False,False,False,False,False,False,False,False,False,False,False,False,False,False,False,False,False,False,False,False,False,False,False,False,False,False,False,False,False,False,False,True,False,False,False,False,False,False,False,True,False,False,False,False,False,True,True,False
39.99,36.34,72,14,48.64,1.81,98.7,4,1927,49,0,0.9087271817954489,0.19444444444444445,50.45,2024,2,2025,8,2027,6,2029,1,2030,5,2031,3,False,True,False,False,False,False,False,False,False,False,False,False,False,False,True,False,False,False,False,False,False,False,False,False,False,False,False,False,False,False,False,False,False,False,False,False,False,False,False,False,False,False,False,False,False,False,False,False,False,False,False,False,False,True,False,False,False,False,False,False,True
12.29,9.48,22,4,25.06,1.71,99.7,0,1331,53,0,0.7713588283157039,0.18181818181818182,26.77,2025,1,2026,1,2029,3,2028,2,2029,7,2031,6,False,False,False,False,True,False,False,False,False,False,False,False,False,False,False,False,False,False,False,False,False,False,False,False,False,False,False,False,False,False,False,False,False,False,False,False,False,False,False,False,False,False,False,True,False,False,False,False,False,False,False,False,False,False,False,True,False,True,False,False,False
41.25,24.96,87,14,164.33,5.0,100.0,1,496,56,0,0.6050909090909091,0.16091954022988506,169.33,2018,1,2019,11,2022,1,2021,1,2021,12,2022,6,False,False,False,False,False,True,False,False,False,False,False,True,False,False,False,False,False,False,False,False,False,False,False,False,False,False,False,False,False,False,False,False,False,False,False,False,False,False,False,False,False,False,False,False,False,False,False,False,False,False,False,False,False,False,False,False,True,False,True,True,False
48.67,42.26,84,12,121.99,6.56,100.0,1,271,26,0,0.8682966920073967,0.14285714285714285,128.54999999999998,2016,5,2018,10,2018,8,2017,4,2017,8,2018,12,False,False,False,False,False,False,False,True,False,False,False,False,False,False,False,False,False,False,False,False,False,False,False,False,False,False,False,False,False,False,True,False,False,False,False,False,False,False,False,False,False,False,False,False,False,False,False,False,False,False,False,False,False,True,False,False,False,False,False,False,False
18.77,12.6,36,8,55.62,1.63,100.0,0,378,42,0,0.6712839637719765,0.2222222222222222,57.25,2025,3,2027,6,2026,12,2025,12,2026,7,2027,9,False,False,False,False,False,True,False,False,False,False,False,False,False,False,False,False,False,False,False,False,False,False,False,False,False,False,False,False,True,False,False,False,False,False,False,False,False,False,False,False,False,False,False,False,False,False,False,False,False,False,False,False,False,False,True,False,False,True,False,False,False
13.4,8.73,24,5,19.72,2.08,98.5,1,498,54,0,0.6514925373134328,0.20833333333333334,21.799999999999997,2022,4,2023,4,2026,6,2024,2,2024,7,2026,5,False,False,True,False,False,False,False,False,False,False,False,False,False,False,False,False,False,False,False,False,False,False,False,False,False,False,False,True,False,False,False,False,False,False,False,False,False,False,False,False,False,False,False,False,False,False,False,False,False,False,False,False,False,False,False,False,False,True,False,False,False
32.63,30.88,60,9,69.11,5.23,94.2,3,377,36,0,0.9463683726631933,0.15,74.34,2018,5,2019,5,2022,5,2019,11,2021,6,2022,3,False,False,False,True,False,False,False,False,False,False,False,False,False,False,False,False,False,False,False,False,False,False,False,False,False,False,False,False,False,False,False,False,False,False,False,False,False,False,True,False,False,False,False,False,False,False,False,False,False,False,False,False,False,False,False,False,True,True,False,False,True
24.46,23.6,50,11,103.66,3.7,95.1,0,1880,48,0,0.964840556009812,0.22,107.36,2016,10,2018,3,2019,1,2022,3,2022,9,2023,4,False,False,False,False,False,False,False,True,False,False,False,False,False,False,False,False,False,False,False,False,False,False,False,False,False,False,False,False,False,False,False,False,False,False,False,False,False,False,False,False,False,False,False,False,False,False,False,False,False,False,False,True,False,False,True,False,False,True,False,False,True
37.35,28.18,73,17,73.31,8.2,98.2,2,2025,54,0,0.7544846050870146,0.2328767123287671,81.51,2018,8,2018,10,2020,6,2023,3,2024,3,2025,7,False,False,False,False,False,False,False,False,True,False,False,False,False,False,False,False,False,False,False,False,False,False,False,False,True,False,False,False,False,False,False,False,False,False,False,False,False,False,False,False,False,False,False,False,False,False,False,False,False,False,False,False,False,False,False,False,True,True,False,False,False
144.01,143.29,242,60,248.72,26.85,85.4,7,1398,49,0,0.9950003471981113,0.24793388429752067,275.57,2016,1,2016,5,2019,6,2020,5,2021,3,2023,1,False,False,False,False,True,False,False,False,False,False,False,False,False,False,False,False,False,False,False,False,False,False,False,False,False,False,False,False,False,False,False,False,False,False,False,False,False,False,False,False,False,False,False,False,False,False,True,False,False,False,False,False,False,False,True,False,False,False,False,False,True
32.09,22.28,50,8,32.31,1.24,99.1,1,1982,54,0,0.6942972888750389,0.16,33.550000000000004,2017,3,2019,7,2017,12,2023,2,2023,11,2025,10,False,False,False,False,False,False,False,False,True,False,False,False,False,False,False,False,False,False,False,False,False,False,False,False,False,False,False,False,False,False,False,True,False,False,False,False,False,False,False,False,False,False,False,False,False,False,False,False,False,False,False,False,False,False,False,False,False,True,False,False,False
15.81,15.23,32,8,18.34,1.57,100.0,1,2018,47,0,0.963314358001265,0.25,19.91,2021,11,2024,4,2025,1,2027,8,2028,4,2029,6,True,False,False,False,False,False,False,False,False,False,False,False,False,False,False,False,False,False,False,False,False,False,False,False,False,False,False,False,False,False,False,False,False,False,False,False,False,False,False,False,False,False,False,False,False,False,False,False,False,False,True,False,False,False,False,False,False,False,False,False,True
12.29,11.89,27,3,36.42,1.52,100.0,0,1211,48,0,0.9674532139951181,0.1111111111111111,37.940000000000005,2016,8,2016,10,2020,11,2019,6,2021,2,2021,8,False,False,False,False,False,False,False,True,False,False,False,False,False,False,False,False,False,False,False,False,False,False,False,False,False,False,False,False,False,False,False,False,False,False,False,False,False,False,False,False,False,False,False,False,False,False,False,False,False,False,False,False,True,False,False,False,False,True,False,False,True
12.78,7.97,22,0,41.43,0.56,100.0,0,1588,59,0,0.6236306729264476,0.0,41.99,2025,7,2026,3,2028,11,2029,10,2030,10,2032,3,False,False,False,False,False,False,False,False,True,False,False,False,False,True,False,False,False,False,False,False,False,False,False,False,False,False,False,False,False,False,False,False,False,False,False,False,False,False,False,False,False,False,False,False,False,False,False,False,False,False,False,False,False,False,False,True,False,False,True,True,False
6.94,4.87,12,4,22.03,0.87,81.5,2,1100,58,0,0.7017291066282421,0.3333333333333333,22.900000000000002,2016,11,2017,3,2017,8,2020,3,2021,3,2023,1,False,False,False,False,False,False,False,False,True,False,False,False,False,False,False,False,False,False,False,False,False,False,False,False,True,False,False,False,False,False,False,False,False,False,False,False,False,False,False,False,False,False,False,False,False,False,False,False,False,False,False,False,False,False,True,False,False,True,False,False,False
76.15,70.52,142,23,213.02,3.19,100.0,1,881,48,0,0.9260669730794483,0.1619718309859155,216.21,2024,2,2024,10,2026,12,2025,11,2027,4,2029,1,False,True,False,False,False,False,False,False,False,False,False,False,False,False,False,False,False,False,False,False,False,False,False,False,False,False,False,False,False,False,False,False,False,False,False,True,False,False,False,False,False,False,False,False,False,False,False,False,False,False,False,False,True,False,False,False,False,False,False,False,True
3.21,3.09,6,1,8.4,0.53,100.0,2,635,47,0,0.9626168224299065,0.16666666666666666,8.93,2021,3,2021,10,2022,2,2023,6,2023,11,2024,6,False,False,False,False,False,True,False,False,False,False,False,False,False,False,False,False,False,False,False,False,False,False,False,False,False,False,False,False,False,False,False,False,True,False,False,False,False,False,False,False,False,False,False,False,False,False,False,False,False,False,False,False,False,False,True,False,False,False,False,False,True
48.82,21.97,80,14,52.09,1.62,100.0,1,1318,64,1,0.45002048340843914,0.175,53.71,2018,12,2019,11,2020,8,2023,7,2024,2,2025,7,False,True,False,False,False,False,False,False,False,False,False,False,False,False,False,False,False,False,False,False,False,False,False,False,False,False,False,False,False,False,False,False,False,False,False,True,False,False,False,False,False,False,False,False,False,False,False,False,False,False,False,False,True,False,False,False,False,False,True,True,False
12.58,11.46,25,6,49.2,0.58,100.0,0,563,48,0,0.9109697933227345,0.24,49.78,2017,10,2018,2,2020,1,2019,8,2020,9,2021,8,False,False,False,False,False,False,False,True,False,False,False,False,False,False,False,False,False,False,False,False,False,False,False,False,False,False,False,False,False,False,False,False,False,False,False,False,False,False,False,False,False,False,False,False,False,False,False,False,False,False,False,True,False,False,False,False,False,True,False,False,True
17.95,16.15,26,4,48.44,2.69,79.8,1,2095,51,0,0.8997214484679665,0.15384615384615385,51.129999999999995,2021,1,2023,5,2021,9,2027,3,2028,3,2029,6,False,False,False,False,False,False,False,True,False,False,False,False,False,False,False,False,False,False,False,False,False,False,False,False,False,False,False,False,False,False,False,False,False,True,False,False,False,False,False,False,False,False,False,False,False,False,False,False,False,False,False,False,False,False,False,False,True,True,False,False,False
12.21,11.27,18,5,15.73,0.81,100.0,1,786,49,0,0.9230139230139229,0.2777777777777778,16.54,2016,2,2017,11,2019,8,2018,5,2019,6,2019,12,False,False,True,False,False,False,False,False,False,False,False,False,False,False,False,False,False,False,False,False,False,False,False,False,False,False,False,False,False,False,False,False,False,False,False,False,False,False,False,False,False,False,False,False,False,False,False,False,False,True,False,False,True,False,False,False,False,True,False,False,True
127.21,99.5,221,44,165.71,6.22,62.9,11,1828,62,1,0.7821712129549564,0.19909502262443438,171.93,2024,1,2025,11,2024,7,2029,5,2030,5,2031,1,False,True,False,False,False,False,False,False,False,False,False,False,False,False,True,False,False,False,False,False,False,False,False,False,False,False,False,False,False,False,False,False,False,False,False,False,False,False,False,False,False,False,False,False,False,False,False,False,False,False,False,False,False,False,True,False,False,True,False,False,False
30.46,26.65,59,11,82.18,3.54,97.7,3,2096,51,0,0.8749179251477347,0.1864406779661017,85.72000000000001,2025,5,2027,2,2028,5,2030,3,2031,5,2033,5,False,False,False,False,False,False,False,False,False,False,False,False,False,False,False,True,False,False,False,False,False,False,False,False,False,False,False,False,False,False,False,False,False,False,False,False,False,False,False,False,False,False,False,False,False,False,False,False,False,False,False,False,False,False,True,False,False,True,False,False,False
66.05,44.24,130,23,112.61,3.26,73.3,4,1676,60,0,0.6697956093868283,0.17692307692307693,115.87,2022,8,2024,5,2024,5,2026,7,2026,9,2028,10,False,False,False,False,False,True,False,False,False,False,True,False,False,False,False,False,False,False,False,False,False,False,False,False,False,False,False,False,False,False,False,False,False,False,False,False,False,False,False,False,False,False,False,False,False,False,False,False,False,False,False,False,False,False,False,True,False,True,False,False,False
110.01,84.77,197,46,463.28,18.72,87.8,3,187,25,0,0.7705663121534405,0.233502538071066,482.0,2025,10,2026,8,2027,2,2026,6,2027,3,2028,5,False,False,False,False,False,False,False,True,False,False,False,False,False,False,False,False,False,False,False,False,False,False,True,False,False,False,False,False,False,False,False,False,False,False,False,False,False,False,False,False,False,False,False,False,False,False,False,False,False,False,False,False,False,False,False,False,False,True,False,False,False
35.28,29.23,57,10,93.35,3.96,93.2,5,1523,53,0,0.828514739229025,0.17543859649122806,97.30999999999999,2018,3,2019,5,2021,5,2023,4,2024,7,2025,5,False,False,True,False,False,False,False,False,False,False,False,False,False,False,False,False,False,False,False,False,False,False,False,False,False,False,True,False,False,False,False,False,False,False,False,False,False,False,False,False,False,False,False,False,False,False,False,False,False,False,False,False,False,False,True,False,False,True,False,False,False
9.06,3.92,20,3,40.05,1.5,80.6,1,667,67,1,0.4326710816777042,0.15,41.55,2019,8,2019,9,2021,7,2023,2,2023,5,2023,11,False,True,False,False,False,False,False,False,False,False,False,False,False,False,False,False,False,False,False,False,False,False,False,False,False,False,False,False,False,False,False,False,False,False,False,False,False,True,False,False,False,False,False,False,False,False,False,False,False,False,False,False,False,True,False,False,False,False,True,True,False
24.03,19.8,43,10,84.5,4.1,86.5,0,1402,51,0,0.8239700374531835,0.23255813953488372,88.6,2023,8,2025,7,2023,12,2027,8,2028,12,2029,12,False,False,False,False,False,True,False,False,False,False,False,False,False,False,False,False,False,False,False,False,False,False,False,False,False,False,False,False,False,True,False,False,False,False,False,False,False,False,False,False,False,False,False,False,False,False,False,False,False,False,False,False,False,False,False,False,True,False,False,False,False
14.26,12.0,30,5,54.18,2.95,92.4,0,936,51,0,0.8415147265077139,0.16666666666666666,57.13,2021,3,2021,11,2025,5,2024,10,2025,7,2026,10,False,True,False,False,False,False,False,False,False,False,False,False,False,False,False,False,False,False,False,False,False,False,False,False,False,False,False,False,False,False,False,False,False,False,False,False,False,True,False,False,False,False,False,False,False,False,False,False,False,False,False,False,True,False,False,False,False,True,False,False,False
18.11,10.79,32,4,40.55,1.08,71.7,1,507,61,1,0.5958034235229155,0.125,41.629999999999995,2024,3,2025,12,2027,4,2027,3,2027,10,2028,7,False,False,False,False,False,False,False,False,True,False,False,False,False,True,False,False,False,False,False,False,False,False,False,False,False,False,False,False,False,False,False,False,False,False,False,False,False,False,False,False,False,False,False,False,False,False,False,False,False,False,False,False,False,False,False,True,False,False,True,True,False
27.26,25.88,43,10,35.33,2.07,100.0,0,0,2,0,0.9493763756419662,0.23255813953488372,37.4,2018,11,2020,8,2022,8,2019,6,2020,11,2021,7,False,False,True,False,False,False,False,False,False,False,False,False,False,False,False,False,True,False,False,False,False,False,False,False,False,False,False,False,False,False,False,False,False,False,False,False,False,False,False,False,False,False,False,False,False,False,False,False,False,False,False,False,False,False,False,False,True,True,False,False,True
26.2,20.61,53,10,87.82,1.99,100.0,3,231,27,0,0.7866412213740458,0.18867924528301888,89.80999999999999,2021,11,2024,4,2024,10,2022,7,2024,1,2025,4,False,False,False,False,False,True,False,False,False,False,False,False,False,False,False,False,False,False,False,False,False,False,False,False,False,False,False,False,True,False,False,False,False,False,False,False,False,False,False,False,False,False,False,False,False,False,False,False,False,False,False,False,False,False,False,False,False,True,False,False,False
45.25,33.82,85,16,104.35,2.16,100.0,1,2053,53,0,0.7474033149171271,0.18823529411764706,106.50999999999999,2024,5,2026,3,2027,1,2029,3,2029,8,2031,10,False,False,False,False,False,False,True,False,False,False,False,False,False,False,False,False,False,False,False,True,False,False,False,False,False,False,False,False,False,False,False,False,False,False,False,False,False,False,False,False,False,False,False,False,False,False,False,False,False,False,False,False,False,False,False,True,False,True,False,False,False
52.32,45.19,102,19,225.54,7.52,79.0,0,613,53,0,0.863723241590214,0.18627450980392157,233.06,2016,7,2018,9,2018,6,2018,4,2019,12,2020,9,True,False,False,False,False,False,False,False,False,True,False,False,False,False,False,False,False,False,False,False,False,False,False,False,False,False,False,False,False,False,False,False,False,False,False,False,False,False,False,False,False,False,False,False,False,False,False,False,False,False,False,False,True,False,False,False,False,True,False,False,False
26.2,19.87,53,11,39.73,2.38,82.1,1,2513,56,0,0.7583969465648855,0.20754716981132076,42.11,2023,11,2026,1,2025,12,2029,5,2030,8,2032,4,True,False,False,False,False,False,False,False,False,True,False,False,False,False,False,False,False,False,False,False,False,False,False,False,False,False,False,False,False,False,False,False,False,False,False,False,False,False,False,False,False,False,False,False,False,False,False,False,False,False,False,False,True,False,False,False,False,True,False,False,False
44.86,41.83,85,13,139.88,3.01,100.0,0,974,47,0,0.9324565314311191,0.15294117647058825,142.89,2021,9,2022,3,2022,4,2026,8,2026,11,2027,1,False,False,False,False,False,True,False,False,False,False,True,False,False,False,False,False,False,False,False,False,False,False,False,False,False,False,False,False,False,False,False,False,False,False,False,False,False,False,False,False,False,False,False,False,False,False,False,False,False,False,False,False,False,True,False,False,False,False,False,False,True
17.3,14.71,31,2,69.28,2.2,100.0,1,1620,50,0,0.8502890173410405,0.06451612903225806,71.48,2022,5,2024,10,2024,10,2028,8,2028,9,2029,2,False,True,False,False,False,False,False,False,False,False,False,False,False,False,False,False,False,False,False,False,False,False,False,False,False,False,False,False,False,False,False,False,False,False,False,True,False,False,False,False,False,False,False,False,False,False,False,False,False,False,False,False,False,False,False,False,False,True,False,False,False
111.58,81.53,200,44,255.57,16.68,99.0,7,2373,57,0,0.7306865029575192,0.22,272.25,2021,9,2023,4,2023,3,2028,2,2028,6,2029,9,False,False,True,False,False,False,False,False,False,False,False,False,False,False,False,False,False,False,False,False,False,False,False,True,False,False,False,False,False,False,False,False,False,False,False,False,False,False,False,False,False,False,False,False,False,False,False,False,False,False,False,False,False,False,False,True,False,True,False,False,False
17.02,10.96,28,6,73.67,2.72,100.0,0,1335,57,0,0.6439482961222093,0.21428571428571427,76.39,2023,4,2023,6,2025,12,2025,9,2026,11,2028,10,True,False,False,False,False,False,False,False,False,False,False,False,False,False,False,False,False,False,False,False,False,False,False,False,False,False,False,False,False,False,False,False,False,False,False,False,False,False,False,False,False,False,False,False,False,False,False,True,False,False,False,False,False,False,False,True,False,True,False,True,False
99.2,83.76,167,29,107.48,3.63,100.0,0,1004,51,0,0.8443548387096774,0.17365269461077845,111.11,2016,2,2016,7,2017,12,2018,9,2019,11,2020,10,False,False,True,False,False,False,False,False,False,False,False,False,False,False,False,False,False,False,False,False,False,False,False,True,False,False,False,False,False,False,False,False,False,False,False,False,False,False,False,False,False,False,False,False,False,False,False,False,False,False,False,False,False,False,True,False,False,True,False,False,False
6.85,3.11,18,1,20.36,1.31,100.0,1,1741,65,1,0.454014598540146,0.05555555555555555,21.669999999999998,2016,6,2017,8,2019,9,2022,1,2022,5,2022,9,True,False,False,False,False,False,False,False,False,True,False,False,False,False,False,False,False,False,False,False,False,False,False,False,False,False,False,False,False,False,False,False,False,False,False,False,False,False,False,False,False,False,False,False,False,False,False,False,False,False,False,False,False,True,False,False,False,False,True,True,False
20.48,18.48,35,6,75.29,1.63,100.0,5,838,49,0,0.90234375,0.17142857142857143,76.92,2018,1,2020,5,2021,2,2022,10,2022,11,2023,7,False,False,False,False,False,False,False,False,True,False,False,False,False,False,False,False,False,False,False,False,False,False,False,False,True,False,False,False,False,False,False,False,False,False,False,False,False,False,False,False,False,False,False,False,False,False,False,False,False,False,False,False,False,True,False,False,False,False,False,False,True
21.52,19.41,41,8,33.28,4.89,77.4,0,674,50,0,0.9019516728624536,0.1951219512195122,38.17,2021,3,2023,3,2024,10,2022,6,2024,1,2024,11,False,True,False,False,False,False,False,False,False,False,False,False,False,False,False,False,False,False,False,False,False,False,False,False,False,False,False,False,False,False,False,False,False,False,False,True,False,False,False,False,False,False,False,False,False,False,False,False,False,False,False,False,False,False,False,True,False,False,False,False,True
39.61,25.82,62,8,40.17,2.21,100.0,2,1250,59,0,0.6518555920222167,0.12903225806451613,42.38,2025,7,2026,8,2028,11,2027,8,2028,8,2030,5,False,False,False,False,False,False,False,False,True,False,False,False,False,False,False,False,False,False,False,False,False,False,False,False,False,False,False,False,False,False,False,True,False,False,False,False,False,False,False,False,False,False,False,False,False,False,False,False,False,False,False,False,False,False,False,True,False,False,True,False,False
70.94,35.77,120,20,77.72,7.65,82.0,2,1261,65,1,0.5042289258528334,0.16666666666666666,85.37,2017,2,2019,7,2018,7,2020,11,2021,8,2022,3,True,False,False,False,False,False,False,False,False,False,False,False,False,False,False,False,False,False,False,False,False,False,False,False,False,False,False,False,False,False,False,False,False,False,False,False,False,False,False,False,False,False,False,False,True,False,False,False,False,False,False,False,False,False,False,False,True,False,True,True,False
8.59,6.85,15,5,17.02,1.76,100.0,0,1627,51,0,0.7974388824214202,0.3333333333333333,18.78,2017,11,2019,1,2019,6,2023,8,2023,12,2024,2,False,False,False,False,False,False,True,False,False,False,False,False,False,False,False,False,False,False,False,False,False,False,False,False,False,False,False,False,False,False,False,False,False,False,False,False,False,False,False,False,False,False,False,False,False,True,False,False,False,False,False,False,False,False,False,False,True,True,False,False,False
9.89,3.11,19,3,16.08,0.78,100.0,1,1806,70,1,0.31445904954499493,0.15789473684210525,16.86,2023,4,2024,12,2023,10,2026,10,2028,4,2030,6,False,False,False,False,False,False,True,False,False,False,False,False,False,False,False,False,False,False,False,True,False,False,False,False,False,False,False,False,False,False,False,False,False,False,False,False,False,False,False,False,False,False,False,False,False,False,False,False,False,False,False,False,False,False,False,False,True,False,True,True,False
7.37,6.21,20,5,12.0,2.01,93.4,1,1018,52,0,0.8426051560379918,0.25,14.01,2022,3,2023,11,2024,9,2025,11,2026,6,2028,3,False,False,False,False,False,False,False,False,True,False,False,False,False,True,False,False,False,False,False,False,False,False,False,False,False,False,False,False,False,False,False,False,False,False,False,False,False,False,False,False,False,False,False,False,False,False,False,False,False,False,False,False,False,True,False,False,False,True,False,False,False
112.19,96.86,210,46,280.09,9.3,100.0,7,60,14,0,0.8633568054193779,0.21904761904761905,289.39,2016,1,2018,3,2016,5,2017,4,2017,7,2018,8,False,False,False,False,False,False,True,False,False,False,False,False,False,False,False,False,False,False,False,True,False,False,False,False,False,False,False,False,False,False,False,False,False,False,False,False,False,False,False,False,False,False,False,False,False,False,False,False,False,False,False,False,False,False,True,False,False,True,False,False,False
40.35,24.8,62,15,44.96,1.71,100.0,0,2344,58,0,0.6146220570012392,0.24193548387096775,46.67,2021,8,2021,10,2024,6,2027,11,2029,2,2031,1,True,False,False,False,False,False,False,False,False,False,False,False,False,False,False,False,False,False,False,False,False,False,False,False,False,False,False,False,False,False,False,False,False,False,False,False,False,False,False,False,False,False,False,False,False,False,False,True,False,False,False,False,True,False,False,False,False,True,False,True,False
10.13,7.34,12,1,45.42,0.29,98.3,0,1384,56,0,0.7245804540967423,0.08333333333333333,45.71,2023,5,2025,2,2023,11,2027,12,2029,8,2030,1,False,False,False,False,False,True,False,False,False,False,False,False,False,False,False,False,False,False,False,False,False,False,False,False,False,False,False,False,False,True,False,False,False,False,False,False,False,False,False,False,False,False,False,False,False,False,False,False,False,False,False,False,False,False,False,False,True,True,False,False,False
19.24,14.44,35,11,64.93,4.02,100.0,2,1359,53,0,0.7505197505197505,0.3142857142857143,68.95,2016,8,2017,12,2020,5,2021,3,2022,1,2022,6,False,False,False,False,False,False,False,False,True,False,False,False,False,False,False,False,False,False,False,False,False,False,False,False,False,False,False,False,False,False,False,True,False,False,False,False,False,False,False,False,False,False,False,False,False,False,False,False,False,False,False,False,False,False,True,False,False,True,False,False,False
97.69,70.61,173,23,89.1,7.14,100.0,6,1395,58,0,0.7227966014945235,0.1329479768786127,96.24,2020,8,2021,12,2024,11,2024,10,2025,6,2026,9,False,False,False,True,False,False,False,False,False,False,False,False,True,False,False,False,False,False,False,False,False,False,False,False,False,False,False,False,False,False,False,False,False,False,False,False,False,False,False,False,False,False,False,False,False,False,False,False,False,False,False,False,False,False,False,False,False,True,False,False,False
22.69,18.04,33,2,76.24,1.62,100.0,1,2236,53,0,0.7950639048038782,0.06060606060606061,77.86,2018,7,2018,12,2021,10,2024,8,2025,6,2027,4,False,True,False,False,False,False,False,False,False,False,False,False,False,False,False,False,False,False,False,False,False,False,False,False,False,False,False,False,False,False,False,False,False,False,False,False,False,True,False,False,False,False,False,False,False,False,False,False,False,False,False,False,False,False,False,False,True,True,False,False,False
21.39,16.54,29,9,79.78,3.38,88.4,0,402,44,0,0.7732585320243104,0.3103448275862069,83.16,2018,6,2018,8,2020,6,2020,6,2020,7,2021,5,False,False,False,False,False,False,True,False,False,False,False,False,False,False,False,False,False,False,False,False,False,False,False,False,False,False,False,False,False,False,False,False,False,False,False,False,False,False,False,False,False,False,False,False,False,True,False,False,False,False,False,False,True,False,False,False,False,True,False,False,False
13.72,7.71,25,6,20.66,2.14,100.0,1,0,16,0,0.5619533527696793,0.24,22.8,2024,10,2026,11,2028,3,2025,11,2026,2,2026,11,False,False,False,False,False,False,True,False,False,False,False,False,False,False,False,False,False,False,False,False,False,False,False,False,False,False,False,False,False,False,False,False,False,False,True,False,False,False,False,False,False,False,False,False,False,False,False,False,False,False,False,False,False,False,False,False,False,False,True,True,False
10.75,7.28,18,4,42.02,1.24,97.7,1,1432,57,0,0.6772093023255814,0.2222222222222222,43.260000000000005,2023,6,2025,7,2024,3,2029,11,2029,12,2030,1,False,False,False,False,False,False,False,True,False,False,False,False,False,False,False,False,False,False,False,False,False,False,False,False,False,False,False,False,False,False,False,False,False,False,False,False,False,False,False,False,False,False,False,False,False,False,False,False,False,False,False,False,False,False,False,False,False,True,False,False,False
97.84,67.46,172,31,299.74,10.93,77.9,8,718,60,0,0.6894930498773507,0.18023255813953487,310.67,2023,6,2025,3,2025,8,2027,1,2027,7,2028,5,False,False,False,False,False,False,False,False,False,False,False,False,False,False,False,False,False,False,False,False,False,True,False,False,False,False,False,False,False,False,False,False,False,False,False,False,False,False,False,False,False,False,False,False,False,False,False,False,False,False,False,False,True,False,False,False,False,True,False,False,False
159.8,114.57,273,62,613.18,6.79,96.1,10,614,58,0,0.7169586983729661,0.2271062271062271,619.9699999999999,2018,3,2019,2,2019,3,2022,1,2022,3,2022,12,False,False,False,False,False,False,False,False,True,False,False,False,False,False,False,False,False,False,False,False,False,False,False,False,True,False,False,False,False,False,False,False,False,False,False,False,False,False,False,False,False,False,False,False,False,False,False,False,False,False,False,False,False,False,False,False,True,True,False,False,False
11.19,7.97,12,2,38.63,1.25,98.5,1,2286,54,0,0.7122430741733691,0.16666666666666666,39.88,2022,6,2023,12,2024,3,2027,11,2029,2,2030,8,False,False,False,False,True,False,False,False,False,False,False,False,False,False,False,False,False,False,False,False,True,False,False,False,False,False,False,False,False,False,False,False,False,False,False,False,False,False,False,False,False,False,False,False,False,False,False,False,False,False,False,False,False,True,False,False,False,True,False,False,False
122.11,116.3,224,32,416.04,21.55,96.8,5,1996,48,0,0.9524199492261076,0.14285714285714285,437.59000000000003,2018,3,2019,12,2019,4,2022,7,2023,12,2025,2,False,False,False,False,False,False,True,False,False,False,False,False,False,False,False,False,False,False,False,False,False,False,False,False,False,False,False,False,False,False,False,False,False,False,False,False,False,False,False,False,False,False,False,False,False,True,False,False,False,False,False,False,True,False,False,False,False,False,False,False,True
18.4,15.65,31,5,25.49,0.9,100.0,1,1313,51,0,0.8505434782608696,0.16129032258064516,26.389999999999997,2017,7,2018,7,2020,11,2022,12,2023,2,2024,3,False,True,False,False,False,False,False,False,False,False,False,False,False,False,True,False,False,False,False,False,False,False,False,False,False,False,False,False,False,False,False,False,False,False,False,False,False,False,False,False,False,False,False,False,False,False,False,False,False,False,False,False,True,False,False,False,False,True,False,False,False
51.09,39.84,87,14,100.57,4.82,100.0,2,1875,53,0,0.7798003523194363,0.16091954022988506,105.38999999999999,2020,9,2023,1,2024,1,2025,11,2027,2,2028,2,False,False,False,True,False,False,False,False,False,False,False,False,True,False,False,False,False,False,False,False,False,False,False,False,False,False,False,False,False,False,False,False,False,False,False,False,False,False,False,False,False,False,False,False,False,False,False,False,False,False,False,False,True,False,False,False,False,True,False,False,False
122.76,87.96,216,42,335.87,23.44,100.0,5,0,11,0,0.7165200391006842,0.19444444444444445,359.31,2024,11,2025,5,2026,4,2025,5,2025,10,2027,2,False,False,False,False,False,False,True,False,False,False,False,False,False,False,False,False,False,False,False,False,False,False,False,False,False,False,False,False,False,False,False,False,False,False,False,False,False,False,False,False,False,False,False,False,False,True,False,False,False,False,False,False,False,False,False,False,False,True,False,False,False
25.92,21.33,56,11,31.53,2.44,95.1,1,1527,51,0,0.8229166666666665,0.19642857142857142,33.97,2019,12,2021,6,2024,4,2025,9,2026,2,2026,12,False,False,False,True,False,False,False,False,False,False,False,False,False,False,False,False,False,False,False,False,False,False,False,False,False,False,False,False,False,False,False,False,False,False,False,False,False,False,False,False,False,False,True,False,False,False,False,False,False,False,False,False,False,False,True,False,False,True,False,False,False
21.59,17.58,31,9,55.5,2.51,90.9,0,1141,51,0,0.8142658638258452,0.2903225806451613,58.01,2025,10,2027,9,2028,5,2027,2,2028,9,2030,4,True,False,False,False,False,False,False,False,False,False,False,False,False,False,False,False,False,False,False,False,False,False,False,False,False,False,False,False,False,False,False,False,False,False,False,False,False,False,False,False,False,False,False,False,False,False,False,True,False,False,False,False,False,True,False,False,False,False,False,False,False
66.76,43.85,136,24,163.41,9.36,89.8,1,1162,58,0,0.6568304373876572,0.17647058823529413,172.76999999999998,2016,3,2018,5,2020,4,2020,8,2021,5,2021,6,True,False,False,False,False,False,False,False,False,False,False,False,False,False,False,False,False,False,False,False,False,False,False,False,False,False,False,False,False,False,False,False,False,False,False,False,False,False,False,False,False,False,False,False,False,False,False,True,False,False,False,False,False,False,False,False,True,True,False,False,False
9.88,6.98,13,2,16.38,1.32,100.0,0,514,53,0,0.7064777327935222,0.15384615384615385,17.7,2018,12,2019,9,2019,11,2020,3,2020,9,2022,8,False,False,False,False,False,False,False,False,False,False,False,False,False,False,False,True,False,False,False,False,False,False,False,False,False,False,False,False,False,False,False,False,False,False,False,False,False,False,False,False,False,False,False,False,False,False,False,False,False,False,False,False,False,False,False,False,True,True,False,False,False
94.35,42.75,162,24,145.2,3.82,84.9,4,2270,66,1,0.45310015898251194,0.14814814814814814,149.01999999999998,2018,1,2018,11,2019,5,2024,6,2025,7,2027,7,False,False,False,False,False,True,False,False,False,False,False,True,False,False,False,False,False,False,False,False,False,False,False,False,False,False,False,False,False,False,False,False,False,False,False,False,False,False,False,False,False,False,False,False,False,False,False,False,False,False,False,False,False,False,True,False,False,False,True,True,False
34.56,28.29,63,14,59.28,6.4,94.3,4,416,42,0,0.8185763888888888,0.2222222222222222,65.68,2025,3,2027,8,2026,6,2028,2,2029,1,2029,7,False,False,False,False,True,False,False,False,False,False,False,False,False,False,False,False,False,False,False,False,True,False,False,False,False,False,False,False,False,False,False,False,False,False,False,False,False,False,False,False,False,False,False,False,False,False,False,False,False,False,False,False,True,False,False,False,False,True,False,False,False
16.81,13.81,18,7,51.08,0.6,99.2,0,1190,53,0,0.8215348007138609,0.3888888888888889,51.68,2018,2,2019,2,2021,12,2022,5,2022,12,2024,7,False,False,False,False,False,False,False,True,False,False,False,False,False,False,False,False,False,False,False,False,False,False,False,False,False,False,False,False,False,False,True,False,False,False,False,False,False,False,False,False,False,False,False,False,False,False,False,False,False,False,False,False,False,True,False,False,False,True,False,False,False
16.38,9.38,30,4,38.25,0.65,100.0,1,850,61,1,0.5726495726495727,0.13333333333333333,38.9,2019,9,2020,11,2020,3,2023,12,2024,6,2024,7,False,False,False,False,False,False,False,False,False,False,False,False,False,False,False,True,False,False,False,False,False,False,False,False,False,False,False,False,False,False,False,False,False,False,False,False,False,False,False,False,False,False,False,False,False,False,False,False,False,False,False,False,False,False,False,False,True,False,True,True,False
7.51,4.32,15,2,17.51,1.19,100.0,0,178,28,0,0.5752330226364848,0.13333333333333333,18.700000000000003,2021,8,2023,4,2023,1,2023,4,2024,2,2024,4,False,False,True,False,False,False,False,False,False,False,False,False,False,False,False,False,False,False,False,False,False,False,False,False,False,False,False,False,False,False,False,False,False,False,False,False,False,False,False,False,False,False,False,False,False,False,False,False,False,True,False,False,False,False,False,True,False,True,False,True,False
17.53,6.62,42,8,25.81,1.93,100.0,1,749,66,1,0.3776383342840844,0.19047619047619047,27.74,2021,11,2022,7,2024,12,2023,6,2023,6,2025,5,False,False,False,False,False,False,False,True,False,False,False,False,False,False,False,False,False,False,False,False,False,False,False,False,False,False,False,False,False,False,False,False,False,False,False,False,False,False,False,False,False,False,False,False,False,False,False,False,False,False,False,True,False,False,False,False,True,False,True,True,False
23.01,17.25,37,8,85.44,3.36,92.0,1,872,56,0,0.7496740547588004,0.21621621621621623,88.8,2024,2,2025,1,2027,8,2026,12,2027,9,2029,1,False,False,False,False,False,False,False,False,True,False,False,False,False,False,False,False,False,False,False,False,False,False,False,False,False,True,False,False,False,False,False,False,False,False,False,False,False,False,False,False,False,False,False,False,False,False,False,False,False,False,False,False,True,False,False,False,False,True,False,False,False
10.37,9.01,11,2,35.17,0.74,98.9,0,763,49,0,0.8688524590163935,0.18181818181818182,35.910000000000004,2021,6,2021,12,2025,5,2023,3,2024,2,2025,12,False,True,False,False,False,False,False,False,False,False,False,False,False,False,False,False,False,False,False,False,False,False,False,False,False,False,False,False,False,False,False,False,False,False,False,False,False,True,False,False,False,False,False,False,False,False,False,False,False,False,False,False,False,False,False,True,False,True,False,False,False
28.63,10.8,55,11,68.36,4.43,100.0,4,0,22,0,0.37722668529514497,0.2,72.78999999999999,2024,10,2025,6,2025,10,2025,8,2026,5,2027,10,False,False,True,False,False,False,False,False,False,False,False,False,False,False,False,False,False,False,False,False,False,False,False,False,False,False,True,False,False,False,False,False,False,False,False,False,False,False,False,False,False,False,False,False,False,False,False,False,False,False,False,False,False,False,True,False,False,False,True,True,False
48.08,34.99,92,19,63.76,8.19,95.8,1,841,56,0,0.7277454242928453,0.20652173913043478,71.95,2018,12,2020,12,2021,1,2022,4,2022,5,2023,10,False,False,True,False,False,False,False,False,False,False,False,False,False,False,False,False,False,False,False,False,False,False,False,False,False,False,True,False,False,False,False,False,False,False,False,False,False,False,False,False,False,False,False,False,False,False,False,False,False,False,False,False,False,True,False,False,False,True,False,False,False
24.2,17.59,52,14,83.35,5.86,100.0,2,2178,56,0,0.7268595041322314,0.2692307692307692,89.21,2016,7,2019,1,2016,12,2021,4,2022,10,2024,5,False,False,False,False,False,False,False,False,False,False,False,False,False,False,False,False,False,False,False,False,False,False,False,False,False,False,False,False,False,False,False,False,False,False,False,False,True,False,False,False,False,False,False,False,False,False,False,False,False,False,False,False,False,False,True,False,False,True,False,False,False
58.13,37.66,102,15,239.83,10.44,100.0,1,1764,58,0,0.6478582487527954,0.14705882352941177,250.27,2025,7,2027,12,2029,8,2029,12,2031,5,2033,7,False,False,False,False,False,True,False,False,False,False,True,False,False,False,False,False,False,False,False,False,False,False,False,False,False,False,False,False,False,False,False,False,False,False,False,False,False,False,False,False,False,False,False,False,False,False,False,False,False,False,False,False,False,False,True,False,False,False,True,True,False
13.37,11.11,25,10,19.51,1.74,100.0,0,1785,50,0,0.8309648466716529,0.4,21.25,2023,12,2025,7,2024,4,2029,2,2029,4,2031,2,False,False,False,False,False,False,False,False,False,False,False,False,False,False,False,True,False,False,False,False,False,False,False,False,False,False,False,False,False,False,False,False,False,False,False,False,False,False,False,False,False,False,False,False,False,False,False,False,False,False,False,False,False,True,False,False,False,True,False,False,False
81.73,36.36,172,30,247.63,10.97,91.5,4,841,67,1,0.44487948121864673,0.1744186046511628,258.6,2025,1,2025,11,2026,11,2027,1,2027,11,2029,9,False,False,False,False,False,False,False,False,True,False,False,False,False,False,False,False,False,False,False,False,False,False,False,False,False,True,False,False,False,False,False,False,False,False,False,False,False,False,False,False,False,False,False,False,False,False,False,False,False,False,False,False,False,True,False,False,False,False,True,True,False
33.85,26.54,62,11,80.22,5.3,83.2,0,505,53,0,0.7840472673559822,0.1774193548387097,85.52,2023,3,2024,2,2024,4,2024,8,2025,7,2026,2,False,False,False,False,False,False,True,False,False,False,False,False,False,False,False,False,False,False,True,False,False,False,False,False,False,False,False,False,False,False,False,False,False,False,False,False,False,False,False,False,False,False,False,False,False,False,False,False,False,False,False,False,False,False,False,False,True,True,False,False,False
140.51,60.8,252,41,157.98,23.53,100.0,7,13,23,0,0.4327094156999502,0.1626984126984127,181.51,2017,9,2018,8,2020,2,2018,9,2019,3,2020,5,False,False,False,False,False,False,True,False,False,False,False,False,False,False,False,False,False,False,False,False,False,False,False,False,False,False,False,False,False,False,False,False,False,False,True,False,False,False,False,False,False,False,False,False,False,False,False,False,False,False,False,False,False,False,False,False,True,False,True,True,False
335.03,282.64,610,109,1167.77,22.73,75.1,18,342,43,0,0.8436259439453183,0.17868852459016393,1190.5,2020,8,2021,6,2023,12,2021,3,2021,12,2023,10,False,False,False,False,False,True,False,False,False,False,False,False,False,False,False,False,False,False,False,False,False,False,False,False,False,False,False,False,False,False,False,False,True,False,False,False,False,False,False,False,False,False,False,False,False,False,False,False,False,False,False,False,False,True,False,False,False,True,False,False,False
18.72,11.1,40,5,19.9,0.93,98.9,1,205,33,0,0.592948717948718,0.125,20.83,2024,12,2026,12,2025,7,2027,12,2028,3,2028,4,False,False,False,False,False,False,False,False,True,False,False,False,False,False,False,False,False,False,False,False,False,False,False,False,True,False,False,False,False,False,False,False,False,False,False,False,False,False,False,False,False,False,False,False,False,False,False,False,False,False,False,False,False,False,False,True,False,False,True,True,False
19.51,7.82,36,7,66.3,2.36,97.2,0,1060,68,1,0.4008200922603793,0.19444444444444445,68.66,2024,3,2024,5,2027,7,2028,1,2028,10,2029,4,False,False,False,False,False,True,False,False,False,False,False,True,False,False,False,False,False,False,False,False,False,False,False,False,False,False,False,False,False,False,False,False,False,False,False,False,False,False,False,False,False,False,False,False,False,False,False,False,False,False,False,False,False,False,False,False,False,False,True,True,False
23.42,12.72,52,8,43.1,1.56,100.0,0,508,60,0,0.5431255337318531,0.15384615384615385,44.660000000000004,2020,3,2022,3,2021,12,2022,1,2023,6,2023,7,False,False,False,True,False,False,False,False,False,False,False,False,False,False,False,False,False,False,False,False,False,False,False,False,False,False,False,False,False,False,False,False,False,False,False,False,False,False,False,False,False,False,False,False,False,False,False,False,True,False,False,False,False,False,False,False,True,False,True,True,False
54.36,47.52,98,17,157.26,4.63,100.0,4,2557,50,0,0.8741721854304636,0.17346938775510204,161.89,2024,3,2024,6,2025,2,2030,9,2031,5,2033,1,False,False,False,False,False,False,True,False,False,False,False,False,False,False,False,False,False,False,False,True,False,False,False,False,False,False,False,False,False,False,False,False,False,False,False,False,False,False,False,False,False,False,False,False,False,False,False,False,False,False,False,False,False,False,False,False,False,False,False,False,False
112.84,76.36,199,40,157.26,15.62,91.2,7,2732,59,0,0.6767103863878057,0.20100502512562815,172.88,2023,5,2024,12,2025,9,2028,12,2030,4,2032,6,False,False,True,False,False,False,False,False,False,False,False,False,False,False,False,False,False,False,False,False,False,False,False,False,False,False,True,False,False,False,False,False,False,False,False,False,False,False,False,False,False,False,False,False,False,False,False,False,False,False,False,False,False,False,False,True,False,True,False,False,False
15.6,12.14,36,8,33.89,1.27,91.1,0,284,31,0,0.7782051282051282,0.2222222222222222,35.160000000000004,2025,6,2025,11,2026,9,2026,2,2027,3,2028,5,False,False,False,False,True,False,False,False,False,False,False,False,False,False,False,False,False,False,False,False,True,False,False,False,False,False,False,False,False,False,False,False,False,False,False,False,False,False,False,False,False,False,False,False,False,False,False,False,False,False,False,False,False,True,False,False,False,True,False,False,False
43.87,13.25,92,18,51.99,2.1,100.0,0,201,41,0,0.3020287212217917,0.1956521739130435,54.09,2021,2,2022,2,2022,6,2022,3,2023,2,2023,9,False,True,False,False,False,False,False,False,False,False,False,False,False,False,True,False,False,False,False,False,False,False,False,False,False,False,False,False,False,False,False,False,False,False,False,False,False,False,False,False,False,False,False,False,False,False,False,False,False,False,False,False,False,False,False,True,False,False,True,True,False
26.16,16.53,44,7,66.16,3.32,100.0,1,777,57,0,0.6318807339449541,0.1590909090909091,69.47999999999999,2016,3,2016,11,2018,8,2020,8,2021,2,2021,4,False,False,False,False,False,False,False,False,True,False,False,False,False,False,False,False,False,False,False,False,False,False,False,False,False,True,False,False,False,False,False,False,False,False,False,False,False,False,False,False,False,False,False,False,False,False,False,False,False,False,False,False,False,False,False,False,True,True,False,True,False
55.6,38.69,109,13,88.36,7.26,77.5,5,1904,59,0,0.695863309352518,0.11926605504587157,95.62,2022,9,2024,1,2023,4,2029,4,2029,10,2030,1,False,False,False,False,False,False,False,True,False,False,False,False,False,False,False,False,False,False,False,False,False,False,False,False,False,False,False,False,False,False,False,False,False,False,False,False,False,False,False,False,False,True,False,False,False,False,False,False,False,False,False,False,False,False,True,False,False,True,False,False,False
135.57,83.78,254,58,202.72,12.86,92.9,10,953,63,1,0.6179833296452018,0.2283464566929134,215.57999999999998,2020,1,2021,7,2021,1,2022,1,2022,2,2024,3,False,False,False,False,False,True,False,False,False,False,False,False,False,False,False,False,False,False,False,False,False,False,False,False,False,False,False,False,False,False,False,False,True,False,False,False,False,False,False,False,False,False,False,False,False,False,False,False,False,False,False,False,False,True,False,False,False,False,True,True,False
23.56,17.56,42,6,28.19,2.81,96.6,0,1753,54,0,0.7453310696095077,0.14285714285714285,31.0,2019,3,2019,7,2020,6,2024,5,2024,12,2026,12,False,True,False,False,False,False,False,False,False,False,False,False,False,False,True,False,False,False,False,False,False,False,False,False,False,False,False,False,False,False,False,False,False,False,False,False,False,False,False,False,False,False,False,False,False,False,False,False,False,False,False,False,True,False,False,False,False,True,False,False,False
5.64,5.15,11,3,20.49,0.97,86.0,0,1227,49,0,0.9131205673758866,0.2727272727272727,21.459999999999997,2017,9,2018,7,2021,4,2019,11,2021,5,2023,3,False,False,False,False,False,False,False,True,False,False,False,False,False,False,False,False,False,False,False,False,False,False,False,False,False,False,False,False,False,False,False,False,False,False,False,False,False,False,False,False,False,True,False,False,False,False,False,False,False,False,False,False,False,False,False,False,False,False,False,False,True
63.05,34.37,98,22,199.63,3.03,100.0,3,1994,63,1,0.5451229183187946,0.22448979591836735,202.66,2020,8,2021,6,2022,5,2026,1,2026,5,2028,3,False,True,False,False,False,False,False,False,False,False,False,False,False,False,False,False,False,False,False,False,False,False,False,False,False,False,False,False,False,False,False,False,False,False,False,False,False,True,False,False,False,False,False,False,False,False,False,False,False,False,False,False,False,False,False,True,False,False,True,True,False
13.03,8.76,20,3,17.99,0.91,100.0,0,1276,55,0,0.6722947045280123,0.15,18.9,2023,10,2025,4,2027,4,2027,11,2028,1,2029,6,False,False,False,False,True,False,False,False,False,False,False,False,False,False,False,False,False,False,False,False,False,False,False,False,False,False,False,False,False,False,False,False,False,False,False,False,False,False,False,False,False,False,False,False,False,False,True,False,False,False,False,False,False,True,False,False,False,True,False,False,False
25.97,13.08,39,6,66.17,3.88,89.7,1,2422,63,1,0.5036580670003851,0.15384615384615385,70.05,2018,11,2019,3,2022,1,2025,6,2026,9,2027,2,False,False,False,False,False,False,False,True,False,False,False,False,False,False,False,False,False,False,False,False,False,False,False,False,False,False,False,False,False,False,False,False,False,True,False,False,False,False,False,False,False,False,False,False,False,False,False,False,False,False,False,False,False,False,False,True,False,False,True,True,False
65.83,38.28,122,21,213.64,10.62,84.1,2,812,61,1,0.5814977973568283,0.1721311475409836,224.26,2024,11,2026,8,2026,8,2027,4,2027,12,2029,5,False,False,False,False,False,False,False,False,False,False,False,False,False,False,False,False,False,False,False,False,False,False,False,False,False,False,False,False,False,False,False,False,False,False,False,False,True,False,False,False,False,False,False,False,False,False,False,False,False,False,False,False,False,True,False,False,False,True,False,True,False
40.34,27.65,59,15,163.33,2.75,100.0,1,556,55,0,0.6854238968765493,0.2542372881355932,166.08,2022,7,2023,11,2024,6,2023,11,2024,10,2026,3,True,False,False,False,False,False,False,False,False,True,False,False,False,False,False,False,False,False,False,False,False,False,False,False,False,False,False,False,False,False,False,False,False,False,False,False,False,False,False,False,False,False,False,False,False,False,False,False,False,False,False,False,False,False,False,False,True,True,False,False,False
27.07,24.86,51,10,27.62,3.05,100.0,2,1377,48,0,0.9183598079054304,0.19607843137254902,30.67,2022,5,2024,3,2024,12,2027,3,2027,5,2027,7,False,False,False,False,False,False,False,False,False,False,False,False,False,False,False,False,False,False,False,False,False,True,False,False,False,False,False,False,False,False,False,False,False,False,False,False,False,False,False,False,False,False,False,False,False,False,False,False,False,False,False,False,False,False,False,False,True,False,False,False,True
16.85,3.79,22,3,36.07,0.7,100.0,1,1573,71,1,0.22492581602373884,0.13636363636363635,36.77,2024,9,2025,6,2026,1,2029,6,2029,11,2031,7,False,False,False,False,False,False,True,False,False,False,False,False,False,False,False,False,False,False,False,False,False,False,False,False,False,False,False,False,False,False,False,False,False,False,True,False,False,False,False,False,False,False,False,False,False,False,False,False,False,False,False,False,False,False,False,False,True,False,True,True,False
2.0,1.62,1,0,6.16,0.05,100.0,1,772,50,0,0.81,0.0,6.21,2020,9,2020,11,2023,11,2022,6,2023,3,2024,9,True,False,False,False,False,False,False,False,False,False,False,False,False,False,False,False,False,False,False,False,False,False,False,False,False,False,False,False,False,False,False,False,False,False,False,False,False,False,False,False,False,False,False,False,True,False,False,False,False,False,False,False,False,False,False,True,False,False,False,False,False
60.24,52.65,87,13,51.67,9.06,100.0,2,2106,50,0,0.874003984063745,0.14942528735632185,60.730000000000004,2020,6,2021,4,2022,2,2025,5,2025,10,2027,12,False,False,False,False,False,False,False,False,False,False,False,False,False,False,False,False,False,False,False,False,False,False,False,False,False,False,False,False,False,False,False,False,False,False,False,False,False,False,False,False,True,False,False,False,False,False,False,False,False,False,False,False,True,False,False,False,False,True,False,False,False
23.27,17.49,46,7,39.58,2.95,92.0,0,339,38,0,0.7516115169746455,0.15217391304347827,42.53,2019,1,2019,10,2020,3,2021,5,2022,9,2022,12,True,False,False,False,False,False,False,False,False,False,False,False,False,False,False,False,False,False,False,False,False,False,False,False,False,False,False,False,False,False,False,False,False,False,False,False,False,False,False,False,False,False,False,False,False,False,False,True,False,False,False,False,False,False,False,False,True,True,False,False,False
136.09,80.86,239,42,483.95,20.08,94.9,6,2109,64,1,0.5941656256888823,0.17573221757322174,504.03,2021,3,2021,9,2022,10,2027,6,2028,5,2028,10,True,False,False,False,False,False,False,False,False,False,False,False,False,False,False,False,False,False,False,False,False,False,False,False,False,False,False,False,False,False,False,False,False,False,False,False,False,False,False,False,False,False,False,False,True,False,False,False,False,False,False,False,False,True,False,False,False,False,True,True,False
44.61,9.96,87,11,94.4,3.13,89.3,0,2307,73,1,0.22326832548755887,0.12643678160919541,97.53,2024,7,2026,4,2028,5,2030,6,2031,11,2032,3,False,False,True,False,False,False,False,False,False,False,False,False,False,False,False,False,False,False,False,False,False,False,False,True,False,False,False,False,False,False,False,False,False,False,False,False,False,False,False,False,False,False,False,False,False,False,False,False,False,False,False,False,False,False,False,False,True,False,True,True,False
17.44,15.71,27,4,19.4,1.03,88.6,0,2625,49,0,0.900802752293578,0.14814814814814814,20.43,2016,6,2017,11,2017,5,2022,8,2024,1,2025,4,False,False,False,False,False,True,False,False,False,False,False,False,False,False,False,False,False,False,False,False,False,False,False,False,False,False,False,False,False,False,False,False,True,False,False,False,False,False,False,False,False,False,False,False,False,False,False,False,False,False,False,False,False,False,True,False,False,False,False,False,True
87.08,66.0,159,30,271.55,18.14,90.9,2,2154,54,0,0.757923748277446,0.18867924528301888,289.69,2025,10,2027,2,2030,2,2031,12,2032,7,2034,4,False,False,False,False,False,True,False,False,False,False,False,False,False,False,False,False,False,False,False,False,False,False,False,False,False,False,False,False,True,False,False,False,False,False,False,False,False,False,False,False,False,False,False,False,False,False,False,False,False,False,False,False,False,False,False,False,True,True,False,False,False
94.74,84.7,176,36,163.45,18.33,100.0,4,878,50,0,0.8940257546970657,0.20454545454545456,181.77999999999997,2019,11,2021,11,2022,12,2021,6,2022,8,2024,9,False,False,True,False,False,False,False,False,False,False,False,False,False,False,False,False,False,False,False,False,False,False,False,False,False,False,False,True,False,False,False,False,False,False,False,False,False,False,False,False,False,False,False,False,False,False,False,False,False,False,False,False,False,False,False,True,False,False,False,False,False
24.07,18.54,50,5,81.74,4.95,97.7,2,972,54,0,0.7702534275031159,0.1,86.69,2020,9,2022,4,2022,11,2022,10,2024,5,2026,1,False,True,False,False,False,False,False,False,False,False,False,False,False,False,False,False,False,False,False,False,False,False,False,False,False,False,False,False,False,False,False,False,False,False,False,False,False,True,False,False,False,False,False,False,False,False,False,False,False,False,False,False,True,False,False,False,False,True,False,False,False
98.85,82.97,163,24,408.31,8.63,100.0,1,852,50,0,0.8393525543753162,0.147239263803681,416.94,2016,11,2017,4,2017,10,2019,6,2020,8,2021,11,False,False,False,True,False,False,False,False,False,False,False,False,True,False,False,False,False,False,False,False,False,False,False,False,False,False,False,False,False,False,False,False,False,False,False,False,False,False,False,False,False,False,False,False,False,False,False,False,False,False,False,False,False,False,True,False,False,True,False,False,False
17.2,7.51,34,8,47.35,2.59,100.0,1,1485,65,1,0.4366279069767442,0.23529411764705882,49.94,2024,2,2026,4,2025,1,2027,2,2028,8,2030,7,False,True,False,False,False,False,False,False,False,False,False,False,False,False,True,False,False,False,False,False,False,False,False,False,False,False,False,False,False,False,False,False,False,False,False,False,False,False,False,False,False,False,False,False,False,False,False,False,False,False,False,False,False,False,False,True,False,False,True,True,False
35.15,19.81,52,10,106.04,3.6,87.6,2,1013,64,1,0.5635846372688478,0.19230769230769232,109.64,2022,8,2024,10,2024,5,2026,1,2026,4,2026,12,False,False,False,False,False,False,False,True,False,False,False,False,False,False,False,False,False,False,False,False,False,False,False,False,False,False,False,False,False,False,False,False,False,True,False,False,False,False,False,False,False,False,False,False,False,False,False,False,False,False,False,False,False,False,False,True,False,False,True,True,False
53.06,46.96,104,13,143.44,12.02,100.0,0,615,49,0,0.8850358085186582,0.125,155.46,2025,8,2026,12,2029,6,2027,9,2028,9,2030,4,False,False,False,False,False,False,False,True,False,False,False,False,False,False,False,False,False,False,False,False,False,False,True,False,False,False,False,False,False,False,False,False,False,False,False,False,False,False,False,False,False,False,False,False,False,False,False,False,False,False,False,False,False,False,False,True,False,False,False,False,False
65.68,61.09,123,21,251.2,5.41,100.0,5,114,13,0,0.9301157125456759,0.17073170731707318,256.61,2022,11,2023,12,2023,5,2024,9,2024,10,2025,3,True,False,False,False,False,False,False,False,False,False,False,False,False,False,False,False,False,False,False,False,False,False,False,False,False,False,False,False,False,False,False,False,False,False,False,False,False,False,False,False,False,False,False,False,True,False,False,False,False,False,False,False,False,True,False,False,False,False,False,False,True
55.79,46.78,101,16,94.53,11.59,92.1,3,1150,53,0,0.8385015235705324,0.15841584158415842,106.12,2024,5,2026,3,2025,6,2027,10,2028,4,2030,2,False,False,False,False,False,False,False,False,False,False,False,False,False,False,False,True,False,False,False,False,False,False,False,False,False,False,False,False,False,False,False,False,False,False,False,False,False,False,False,False,False,False,False,False,False,False,False,False,False,False,False,False,False,False,False,True,False,True,False,False,False
21.48,12.96,37,7,49.1,3.36,100.0,2,238,34,0,0.6033519553072626,0.1891891891891892,52.46,2018,2,2020,6,2018,8,2018,9,2020,4,2021,5,False,False,False,False,False,False,False,False,False,False,False,False,False,False,False,True,False,False,False,False,False,False,False,False,False,False,False,False,False,False,False,False,False,False,False,False,False,False,False,False,False,False,False,False,False,False,False,False,False,False,False,False,False,True,False,False,False,False,True,True,False
89.45,66.79,160,29,367.78,9.82,100.0,6,1448,54,0,0.7466741196198994,0.18125,377.59999999999997,2017,8,2019,3,2020,4,2021,11,2022,7,2023,4,False,False,False,False,False,True,False,False,False,False,False,False,False,False,False,False,False,False,False,False,False,False,False,False,False,False,False,False,False,False,False,False,True,False,False,False,False,False,False,False,False,False,False,False,False,False,False,False,False,False,False,False,False,False,False,True,False,True,False,False,False
26.46,15.91,46,8,92.01,2.15,100.0,0,654,59,0,0.6012849584278156,0.17391304347826086,94.16000000000001,2022,6,2023,6,2025,4,2023,1,2024,7,2026,7,False,False,False,False,False,False,False,False,True,False,False,False,False,False,False,False,False,False,False,False,False,False,False,False,False,True,False,False,False,False,False,False,False,False,False,False,False,False,False,False,False,False,False,False,False,False,False,False,False,False,False,False,False,False,False,False,False,False,True,True,False
16.96,16.05,28,4,33.65,2.68,100.0,2,1891,47,0,0.9463443396226415,0.14285714285714285,36.33,2020,4,2021,8,2023,9,2025,5,2026,11,2028,3,False,True,False,False,False,False,False,False,False,False,False,False,False,False,False,False,False,False,False,False,False,False,False,False,False,False,False,False,False,False,False,False,False,False,False,False,False,True,False,False,False,False,False,False,False,False,False,False,False,False,False,False,False,False,True,False,False,False,False,False,True
17.21,16.8,29,3,66.79,2.97,97.5,0,751,47,0,0.9761766414875073,0.10344827586206896,69.76,2017,8,2018,4,2021,2,2021,7,2022,6,2022,7,False,False,False,False,False,False,True,False,False,False,False,False,False,False,False,False,False,False,False,False,False,False,False,False,False,False,False,False,False,False,False,False,False,False,True,False,False,False,False,False,False,False,False,False,False,False,False,False,False,False,False,False,False,False,False,False,False,False,False,False,True
208.51,188.13,368,85,351.06,20.52,88.0,5,2042,53,0,0.9022588844659729,0.23097826086956522,371.58,2019,5,2021,7,2020,2,2024,10,2025,4,2026,8,False,False,False,False,True,False,False,False,False,False,False,False,False,False,False,False,False,False,False,False,True,False,False,False,False,False,False,False,False,False,False,False,False,False,False,False,False,False,False,False,False,False,False,False,False,False,False,False,False,False,False,False,False,False,False,True,False,True,False,False,True
14.27,11.32,18,4,44.9,0.67,91.0,0,1862,53,0,0.7932725998598459,0.2222222222222222,45.57,2020,8,2021,9,2022,2,2025,9,2026,12,2027,5,False,False,False,False,False,False,False,False,False,False,False,False,False,False,False,True,False,False,False,False,False,False,False,False,False,False,False,False,False,False,False,False,False,False,False,False,False,False,False,False,False,False,False,False,False,False,False,False,False,False,False,False,False,False,True,False,False,True,False,False,False
109.03,58.39,201,32,473.07,13.91,91.3,3,2208,64,1,0.5355406768779235,0.15920398009950248,486.98,2020,2,2021,9,2020,8,2025,7,2026,11,2028,12,False,False,False,False,True,False,False,False,False,False,False,False,False,False,False,False,False,False,False,False,False,False,False,False,False,False,False,False,False,False,False,False,False,False,False,False,False,False,False,False,False,False,False,False,False,False,True,False,False,False,False,False,False,False,True,False,False,False,True,True,False
9.63,6.34,17,2,28.18,1.14,100.0,0,645,55,0,0.6583592938733125,0.11764705882352941,29.32,2022,7,2024,11,2025,8,2024,7,2025,9,2027,1,True,False,False,False,False,False,False,False,False,False,False,False,False,False,False,False,False,False,False,False,False,False,False,False,False,False,False,False,False,False,False,False,False,False,False,False,False,False,False,False,False,False,False,False,False,False,False,True,False,False,False,False,True,False,False,False,False,True,False,False,False
48.81,44.1,89,19,183.43,8.24,78.3,2,1863,50,0,0.9035033804548248,0.21348314606741572,191.67000000000002,2018,6,2018,11,2019,4,2023,3,2024,9,2025,5,False,False,False,False,True,False,False,False,False,False,False,False,False,False,False,False,False,True,False,False,False,False,False,False,False,False,False,False,False,False,False,False,False,False,False,False,False,False,False,False,False,False,False,False,False,False,False,False,False,False,False,False,False,False,False,False,False,False,False,False,True
40.33,24.71,84,19,142.01,9.85,90.1,3,1726,62,1,0.612695264071411,0.2261904761904762,151.85999999999999,2020,7,2021,3,2023,3,2025,11,2026,1,2027,12,False,False,False,False,False,False,True,False,False,False,False,False,False,False,False,False,False,False,False,True,False,False,False,False,False,False,False,False,False,False,False,False,False,False,False,False,False,False,False,False,False,False,False,False,False,False,False,False,False,False,False,False,True,False,False,False,False,False,True,True,False
151.6,75.84,273,52,606.88,19.96,92.8,9,975,66,1,0.5002638522427441,0.19047619047619047,626.84,2019,1,2019,10,2021,12,2022,11,2023,5,2024,2,False,False,True,False,False,False,False,False,False,False,False,False,False,False,False,False,False,False,False,False,False,False,False,False,False,False,False,False,False,False,False,False,False,False,False,False,False,False,False,False,False,False,False,False,False,False,False,False,False,True,False,False,False,False,True,False,False,False,True,True,False
15.57,11.92,30,3,68.27,2.8,93.2,0,1085,54,0,0.7655748233782915,0.1,71.07,2024,10,2025,4,2026,5,2029,3,2030,2,2030,11,False,False,False,False,False,False,True,False,False,False,False,False,False,False,False,False,False,False,True,False,False,False,False,False,False,False,False,False,False,False,False,False,False,False,False,False,False,False,False,False,False,False,False,False,False,False,False,False,False,False,False,False,False,True,False,False,False,True,False,False,False
11.81,9.7,21,3,10.42,1.16,100.0,1,820,53,0,0.8213378492802709,0.14285714285714285,11.58,2020,3,2021,10,2020,12,2023,4,2024,3,2025,1,False,False,False,False,True,False,False,False,False,False,False,False,False,False,False,False,False,False,False,False,False,False,False,False,False,False,False,False,False,False,False,False,False,False,False,False,False,False,False,False,False,False,False,True,False,False,False,False,False,False,False,False,False,False,True,False,False,True,False,False,False
26.67,16.71,40,6,24.09,3.2,100.0,1,838,58,0,0.6265466816647919,0.15,27.29,2016,6,2017,6,2020,5,2020,12,2021,6,2021,8,False,False,False,False,False,False,True,False,False,False,False,False,False,False,False,False,False,False,True,False,False,False,False,False,False,False,False,False,False,False,False,False,False,False,False,False,False,False,False,False,False,False,False,False,False,False,False,False,False,False,False,False,True,False,False,False,False,True,False,True,False
158.35,147.73,303,49,474.95,9.55,100.0,8,930,51,0,0.9329333754341648,0.1617161716171617,484.5,2017,9,2018,1,2018,6,2021,4,2021,12,2023,6,False,False,False,True,False,False,False,False,False,False,False,False,False,False,False,False,False,False,False,False,False,False,False,False,False,False,False,False,False,False,False,False,False,False,False,False,False,False,False,True,False,False,False,False,False,False,False,False,False,False,False,False,False,False,False,False,False,True,False,False,True
12.38,6.54,23,2,53.61,2.33,100.0,0,2401,62,1,0.5282714054927302,0.08695652173913043,55.94,2021,8,2022,5,2021,11,2027,4,2027,11,2029,11,True,False,False,False,False,False,False,False,False,False,False,False,False,False,False,False,False,False,False,False,False,False,False,False,False,False,False,False,False,False,False,False,False,False,False,False,False,False,False,False,False,False,False,False,False,False,False,False,False,False,True,False,False,False,False,True,False,False,True,True,False
2.25,1.24,3,1,5.84,0.16,78.9,0,1132,62,1,0.5511111111111111,0.3333333333333333,6.0,2024,6,2026,5,2028,4,2027,6,2028,3,2030,2,False,True,False,False,False,False,False,False,False,False,False,False,False,False,False,False,False,False,False,False,False,False,False,False,False,False,False,False,False,False,False,False,False,False,False,True,False,False,False,False,False,False,False,False,False,False,False,False,False,False,False,False,False,False,False,True,False,True,False,True,False
31.81,25.74,62,15,124.29,1.74,97.7,1,2485,54,0,0.8091795033008488,0.24193548387096775,126.03,2017,11,2018,5,2018,5,2024,3,2025,3,2026,10,False,False,True,False,False,False,False,False,False,False,False,False,False,False,False,False,False,False,False,False,False,False,False,False,False,False,False,False,False,False,False,False,False,False,False,False,False,False,False,False,False,False,False,False,False,False,False,False,False,True,False,False,False,False,False,False,False,True,False,False,False
77.44,52.35,130,29,281.98,15.48,96.2,5,2778,59,0,0.6760072314049587,0.2230769230769231,297.46000000000004,2019,9,2020,11,2021,5,2026,3,2027,4,2029,3,False,False,False,False,False,False,False,False,False,False,False,False,False,False,False,False,False,False,False,False,False,False,False,False,False,False,False,False,False,False,False,False,False,False,False,False,True,False,False,False,False,False,False,False,False,False,False,False,False,False,False,False,False,False,False,True,False,False,True,False,False
10.87,9.3,25,6,28.74,2.75,88.0,0,1585,50,0,0.8555657773689054,0.24,31.49,2024,9,2026,10,2026,8,2030,11,2030,12,2031,6,False,False,False,False,False,False,False,True,False,False,False,False,False,False,False,False,False,False,False,False,False,False,False,False,False,False,False,False,False,False,False,False,False,True,False,False,False,False,False,False,False,False,False,False,False,False,False,False,False,False,False,False,False,False,False,True,False,False,False,False,False
69.96,57.31,133,20,188.8,5.29,95.2,1,1725,52,0,0.819182389937107,0.15037593984962405,194.09,2024,11,2026,1,2026,1,2029,12,2030,9,2032,5,False,True,False,False,False,False,False,False,False,False,False,False,False,False,False,False,False,False,False,False,False,False,False,False,False,False,False,False,False,False,False,False,False,False,False,False,False,True,False,False,False,False,False,False,False,False,False,False,False,False,False,False,True,False,False,False,False,True,False,False,False
10.63,10.14,27,7,25.65,1.52,100.0,2,0,2,0,0.9539040451552211,0.25925925925925924,27.169999999999998,2021,6,2023,10,2025,8,2021,12,2022,12,2023,1,False,False,False,False,False,False,False,True,False,False,False,False,False,False,False,False,False,False,False,False,False,False,True,False,False,False,False,False,False,False,False,False,False,False,False,False,False,False,False,False,False,False,False,False,False,False,False,False,False,False,False,False,False,False,False,False,False,False,False,False,True
25.88,13.28,58,9,44.85,6.59,99.2,1,2062,63,1,0.5131375579598145,0.15517241379310345,51.44,2016,11,2018,7,2018,1,2023,3,2023,10,2024,5,True,False,False,False,False,False,False,False,False,False,False,False,False,False,False,False,False,False,False,False,False,False,False,False,False,False,False,False,False,False,False,False,False,False,False,False,False,False,False,False,False,False,False,False,False,False,False,False,False,False,True,False,False,False,False,False,True,False,True,True,False
63.6,51.03,113,26,252.95,11.26,100.0,4,2139,52,0,0.8023584905660377,0.23008849557522124,264.21,2024,2,2026,1,2025,5,2029,2,2030,6,2032,4,False,False,True,False,False,False,False,False,False,False,False,False,False,False,False,False,False,False,False,False,False,False,False,False,False,False,False,False,False,False,False,False,False,False,False,False,False,False,False,False,False,False,False,False,False,False,False,False,False,True,False,False,False,True,False,False,False,False,False,False,False
9.14,7.42,11,3,14.4,1.22,97.8,0,1794,55,0,0.811816192560175,0.2727272727272727,15.620000000000001,2021,4,2022,7,2023,11,2026,7,2027,6,2028,3,False,False,False,False,False,True,False,False,False,False,False,False,False,False,False,False,False,False,False,False,False,False,False,False,False,False,False,False,True,False,False,False,False,False,False,False,False,False,False,False,False,False,False,False,False,False,False,False,False,False,False,False,False,True,False,False,False,False,True,False,False
35.93,21.73,65,14,149.31,4.96,100.0,0,810,58,0,0.6047870860005566,0.2153846153846154,154.27,2025,5,2026,8,2026,1,2027,6,2028,5,2029,6,False,False,False,False,False,False,False,False,False,False,False,False,False,False,False,False,False,False,False,False,False,False,False,False,False,False,False,False,False,False,False,False,False,False,False,False,True,False,False,False,False,False,False,False,False,False,False,False,False,False,False,False,False,False,False,True,False,True,False,True,False
100.99,52.72,184,30,215.21,8.15,87.9,2,890,64,1,0.5220318843449847,0.16304347826086957,223.36,2022,10,2023,7,2023,5,2024,7,2025,10,2026,11,False,False,False,True,False,False,False,False,False,False,False,False,True,False,False,False,False,False,False,False,False,False,False,False,False,False,False,False,False,False,False,False,False,False,False,False,False,False,False,False,False,False,False,False,False,False,False,False,False,False,False,False,False,True,False,False,False,False,True,True,False
48.13,33.16,93,20,43.22,3.97,100.0,1,2058,57,0,0.6889673800124662,0.21505376344086022,47.19,2023,12,2024,7,2028,2,2029,3,2030,4,2032,4,False,False,False,False,False,True,False,False,False,False,False,False,False,False,False,False,False,False,False,False,False,False,False,False,False,False,False,False,False,False,False,False,True,False,False,False,False,False,False,False,False,False,False,False,False,False,False,False,False,False,False,False,False,False,False,False,False,False,True,False,False
14.58,10.78,19,5,20.75,1.38,100.0,1,27,11,0,0.7393689986282579,0.2631578947368421,22.13,2021,6,2021,10,2024,9,2023,1,2023,8,2024,7,True,False,False,False,False,False,False,False,False,True,False,False,False,False,False,False,False,False,False,False,False,False,False,False,False,False,False,False,False,False,False,False,False,False,False,False,False,False,False,False,False,False,False,False,False,False,False,False,False,False,False,False,False,False,False,False,False,True,False,False,False
136.83,80.74,249,37,558.94,27.99,98.9,5,1492,61,1,0.5900752758897901,0.14859437751004015,586.9300000000001,2020,3,2020,7,2024,6,2025,6,2025,9,2025,10,False,True,False,False,False,False,False,False,False,False,False,False,False,False,False,False,False,False,False,False,False,False,False,False,False,False,False,False,False,False,False,False,False,False,False,True,False,False,False,False,False,False,False,False,False,False,False,False,False,False,False,False,False,False,True,False,False,False,True,True,False
57.88,41.24,87,10,73.81,7.23,93.6,4,1007,56,0,0.7125086385625432,0.11494252873563218,81.04,2016,10,2018,7,2019,11,2020,4,2020,10,2021,1,False,False,False,True,False,False,False,False,False,False,False,False,False,False,False,False,False,False,False,False,False,False,False,False,False,False,False,False,False,False,False,False,False,False,False,False,False,False,False,True,False,False,False,False,False,False,False,False,False,False,False,False,False,False,True,False,False,True,False,False,False
4.66,3.11,11,2,16.47,0.26,100.0,0,1399,55,0,0.667381974248927,0.18181818181818182,16.73,2019,7,2021,1,2022,8,2025,5,2025,7,2025,7,False,False,False,False,False,False,True,False,False,False,False,False,False,False,False,False,False,False,False,False,False,False,False,False,False,False,False,False,False,False,False,False,False,False,True,False,False,False,False,False,False,False,False,False,False,False,False,False,False,False,False,False,False,True,False,False,False,True,False,False,False
71.11,46.72,121,24,104.99,9.2,100.0,4,1463,58,0,0.6570102657854029,0.19834710743801653,114.19,2022,12,2023,10,2025,5,2027,6,2028,2,2028,8,False,False,False,False,True,False,False,False,False,False,False,False,False,False,False,False,False,False,False,False,True,False,False,False,False,False,False,False,False,False,False,False,False,False,False,False,False,False,False,False,False,False,False,False,False,False,False,False,False,False,False,False,False,False,False,False,True,True,False,False,False
16.92,15.2,28,3,44.77,2.26,98.7,0,1181,48,0,0.8983451536643025,0.10714285714285714,47.03,2016,12,2019,1,2018,9,2020,7,2020,10,2022,10,False,False,False,True,False,False,False,False,False,False,False,False,False,False,False,False,False,False,False,False,False,False,False,False,False,False,False,False,False,False,False,False,False,False,False,False,False,False,False,True,False,False,False,False,False,False,False,False,False,False,False,False,False,False,True,False,False,False,False,False,False
36.47,16.02,68,7,56.87,5.31,83.9,0,0,21,0,0.4392651494378942,0.10294117647058823,62.18,2022,3,2023,9,2023,8,2022,12,2023,3,2023,9,True,False,False,False,False,False,False,False,False,False,False,False,False,False,False,False,False,False,False,False,False,False,False,False,False,False,False,False,False,False,False,False,False,False,False,False,False,False,False,False,False,False,False,False,False,False,False,True,False,False,False,False,False,False,True,False,False,False,True,True,False
82.11,56.23,159,32,166.91,14.17,100.0,1,1800,56,0,0.6848130556570454,0.20125786163522014,181.07999999999998,2023,11,2024,11,2025,12,2028,1,2028,7,2030,9,False,False,False,False,False,False,False,False,True,False,False,False,False,False,False,False,False,False,False,False,False,False,False,False,False,False,False,False,False,False,False,True,False,False,False,False,False,False,False,False,False,False,False,False,False,False,False,False,False,False,False,False,False,False,False,False,False,True,False,False,False
17.29,7.47,23,3,21.82,1.14,92.6,0,2579,66,1,0.43204164256795835,0.13043478260869565,22.96,2016,7,2017,6,2018,7,2022,10,2024,4,2026,6,False,False,False,False,True,False,False,False,False,False,False,False,False,False,False,False,False,True,False,False,False,False,False,False,False,False,False,False,False,False,False,False,False,False,False,False,False,False,False,False,False,False,False,False,False,False,False,False,False,False,False,False,False,False,False,False,True,False,True,True,False
5.78,4.53,13,1,16.51,0.45,100.0,0,1583,52,0,0.7837370242214533,0.07692307692307693,16.96,2025,1,2027,2,2029,4,2029,6,2030,5,2030,11,False,False,False,False,False,False,False,True,False,False,False,False,False,False,False,False,False,False,False,False,False,False,False,False,False,False,False,False,False,False,False,False,False,False,False,False,False,False,False,False,False,False,False,False,False,False,False,False,False,False,False,False,False,False,False,True,False,True,False,False,False
135.04,63.9,219,33,290.82,20.81,100.0,4,919,64,1,0.47319312796208535,0.1506849315068493,311.63,2023,12,2025,5,2026,1,2026,10,2026,11,2028,3,False,False,False,False,False,False,False,False,False,False,False,False,False,False,False,True,False,False,False,False,False,False,False,False,False,False,False,False,False,False,False,False,False,False,False,False,False,False,False,False,False,False,False,False,False,False,False,False,False,False,False,False,False,True,False,False,False,False,True,True,False
96.02,70.58,182,22,206.66,7.21,100.0,5,1114,57,0,0.7350551968339929,0.12087912087912088,213.87,2021,12,2023,7,2022,4,2025,10,2027,3,2027,6,False,False,False,False,False,False,False,True,False,False,False,False,False,False,False,False,False,False,False,False,False,False,False,False,False,False,False,False,False,False,False,False,False,True,False,False,False,False,False,False,False,False,False,False,False,False,False,False,False,False,False,False,False,False,True,False,False,True,False,False,False
27.46,22.51,50,6,25.89,1.57,100.0,1,698,52,0,0.8197378004369993,0.12,27.46,2021,3,2023,2,2025,6,2023,11,2025,3,2026,5,False,False,False,True,False,False,False,False,False,False,False,False,True,False,False,False,False,False,False,False,False,False,False,False,False,False,False,False,False,False,False,False,False,False,False,False,False,False,False,False,False,False,False,False,False,False,False,False,False,False,False,False,False,False,False,False,True,True,False,False,False
70.35,65.48,122,29,91.71,6.82,90.6,4,1736,49,0,0.9307746979388771,0.23770491803278687,98.53,2018,8,2020,5,2021,7,2022,12,2024,2,2025,9,False,False,False,False,False,False,False,True,False,False,False,False,False,False,False,False,False,False,False,False,False,False,False,False,False,False,False,False,False,False,False,False,False,False,False,False,False,False,False,False,False,False,False,False,False,False,False,False,False,False,False,True,False,False,False,False,True,False,False,False,True
20.71,18.85,34,6,70.78,3.51,100.0,1,494,45,0,0.9101883148237566,0.17647058823529413,74.29,2023,4,2024,8,2026,10,2024,1,2025,9,2027,4,True,False,False,False,False,False,False,False,False,False,False,False,False,False,False,False,False,False,False,False,False,False,False,False,False,False,False,False,False,False,False,False,False,False,False,False,False,False,False,False,False,False,False,False,True,False,False,False,False,False,False,False,False,True,False,False,False,False,False,False,True
33.02,26.4,62,12,62.13,1.75,79.6,1,1325,55,0,0.7995154451847364,0.1935483870967742,63.88,2018,7,2020,1,2019,9,2021,12,2023,3,2024,4,False,False,False,False,False,False,True,False,False,False,False,False,False,False,False,False,False,False,True,False,False,False,False,False,False,False,False,False,False,False,False,False,False,False,False,False,False,False,False,False,False,False,False,False,False,False,False,False,False,False,False,False,False,False,False,False,True,True,False,False,False
25.94,23.37,43,12,63.18,1.7,91.5,2,1401,51,0,0.9009252120277563,0.27906976744186046,64.88,2025,7,2027,10,2028,9,2029,12,2031,5,2032,4,False,True,False,False,False,False,False,False,False,False,False,False,False,False,False,False,False,False,False,False,False,False,False,False,False,False,False,False,False,False,False,False,False,False,False,False,False,True,False,False,False,False,False,False,False,False,False,False,False,False,False,False,False,False,False,False,True,True,False,False,True
21.56,8.59,46,12,78.12,3.11,97.6,0,1714,65,1,0.39842300556586274,0.2608695652173913,81.23,2019,9,2021,6,2024,2,2025,1,2026,1,2027,3,False,False,False,False,False,False,False,False,False,False,False,False,False,False,False,False,False,False,False,False,False,True,False,False,False,False,False,False,False,False,False,False,False,False,False,False,False,False,False,False,False,False,False,False,False,False,False,False,False,False,False,False,False,False,False,False,True,False,True,True,False
42.92,33.1,94,17,104.97,4.58,99.5,5,1110,54,0,0.7712022367194781,0.18085106382978725,109.55,2021,1,2022,5,2024,11,2023,12,2024,8,2026,2,False,False,False,False,False,False,False,True,False,False,False,False,False,False,False,False,False,False,False,False,False,False,False,False,False,False,False,False,False,False,False,False,False,False,False,False,False,False,False,False,False,True,False,False,False,False,False,False,False,False,False,False,False,False,True,False,False,True,False,False,False
8.95,8.65,11,1,14.63,1.01,85.7,0,772,47,0,0.9664804469273744,0.09090909090909091,15.64,2016,12,2019,4,2020,11,2020,6,2021,6,2021,7,False,False,False,False,False,False,False,True,False,False,False,False,False,False,False,False,False,False,False,False,False,False,True,False,False,False,False,False,False,False,False,False,False,False,False,False,False,False,False,False,False,False,False,False,False,False,False,False,False,False,False,False,False,True,False,False,False,False,False,False,True
23.3,13.17,44,16,66.04,3.85,83.0,2,1491,62,1,0.565236051502146,0.36363636363636365,69.89,2017,1,2018,11,2019,10,2021,5,2022,8,2022,12,False,False,False,True,False,False,False,False,False,False,False,False,False,False,False,False,False,False,False,False,False,False,False,False,False,False,False,False,False,False,False,False,False,False,False,False,False,False,False,True,False,False,False,False,False,False,False,False,False,False,False,False,False,False,False,False,True,True,False,True,False
41.04,34.62,76,15,154.49,7.92,100.0,5,1053,52,0,0.8435672514619883,0.19736842105263158,162.41,2016,1,2016,8,2018,4,2019,3,2020,11,2021,2,False,True,False,False,False,False,False,False,False,False,False,False,False,False,False,False,False,False,False,False,False,False,False,False,False,False,False,False,False,False,False,False,False,False,False,True,False,False,False,False,False,False,False,False,False,False,False,False,False,False,False,False,False,False,False,False,True,True,False,False,False
188.31,94.45,338,64,568.45,13.65,100.0,6,704,65,1,0.5015665657692103,0.1893491124260355,582.1,2017,11,2020,3,2022,3,2021,10,2022,7,2022,11,False,False,False,False,False,True,False,False,False,False,False,False,False,False,False,False,False,False,False,False,False,False,False,False,False,False,False,False,True,False,False,False,False,False,False,False,False,False,False,False,False,False,False,False,False,False,False,False,False,False,False,False,False,False,True,False,False,False,True,True,False
9.32,6.49,16,2,21.95,1.36,92.4,0,1339,57,0,0.6963519313304721,0.125,23.31,2020,7,2022,9,2024,1,2026,1,2026,9,2027,4,False,False,False,False,False,False,False,True,False,False,False,False,False,False,False,False,False,False,False,False,False,False,False,False,False,False,False,False,False,False,False,False,False,True,False,False,False,False,False,False,False,False,False,False,False,False,False,False,False,False,False,False,False,True,False,False,False,True,False,False,False
50.43,25.11,89,20,63.78,8.68,86.8,4,1889,65,1,0.49791790600832836,0.2247191011235955,72.46000000000001,2022,9,2023,7,2026,2,2028,2,2028,6,2029,6,True,False,False,False,False,False,False,False,False,False,False,False,False,False,False,False,False,False,False,False,False,False,False,False,False,False,False,False,False,False,False,False,False,False,False,False,False,False,False,False,False,False,False,False,True,False,False,False,False,False,False,False,False,False,False,False,False,False,True,True,False
56.27,34.62,95,17,96.8,2.5,100.0,1,1408,57,0,0.6152479118535631,0.17894736842105263,99.3,2025,7,2027,1,2026,7,2030,5,2030,6,2031,1,False,False,False,False,False,False,False,False,True,False,False,False,False,False,False,False,False,False,False,False,False,False,False,False,True,False,False,False,False,False,False,False,False,False,False,False,False,False,False,False,False,False,False,False,False,False,False,False,False,False,False,False,False,False,True,False,False,True,False,True,False
4.59,2.72,4,1,19.74,0.09,100.0,0,1827,59,0,0.5925925925925927,0.25,19.83,2022,9,2024,12,2023,7,2026,7,2027,12,2029,8,False,False,False,False,False,False,False,False,False,False,False,False,False,False,False,False,False,False,False,False,False,False,False,False,False,False,False,False,False,False,False,False,False,False,False,False,False,False,False,False,True,False,False,False,False,False,False,False,False,False,False,False,False,True,False,False,False,False,True,True,False
45.17,25.33,69,16,165.13,5.24,97.6,3,1115,61,1,0.5607704228470223,0.2318840579710145,170.37,2016,7,2017,6,2020,6,2020,1,2020,10,2021,5,False,False,False,False,False,False,False,True,False,False,False,False,False,False,False,False,False,False,False,False,False,False,True,False,False,False,False,False,False,False,False,False,False,False,False,False,False,False,False,False,False,False,False,False,False,False,False,False,False,False,False,False,False,False,False,False,True,False,True,True,False
72.26,51.35,138,29,81.22,10.87,79.8,5,635,59,0,0.7106282867423194,0.21014492753623187,92.09,2017,7,2018,8,2021,4,2018,12,2020,4,2022,1,True,False,False,False,False,False,False,False,False,False,False,False,False,False,False,False,False,False,False,False,False,False,False,False,False,False,False,False,False,False,False,False,False,False,False,False,False,False,False,False,False,False,False,False,False,False,False,False,False,False,True,False,False,True,False,False,False,True,False,False,False
53.98,32.44,99,20,44.29,5.87,98.5,2,1939,58,0,0.6009633197480548,0.20202020202020202,50.16,2017,7,2019,3,2020,1,2022,6,2023,4,2025,6,True,False,False,False,False,False,False,False,False,False,False,False,False,False,False,False,False,False,False,False,False,False,False,False,False,False,False,False,False,False,False,False,False,False,False,False,False,False,False,False,False,False,False,False,True,False,False,False,False,False,False,False,False,True,False,False,False,True,False,True,False
27.55,21.16,40,10,39.92,0.94,100.0,1,1303,53,0,0.7680580762250454,0.25,40.86,2023,2,2023,9,2025,7,2027,4,2027,7,2029,3,False,False,False,False,False,False,False,False,False,False,False,False,False,False,False,True,False,False,False,False,False,False,False,False,False,False,False,False,False,False,False,False,False,False,False,False,False,False,False,False,False,False,False,False,False,False,False,False,False,False,False,False,False,False,False,True,False,True,False,False,False
41.81,19.53,81,13,179.47,4.88,97.7,2,1282,63,1,0.467113130829945,0.16049382716049382,184.35,2024,7,2024,9,2027,10,2028,9,2030,3,2031,3,False,False,False,False,False,True,False,False,False,False,True,False,False,False,False,False,False,False,False,False,False,False,False,False,False,False,False,False,False,False,False,False,False,False,False,False,False,False,False,False,False,False,False,False,False,False,False,False,False,False,False,False,False,True,False,False,False,False,True,True,False
35.51,26.41,53,6,104.62,4.46,90.6,0,2000,55,0,0.7437341593917207,0.11320754716981132,109.08,2024,12,2025,10,2026,6,2031,1,2031,7,2032,4,True,False,False,False,False,False,False,False,False,True,False,False,False,False,False,False,False,False,False,False,False,False,False,False,False,False,False,False,False,False,False,False,False,False,False,False,False,False,False,False,False,False,False,False,False,False,False,False,False,False,False,False,False,False,False,False,False,True,False,False,False
5.53,2.54,8,3,21.58,0.72,100.0,1,1745,63,1,0.4593128390596745,0.375,22.299999999999997,2022,12,2025,5,2026,11,2027,4,2028,9,2030,5,False,False,False,False,False,False,False,False,True,False,False,False,False,False,False,False,False,False,False,False,False,False,False,False,False,True,False,False,False,False,False,False,False,False,False,False,False,False,False,False,False,False,False,False,False,False,False,False,False,False,False,False,False,True,False,False,False,False,True,True,False
36.35,22.98,74,13,91.65,5.13,84.4,1,532,59,0,0.6321870701513067,0.17567567567567569,96.78,2023,5,2024,8,2027,9,2025,8,2026,12,2027,7,True,False,False,False,False,False,False,False,False,False,False,False,False,False,False,False,False,False,False,False,False,False,False,False,False,False,False,False,False,False,False,False,False,False,False,False,False,False,False,False,False,False,False,False,True,False,False,False,False,False,False,False,False,False,False,False,False,True,False,True,False
20.76,11.26,44,5,80.1,3.19,89.1,1,953,61,1,0.5423892100192678,0.11363636363636363,83.28999999999999,2021,6,2022,12,2022,10,2025,5,2026,7,2027,4,True,False,False,False,False,False,False,False,False,False,False,False,False,False,False,False,False,False,False,False,False,False,False,False,False,False,False,False,False,False,False,False,False,False,False,False,False,False,False,False,False,False,False,False,True,False,False,False,False,False,False,False,False,False,False,False,True,True,False,True,False
14.81,11.53,30,3,13.71,2.62,100.0,0,307,34,0,0.7785280216070222,0.1,16.330000000000002,2023,1,2025,1,2026,2,2024,9,2025,9,2026,8,True,False,False,False,False,False,False,False,False,True,False,False,False,False,False,False,False,False,False,False,False,False,False,False,False,False,False,False,False,False,False,False,False,False,False,False,False,False,False,False,False,False,False,False,False,False,False,False,False,False,False,False,False,False,False,False,False,True,False,False,False
359.59,254.73,666,112,855.55,43.24,91.5,16,512,59,0,0.7083901109597042,0.16816816816816818,898.79,2018,8,2019,12,2020,9,2020,5,2020,12,2022,3,False,False,False,False,False,False,True,False,False,False,False,False,False,False,False,False,False,False,False,False,False,False,False,False,False,False,False,False,False,False,False,False,False,False,False,False,False,False,False,False,False,False,False,False,False,True,False,False,False,False,False,False,False,False,False,False,True,True,False,False,False
104.86,47.29,191,39,230.39,8.85,100.0,2,529,64,1,0.45098226206370395,0.20418848167539266,239.23999999999998,2023,10,2024,11,2026,7,2024,10,2025,11,2027,3,False,False,False,False,False,False,True,False,False,False,False,False,False,False,False,False,False,False,True,False,False,False,False,False,False,False,False,False,False,False,False,False,False,False,False,False,False,False,False,False,False,False,False,False,False,False,False,False,False,False,False,False,False,False,False,False,True,False,True,True,False
9.49,8.69,14,4,42.06,0.59,84.5,2,1729,50,0,0.9157007376185458,0.2857142857142857,42.650000000000006,2017,4,2019,3,2021,1,2022,3,2022,7,2023,7,False,False,False,False,False,True,False,False,False,False,True,False,False,False,False,False,False,False,False,False,False,False,False,False,False,False,False,False,False,False,False,False,False,False,False,False,False,False,False,False,False,False,False,False,False,False,False,False,False,False,False,False,False,False,False,False,False,False,False,False,True
42.38,34.86,80,12,81.02,7.62,100.0,2,1189,50,0,0.8225578102878716,0.15,88.64,2020,11,2021,8,2022,7,2024,2,2024,12,2025,10,False,False,False,False,False,False,False,True,False,False,False,False,False,False,False,False,False,False,False,False,False,False,False,False,False,False,False,False,False,False,False,False,False,False,False,False,False,False,False,False,False,False,False,False,False,False,False,False,False,False,False,True,False,False,True,False,False,False,False,False,False
128.77,101.92,221,47,301.66,15.19,99.8,10,311,36,0,0.7914887007843441,0.21266968325791855,316.85,2016,2,2016,8,2019,9,2018,1,2019,1,2019,9,True,False,False,False,False,False,False,False,False,False,False,False,False,False,False,False,False,False,False,False,False,False,False,False,False,False,False,False,False,False,False,False,False,False,False,False,False,False,False,False,False,False,False,False,False,False,False,False,False,False,True,False,True,False,False,False,False,True,False,False,False
6.71,4.22,12,3,24.21,0.99,100.0,0,719,57,0,0.6289120715350223,0.25,25.2,2023,4,2025,1,2026,11,2024,1,2025,8,2027,7,False,True,False,False,False,False,False,False,False,False,False,False,False,False,False,False,False,False,False,False,False,False,False,False,False,False,False,False,False,False,False,False,False,False,False,False,False,True,False,False,False,False,False,False,False,False,False,False,False,False,False,False,False,True,False,False,False,True,False,True,False
32.36,20.16,61,10,131.34,4.09,93.0,3,0,15,0,0.622991347342398,0.16393442622950818,135.43,2025,2,2027,2,2028,4,2025,12,2026,4,2026,5,False,False,False,False,False,False,False,True,False,False,False,False,False,False,False,False,False,False,False,False,False,False,False,False,False,False,False,False,False,False,False,False,False,False,False,False,False,False,False,False,False,True,False,False,False,False,False,False,False,False,False,False,False,False,False,True,False,False,True,True,False
33.92,27.05,77,12,137.38,7.85,100.0,3,2104,53,0,0.7974646226415094,0.15584415584415584,145.23,2021,9,2023,4,2025,3,2026,10,2027,9,2029,3,False,False,False,False,False,True,False,False,False,False,False,False,False,False,False,False,False,False,False,False,False,False,False,False,False,False,False,False,False,False,False,False,True,False,False,False,False,False,False,False,False,False,False,False,False,False,False,False,False,False,False,False,True,False,False,False,False,True,False,False,False
8.38,5.04,15,4,18.94,1.05,100.0,0,513,56,0,0.6014319809069212,0.26666666666666666,19.990000000000002,2021,6,2023,3,2025,4,2025,8,2025,9,2025,12,False,False,True,False,False,False,False,False,False,False,False,False,False,False,False,False,False,False,False,False,False,False,False,False,False,False,False,True,False,False,False,False,False,False,False,False,False,False,False,False,False,False,False,False,False,False,False,False,False,False,False,False,False,True,False,False,False,True,False,True,False
43.8,39.76,84,9,188.76,9.98,98.6,4,274,26,0,0.9077625570776255,0.10714285714285714,198.73999999999998,2017,12,2019,2,2021,9,2018,8,2018,11,2020,4,False,False,False,False,False,False,False,True,False,False,False,False,False,False,False,False,False,False,False,False,False,False,True,False,False,False,False,False,False,False,False,False,False,False,False,False,False,False,False,False,False,False,False,False,False,False,False,False,False,False,False,False,False,True,False,False,False,False,False,False,True
91.49,57.13,155,38,294.41,6.86,100.0,4,2119,59,0,0.6244398294895618,0.24516129032258063,301.27000000000004,2025,8,2027,5,2026,1,2031,9,2032,3,2033,12,False,False,False,False,False,False,False,True,False,False,False,False,False,False,False,False,False,False,False,False,False,False,False,False,False,False,False,False,False,False,False,False,False,False,False,False,False,False,False,False,False,False,False,False,False,False,False,False,False,False,False,True,False,False,False,False,True,True,False,True,False
135.37,94.42,226,41,534.6,7.65,94.5,3,329,39,0,0.6974957523823595,0.18141592920353983,542.25,2022,3,2022,7,2026,2,2024,2,2024,5,2024,10,False,False,False,False,True,False,False,False,False,False,False,False,False,False,False,False,False,False,False,False,False,False,False,False,False,False,False,False,False,False,False,False,False,False,False,False,False,False,False,False,False,False,False,True,False,False,False,False,False,False,False,False,False,True,False,False,False,True,False,False,False
23.35,13.53,37,7,98.71,2.12,100.0,1,843,61,1,0.5794432548179871,0.1891891891891892,100.83,2020,7,2022,3,2022,3,2021,7,2023,3,2024,4,False,False,False,True,False,False,False,False,False,False,False,False,False,False,False,False,False,False,False,False,False,False,False,False,False,False,False,False,False,False,False,False,False,False,False,False,False,False,False,True,False,False,False,False,False,False,False,False,False,False,False,False,False,False,False,True,False,False,True,True,False
365.64,119.95,624,104,608.54,69.8,72.4,17,787,77,1,0.32805491740509796,0.16666666666666666,678.3399999999999,2018,7,2018,12,2019,10,2020,9,2021,7,2023,2,False,False,False,False,True,False,False,False,False,False,False,False,False,False,False,False,False,True,False,False,False,False,False,False,False,False,False,False,False,False,False,False,False,False,False,False,False,False,False,False,False,False,False,False,False,False,False,False,False,False,False,False,False,True,False,False,False,False,True,True,False
3.83,2.43,7,1,10.14,0.74,91.7,0,1622,59,0,0.6344647519582246,0.14285714285714285,10.88,2016,12,2017,2,2020,8,2022,7,2022,11,2023,10,False,False,False,False,False,False,False,False,True,False,False,False,False,False,False,False,False,False,False,False,False,False,False,False,False,False,False,False,False,False,False,True,False,False,False,False,False,False,False,False,False,False,False,False,False,False,False,False,False,False,False,False,False,False,False,False,False,False,True,True,False
42.79,32.21,83,22,127.29,3.71,90.3,3,1281,55,0,0.752745968684272,0.26506024096385544,131.0,2025,1,2026,2,2025,12,2028,7,2029,3,2030,12,False,False,False,False,False,False,True,False,False,False,False,False,False,False,False,False,False,False,False,True,False,False,False,False,False,False,False,False,False,False,False,False,False,False,False,False,False,False,False,False,False,False,False,False,False,False,False,False,False,False,False,False,True,False,False,False,False,True,False,False,False
7.3,4.32,9,1,27.51,0.72,100.0,0,943,59,0,0.5917808219178082,0.1111111111111111,28.23,2022,1,2022,9,2022,11,2022,11,2024,5,2026,3,False,False,False,False,False,False,True,False,False,False,False,False,False,False,False,False,False,False,False,False,False,False,False,False,False,False,False,False,False,False,False,False,False,False,False,False,False,False,False,False,False,False,False,False,False,True,False,False,False,False,False,False,False,False,False,False,False,False,True,True,False
32.79,11.23,62,12,74.9,4.89,69.6,3,1010,71,1,0.3424824641659043,0.1935483870967742,79.79,2024,3,2025,2,2025,5,2028,4,2029,8,2029,11,False,False,False,True,False,False,False,False,False,False,False,False,False,False,False,False,False,False,False,False,False,False,False,False,False,False,False,False,False,False,False,False,False,False,False,False,False,False,False,False,False,False,True,False,False,False,False,False,False,False,False,False,False,False,False,True,False,False,True,True,False
17.78,17.06,26,5,28.07,1.28,100.0,0,2114,46,0,0.9595050618672665,0.19230769230769232,29.35,2018,4,2020,5,2021,8,2023,8,2024,6,2025,8,False,False,False,False,False,False,False,False,False,False,False,False,False,False,False,False,False,False,False,False,False,False,False,False,False,False,False,False,False,False,False,False,False,False,False,False,False,False,False,False,True,False,False,False,False,False,False,False,False,False,False,False,False,True,False,False,False,False,False,False,True
49.74,34.32,89,17,176.58,3.87,100.0,0,1566,56,0,0.6899879372738239,0.19101123595505617,180.45000000000002,2021,7,2023,8,2025,3,2027,9,2028,4,2028,12,False,False,False,False,False,False,False,False,False,False,False,False,False,False,False,True,False,False,False,False,False,False,False,False,False,False,False,False,False,False,False,False,False,False,False,False,False,False,False,False,False,False,False,False,False,False,False,False,False,False,False,False,False,False,False,True,False,True,False,False,False
26.39,21.6,42,8,78.95,2.48,90.5,2,1817,54,0,0.8184918529746116,0.19047619047619047,81.43,2024,7,2025,10,2027,2,2029,9,2030,8,2031,7,False,False,False,False,False,True,False,False,False,False,False,False,False,False,False,False,False,False,False,False,False,False,False,False,False,False,False,False,False,False,False,False,True,False,False,False,False,False,False,False,False,False,False,False,False,False,False,False,False,False,False,False,False,False,False,False,True,True,False,False,False
13.12,7.49,23,4,54.1,2.27,97.7,0,2216,58,0,0.5708841463414634,0.17391304347826086,56.370000000000005,2022,8,2023,6,2024,4,2029,3,2030,3,2031,2,False,False,False,True,False,False,False,False,False,False,False,False,False,False,False,False,False,False,False,False,False,False,False,False,False,False,False,False,False,False,False,False,False,False,False,False,False,False,False,False,False,False,False,False,False,False,False,False,True,False,False,False,False,False,False,False,False,True,False,True,False
14.01,4.99,21,1,45.16,0.82,100.0,0,1724,66,1,0.3561741613133476,0.047619047619047616,45.98,2018,6,2020,4,2020,1,2022,10,2023,6,2025,8,False,False,False,False,False,False,False,True,False,False,False,False,False,False,False,False,False,False,False,False,False,False,False,False,False,False,False,False,False,False,False,False,False,False,False,False,False,False,False,False,False,False,False,False,False,False,False,False,False,False,False,True,False,False,False,False,False,False,True,True,False
206.95,101.18,364,52,178.44,23.5,66.1,15,1413,73,1,0.48891036482242095,0.14285714285714285,201.94,2021,4,2022,2,2024,4,2025,10,2026,7,2027,6,False,False,False,False,False,False,False,False,False,False,False,False,False,False,False,False,False,False,False,False,False,True,False,False,False,False,False,False,False,False,False,False,False,False,False,False,False,False,False,False,False,False,False,False,False,False,False,False,False,False,False,False,False,False,True,False,False,False,True,True,False
46.69,35.1,95,14,204.34,6.48,85.8,5,867,57,0,0.7517669736560292,0.14736842105263157,210.82,2019,8,2020,5,2023,8,2023,12,2025,3,2025,4,True,False,False,False,False,False,False,False,False,False,False,False,False,False,False,False,False,False,False,False,False,False,False,False,False,False,False,False,False,False,False,False,False,False,False,False,False,False,False,False,False,False,False,False,False,False,False,True,False,False,False,False,False,True,False,False,False,True,False,False,False
5.46,4.99,12,2,16.35,1.37,100.0,0,1659,49,0,0.913919413919414,0.16666666666666666,17.720000000000002,2016,2,2017,1,2018,7,2022,6,2023,3,2023,10,False,True,False,False,False,False,False,False,False,False,False,False,False,False,True,False,False,False,False,False,False,False,False,False,False,False,False,False,False,False,False,False,False,False,False,False,False,False,False,False,False,False,False,False,False,False,False,False,False,False,False,False,False,False,False,False,True,True,False,False,True
51.98,35.91,103,21,156.19,5.19,70.2,2,1318,59,0,0.6908426317814543,0.20388349514563106,161.38,2019,9,2021,3,2021,5,2022,11,2024,1,2025,3,False,False,False,False,False,False,False,True,False,False,False,False,False,False,False,False,False,False,False,False,False,False,False,False,False,False,False,False,False,False,False,False,False,False,False,False,False,False,False,False,False,False,False,False,False,False,False,False,False,False,False,False,False,False,False,False,False,True,False,False,False
24.66,18.33,33,11,102.69,0.72,89.3,2,1165,55,0,0.74330900243309,0.3333333333333333,103.41,2018,4,2019,11,2021,5,2021,12,2022,6,2023,3,False,False,False,False,False,False,False,False,True,False,False,False,False,True,False,False,False,False,False,False,False,False,False,False,False,False,False,False,False,False,False,False,False,False,False,False,False,False,False,False,False,False,False,False,False,False,False,False,False,False,False,False,False,False,False,False,False,True,False,False,False
30.1,20.88,54,15,98.01,4.83,100.0,0,2369,56,0,0.6936877076411959,0.2777777777777778,102.84,2023,8,2024,4,2024,12,2029,12,2031,7,2033,5,True,False,False,False,False,False,False,False,False,False,False,False,False,False,False,False,False,False,False,False,False,False,False,False,False,False,False,False,False,False,False,False,False,False,False,False,False,False,False,False,False,False,False,False,False,False,False,False,False,False,True,False,False,False,False,False,True,True,False,False,False
68.03,58.14,148,33,175.07,14.15,71.6,2,1246,55,0,0.8546229604586212,0.22297297297297297,189.22,2016,8,2018,2,2020,11,2021,10,2022,3,2022,5,True,False,False,False,False,False,False,False,False,True,False,False,False,False,False,False,False,False,False,False,False,False,False,False,False,False,False,False,False,False,False,False,False,False,False,False,False,False,False,False,False,False,False,False,False,False,False,False,False,False,False,False,False,False,False,True,False,True,False,False,False
97.83,29.92,185,29,117.1,16.71,90.1,4,0,26,0,0.305836655422672,0.15675675675675677,133.81,2022,11,2025,3,2026,11,2023,10,2023,12,2024,4,False,False,False,True,False,False,False,False,False,False,False,False,False,False,False,False,False,False,False,False,False,False,False,False,False,False,False,False,False,False,False,False,False,False,False,False,False,False,True,False,False,False,False,False,False,False,False,False,False,False,False,False,False,False,False,True,False,False,True,True,False
12.69,8.03,19,5,55.33,1.71,92.6,0,78,19,0,0.6327817178881009,0.2631578947368421,57.04,2019,9,2020,2,2023,3,2021,11,2022,11,2022,12,False,False,False,False,False,True,False,False,False,False,False,False,False,False,False,False,False,False,False,False,False,False,False,False,False,False,False,False,False,True,False,False,False,False,False,False,False,False,False,False,False,False,False,False,False,False,False,False,False,False,False,False,False,True,False,False,False,True,False,True,False
29.09,13.9,52,8,31.72,3.55,100.0,5,0,21,0,0.47782743210725337,0.15384615384615385,35.269999999999996,2025,8,2027,8,2027,2,2026,7,2026,11,2027,5,False,False,False,False,False,False,False,False,True,False,False,False,False,True,False,False,False,False,False,False,False,False,False,False,False,False,False,False,False,False,False,False,False,False,False,False,False,False,False,False,False,False,False,False,False,False,False,False,False,False,False,False,False,False,True,False,False,False,True,True,False
17.36,13.29,28,4,24.83,0.61,99.4,0,1336,55,0,0.7655529953917051,0.14285714285714285,25.439999999999998,2022,4,2024,5,2026,3,2025,9,2025,10,2027,5,False,False,False,False,False,False,False,False,False,False,False,False,False,False,False,True,False,False,False,False,False,False,False,False,False,False,False,False,False,False,False,False,False,False,False,False,False,False,False,False,False,False,False,False,False,False,False,False,False,False,False,False,False,False,False,False,False,False,True,False,False
54.43,47.2,97,17,208.59,9.02,100.0,1,2046,48,0,0.8671688407128423,0.17525773195876287,217.61,2022,10,2024,7,2026,3,2029,1,2030,4,2031,6,False,False,False,True,False,False,False,False,False,False,False,False,False,False,False,False,False,False,False,False,False,False,False,False,False,False,False,False,False,False,False,False,False,False,False,False,False,False,True,False,False,False,False,False,False,False,False,False,False,False,False,False,False,False,True,False,False,False,False,False,False
23.75,10.16,36,7,62.09,4.09,82.7,0,148,35,0,0.42778947368421055,0.19444444444444445,66.18,2016,7,2018,8,2017,6,2017,9,2017,12,2019,3,False,False,False,False,False,False,False,False,False,False,False,False,False,False,False,True,False,False,False,False,False,False,False,False,False,False,False,False,False,False,False,False,False,False,False,False,False,False,False,False,False,False,False,False,False,False,False,False,False,False,False,False,False,False,False,True,False,False,True,True,False
30.85,29.22,51,7,45.03,1.82,100.0,1,733,47,0,0.9471636952998378,0.13725490196078433,46.85,2019,5,2021,6,2021,3,2020,10,2020,12,2022,10,False,False,False,True,False,False,False,False,False,False,False,False,True,False,False,False,False,False,False,False,False,False,False,False,False,False,False,False,False,False,False,False,False,False,False,False,False,False,False,False,False,False,False,False,False,False,False,False,False,False,False,False,False,False,False,True,False,False,False,False,True
22.87,8.56,47,4,42.51,1.26,82.1,3,1463,69,1,0.3742894621775251,0.0851063829787234,43.769999999999996,2021,12,2024,2,2024,4,2027,6,2027,7,2028,2,False,False,False,True,False,False,False,False,False,False,False,False,False,False,False,False,False,False,False,False,False,False,False,False,False,False,False,False,False,False,False,False,False,False,False,False,False,False,False,True,False,False,False,False,False,False,False,False,False,False,False,False,True,False,False,False,False,False,True,True,False
26.95,24.39,45,5,120.68,2.09,100.0,0,1330,48,0,0.9050092764378479,0.1111111111111111,122.77000000000001,2023,2,2024,2,2024,8,2027,5,2028,7,2029,6,False,False,False,True,False,False,False,False,False,False,False,False,False,False,False,False,False,False,False,False,False,False,False,False,False,False,False,False,False,False,False,False,False,False,False,False,False,False,False,True,False,False,False,False,False,False,False,False,False,False,False,False,False,True,False,False,False,True,False,False,True
164.79,153.86,332,67,487.92,34.85,94.2,13,0,7,0,0.9336731597791129,0.20180722891566266,522.77,2023,12,2024,1,2026,4,2025,4,2025,11,2025,12,False,False,False,False,False,True,False,False,False,False,True,False,False,False,False,False,False,False,False,False,False,False,False,False,False,False,False,False,False,False,False,False,False,False,False,False,False,False,False,False,False,False,False,False,False,False,False,False,False,False,False,False,True,False,False,False,False,False,False,False,True
327.26,93.17,560,104,748.11,17.14,97.5,12,442,66,1,0.28469718266821487,0.18571428571428572,765.25,2025,6,2027,12,2027,6,2027,2,2027,7,2029,5,False,False,False,True,False,False,False,False,False,False,False,False,False,False,False,False,False,False,False,False,False,False,False,False,False,False,False,False,False,False,False,False,False,False,False,False,False,False,False,False,False,False,True,False,False,False,False,False,False,False,False,False,True,False,False,False,False,False,True,True,False
43.69,36.03,79,19,176.6,7.23,100.0,1,1217,50,0,0.8246738384069582,0.24050632911392406,183.82999999999998,2023,7,2024,12,2026,4,2028,2,2028,7,2028,10,False,False,True,False,False,False,False,False,False,False,False,False,False,False,False,False,False,False,False,False,False,False,False,False,False,False,False,False,False,False,False,False,False,False,False,False,False,False,False,False,False,False,False,False,False,False,False,False,False,True,False,False,True,False,False,False,False,False,False,False,False
27.11,22.46,34,9,69.8,0.89,91.7,0,1458,52,0,0.8284765769088898,0.2647058823529412,70.69,2023,12,2025,5,2028,3,2028,11,2029,3,2030,10,False,True,False,False,False,False,False,False,False,False,False,False,False,False,False,False,False,False,False,False,False,False,False,False,False,False,False,False,False,False,False,False,False,False,False,False,False,True,False,False,False,False,False,False,False,False,False,False,False,False,False,False,False,True,False,False,False,True,False,False,False
6.08,2.18,16,5,11.79,0.37,99.1,2,0,25,0,0.3585526315789474,0.3125,12.159999999999998,2021,9,2023,11,2024,11,2022,8,2023,3,2023,7,False,False,False,False,False,False,False,False,False,False,False,False,False,False,False,False,False,False,False,False,False,False,False,False,False,False,False,False,False,False,False,False,False,False,False,False,False,False,False,False,True,False,False,False,False,False,False,False,False,False,False,False,False,True,False,False,False,False,True,True,False
14.01,5.42,25,6,19.72,2.73,100.0,2,867,66,1,0.3868665239114918,0.24,22.45,2019,5,2021,7,2020,9,2021,12,2022,6,2023,10,False,False,False,False,False,False,False,True,False,False,False,False,False,False,False,False,False,False,False,False,False,False,False,False,False,False,False,False,False,False,False,False,False,False,False,False,False,False,False,False,False,False,False,False,False,False,False,False,False,False,False,True,False,False,False,False,True,False,True,True,False
26.4,13.54,45,5,93.84,4.37,97.7,1,354,47,0,0.5128787878787878,0.1111111111111111,98.21000000000001,2021,9,2022,3,2022,8,2022,7,2023,12,2024,2,False,False,False,False,True,False,False,False,False,False,False,False,False,False,False,False,False,True,False,False,False,False,False,False,False,False,False,False,False,False,False,False,False,False,False,False,False,False,False,False,False,False,False,False,False,False,False,False,False,False,False,False,False,False,True,False,False,False,True,True,False
14.66,10.18,28,5,44.07,2.24,100.0,3,764,56,0,0.694406548431105,0.17857142857142858,46.31,2021,8,2023,7,2024,5,2025,2,2026,3,2026,8,False,False,False,False,False,False,False,False,True,False,False,False,False,False,False,False,False,False,False,False,False,False,False,False,False,True,False,False,False,False,False,False,False,False,False,False,False,False,False,False,False,False,False,False,False,False,False,False,False,False,False,False,False,False,True,False,False,True,False,False,False
16.28,10.33,23,2,18.59,0.86,100.0,2,1136,59,0,0.6345208845208845,0.08695652173913043,19.45,2017,9,2020,1,2021,8,2022,7,2022,8,2023,9,False,False,False,False,False,False,True,False,False,False,False,False,False,False,False,False,False,False,False,False,False,False,False,False,False,False,False,False,False,False,False,False,False,False,True,False,False,False,False,False,False,False,False,False,False,False,False,False,False,False,False,False,False,False,False,False,True,False,True,True,False
144.81,104.59,266,59,432.85,12.74,100.0,6,604,57,0,0.722256750224432,0.22180451127819548,445.59000000000003,2024,10,2026,4,2025,9,2025,7,2026,8,2028,1,False,False,False,False,False,True,False,False,False,False,False,False,False,False,False,False,False,False,False,False,False,False,False,False,False,False,False,False,False,True,False,False,False,False,False,False,False,False,False,False,False,False,False,False,False,False,False,False,False,False,False,False,False,False,False,False,True,True,False,False,False
30.84,22.97,44,9,42.87,1.09,100.0,0,707,55,0,0.7448119325551232,0.20454545454545456,43.96,2017,8,2017,11,2019,6,2019,9,2021,4,2022,9,False,False,False,False,False,False,False,True,False,False,False,False,False,False,False,False,False,False,False,False,False,False,False,False,False,False,False,False,False,False,False,False,False,False,False,False,False,False,False,False,False,False,False,False,False,False,False,False,False,False,False,False,False,False,False,True,False,True,False,False,False
33.72,24.94,58,10,149.46,4.9,93.1,2,1482,55,0,0.739620403321471,0.1724137931034483,154.36,2018,6,2019,11,2021,2,2022,6,2023,12,2024,10,True,False,False,False,False,False,False,False,False,False,False,False,False,False,False,False,False,False,False,False,False,False,False,False,False,False,False,False,False,False,False,False,False,False,False,False,False,False,False,False,False,False,False,False,True,False,False,False,False,False,False,False,True,False,False,False,False,True,False,False,False
15.27,11.3,24,5,26.89,2.13,98.6,2,228,29,0,0.7400130975769483,0.20833333333333334,29.02,2021,1,2022,7,2025,5,2021,10,2022,4,2023,3,False,False,True,False,False,False,False,False,False,False,False,False,False,False,False,False,True,False,False,False,False,False,False,False,False,False,False,False,False,False,False,False,False,False,False,False,False,False,False,False,False,False,False,False,False,False,False,False,False,False,False,False,False,False,False,False,True,True,False,False,False
97.28,63.33,177,27,328.35,9.32,77.2,2,1399,57,0,0.6510074013157895,0.15254237288135594,337.67,2024,4,2026,2,2024,10,2027,8,2028,8,2029,10,False,False,False,False,False,False,True,False,False,False,False,False,False,False,False,False,False,False,False,False,False,False,False,False,False,False,False,False,False,False,False,False,False,False,True,False,False,False,False,False,False,False,False,False,False,False,False,False,False,False,False,False,False,False,False,False,False,False,False,False,False
24.23,15.86,41,8,78.2,2.21,68.6,0,596,61,1,0.6545604622368963,0.1951219512195122,80.41,2018,11,2019,6,2021,4,2020,9,2021,11,2023,5,False,False,False,False,True,False,False,False,False,False,False,False,False,False,False,False,False,False,False,False,False,False,False,False,False,False,False,False,False,False,False,False,False,False,False,False,False,False,False,False,False,False,False,False,False,False,True,False,False,False,False,False,False,False,True,False,False,True,False,False,False
17.8,14.75,26,2,59.77,2.16,100.0,0,1129,50,0,0.8286516853932584,0.07692307692307693,61.93000000000001,2024,8,2025,2,2028,4,2027,4,2028,9,2030,5,False,False,False,False,False,False,False,True,False,False,False,False,False,False,False,False,False,False,False,False,False,False,False,False,False,False,False,False,False,False,False,False,False,True,False,False,False,False,False,False,False,False,False,False,False,False,False,False,False,False,False,False,False,False,False,False,True,False,False,False,False
6.17,5.47,10,4,14.75,1.15,100.0,0,877,49,0,0.886547811993517,0.4,15.9,2016,5,2016,10,2016,9,2018,3,2018,4,2020,6,False,False,False,False,False,False,True,False,False,False,False,False,False,False,False,False,False,False,True,False,False,False,False,False,False,False,False,False,False,False,False,False,False,False,False,False,False,False,False,False,False,False,False,False,False,False,False,False,False,False,False,False,False,False,False,False,False,False,False,False,False
28.19,18.58,56,10,30.31,3.33,85.4,2,1865,60,0,0.6590989712664065,0.17857142857142858,33.64,2018,8,2019,9,2020,5,2023,4,2024,9,2025,8,False,False,False,False,False,False,False,True,False,False,False,False,False,False,False,False,False,False,False,False,False,False,False,False,False,False,False,False,False,False,False,False,False,False,False,False,False,False,False,False,False,True,False,False,False,False,False,False,False,False,False,False,False,False,False,False,False,False,True,False,False
17.25,15.33,32,8,76.35,2.22,95.5,1,1321,48,0,0.888695652173913,0.25,78.57,2018,9,2019,1,2021,2,2021,7,2022,2,2023,12,False,False,True,False,False,False,False,False,False,False,False,False,False,False,False,False,True,False,False,False,False,False,False,False,False,False,False,False,False,False,False,False,False,False,False,False,False,False,False,False,False,False,False,False,False,False,False,False,False,False,False,False,False,False,False,False,False,False,False,False,False
161.51,124.23,310,54,243.66,27.85,85.4,2,1766,56,0,0.769178379047737,0.17419354838709677,271.51,2018,9,2018,11,2021,8,2024,7,2025,7,2026,6,False,False,False,False,True,False,False,False,False,False,False,False,False,False,False,False,False,True,False,False,False,False,False,False,False,False,False,False,False,False,False,False,False,False,False,False,False,False,False,False,False,False,False,False,False,False,False,False,False,False,False,False,False,False,False,True,False,True,False,False,False
189.41,142.45,349,51,690.96,18.93,91.7,7,1453,57,0,0.7520722242753815,0.14613180515759314,709.89,2019,6,2021,10,2023,1,2022,8,2023,7,2024,11,True,False,False,False,False,False,False,False,False,True,False,False,False,False,False,False,False,False,False,False,False,False,False,False,False,False,False,False,False,False,False,False,False,False,False,False,False,False,False,False,False,False,False,False,False,False,False,False,False,False,False,False,False,False,False,True,False,True,False,False,False
8.71,4.3,17,3,11.4,1.82,100.0,0,755,64,1,0.49368541905855334,0.17647058823529413,13.22,2016,12,2018,6,2020,8,2018,10,2019,11,2020,6,False,False,False,True,False,False,False,False,False,False,False,False,False,False,False,False,False,False,False,False,False,False,False,False,False,False,False,False,False,False,False,False,False,False,False,False,False,False,False,False,False,False,True,False,False,False,False,False,False,False,False,False,False,False,False,False,False,False,True,True,False
9.76,6.02,19,3,17.96,1.99,100.0,0,2157,57,0,0.6168032786885246,0.15789473684210525,19.95,2018,9,2020,7,2020,4,2024,7,2025,3,2026,12,False,False,False,False,False,False,False,False,False,False,False,False,False,False,False,False,False,False,False,False,False,True,False,False,False,False,False,False,False,False,False,False,False,False,False,False,False,False,False,False,False,False,False,False,False,False,False,False,False,False,False,False,False,False,False,True,False,True,False,True,False
22.73,17.29,39,5,65.27,3.41,94.3,1,377,39,0,0.7606687197536295,0.1282051282051282,68.67999999999999,2022,5,2024,1,2023,10,2024,3,2024,9,2026,6,True,False,False,False,False,False,False,False,False,True,False,False,False,False,False,False,False,False,False,False,False,False,False,False,False,False,False,False,False,False,False,False,False,False,False,False,False,False,False,False,False,False,False,False,False,False,False,False,False,False,False,False,True,False,False,False,False,False,False,False,False
13.25,9.19,22,8,30.87,1.62,100.0,0,1258,55,0,0.6935849056603773,0.36363636363636365,32.49,2019,12,2020,3,2020,7,2023,7,2025,3,2025,12,False,False,False,True,False,False,False,False,False,False,False,False,False,False,False,False,False,False,False,False,False,False,False,False,False,False,False,False,False,False,False,False,False,False,False,False,False,False,False,False,False,False,False,False,False,False,False,False,True,False,False,False,False,False,False,False,False,True,False,False,False
37.24,25.57,65,9,161.83,7.69,84.9,1,1711,58,0,0.6866272824919442,0.13846153846153847,169.52,2018,6,2019,4,2019,6,2023,9,2024,9,2025,6,False,False,False,False,False,True,False,False,False,False,False,False,False,False,False,False,False,False,False,False,False,False,False,False,False,False,False,False,False,True,False,False,False,False,False,False,False,False,False,False,False,False,False,False,False,False,False,False,False,False,False,False,True,False,False,False,False,True,False,False,False
21.61,19.15,44,6,85.07,3.97,100.0,0,1598,50,0,0.8861638130495141,0.13636363636363635,89.03999999999999,2021,9,2023,3,2025,4,2026,8,2027,5,2028,4,False,True,False,False,False,False,False,False,False,False,False,False,False,False,True,False,False,False,False,False,False,False,False,False,False,False,False,False,False,False,False,False,False,False,False,False,False,False,False,False,False,False,False,False,False,False,False,False,False,False,False,False,True,False,False,False,False,True,False,False,False
39.67,34.04,55,11,167.04,4.64,85.4,0,1200,50,0,0.8580791530123518,0.2,171.67999999999998,2023,6,2025,1,2024,8,2027,4,2027,7,2028,10,False,False,False,False,False,False,False,False,True,False,False,False,False,False,False,False,False,False,False,False,False,False,False,False,False,True,False,False,False,False,False,False,False,False,False,False,False,False,False,False,False,False,False,False,False,False,False,False,False,False,False,False,False,False,False,False,False,False,False,False,False
82.77,80.13,166,26,262.43,17.88,100.0,4,544,47,0,0.9681043856469735,0.1566265060240964,280.31,2017,3,2018,5,2017,11,2018,4,2018,10,2020,6,False,False,False,False,False,False,False,False,True,False,False,False,False,False,False,False,False,False,False,False,False,False,False,False,True,False,False,False,False,False,False,False,False,False,False,False,False,False,False,False,False,False,False,False,False,False,False,False,False,False,False,False,False,False,True,False,False,False,False,False,True
10.34,7.72,15,5,16.65,1.13,98.3,0,2238,54,0,0.746615087040619,0.3333333333333333,17.779999999999998,2022,6,2022,12,2026,6,2029,1,2030,6,2030,8,False,False,False,False,False,False,False,False,False,False,False,False,False,False,False,False,False,False,False,False,False,False,False,False,False,False,False,False,False,False,False,False,False,False,False,False,True,False,False,False,False,False,False,False,False,False,False,False,False,False,False,False,False,False,False,False,False,True,False,False,False
81.06,65.17,144,16,220.36,6.38,100.0,3,736,53,0,0.803972366148532,0.1111111111111111,226.74,2017,9,2019,11,2021,9,2020,2,2021,4,2022,1,False,False,False,False,True,False,False,False,False,False,False,False,False,False,False,False,False,True,False,False,False,False,False,False,False,False,False,False,False,False,False,False,False,False,False,False,False,False,False,False,False,False,False,False,False,False,False,False,False,False,False,False,False,False,False,False,False,True,False,False,False
14.46,11.61,27,1,52.53,0.91,100.0,0,1924,52,0,0.8029045643153526,0.037037037037037035,53.44,2025,10,2027,5,2029,7,2031,1,2032,1,2032,12,False,False,True,False,False,False,False,False,False,False,False,False,False,False,False,False,True,False,False,False,False,False,False,False,False,False,False,False,False,False,False,False,False,False,False,False,False,False,False,False,False,False,False,False,False,False,False,False,False,False,False,False,False,False,False,True,False,True,False,False,False
256.85,165.11,487,94,266.98,32.68,100.0,10,0,17,0,0.6428265524625267,0.19301848049281314,299.66,2023,9,2024,12,2026,7,2024,5,2024,12,2025,4,False,False,False,False,True,False,False,False,False,False,False,False,False,False,False,False,False,False,False,False,False,False,False,False,False,False,False,False,False,False,False,False,False,False,False,False,False,False,False,False,False,False,False,True,False,False,False,False,False,False,False,False,False,False,False,False,False,False,True,True,False
151.56,93.2,269,47,605.26,19.25,100.0,6,1174,60,0,0.6149379783584059,0.17472118959107807,624.51,2022,1,2022,10,2023,9,2027,5,2027,10,2028,7,False,False,True,False,False,False,False,False,False,False,False,False,False,False,False,False,False,False,False,False,False,False,False,False,False,False,False,False,False,False,False,False,False,False,False,False,False,False,False,False,False,False,False,False,False,False,False,False,False,True,False,False,False,False,True,False,False,True,False,True,False
26.76,21.77,35,6,83.92,3.6,99.5,0,1763,50,0,0.8135276532137518,0.17142857142857143,87.52,2018,5,2020,3,2019,7,2022,11,2023,5,2025,5,False,False,False,False,True,False,False,False,False,False,False,False,False,False,False,False,False,True,False,False,False,False,False,False,False,False,False,False,False,False,False,False,False,False,False,False,False,False,False,False,False,False,False,False,False,False,False,False,False,False,False,False,False,False,False,True,False,False,False,False,False
11.43,6.09,21,6,39.74,0.71,100.0,0,1124,62,1,0.5328083989501312,0.2857142857142857,40.45,2023,9,2024,10,2024,7,2025,11,2026,12,2028,4,False,True,False,False,False,False,False,False,False,False,False,False,False,False,False,False,False,False,False,False,False,False,False,False,False,False,False,False,False,False,False,False,False,False,False,False,False,True,False,False,False,False,False,False,False,False,False,False,False,False,False,False,False,True,False,False,False,False,True,True,False
9.44,8.76,17,0,31.8,1.5,100.0,1,1771,48,0,0.9279661016949153,0.0,33.3,2022,4,2022,7,2022,10,2027,7,2028,8,2030,1,False,False,False,False,False,True,False,False,False,False,True,False,False,False,False,False,False,False,False,False,False,False,False,False,False,False,False,False,False,False,False,False,False,False,False,False,False,False,False,False,False,False,False,False,False,False,False,False,False,False,False,False,False,True,False,False,False,False,False,False,True
71.78,39.38,127,32,282.58,6.4,82.3,3,369,50,0,0.5486207857341878,0.25196850393700787,288.97999999999996,2021,6,2022,1,2024,8,2023,5,2023,9,2025,3,False,False,False,False,False,True,False,False,False,False,False,False,False,False,False,False,False,False,False,False,False,False,False,False,False,False,False,False,False,True,False,False,False,False,False,False,False,False,False,False,False,False,False,False,False,False,False,False,False,False,False,False,True,False,False,False,False,False,True,True,False
29.07,23.43,51,10,32.67,5.81,100.0,2,0,8,0,0.8059855521155831,0.19607843137254902,38.480000000000004,2021,3,2021,11,2022,12,2022,4,2023,5,2023,9,False,False,False,True,False,False,False,False,False,False,False,False,False,False,False,False,False,False,False,False,False,False,False,False,False,False,False,False,False,False,False,False,False,False,False,False,False,False,True,False,False,False,False,False,False,False,False,False,False,False,False,False,True,False,False,False,False,True,False,False,False
75.71,53.05,144,21,166.19,9.65,90.4,3,2167,59,0,0.7007000396248845,0.14583333333333334,175.84,2023,12,2024,2,2028,1,2029,10,2030,10,2031,12,False,False,False,False,False,False,True,False,False,False,False,False,False,False,False,False,False,False,True,False,False,False,False,False,False,False,False,False,False,False,False,False,False,False,False,False,False,False,False,False,False,False,False,False,False,False,False,False,False,False,False,False,False,False,True,False,False,False,True,False,False
271.57,226.55,505,84,722.29,41.53,100.0,16,1947,56,0,0.8342232205324595,0.16633663366336635,763.8199999999999,2017,9,2020,1,2020,6,2021,6,2022,12,2025,2,False,False,False,False,False,True,False,False,False,False,False,False,False,False,False,False,False,False,False,False,False,False,False,False,False,False,False,False,True,False,False,False,False,False,False,False,False,False,False,False,False,False,False,False,False,False,False,False,False,False,False,False,False,False,False,False,True,True,False,False,False
13.87,9.07,24,3,39.15,2.04,100.0,0,363,43,0,0.6539293439077145,0.125,41.19,2022,11,2023,4,2026,9,2024,2,2024,7,2025,7,False,False,False,False,False,True,False,False,False,False,False,False,False,False,False,False,False,False,False,False,False,False,False,False,False,False,False,False,True,False,False,False,False,False,False,False,False,False,False,False,False,False,False,False,False,False,False,False,False,False,False,False,False,True,False,False,False,False,True,False,False
8.76,5.01,18,2,37.56,0.52,100.0,1,1805,60,0,0.571917808219178,0.1111111111111111,38.080000000000005,2021,9,2022,3,2024,12,2026,4,2026,11,2028,12,True,False,False,False,False,False,False,False,False,False,False,False,False,False,False,False,False,False,False,False,False,False,False,False,False,False,False,False,False,False,False,False,False,False,False,False,False,False,False,False,False,False,False,False,False,False,False,False,False,False,True,False,True,False,False,False,False,False,True,True,False
36.33,29.79,60,9,34.77,6.31,92.1,1,904,52,0,0.8199834847233691,0.15,41.080000000000005,2025,4,2027,10,2027,11,2027,9,2027,10,2029,6,True,False,False,False,False,False,False,False,False,False,False,False,False,False,False,False,False,False,False,False,False,False,False,False,False,False,False,False,False,False,False,False,False,False,False,False,False,False,False,False,False,False,False,False,False,False,False,False,False,False,True,False,False,True,False,False,False,True,False,False,False
94.14,91.29,178,30,377.09,6.48,100.0,5,654,48,0,0.9697259400892289,0.16853932584269662,383.57,2021,8,2022,6,2022,1,2024,10,2025,10,2026,2,False,False,False,True,False,False,False,False,False,False,False,False,False,False,False,False,False,False,False,False,False,False,False,False,False,False,False,False,False,False,False,False,False,False,False,False,False,False,False,True,False,False,False,False,False,False,False,False,False,False,False,False,False,False,True,False,False,False,False,False,True
11.7,10.42,25,6,33.25,1.49,96.1,1,502,47,0,0.8905982905982907,0.24,34.74,2021,12,2023,3,2024,4,2023,10,2023,12,2025,7,False,False,False,False,False,False,True,False,False,False,False,False,False,False,False,False,False,False,True,False,False,False,False,False,False,False,False,False,False,False,False,False,False,False,False,False,False,False,False,False,False,False,False,False,False,False,False,False,False,False,False,False,False,False,True,False,False,True,False,False,False
31.02,29.27,60,7,88.47,5.24,100.0,2,2023,47,0,0.9435847840103159,0.11666666666666667,93.71,2019,12,2020,10,2021,7,2023,12,2025,5,2026,12,False,False,False,False,False,False,False,False,False,False,False,False,False,False,False,False,False,False,False,False,False,True,False,False,False,False,False,False,False,False,False,False,False,False,False,False,False,False,False,False,False,False,False,False,False,False,False,False,False,False,False,False,False,False,False,False,True,False,False,False,True
117.92,65.01,218,32,234.1,5.56,100.0,6,2245,63,1,0.5513059701492538,0.14678899082568808,239.66,2024,10,2027,4,2027,7,2031,4,2031,11,2033,6,True,False,False,False,False,False,False,False,False,True,False,False,False,False,False,False,False,False,False,False,False,False,False,False,False,False,False,False,False,False,False,False,False,False,False,False,False,False,False,False,False,False,False,False,False,False,False,False,False,False,False,False,False,False,False,False,True,False,True,True,False
5.85,4.83,10,2,18.61,0.78,95.2,0,2023,52,0,0.8256410256410257,0.2,19.39,2017,5,2017,12,2019,10,2021,6,2022,8,2024,11,False,False,False,False,False,False,False,False,False,False,False,False,False,False,False,False,False,False,False,False,False,False,False,False,False,False,False,False,False,False,False,False,False,False,False,False,False,False,False,False,True,False,False,False,False,False,False,False,False,False,False,False,False,False,False,True,False,True,False,False,False
37.91,33.53,79,10,121.0,4.82,71.9,4,1871,54,0,0.8844632023212874,0.12658227848101267,125.82,2024,10,2027,2,2025,1,2030,5,2030,11,2032,2,False,False,False,False,False,False,False,True,False,False,False,False,False,False,False,False,False,False,False,False,False,False,False,False,False,False,False,False,False,False,False,False,False,False,False,False,False,False,False,False,False,False,False,False,False,False,False,False,False,False,False,True,False,False,True,False,False,True,False,False,False
17.46,11.4,29,1,26.2,0.77,100.0,1,1492,59,0,0.6529209621993127,0.034482758620689655,26.97,2021,3,2023,4,2025,7,2026,8,2027,4,2027,5,True,False,False,False,False,False,False,False,False,False,False,False,False,False,False,False,False,False,False,False,False,False,False,False,False,False,False,False,False,False,False,False,False,False,False,False,False,False,False,False,False,False,False,False,False,False,False,False,False,False,True,False,True,False,False,False,False,False,True,False,False
33.93,18.85,63,7,112.14,5.84,91.4,0,1982,61,1,0.5555555555555556,0.1111111111111111,117.98,2024,6,2025,12,2027,11,2030,2,2031,1,2032,5,False,True,False,False,False,False,False,False,False,False,False,False,False,False,True,False,False,False,False,False,False,False,False,False,False,False,False,False,False,False,False,False,False,False,False,False,False,False,False,False,False,False,False,False,False,False,False,False,False,False,False,False,False,True,False,False,False,False,True,True,False
60.93,50.37,121,23,108.87,8.49,100.0,1,741,51,0,0.826686361398326,0.19008264462809918,117.36,2024,6,2026,6,2025,4,2026,6,2027,11,2029,1,False,False,False,False,False,False,True,False,False,False,False,False,False,False,False,False,False,False,False,True,False,False,False,False,False,False,False,False,False,False,False,False,False,False,False,False,False,False,False,False,False,False,False,False,False,False,False,False,False,False,False,False,False,False,False,False,False,True,False,False,False
37.37,32.21,60,12,125.13,3.02,100.0,0,646,50,0,0.861921327267862,0.2,128.15,2023,3,2023,12,2025,8,2026,6,2026,7,2028,1,False,False,False,True,False,False,False,False,False,False,False,False,False,False,False,False,False,False,False,False,False,False,False,False,False,False,False,False,False,False,False,False,False,False,False,False,False,False,False,True,False,False,False,False,False,False,False,False,False,False,False,False,False,False,False,False,True,True,False,False,False
10.91,8.15,20,3,33.43,0.57,86.6,1,2007,55,0,0.7470210815765354,0.15,34.0,2024,6,2025,6,2026,7,2030,8,2031,3,2032,4,False,False,False,False,False,False,False,True,False,False,False,False,False,False,False,False,False,False,False,False,False,False,False,False,False,False,False,False,False,False,False,False,False,False,False,False,False,False,False,False,False,False,False,False,False,False,False,False,False,False,False,True,False,False,False,False,False,True,False,False,False
18.15,14.24,30,4,62.6,2.24,100.0,1,478,48,0,0.784573002754821,0.13333333333333333,64.84,2019,12,2020,4,2021,5,2021,9,2022,3,2023,9,False,False,False,False,False,False,True,False,False,False,False,False,False,False,False,False,False,False,False,False,False,False,False,False,False,False,False,False,False,False,False,False,False,False,False,False,False,False,False,False,False,False,False,False,False,True,False,False,False,False,False,False,True,False,False,False,False,True,False,False,False
124.79,120.26,224,38,108.93,11.33,100.0,5,2180,49,0,0.9636990143440981,0.16964285714285715,120.26,2024,1,2026,3,2024,11,2030,5,2030,12,2032,6,False,True,False,False,False,False,False,False,False,False,False,False,False,False,False,False,False,False,False,False,False,False,False,False,False,False,False,False,False,False,False,False,False,False,False,True,False,False,False,False,False,False,False,False,False,False,False,False,False,False,False,False,False,False,False,False,True,True,False,False,True
41.63,33.87,80,9,52.61,9.17,93.0,3,2098,53,0,0.8135959644487147,0.1125,61.78,2025,7,2027,7,2028,9,2030,12,2032,6,2033,7,False,False,False,False,False,False,True,False,False,False,False,False,False,False,False,False,False,False,True,False,False,False,False,False,False,False,False,False,False,False,False,False,False,False,False,False,False,False,False,False,False,False,False,False,False,False,False,False,False,False,False,False,False,False,False,False,False,True,False,False,False
69.43,65.56,123,28,271.38,9.74,79.9,2,2563,49,0,0.9442604061644821,0.22764227642276422,281.12,2016,7,2016,9,2016,12,2021,9,2023,1,2024,12,False,True,False,False,False,False,False,False,False,False,False,False,False,False,False,False,False,False,False,False,False,False,False,False,False,False,False,False,False,False,False,False,False,False,False,True,False,False,False,False,False,False,False,False,False,False,False,False,False,False,False,False,True,False,False,False,False,False,False,False,True
38.49,32.66,79,16,85.01,3.83,90.0,2,2118,53,0,0.8485320862561703,0.20253164556962025,88.84,2020,6,2022,2,2021,2,2026,4,2026,8,2028,5,False,True,False,False,False,False,False,False,False,False,False,False,False,False,False,False,False,False,False,False,False,False,False,False,False,False,False,False,False,False,False,False,False,False,False,False,False,True,False,False,False,False,False,False,False,False,False,False,False,False,False,False,False,True,False,False,False,True,False,False,False
67.3,58.21,121,34,262.19,8.82,100.0,2,695,50,0,0.8649331352154532,0.2809917355371901,271.01,2024,2,2024,8,2026,2,2024,10,2026,1,2028,2,False,False,False,False,False,False,False,False,False,False,False,False,False,False,False,True,False,False,False,False,False,False,False,False,False,False,False,False,False,False,False,False,False,False,False,False,False,False,False,False,False,False,False,False,False,False,False,False,False,False,False,False,True,False,False,False,False,False,False,False,False
20.16,18.51,40,6,20.8,2.96,100.0,1,1568,48,0,0.918154761904762,0.15,23.76,2024,12,2026,11,2026,7,2027,10,2029,1,2031,3,False,False,False,False,True,False,False,False,False,False,False,False,False,False,False,False,False,False,False,False,False,False,False,False,False,False,False,False,False,False,False,False,False,False,False,False,False,False,False,False,False,False,False,True,False,False,False,False,False,False,False,False,False,False,False,True,False,False,False,False,True
13.91,11.24,24,7,50.73,2.22,87.7,1,963,53,0,0.8080517613227893,0.2916666666666667,52.949999999999996,2020,3,2022,7,2022,6,2023,12,2024,7,2025,9,False,False,False,False,False,False,False,True,False,False,False,False,False,False,False,False,False,False,False,False,False,False,True,False,False,False,False,False,False,False,False,False,False,False,False,False,False,False,False,False,False,False,False,False,False,False,False,False,False,False,False,False,False,False,False,False,True,True,False,False,False
64.31,52.47,124,23,71.38,13.67,80.5,1,1688,52,0,0.8158917742186285,0.18548387096774194,85.05,2020,1,2020,9,2024,3,2025,7,2027,3,2027,10,False,False,False,False,False,False,True,False,False,False,False,False,False,False,False,False,False,False,False,False,False,False,False,False,False,False,False,False,False,False,False,False,False,False,False,False,False,False,False,False,False,False,False,False,False,True,False,False,False,False,False,False,False,False,True,False,False,False,False,False,False
92.52,61.73,168,25,234.34,19.53,95.3,4,743,58,0,0.6672070903588413,0.1488095238095238,253.87,2016,9,2018,4,2020,4,2018,6,2019,11,2020,8,False,False,True,False,False,False,False,False,False,False,False,False,False,False,False,False,False,False,False,False,False,False,False,True,False,False,False,False,False,False,False,False,False,False,False,False,False,False,False,False,False,False,False,False,False,False,False,False,False,False,False,False,False,True,False,False,False,True,False,False,False
12.01,9.82,21,5,51.27,1.93,100.0,1,573,53,0,0.8176519567027477,0.23809523809523808,53.2,2019,9,2020,10,2020,7,2022,5,2022,12,2024,5,False,False,False,False,False,False,False,True,False,False,False,False,False,False,False,False,False,False,False,False,False,False,False,False,False,False,False,False,False,False,False,False,False,False,False,False,False,False,False,False,False,False,False,False,False,False,False,False,False,False,False,True,False,False,False,False,False,True,False,False,False
16.85,10.93,37,10,18.32,2.76,78.7,3,1935,60,0,0.6486646884272996,0.2702702702702703,21.08,2017,3,2017,11,2018,1,2023,4,2023,9,2025,7,False,False,False,False,True,False,False,False,False,False,False,False,False,False,False,False,False,False,False,False,False,False,False,False,False,False,False,False,False,False,False,False,False,False,False,False,False,False,False,False,False,False,False,False,False,False,True,False,False,False,False,False,False,False,False,False,True,True,False,True,False
25.45,23.03,54,8,53.38,2.29,99.9,2,84,10,0,0.9049115913555993,0.14814814814814814,55.67,2018,3,2018,5,2018,10,2019,5,2019,11,2021,2,False,False,False,False,False,False,False,True,False,False,False,False,False,False,False,False,False,False,False,False,False,False,False,False,False,False,False,False,False,False,True,False,False,False,False,False,False,False,False,False,False,False,False,False,False,False,False,False,False,False,False,False,False,False,True,False,False,False,False,False,True
151.38,121.86,253,42,411.43,15.26,100.0,9,1946,55,0,0.8049940546967895,0.16600790513833993,426.69,2017,1,2018,9,2018,3,2022,5,2023,7,2025,6,False,False,False,False,False,True,False,False,False,False,False,False,False,False,False,False,False,False,False,False,False,False,False,False,False,False,False,False,True,False,False,False,False,False,False,False,False,False,False,False,False,False,False,False,False,False,False,False,False,False,False,False,True,False,False,False,False,True,False,False,False
52.62,45.03,105,27,217.21,7.23,100.0,1,679,50,0,0.8557582668187002,0.2571428571428571,224.44,2022,11,2023,11,2025,3,2025,4,2026,6,2026,10,False,False,True,False,False,False,False,False,False,False,False,False,False,False,False,False,False,False,False,False,False,False,False,False,False,False,False,False,False,False,False,False,False,False,False,False,False,False,False,False,False,False,False,False,False,False,False,False,False,True,False,False,False,False,True,False,False,False,False,False,False
7.97,7.12,9,2,16.18,0.3,100.0,0,1840,47,0,0.8933500627352573,0.2222222222222222,16.48,2016,3,2017,8,2018,3,2022,8,2023,11,2023,12,False,False,False,False,True,False,False,False,False,False,False,False,False,False,False,False,False,False,False,False,False,False,False,False,False,False,False,False,False,False,False,False,False,False,False,False,False,False,False,False,False,False,False,True,False,False,False,False,False,False,False,False,False,False,False,False,True,False,False,False,False
27.3,11.5,59,9,103.36,2.69,65.5,1,1473,69,1,0.42124542124542125,0.15254237288135594,106.05,2016,8,2017,12,2017,11,2020,1,2021,7,2022,5,False,False,False,False,False,False,False,False,False,False,False,False,False,False,False,False,False,False,False,False,False,True,False,False,False,False,False,False,False,False,False,False,False,False,False,False,False,False,False,False,False,False,False,False,False,False,False,False,False,False,False,False,False,False,False,False,True,False,True,True,False
23.43,16.8,40,7,81.0,4.74,80.4,5,1183,59,0,0.7170294494238156,0.175,85.74,2018,11,2019,11,2020,9,2021,12,2023,6,2025,1,False,False,False,False,False,False,True,False,False,False,False,False,False,False,False,False,False,False,False,False,False,False,False,False,False,False,False,False,False,False,False,False,False,False,True,False,False,False,False,False,False,False,False,False,False,False,False,False,False,False,False,False,False,False,False,True,False,True,False,False,False
9.27,6.4,10,1,17.95,0.96,100.0,0,1189,57,0,0.6903991370010788,0.1,18.91,2020,9,2020,10,2022,5,2023,4,2024,5,2025,9,False,False,False,False,False,False,False,False,True,False,False,False,False,True,False,False,False,False,False,False,False,False,False,False,False,False,False,False,False,False,False,False,False,False,False,False,False,False,False,False,False,False,False,False,False,False,False,False,False,False,False,False,False,False,False,True,False,False,True,False,False
26.98,19.97,50,12,55.61,3.41,78.2,2,593,59,0,0.740177909562639,0.24,59.019999999999996,2025,2,2027,5,2028,12,2026,4,2027,7,2028,9,False,False,False,False,True,False,False,False,False,False,False,False,False,False,False,False,False,False,False,False,True,False,False,False,False,False,False,False,False,False,False,False,False,False,False,False,False,False,False,False,False,False,False,False,False,False,False,False,False,False,False,False,False,False,True,False,False,False,True,False,False
22.42,17.41,34,8,33.78,1.45,93.6,0,1515,54,0,0.7765388046387154,0.23529411764705882,35.230000000000004,2016,5,2018,6,2017,11,2021,9,2023,4,2023,6,False,False,False,True,False,False,False,False,False,False,False,False,False,False,False,False,False,False,False,False,False,False,False,False,False,False,False,False,False,False,False,False,False,False,False,False,False,False,False,False,False,False,False,False,False,False,False,False,True,False,False,False,True,False,False,False,False,True,False,False,False
20.87,18.83,40,8,70.21,3.09,93.3,2,1728,51,0,0.9022520364159079,0.2,73.3,2021,6,2022,12,2023,2,2027,9,2028,9,2029,2,False,False,False,False,False,False,True,False,False,False,False,False,False,False,False,False,False,False,False,True,False,False,False,False,False,False,False,False,False,False,False,False,False,False,False,False,False,False,False,False,False,False,False,False,False,False,False,False,False,False,False,False,False,False,True,False,False,True,False,False,True
19.94,18.02,38,5,57.5,1.64,100.0,2,846,48,0,0.9037111334002005,0.13157894736842105,59.14,2025,4,2026,9,2025,10,2027,9,2029,4,2030,2,False,False,False,False,True,False,False,False,False,False,False,False,False,False,False,False,False,False,False,False,False,False,False,False,False,False,False,False,False,False,False,False,False,False,False,False,False,False,False,False,False,False,False,False,False,False,True,False,False,False,False,False,False,False,False,False,True,False,False,False,True
130.5,87.7,203,46,179.22,7.98,100.0,6,1850,60,0,0.6720306513409962,0.22660098522167488,187.2,2021,11,2022,8,2025,10,2027,6,2027,8,2029,4,False,False,False,False,False,True,False,False,False,False,False,True,False,False,False,False,False,False,False,False,False,False,False,False,False,False,False,False,False,False,False,False,False,False,False,False,False,False,False,False,False,False,False,False,False,False,False,False,False,False,False,False,False,False,False,False,True,False,True,False,False
20.83,11.55,34,11,64.45,1.0,100.0,1,980,62,1,0.5544887181949113,0.3235294117647059,65.45,2025,2,2025,8,2028,5,2029,2,2029,8,2030,5,False,False,False,False,False,False,False,False,True,False,False,False,False,False,False,False,False,False,False,False,False,False,False,False,False,True,False,False,False,False,False,False,False,False,False,False,False,False,False,False,False,False,False,False,False,False,False,False,False,False,False,False,False,False,False,False,False,False,True,True,False
31.49,22.69,65,12,83.29,3.55,100.0,2,1468,55,0,0.7205462051444904,0.18461538461538463,86.84,2022,3,2022,12,2023,1,2026,8,2027,5,2027,11,False,False,False,False,False,True,False,False,False,False,True,False,False,False,False,False,False,False,False,False,False,False,False,False,False,False,False,False,False,False,False,False,False,False,False,False,False,False,False,False,False,False,False,False,False,False,False,False,False,False,False,False,False,False,False,True,False,True,False,False,False
28.25,16.32,48,11,32.28,3.56,100.0,0,280,38,0,0.5776991150442478,0.22916666666666666,35.84,2024,4,2026,2,2027,11,2026,8,2027,11,2028,3,False,False,False,False,False,False,False,False,True,False,False,False,False,True,False,False,False,False,False,False,False,False,False,False,False,False,False,False,False,False,False,False,False,False,False,False,False,False,False,False,False,False,False,False,False,False,False,False,False,False,False,False,False,False,False,False,False,False,True,True,False
18.08,5.63,30,7,78.26,1.08,99.9,0,2366,69,1,0.31139380530973454,0.23333333333333334,79.34,2017,5,2017,9,2017,10,2022,12,2023,7,2025,5,False,False,False,True,False,False,False,False,False,False,False,False,False,False,False,False,False,False,False,False,False,False,False,False,False,False,False,False,False,False,False,False,False,False,False,False,False,False,True,False,False,False,False,False,False,False,False,False,False,False,False,False,False,True,False,False,False,False,True,True,False
32.44,23.92,48,7,126.15,1.92,83.3,2,1540,58,0,0.7373612823674477,0.14583333333333334,128.07,2024,7,2025,1,2028,8,2028,9,2029,9,2030,11,False,False,False,False,False,False,True,False,False,False,False,False,False,False,False,False,False,False,True,False,False,False,False,False,False,False,False,False,False,False,False,False,False,False,False,False,False,False,False,False,False,False,False,False,False,False,False,False,False,False,False,False,False,False,False,False,True,True,False,False,False
31.99,29.0,59,16,34.0,3.49,100.0,3,1168,49,0,0.9065332916536418,0.2711864406779661,37.49,2019,2,2020,6,2022,3,2023,4,2023,6,2024,4,False,False,False,False,False,False,False,False,False,False,False,False,False,False,False,False,False,False,False,False,False,False,False,False,False,False,False,False,False,False,False,False,False,False,False,False,False,False,False,False,True,False,False,False,False,False,False,False,False,False,False,False,False,False,False,False,False,False,False,False,True
32.45,17.24,53,4,137.77,3.65,89.8,1,144,29,0,0.5312788906009244,0.07547169811320754,141.42000000000002,2020,1,2022,2,2021,10,2020,11,2021,10,2022,5,False,False,False,False,False,True,False,False,False,False,False,False,False,False,False,False,False,False,False,False,False,False,False,False,False,False,False,False,False,True,False,False,False,False,False,False,False,False,False,False,False,False,False,False,False,False,False,False,False,False,False,False,False,False,True,False,False,False,True,True,False
12.69,11.68,14,4,53.19,1.35,100.0,0,1851,47,0,0.9204097714736013,0.2857142857142857,54.54,2017,12,2018,2,2020,7,2023,8,2024,4,2025,10,False,False,False,False,False,True,False,False,False,False,True,False,False,False,False,False,False,False,False,False,False,False,False,False,False,False,False,False,False,False,False,False,False,False,False,False,False,False,False,False,False,False,False,False,False,False,False,False,False,False,False,False,False,False,False,True,False,False,False,False,True
24.38,19.91,35,11,23.31,2.68,86.0,0,2184,54,0,0.8166529942575882,0.3142857142857143,25.99,2021,1,2022,12,2023,3,2027,4,2028,6,2029,4,False,True,False,False,False,False,False,False,False,False,False,False,False,False,False,False,False,False,False,False,False,False,False,False,False,False,False,False,False,False,False,False,False,False,False,False,False,True,False,False,False,False,False,False,False,False,False,False,False,False,False,False,False,False,False,True,False,True,False,False,False
64.09,34.01,112,18,99.05,9.16,100.0,1,2423,59,0,0.5306600093618349,0.16071428571428573,108.21,2020,12,2022,6,2024,9,2026,7,2027,5,2029,4,False,False,False,False,False,False,False,False,True,False,False,False,False,False,False,False,False,False,False,False,False,False,False,False,False,False,False,False,False,False,False,True,False,False,False,False,False,False,False,False,False,False,False,False,False,False,False,False,False,False,False,False,True,False,False,False,False,True,False,True,False
25.03,21.95,35,7,85.07,3.14,97.9,1,1804,48,0,0.8769476628046343,0.2,88.21,2020,12,2022,4,2023,6,2025,11,2026,2,2027,10,True,False,False,False,False,False,False,False,False,False,False,False,False,False,False,False,False,False,False,False,False,False,False,False,False,False,False,False,False,False,False,False,False,False,False,False,False,False,False,False,False,False,False,False,False,False,False,True,False,False,False,False,False,False,True,False,False,False,False,False,False
35.23,29.58,61,11,150.01,3.97,95.1,0,505,49,0,0.8396253193301164,0.18032786885245902,153.98,2025,10,2026,9,2027,10,2027,11,2028,1,2028,10,False,False,False,False,False,False,True,False,False,False,False,False,False,False,False,False,False,False,False,True,False,False,False,False,False,False,False,False,False,False,False,False,False,False,False,False,False,False,False,False,False,False,False,False,False,False,False,False,False,False,False,False,True,False,False,False,False,True,False,False,False
35.41,14.28,64,14,136.17,3.48,95.5,4,1993,67,1,0.40327591075967245,0.21875,139.64999999999998,2016,4,2016,12,2019,10,2020,12,2022,7,2023,7,False,False,False,False,False,False,False,False,True,False,False,False,False,False,False,False,False,False,False,False,False,False,False,False,False,False,False,False,False,False,False,True,False,False,False,False,False,False,False,False,False,False,False,False,False,False,False,False,False,False,False,False,False,False,False,False,False,False,True,True,False
45.49,35.48,61,14,83.84,6.1,100.0,0,1120,52,0,0.7799516377225763,0.22950819672131148,89.94,2025,5,2027,1,2025,12,2029,6,2030,2,2030,3,False,True,False,False,False,False,False,False,False,False,False,False,False,False,False,False,False,False,False,False,False,False,False,False,False,False,False,False,False,False,False,False,False,False,False,False,False,True,False,False,False,False,False,False,False,False,False,False,False,False,False,False,False,True,False,False,False,True,False,False,False
52.39,49.78,87,16,48.39,8.95,100.0,1,994,46,0,0.9501813323153273,0.1839080459770115,57.34,2021,5,2022,3,2023,7,2023,8,2025,3,2026,5,False,False,False,False,False,False,False,True,False,False,False,False,False,False,False,False,False,False,False,False,False,False,False,False,False,False,False,False,False,False,True,False,False,False,False,False,False,False,False,False,False,False,False,False,False,False,False,False,False,False,False,False,False,False,True,False,False,False,False,False,True
25.17,20.21,44,10,64.18,1.56,100.0,4,2247,51,0,0.8029400079459674,0.22727272727272727,65.74000000000001,2024,9,2024,12,2026,9,2031,3,2031,6,2032,8,False,False,False,False,False,False,False,False,True,False,False,False,False,True,False,False,False,False,False,False,False,False,False,False,False,False,False,False,False,False,False,False,False,False,False,False,False,False,False,False,False,False,False,False,False,False,False,False,False,False,False,False,False,False,True,False,False,False,False,False,False
12.05,7.17,26,4,13.74,3.0,87.0,2,788,60,0,0.5950207468879668,0.15384615384615385,16.740000000000002,2022,7,2023,4,2026,1,2024,2,2025,9,2026,1,False,False,False,False,False,False,False,False,False,False,False,False,False,False,False,True,False,False,False,False,False,False,False,False,False,False,False,False,False,False,False,False,False,False,False,False,False,False,False,False,False,False,False,False,False,False,False,False,False,False,False,False,False,False,True,False,False,True,False,True,False
8.86,5.68,14,1,15.13,1.58,100.0,0,1447,58,0,0.6410835214446953,0.07142857142857142,16.71,2017,5,2018,11,2018,4,2022,5,2023,7,2024,6,False,False,False,False,False,False,True,False,False,False,False,False,False,False,False,False,False,False,True,False,False,False,False,False,False,False,False,False,False,False,False,False,False,False,False,False,False,False,False,False,False,False,False,False,False,False,False,False,False,False,False,False,True,False,False,False,False,True,False,True,False
82.9,61.94,148,26,262.66,15.85,99.2,4,1088,55,0,0.7471652593486127,0.17567567567567569,278.51000000000005,2017,8,2018,4,2018,6,2022,12,2023,1,2023,6,False,True,False,False,False,False,False,False,False,False,False,False,False,False,False,False,False,False,False,False,False,False,False,False,False,False,False,False,False,False,False,False,False,False,False,False,False,True,False,False,False,False,False,False,False,False,False,False,False,False,False,False,False,False,False,False,False,True,False,False,False
64.73,21.59,116,23,170.34,7.22,100.0,1,557,69,1,0.33353931716360263,0.19827586206896552,177.56,2017,3,2018,11,2018,7,2018,8,2018,10,2020,5,False,False,False,False,False,False,False,True,False,False,False,False,False,False,False,False,False,False,False,False,False,False,False,False,False,False,False,False,False,False,False,False,False,False,False,False,False,False,False,False,False,True,False,False,False,False,False,False,False,False,False,False,False,False,True,False,False,False,True,True,False
57.36,40.27,101,15,125.84,10.53,88.2,3,850,57,0,0.7020571827057184,0.1485148514851485,136.37,2021,7,2023,7,2023,11,2022,3,2023,8,2025,6,False,False,True,False,False,False,False,False,False,False,False,False,False,False,False,False,False,False,False,False,False,False,False,True,False,False,False,False,False,False,False,False,False,False,False,False,False,False,False,False,False,False,False,False,False,False,False,False,False,False,False,False,False,False,True,False,False,True,False,False,False
67.44,56.39,117,23,286.0,9.69,100.0,7,1033,53,0,0.8361506524317912,0.19658119658119658,295.69,2019,12,2022,4,2022,2,2024,2,2024,7,2026,1,False,True,False,False,False,False,False,False,False,False,False,False,False,False,False,False,False,False,False,False,False,False,False,False,False,False,False,False,False,False,False,False,False,False,False,False,False,True,False,False,False,False,False,False,False,False,False,False,False,False,False,False,False,False,False,True,False,True,False,False,False
25.49,15.98,40,6,38.59,1.62,88.5,1,1023,60,0,0.6269125147116517,0.15,40.21,2016,1,2016,9,2016,6,2019,9,2020,9,2020,10,False,False,True,False,False,False,False,False,False,False,False,False,False,False,False,False,False,False,False,False,False,False,False,False,False,False,False,True,False,False,False,False,False,False,False,False,False,False,False,False,False,False,False,False,False,False,False,False,False,False,False,False,False,True,False,False,False,False,True,True,False
16.04,11.6,26,6,41.76,2.53,100.0,1,856,54,0,0.7231920199501247,0.23076923076923078,44.29,2021,12,2023,2,2026,3,2024,6,2025,6,2026,2,False,False,False,False,False,False,True,False,False,False,False,False,False,False,False,False,False,False,False,False,False,False,False,False,False,False,False,False,False,False,False,False,False,False,True,False,False,False,False,False,False,False,False,False,False,False,False,False,False,False,False,False,False,False,False,True,False,True,False,False,False
11.24,8.16,23,1,32.84,1.39,87.3,1,1938,56,0,0.7259786476868327,0.043478260869565216,34.230000000000004,2022,8,2023,7,2023,9,2028,1,2028,10,2029,11,False,False,False,False,False,True,False,False,False,False,False,False,False,False,False,False,False,False,False,False,False,False,False,False,False,False,False,False,True,False,False,False,False,False,False,False,False,False,False,False,False,False,False,False,False,False,False,False,False,False,False,False,False,False,False,True,False,True,False,False,False
10.08,4.18,9,2,20.07,0.44,99.9,0,2171,64,1,0.41468253968253965,0.2222222222222222,20.51,2019,10,2022,2,2023,8,2024,11,2026,3,2027,3,False,True,False,False,False,False,False,False,False,False,False,False,False,False,False,False,False,False,False,False,False,False,False,False,False,False,False,False,False,False,False,False,False,False,False,True,False,False,False,False,False,False,False,False,False,False,False,False,False,False,False,False,False,True,False,False,False,False,True,True,False
100.7,59.63,190,43,343.35,20.49,100.0,7,301,41,0,0.592154915590864,0.22631578947368422,363.84000000000003,2017,10,2019,5,2020,5,2019,2,2019,12,2021,5,False,False,False,True,False,False,False,False,False,False,False,False,False,False,False,False,False,False,False,False,False,False,False,False,False,False,False,False,False,False,False,False,False,False,False,False,False,False,False,True,False,False,False,False,False,False,False,False,False,False,False,False,False,False,False,False,False,True,False,True,False
18.3,16.7,35,5,73.36,3.72,80.8,0,935,51,0,0.9125683060109289,0.14285714285714285,77.08,2019,1,2020,9,2021,5,2022,1,2022,8,2023,3,False,False,True,False,False,False,False,False,False,False,False,False,False,False,False,False,False,False,False,False,False,False,False,True,False,False,False,False,False,False,False,False,False,False,False,False,False,False,False,False,False,False,False,False,False,False,False,False,False,False,False,False,False,False,False,True,False,True,False,False,True
86.04,30.26,152,33,241.21,16.18,98.8,4,548,69,1,0.3516968851696885,0.21710526315789475,257.39,2018,12,2019,8,2019,12,2020,2,2021,10,2021,11,False,False,False,False,False,False,False,False,False,False,False,False,False,False,False,False,False,False,False,False,False,False,False,False,False,False,False,False,False,False,False,False,False,False,False,False,True,False,False,False,False,False,False,False,False,False,False,False,False,False,False,False,False,False,False,False,False,False,True,True,False
24.86,21.35,41,9,91.76,4.34,100.0,3,2597,51,0,0.8588093322606598,0.21951219512195122,96.10000000000001,2022,2,2023,3,2024,8,2027,12,2029,2,2031,1,False,False,False,True,False,False,False,False,False,False,False,False,True,False,False,False,False,False,False,False,False,False,False,False,False,False,False,False,False,False,False,False,False,False,False,False,False,False,False,False,False,False,False,False,False,False,False,False,False,False,False,False,False,False,False,True,False,True,False,False,False
15.24,12.62,31,5,15.63,2.34,88.1,2,2780,52,0,0.8280839895013122,0.16129032258064516,17.97,2023,7,2023,9,2026,3,2030,1,2031,5,2033,3,False,False,False,False,True,False,False,False,False,False,False,False,False,False,False,False,False,False,False,False,False,False,False,False,False,False,False,False,False,False,False,False,False,False,False,False,False,False,False,False,False,False,False,False,False,False,True,False,False,False,False,False,False,False,False,False,True,True,False,False,False
10.03,7.22,16,4,13.73,1.31,100.0,2,1051,55,0,0.7198404785643071,0.25,15.040000000000001,2017,7,2018,2,2021,11,2020,11,2021,7,2022,12,False,False,False,False,True,False,False,False,False,False,False,False,False,False,False,False,False,False,False,False,False,False,False,False,False,False,False,False,False,False,False,False,False,False,False,False,False,False,False,False,False,False,False,False,False,False,True,False,False,False,False,False,False,True,False,False,False,True,False,False,False
16.64,11.06,33,8,41.76,3.79,100.0,2,106,22,0,0.6646634615384616,0.24242424242424243,45.55,2020,8,2021,4,2022,1,2021,8,2022,5,2022,8,False,False,False,False,False,False,False,True,False,False,False,False,False,False,False,False,False,False,False,False,False,False,False,False,False,False,False,False,False,False,False,False,False,False,False,False,False,False,False,False,False,True,False,False,False,False,False,False,False,False,False,False,False,False,False,True,False,False,True,False,False
123.75,109.9,238,46,520.71,7.84,82.1,8,2015,52,0,0.8880808080808081,0.19327731092436976,528.5500000000001,2025,1,2026,3,2026,7,2031,8,2032,6,2033,3,False,False,False,False,False,True,False,False,False,False,False,False,False,False,False,False,False,False,False,False,False,False,False,False,False,False,False,False,False,True,False,False,False,False,False,False,False,False,False,False,False,False,False,False,False,False,False,False,False,False,False,False,False,False,False,False,True,False,False,False,False
10.13,4.13,21,2,28.03,2.11,100.0,0,1692,67,1,0.40769990128331685,0.09523809523809523,30.14,2017,3,2017,7,2020,12,2021,10,2022,5,2024,1,False,False,False,False,False,False,True,False,False,False,False,False,False,False,False,False,False,False,False,False,False,False,False,False,False,False,False,False,False,False,False,False,False,False,False,False,False,False,False,False,False,False,False,False,False,True,False,False,False,False,False,False,True,False,False,False,False,False,True,True,False
248.82,219.27,428,72,597.05,31.08,84.6,10,1945,54,0,0.8812394502049675,0.16822429906542055,628.13,2021,4,2023,9,2024,8,2026,8,2027,12,2028,11,False,True,False,False,False,False,False,False,False,False,False,False,False,False,True,False,False,False,False,False,False,False,False,False,False,False,False,False,False,False,False,False,False,False,False,False,False,False,False,False,False,False,False,False,False,False,False,False,False,False,False,False,False,False,False,False,True,True,False,False,False
12.93,10.92,18,3,39.05,2.12,98.9,1,54,10,0,0.8445475638051044,0.16666666666666666,41.169999999999995,2016,7,2016,9,2020,10,2017,6,2018,11,2019,11,True,False,False,False,False,False,False,False,False,False,False,False,False,False,False,False,False,False,False,False,False,False,False,False,False,False,False,False,False,False,False,False,False,False,False,False,False,False,False,False,False,False,False,False,True,False,False,False,False,False,False,False,False,False,True,False,False,True,False,False,False
63.43,24.46,107,20,79.96,8.98,100.0,1,1965,67,1,0.38562194545167905,0.18691588785046728,88.94,2024,3,2024,11,2024,12,2029,12,2030,5,2031,1,False,False,False,False,False,False,False,False,False,False,False,False,False,False,False,False,False,False,False,False,False,False,False,False,False,False,False,False,False,False,False,False,False,False,False,False,False,False,False,False,True,False,False,False,False,False,False,False,False,False,False,False,False,False,False,True,False,False,True,True,False
25.91,22.98,50,10,83.39,1.81,92.7,0,2097,48,0,0.8869162485526824,0.2,85.2,2017,5,2019,1,2021,5,2021,9,2022,12,2024,10,False,False,True,False,False,False,False,False,False,False,False,False,False,False,False,False,False,False,False,False,False,False,False,False,False,False,False,False,False,False,False,False,False,False,False,False,False,False,False,False,False,False,False,False,False,False,False,False,False,True,False,False,False,False,False,False,True,False,False,False,False
21.75,10.87,48,11,24.97,4.87,100.0,1,1403,64,1,0.4997701149425287,0.22916666666666666,29.84,2025,11,2026,10,2027,8,2030,10,2031,6,2031,8,False,False,False,False,False,False,True,False,False,False,False,False,False,False,False,False,False,False,False,False,False,False,False,False,False,False,False,False,False,False,False,False,False,False,False,False,False,False,False,False,False,False,False,False,False,True,False,False,False,False,False,False,False,False,False,False,False,False,True,True,False
8.4,6.79,5,0,24.65,0.44,100.0,0,1776,53,0,0.8083333333333333,0.0,25.09,2018,9,2020,10,2022,11,2024,9,2024,10,2025,10,False,False,False,True,False,False,False,False,False,False,False,False,False,False,False,False,False,False,False,False,False,False,False,False,False,False,False,False,False,False,False,False,False,False,False,False,False,False,False,False,False,False,True,False,False,False,False,False,False,False,False,False,True,False,False,False,False,True,False,False,False
27.16,22.54,44,7,93.52,1.54,100.0,5,568,54,0,0.8298969072164948,0.1590909090909091,95.06,2022,3,2023,3,2025,3,2023,3,2024,4,2025,12,False,False,False,False,True,False,False,False,False,False,False,False,False,False,False,False,False,False,False,False,False,False,False,False,False,False,False,False,False,False,False,False,False,False,False,False,False,False,False,False,False,False,False,False,False,False,True,False,False,False,False,False,False,False,False,True,False,True,False,False,False
9.41,8.12,15,2,21.86,0.31,100.0,1,787,48,0,0.8629117959617427,0.13333333333333333,22.169999999999998,2019,11,2021,7,2020,4,2022,9,2023,9,2024,7,False,False,False,False,False,False,False,False,False,False,False,False,False,False,False,False,False,False,False,False,False,False,False,False,False,False,False,False,False,False,False,False,False,False,False,False,True,False,False,False,False,False,False,False,False,False,False,False,False,False,False,False,False,False,True,False,False,False,False,False,False
5.58,4.23,7,1,23.27,0.52,94.7,1,747,55,0,0.7580645161290324,0.14285714285714285,23.79,2020,12,2022,10,2024,1,2024,11,2024,12,2025,1,True,False,False,False,False,False,False,False,False,False,False,False,False,False,False,False,False,False,False,False,False,False,False,False,False,False,False,False,False,False,False,False,False,False,False,False,False,False,False,False,False,False,False,False,True,False,False,False,False,False,False,False,False,False,False,False,True,True,False,False,False
33.77,26.88,62,18,46.01,2.74,100.0,1,1808,54,0,0.795972756884809,0.2903225806451613,48.75,2017,6,2019,7,2019,3,2024,1,2025,1,2025,4,False,True,False,False,False,False,False,False,False,False,False,False,False,False,False,False,False,False,False,False,False,False,False,False,False,False,False,False,False,False,False,False,False,False,False,False,False,True,False,False,False,False,False,False,False,False,False,False,False,False,False,False,True,False,False,False,False,True,False,False,False
15.87,14.02,33,8,22.73,3.52,98.9,3,888,52,0,0.8834278512917455,0.24242424242424243,26.25,2022,12,2024,4,2023,11,2026,10,2026,11,2027,11,False,False,False,False,False,False,False,True,False,False,False,False,False,False,False,False,False,False,False,False,False,False,False,False,False,False,False,False,False,False,False,False,False,False,False,False,False,False,False,False,False,False,False,False,False,False,False,False,False,False,False,True,False,False,False,True,False,True,False,False,False
161.47,126.68,299,54,438.0,13.48,98.7,7,381,40,0,0.7845420201895089,0.1806020066889632,451.48,2021,7,2023,10,2023,9,2023,6,2023,9,2025,8,True,False,False,False,False,False,False,False,False,False,False,False,False,False,False,False,False,False,False,False,False,False,False,False,False,False,False,False,False,False,False,False,False,False,False,False,False,False,False,False,False,False,False,False,False,False,False,False,False,False,True,False,True,False,False,False,False,True,False,False,False
81.45,45.91,164,26,345.93,14.15,100.0,4,788,62,1,0.56365868631062,0.15853658536585366,360.08,2025,5,2027,6,2027,4,2027,5,2028,11,2030,3,False,False,False,False,False,False,False,False,False,False,False,False,False,False,False,True,False,False,False,False,False,False,False,False,False,False,False,False,False,False,False,False,False,False,False,False,False,False,False,False,False,False,False,False,False,False,False,False,False,False,False,False,False,False,True,False,False,False,True,True,False
163.6,120.76,253,52,367.38,13.79,100.0,9,1535,59,0,0.7381418092909536,0.20553359683794467,381.17,2020,12,2021,11,2024,4,2025,5,2026,4,2027,1,True,False,False,False,False,False,False,False,False,False,False,False,False,False,False,False,False,False,False,False,False,False,False,False,False,False,False,False,False,False,False,False,False,False,False,False,False,False,False,False,False,False,False,False,True,False,False,False,False,False,False,False,False,False,False,False,True,False,True,False,False
15.17,10.87,28,3,64.13,1.54,69.6,0,1519,58,0,0.7165458141067896,0.10714285714285714,65.67,2022,1,2023,8,2024,4,2027,6,2027,7,2029,2,False,False,False,False,False,False,False,False,False,False,False,False,False,False,False,False,False,False,False,False,False,True,False,False,False,False,False,False,False,False,False,False,False,False,False,False,False,False,False,False,False,False,False,False,False,False,False,False,False,False,False,False,True,False,False,False,False,True,False,False,False
34.33,28.35,63,9,115.55,2.41,100.0,1,248,26,0,0.8258083309059133,0.14285714285714285,117.96,2018,6,2019,11,2020,6,2020,11,2020,12,2021,7,False,False,False,False,False,False,False,False,False,False,False,False,False,False,False,True,False,False,False,False,False,False,False,False,False,False,False,False,False,False,False,False,False,False,False,False,False,False,False,False,False,False,False,False,False,False,False,False,False,False,False,False,True,False,False,False,False,False,False,False,False
2.18,1.12,2,0,8.06,0.14,78.1,0,1090,65,1,0.5137614678899083,0.0,8.200000000000001,2018,7,2019,3,2022,1,2021,11,2022,6,2023,4,False,False,False,False,False,False,False,False,True,False,False,False,False,False,False,False,False,False,False,False,False,False,False,False,True,False,False,False,False,False,False,False,False,False,False,False,False,False,False,False,False,False,False,False,False,False,False,False,False,False,False,False,False,True,False,False,False,False,True,True,False
22.61,11.91,42,9,96.55,3.27,85.5,1,815,64,1,0.5267580716497126,0.21428571428571427,99.82,2025,7,2027,1,2027,5,2026,3,2027,8,2029,9,False,False,True,False,False,False,False,False,False,False,False,False,False,False,False,False,False,False,False,False,False,False,False,True,False,False,False,False,False,False,False,False,False,False,False,False,False,False,False,False,False,False,False,False,False,False,False,False,False,False,False,False,True,False,False,False,False,False,True,True,False
33.07,24.11,55,6,96.49,4.3,100.0,2,471,49,0,0.7290595706078016,0.10909090909090909,100.78999999999999,2018,4,2018,5,2019,1,2020,9,2021,7,2022,2,False,False,False,False,True,False,False,False,False,False,False,False,False,False,False,False,False,True,False,False,False,False,False,False,False,False,False,False,False,False,False,False,False,False,False,False,False,False,False,False,False,False,False,False,False,False,False,False,False,False,False,False,False,True,False,False,False,True,False,False,False
34.95,11.27,45,9,110.94,4.75,97.3,1,0,23,0,0.32246065808297564,0.2,115.69,2021,12,2023,11,2024,6,2022,8,2023,11,2024,5,False,False,False,False,False,False,False,False,True,False,False,False,False,False,False,False,False,False,False,False,False,False,False,False,False,True,False,False,False,False,False,False,False,False,False,False,False,False,False,False,False,False,False,False,False,False,False,False,False,False,False,False,False,False,False,False,True,False,True,True,False
28.72,14.81,56,12,84.5,4.77,97.2,2,257,40,0,0.5156685236768802,0.21428571428571427,89.27,2025,1,2026,12,2029,4,2025,8,2025,12,2027,11,False,True,False,False,False,False,False,False,False,False,False,False,False,False,False,False,False,False,False,False,False,False,False,False,False,False,False,False,False,False,False,False,False,False,False,True,False,False,False,False,False,False,False,False,False,False,False,False,False,False,False,False,False,False,False,True,False,False,True,True,False
32.03,19.16,61,12,118.64,5.74,77.4,1,1059,61,1,0.5981891976272244,0.19672131147540983,124.38,2021,12,2024,3,2025,6,2024,9,2025,10,2026,11,False,False,False,False,False,False,False,False,True,False,False,False,False,False,False,False,False,False,False,False,False,False,False,False,True,False,False,False,False,False,False,False,False,False,False,False,False,False,False,False,False,False,False,False,False,False,False,False,False,False,False,False,False,False,False,True,False,True,False,True,False
2.0,1.19,6,2,3.62,0.31,90.0,0,958,60,0,0.595,0.3333333333333333,3.93,2019,6,2020,2,2022,7,2023,2,2023,9,2023,10,False,False,False,False,False,True,False,False,False,False,False,False,False,False,False,False,False,False,False,False,False,False,False,False,False,False,False,False,False,False,False,False,True,False,False,False,False,False,False,False,False,False,False,False,False,False,False,False,False,False,False,False,False,False,False,False,True,False,True,True,False
38.71,26.66,61,8,143.84,3.79,100.0,2,1855,58,0,0.6887109274089382,0.13114754098360656,147.63,2020,2,2021,3,2022,2,2026,5,2026,5,2027,9,False,False,False,False,False,True,False,False,False,False,False,False,False,False,False,False,False,False,False,False,False,False,False,False,False,False,False,False,True,False,False,False,False,False,False,False,False,False,False,False,False,False,False,False,False,False,False,False,False,False,False,False,False,False,False,False,True,False,True,False,False
48.59,29.55,94,18,167.16,2.05,95.3,1,998,58,0,0.6081498250668862,0.19148936170212766,169.21,2019,8,2021,8,2023,8,2022,10,2023,3,2024,5,False,False,False,False,True,False,False,False,False,False,False,False,False,False,False,False,False,False,False,False,False,False,False,False,False,False,False,False,False,False,False,False,False,False,False,False,False,False,False,False,False,False,False,True,False,False,False,False,False,False,False,False,False,False,False,False,False,True,False,True,False
114.21,90.79,184,42,345.79,5.14,88.8,3,1308,55,0,0.7949391471850101,0.22826086956521738,350.93,2018,12,2020,2,2020,12,2022,5,2022,11,2024,9,True,False,False,False,False,False,False,False,False,True,False,False,False,False,False,False,False,False,False,False,False,False,False,False,False,False,False,False,False,False,False,False,False,False,False,False,False,False,False,False,False,False,False,False,False,False,False,False,False,False,False,False,False,False,False,False,True,True,False,False,False
43.33,37.03,73,14,40.88,4.27,100.0,4,265,28,0,0.8546042003231018,0.1917808219178082,45.150000000000006,2025,8,2028,1,2028,5,2028,6,2028,12,2029,3,False,False,True,False,False,False,False,False,False,False,False,False,False,False,False,False,False,False,False,False,False,False,False,False,False,False,False,False,False,False,False,False,False,False,False,False,False,False,False,False,False,False,False,False,False,False,False,False,False,True,False,False,True,False,False,False,False,True,False,False,False
26.29,19.86,39,8,96.37,1.6,93.6,1,171,24,0,0.7554203119056676,0.20512820512820512,97.97,2017,5,2018,4,2020,7,2018,12,2020,7,2020,10,False,False,False,False,True,False,False,False,False,False,False,False,False,False,False,False,False,False,False,False,False,False,False,False,False,False,False,False,False,False,False,False,False,False,False,False,False,False,False,False,False,False,False,True,False,False,False,False,False,False,False,False,False,False,False,True,False,True,False,False,False
90.46,70.41,166,28,116.69,16.82,82.9,2,87,18,0,0.7783550740658854,0.1686746987951807,133.51,2021,3,2022,9,2023,8,2022,7,2023,6,2023,10,False,False,False,False,False,False,False,False,False,False,False,False,False,False,False,True,False,False,False,False,False,False,False,False,False,False,False,False,False,False,False,False,False,False,False,False,False,False,False,False,False,False,False,False,False,False,False,False,False,False,False,False,False,False,True,False,False,True,False,False,False
2.84,2.36,1,0,12.38,0.09,100.0,0,2259,50,0,0.8309859154929577,0.0,12.47,2017,11,2019,3,2019,12,2022,6,2023,10,2025,8,False,False,False,True,False,False,False,False,False,False,False,False,False,False,False,False,False,False,False,False,False,False,False,False,False,False,False,False,False,False,False,False,False,False,False,False,False,False,True,False,False,False,False,False,False,False,False,False,False,False,False,False,False,False,False,True,False,True,False,False,False
17.9,12.37,28,8,19.72,3.28,100.0,0,2254,54,0,0.6910614525139664,0.2857142857142857,23.0,2018,10,2020,12,2021,1,2023,10,2024,11,2026,6,False,False,True,False,False,False,False,False,False,False,False,False,False,False,False,False,False,False,False,False,False,False,False,False,False,False,False,False,False,False,False,False,False,False,False,False,False,False,False,False,False,False,False,False,False,False,False,False,False,True,False,False,False,True,False,False,False,True,False,False,False
13.93,8.11,17,0,48.27,1.85,85.6,1,380,46,0,0.5821966977745872,0.0,50.120000000000005,2019,7,2021,8,2021,4,2021,4,2021,6,2022,2,False,False,True,False,False,False,False,False,False,False,False,False,False,False,False,False,False,False,False,False,False,False,False,False,False,False,False,True,False,False,False,False,False,False,False,False,False,False,False,False,False,False,False,False,False,False,False,False,False,False,False,False,False,False,False,True,False,True,False,True,False
28.95,21.67,42,10,61.77,4.95,100.0,1,988,55,0,0.74853195164076,0.23809523809523808,66.72,2025,8,2027,3,2027,5,2028,12,2029,1,2029,9,False,False,False,False,False,False,False,False,False,False,False,False,False,False,False,False,False,False,False,False,False,True,False,False,False,False,False,False,False,False,False,False,False,False,False,False,False,False,False,False,False,False,False,False,False,False,False,False,False,False,False,False,False,False,False,False,False,True,False,False,False
3.32,1.0,5,0,11.69,0.28,100.0,1,1380,69,1,0.30120481927710846,0.0,11.969999999999999,2018,11,2020,4,2021,6,2024,9,2025,2,2025,5,False,False,False,False,False,False,False,False,False,False,False,False,False,False,False,False,False,False,False,False,False,True,False,False,False,False,False,False,False,False,False,False,False,False,False,False,False,False,False,False,False,False,False,False,False,False,False,False,False,False,False,False,False,False,False,False,True,False,True,True,False
112.13,22.9,184,25,305.01,12.59,88.4,2,476,69,1,0.20422723624364578,0.1358695652173913,317.59999999999997,2018,12,2019,10,2022,8,2020,7,2021,6,2021,10,False,False,False,False,False,False,False,True,False,False,False,False,False,False,False,False,False,False,False,False,False,False,True,False,False,False,False,False,False,False,False,False,False,False,False,False,False,False,False,False,False,False,False,False,False,False,False,False,False,False,False,False,False,False,False,False,True,False,True,True,False
23.34,22.37,47,13,73.03,2.69,93.1,0,1306,47,0,0.9584404455869752,0.2765957446808511,75.72,2022,5,2024,1,2026,3,2024,6,2025,7,2027,9,False,False,False,False,True,False,False,False,False,False,False,False,False,False,False,False,False,False,False,False,True,False,False,False,False,False,False,False,False,False,False,False,False,False,False,False,False,False,False,False,False,False,False,False,False,False,False,False,False,False,False,False,False,False,False,True,False,False,False,False,True
41.21,37.45,72,12,44.47,8.38,97.4,3,1737,48,0,0.908760009706382,0.16666666666666666,52.85,2025,7,2027,5,2028,7,2031,3,2031,9,2032,2,False,False,False,False,False,False,False,False,False,False,False,False,False,False,False,False,False,False,False,False,False,False,False,False,False,False,False,False,False,False,False,False,False,False,False,False,True,False,False,False,False,False,False,False,False,False,False,False,False,False,False,False,False,False,True,False,False,False,False,False,True
37.45,29.03,68,13,163.88,4.1,86.5,0,152,23,0,0.7751668891855807,0.19117647058823528,167.98,2019,6,2021,2,2023,1,2020,9,2022,3,2022,10,False,False,False,False,False,True,False,False,False,False,False,False,False,False,False,False,False,False,False,False,False,False,False,False,False,False,False,False,True,False,False,False,False,False,False,False,False,False,False,False,False,False,False,False,False,False,False,False,False,False,False,False,False,False,True,False,False,True,False,False,False
105.9,77.18,197,40,86.23,6.24,84.2,3,1263,57,0,0.7288007554296506,0.20304568527918782,92.47,2022,3,2023,4,2025,8,2028,1,2028,9,2028,10,False,True,False,False,False,False,False,False,False,False,False,False,False,False,False,False,False,False,False,False,False,False,False,False,False,False,False,False,False,False,False,False,False,False,False,True,False,False,False,False,False,False,False,False,False,False,False,False,False,False,False,False,False,False,False,False,False,True,False,False,False
4.66,4.4,8,1,19.96,0.36,100.0,0,1513,47,0,0.9442060085836911,0.125,20.32,2025,2,2026,8,2029,3,2029,1,2029,10,2031,2,False,False,False,True,False,False,False,False,False,False,False,False,False,False,False,False,False,False,False,False,False,False,False,False,False,False,False,False,False,False,False,False,False,False,False,False,False,False,False,False,False,False,True,False,False,False,False,False,False,False,False,False,False,True,False,False,False,False,False,False,True
33.53,14.69,57,12,97.32,3.56,75.8,1,444,60,0,0.4381151207873546,0.21052631578947367,100.88,2024,3,2025,9,2026,12,2024,11,2025,12,2027,8,False,False,False,False,True,False,False,False,False,False,False,False,False,False,False,False,False,False,False,False,False,False,False,False,False,False,False,False,False,False,False,False,False,False,False,False,False,False,False,False,False,False,False,False,False,False,True,False,False,False,False,False,False,False,False,True,False,False,True,True,False
94.27,84.92,160,29,165.5,12.85,78.5,5,1745,52,0,0.9008168028004668,0.18125,178.35,2020,5,2022,8,2021,3,2024,7,2025,4,2027,5,False,False,False,False,False,False,True,False,False,False,False,False,False,False,False,False,False,False,True,False,False,False,False,False,False,False,False,False,False,False,False,False,False,False,False,False,False,False,False,False,False,False,False,False,False,False,False,False,False,False,False,False,False,False,False,False,True,False,False,False,True
27.17,21.18,48,11,85.85,3.93,100.0,0,1028,54,0,0.7795362532204637,0.22916666666666666,89.78,2019,2,2020,10,2020,2,2020,12,2022,6,2024,1,False,False,False,False,False,True,False,False,False,False,False,True,False,False,False,False,False,False,False,False,False,False,False,False,False,False,False,False,False,False,False,False,False,False,False,False,False,False,False,False,False,False,False,False,False,False,False,False,False,False,False,False,False,False,False,True,False,True,False,False,False
11.57,10.05,21,5,38.06,2.01,100.0,1,1563,51,0,0.8686257562662058,0.23809523809523808,40.07,2025,9,2027,6,2026,10,2031,10,2031,11,2032,9,True,False,False,False,False,False,False,False,False,True,False,False,False,False,False,False,False,False,False,False,False,False,False,False,False,False,False,False,False,False,False,False,False,False,False,False,False,False,False,False,False,False,False,False,False,False,False,False,False,False,False,False,False,False,False,False,False,True,False,False,False
16.38,10.45,29,1,57.37,2.46,100.0,1,2090,58,0,0.6379731379731379,0.034482758620689655,59.83,2017,6,2018,9,2021,8,2022,12,2024,6,2025,3,False,False,False,False,False,False,False,False,False,False,False,False,False,False,False,False,False,False,False,False,False,True,False,False,False,False,False,False,False,False,False,False,False,False,False,False,False,False,False,False,False,False,False,False,False,False,False,False,False,False,False,False,True,False,False,False,False,False,True,True,False
20.23,14.45,36,7,17.41,2.49,100.0,1,1883,55,0,0.7142857142857142,0.19444444444444445,19.9,2024,6,2024,12,2026,11,2030,7,2030,8,2031,3,False,False,False,False,False,False,True,False,False,False,False,False,False,False,False,False,False,False,True,False,False,False,False,False,False,False,False,False,False,False,False,False,False,False,False,False,False,False,False,False,False,False,False,False,False,False,False,False,False,False,False,False,True,False,False,False,False,True,False,False,False
14.57,12.82,29,5,64.64,0.67,100.0,1,1704,49,0,0.8798901853122855,0.1724137931034483,65.31,2017,12,2018,7,2021,10,2022,10,2023,2,2024,6,False,False,False,False,False,False,False,False,False,False,False,False,False,False,False,False,False,False,False,False,False,True,False,False,False,False,False,False,False,False,False,False,False,False,False,False,False,False,False,False,False,False,False,False,False,False,False,False,False,False,False,False,False,False,False,False,False,True,False,False,False
25.72,23.57,63,11,79.38,5.64,100.0,0,548,49,0,0.9164074650077761,0.1746031746031746,85.02,2022,8,2025,1,2026,10,2025,8,2026,3,2026,5,False,False,True,False,False,False,False,False,False,False,False,False,False,False,False,False,False,False,False,False,False,False,False,False,False,False,False,True,False,False,False,False,False,False,False,False,False,False,False,False,False,False,False,False,False,False,False,False,False,False,False,False,False,False,False,False,True,True,False,False,True
135.4,90.46,255,55,297.46,7.28,83.4,7,1156,62,1,0.6680945347119644,0.21568627450980393,304.73999999999995,2025,10,2026,10,2029,6,2029,8,2029,11,2030,6,False,False,False,False,False,True,False,False,False,False,True,False,False,False,False,False,False,False,False,False,False,False,False,False,False,False,False,False,False,False,False,False,False,False,False,False,False,False,False,False,False,False,False,False,False,False,False,False,False,False,False,False,False,False,False,False,False,False,True,False,False
16.49,10.27,24,7,48.01,1.61,100.0,2,2177,60,0,0.6228016979987872,0.2916666666666667,49.62,2021,4,2023,7,2023,6,2027,6,2027,8,2029,6,False,False,True,False,False,False,False,False,False,False,False,False,False,False,False,False,False,False,False,False,False,False,False,False,False,False,True,False,False,False,False,False,False,False,False,False,False,False,False,False,False,False,False,False,False,False,False,False,False,False,False,False,False,False,False,False,True,False,True,True,False
18.4,12.67,41,9,26.87,4.5,97.4,2,423,46,0,0.6885869565217392,0.21951219512195122,31.37,2022,10,2023,9,2027,3,2023,12,2024,10,2025,12,False,False,False,False,False,False,False,True,False,False,False,False,False,False,False,False,False,False,False,False,False,False,False,False,False,False,False,False,False,False,True,False,False,False,False,False,False,False,False,False,False,False,False,False,False,False,False,False,False,False,False,False,False,False,True,False,False,True,False,False,False
47.45,41.26,90,17,81.37,7.17,98.5,0,1982,49,0,0.8695468914646995,0.18888888888888888,88.54,2023,12,2025,4,2024,4,2029,3,2030,5,2031,12,False,False,True,False,False,False,False,False,False,False,False,False,False,False,False,False,False,False,False,False,False,False,False,True,False,False,False,False,False,False,False,False,False,False,False,False,False,False,False,False,False,False,False,False,False,False,False,False,False,False,False,False,False,False,False,False,False,False,False,False,False
25.16,19.13,50,11,28.11,1.99,100.0,2,1573,54,0,0.7603338632750397,0.22,30.099999999999998,2020,10,2022,1,2023,7,2025,3,2025,9,2027,5,False,False,False,False,False,False,False,True,False,False,False,False,False,False,False,False,False,False,False,False,False,False,False,False,False,False,False,False,False,False,False,False,False,False,False,False,False,False,False,False,False,False,False,False,False,False,False,False,False,False,False,False,False,False,False,False,True,True,False,False,False
7.93,1.5,12,0,32.14,1.21,97.9,1,1199,74,1,0.18915510718789408,0.0,33.35,2020,7,2022,12,2021,12,2023,7,2023,11,2025,5,False,False,False,False,False,False,False,True,False,False,False,False,False,False,False,False,False,False,False,False,False,False,False,False,False,False,False,False,False,False,False,False,False,True,False,False,False,False,False,False,False,False,False,False,False,False,False,False,False,False,False,False,False,False,False,False,False,False,True,True,False
28.19,15.66,60,5,48.79,3.0,100.0,1,1049,60,0,0.5555161404753458,0.08333333333333333,51.79,2018,8,2020,12,2021,10,2021,6,2022,5,2024,4,False,False,False,False,False,False,True,False,False,False,False,False,False,False,False,False,False,False,False,False,False,False,False,False,False,False,False,False,False,False,False,False,False,False,True,False,False,False,False,False,False,False,False,False,False,False,False,False,False,False,False,False,False,False,False,False,False,False,True,True,False
27.14,15.05,55,6,95.99,4.27,100.0,0,1092,60,0,0.5545320560058954,0.10909090909090909,100.25999999999999,2022,12,2025,1,2024,8,2025,7,2026,10,2028,12,False,False,False,False,False,False,False,False,False,False,False,False,False,False,False,False,False,False,False,False,False,False,False,False,False,False,False,False,False,False,False,False,False,False,False,False,False,False,False,False,True,False,False,False,False,False,False,False,False,False,False,False,False,False,False,False,True,False,True,True,False
79.49,42.0,129,22,144.24,10.78,80.0,3,194,37,0,0.5283683482199019,0.17054263565891473,155.02,2019,4,2021,6,2022,1,2020,7,2021,4,2022,8,True,False,False,False,False,False,False,False,False,False,False,False,False,False,False,False,False,False,False,False,False,False,False,False,False,False,False,False,False,False,False,False,False,False,False,False,False,False,False,False,False,False,False,False,True,False,False,False,False,False,False,False,False,False,False,False,True,False,True,True,False
11.33,8.16,23,3,15.18,2.14,100.0,1,1521,55,0,0.7202118270079435,0.13043478260869565,17.32,2020,8,2020,10,2021,10,2025,8,2026,2,2027,5,False,False,True,False,False,False,False,False,False,False,False,False,False,False,False,False,True,False,False,False,False,False,False,False,False,False,False,False,False,False,False,False,False,False,False,False,False,False,False,False,False,False,False,False,False,False,False,False,False,False,False,False,False,True,False,False,False,True,False,False,False
80.02,69.3,134,34,96.03,3.55,78.0,4,932,52,0,0.8660334916270932,0.2537313432835821,99.58,2023,4,2024,3,2027,3,2025,10,2027,3,2028,1,False,False,False,False,False,True,False,False,False,False,True,False,False,False,False,False,False,False,False,False,False,False,False,False,False,False,False,False,False,False,False,False,False,False,False,False,False,False,False,False,False,False,False,False,False,False,False,False,False,False,False,False,False,False,False,False,False,False,False,False,False
27.17,26.3,45,8,108.22,4.74,100.0,0,423,36,0,0.9679793890320206,0.17777777777777778,112.96,2020,3,2021,5,2021,3,2022,6,2022,7,2023,5,False,False,False,False,False,False,False,True,False,False,False,False,False,False,False,False,False,False,False,False,False,False,False,False,False,False,False,False,False,False,False,False,False,False,False,False,False,False,False,False,False,False,False,False,False,False,False,False,False,False,False,True,True,False,False,False,False,False,False,False,True
9.9,4.0,13,3,12.31,0.41,100.0,0,2315,65,1,0.40404040404040403,0.23076923076923078,12.72,2018,2,2018,5,2021,6,2022,8,2023,11,2026,1,False,False,False,False,False,False,False,False,False,False,False,False,False,False,False,False,False,False,False,False,False,True,False,False,False,False,False,False,False,False,False,False,False,False,False,False,False,False,False,False,False,False,False,False,False,False,False,False,False,False,False,False,False,False,False,False,False,False,True,True,False
8.09,5.75,15,2,9.08,0.44,100.0,1,1948,58,0,0.7107540173053152,0.13333333333333333,9.52,2019,8,2020,10,2022,11,2025,12,2027,1,2027,1,False,False,False,True,False,False,False,False,False,False,False,False,True,False,False,False,False,False,False,False,False,False,False,False,False,False,False,False,False,False,False,False,False,False,False,False,False,False,False,False,False,False,False,False,False,False,False,False,False,False,False,False,False,False,False,False,False,False,True,False,False
207.35,166.22,369,70,173.06,24.24,82.5,8,2148,56,0,0.8016397395707741,0.1897018970189702,197.3,2021,10,2022,7,2023,6,2028,1,2029,5,2029,6,False,False,False,False,True,False,False,False,False,False,False,False,False,False,False,False,False,False,False,False,False,False,False,False,False,False,False,False,False,False,False,False,False,False,False,False,False,False,False,False,False,False,False,False,False,False,True,False,False,False,False,False,False,False,False,False,True,True,False,False,False
25.54,22.62,40,8,55.06,2.29,100.0,0,1745,49,0,0.8856695379796399,0.2,57.35,2022,3,2024,5,2024,12,2026,4,2027,2,2028,6,False,False,False,False,False,False,True,False,False,False,False,False,False,False,False,False,False,False,True,False,False,False,False,False,False,False,False,False,False,False,False,False,False,False,False,False,False,False,False,False,False,False,False,False,False,False,False,False,False,False,False,False,False,False,False,False,False,False,False,False,False
76.44,57.3,139,25,327.77,3.54,93.9,4,2276,58,0,0.749607535321821,0.17985611510791366,331.31,2022,7,2024,6,2023,3,2028,4,2028,10,2030,3,True,False,False,False,False,False,False,False,False,False,False,False,False,False,False,False,False,False,False,False,False,False,False,False,False,False,False,False,False,False,False,False,False,False,False,False,False,False,False,False,False,False,False,False,True,False,False,False,False,False,False,False,False,False,False,True,False,False,True,False,False
5.43,4.86,15,3,22.6,0.55,98.6,1,549,49,0,0.8950276243093924,0.2,23.150000000000002,2024,6,2026,4,2027,5,2026,2,2027,6,2028,3,False,False,False,False,False,False,False,False,True,False,False,False,False,False,False,False,False,False,False,False,False,False,False,False,False,False,False,False,False,False,False,True,False,False,False,False,False,False,False,False,False,False,False,False,False,False,False,False,False,False,False,False,False,False,False,False,False,False,False,False,False
418.93,331.19,754,123,513.48,48.2,93.7,14,200,30,0,0.7905616690139163,0.16312997347480107,561.6800000000001,2024,7,2025,9,2025,1,2025,4,2025,10,2027,1,False,False,False,False,False,False,True,False,False,False,False,False,False,False,False,False,False,False,True,False,False,False,False,False,False,False,False,False,False,False,False,False,False,False,False,False,False,False,False,False,False,False,False,False,False,False,False,False,False,False,False,False,False,False,False,True,False,True,False,False,False
73.2,52.94,117,22,61.94,12.04,83.7,2,542,59,0,0.7232240437158469,0.18803418803418803,73.97999999999999,2016,4,2017,9,2019,4,2017,7,2018,2,2019,5,False,False,False,True,False,False,False,False,False,False,False,False,False,False,False,False,False,False,False,False,False,False,False,False,False,False,False,False,False,False,False,False,False,False,False,False,False,False,False,False,False,False,False,False,False,False,False,False,True,False,False,False,True,False,False,False,False,False,True,False,False
23.21,15.36,44,9,83.06,1.41,90.2,1,1455,57,0,0.6617837139164153,0.20454545454545456,84.47,2024,1,2025,3,2027,7,2026,10,2027,8,2029,9,False,False,False,False,True,False,False,False,False,False,False,False,False,False,False,False,False,False,False,False,True,False,False,False,False,False,False,False,False,False,False,False,False,False,False,False,False,False,False,False,False,False,False,False,False,False,False,False,False,False,False,False,False,False,False,False,True,True,False,False,False
22.06,11.54,30,4,42.66,0.91,100.0,1,357,46,0,0.5231187669990933,0.13333333333333333,43.56999999999999,2016,1,2017,3,2019,5,2017,3,2017,9,2018,10,False,False,False,True,False,False,False,False,False,False,False,False,False,False,False,False,False,False,False,False,False,False,False,False,False,False,False,False,False,False,False,False,False,False,False,False,False,False,False,True,False,False,False,False,False,False,False,False,False,False,False,False,False,False,False,False,False,False,True,True,False
62.46,53.87,107,18,242.86,10.75,100.0,2,917,50,0,0.8624719820685238,0.16822429906542055,253.61,2019,9,2021,5,2021,4,2023,3,2024,9,2025,2,False,False,True,False,False,False,False,False,False,False,False,False,False,False,False,False,False,False,False,False,False,False,False,True,False,False,False,False,False,False,False,False,False,False,False,False,False,False,False,False,False,False,False,False,False,False,False,False,False,False,False,False,False,False,False,True,False,False,False,False,False
58.98,30.99,118,18,94.2,8.17,77.1,4,1186,64,1,0.5254323499491353,0.15254237288135594,102.37,2021,8,2023,8,2025,7,2023,3,2024,8,2026,6,False,False,False,False,False,False,False,True,False,False,False,False,False,False,False,False,False,False,False,False,False,False,False,False,False,False,False,False,False,False,False,False,False,False,False,False,False,False,False,False,False,True,False,False,False,False,False,False,False,False,False,False,False,False,False,True,False,True,False,True,False
35.96,33.84,70,19,94.26,3.92,94.7,3,180,20,0,0.9410456062291436,0.2714285714285714,98.18,2021,8,2022,12,2022,2,2023,12,2024,5,2024,12,True,False,False,False,False,False,False,False,False,False,False,False,False,False,False,False,False,False,False,False,False,False,False,False,False,False,False,False,False,False,False,False,False,False,False,False,False,False,False,False,False,False,False,False,True,False,False,False,False,False,False,False,False,False,False,True,False,True,False,False,True
30.29,19.64,70,12,27.92,4.63,100.0,3,725,57,0,0.6483988114889403,0.17142857142857143,32.550000000000004,2018,6,2019,9,2019,1,2019,7,2020,8,2022,8,False,True,False,False,False,False,False,False,False,False,False,False,False,False,True,False,False,False,False,False,False,False,False,False,False,False,False,False,False,False,False,False,False,False,False,False,False,False,False,False,False,False,False,False,False,False,False,False,False,False,False,False,False,False,True,False,False,True,False,True,False
52.51,43.43,97,28,215.84,5.93,100.0,6,1856,52,0,0.8270805560845553,0.28865979381443296,221.77,2023,4,2024,10,2027,4,2027,2,2028,1,2030,1,False,False,False,False,False,False,False,True,False,False,False,False,False,False,False,False,False,False,False,False,False,False,False,False,False,False,False,False,False,False,True,False,False,False,False,False,False,False,False,False,False,False,False,False,False,False,False,False,False,False,False,False,False,True,False,False,False,True,False,False,False
5.25,3.16,8,1,7.66,0.79,89.3,0,1851,59,0,0.6019047619047619,0.125,8.45,2025,5,2025,12,2026,7,2030,7,2031,8,2032,10,False,True,False,False,False,False,False,False,False,False,False,False,False,False,False,False,False,False,False,False,False,False,False,False,False,False,False,False,False,False,False,False,False,False,False,False,False,True,False,False,False,False,False,False,False,False,False,False,False,False,False,False,True,False,False,False,False,True,False,True,False
20.67,17.21,42,6,39.07,0.88,91.1,1,1235,53,0,0.8326076439283986,0.14285714285714285,39.95,2020,4,2021,12,2022,9,2023,1,2024,1,2026,2,False,False,False,False,True,False,False,False,False,False,False,False,False,False,False,False,False,False,False,False,False,False,False,False,False,False,False,False,False,False,False,False,False,False,False,False,False,False,False,False,False,False,False,False,False,False,True,False,False,False,False,False,False,False,False,False,False,True,False,False,False
5.77,3.0,7,1,14.86,0.44,100.0,1,1690,62,1,0.5199306759098787,0.14285714285714285,15.299999999999999,2017,11,2018,12,2019,2,2024,4,2024,12,2025,5,False,False,False,False,False,False,False,False,False,False,False,False,False,False,False,True,False,False,False,False,False,False,False,False,False,False,False,False,False,False,False,False,False,False,False,False,False,False,False,False,False,False,False,False,False,False,False,False,False,False,False,False,False,False,True,False,False,False,True,True,False
54.85,43.8,85,9,98.93,3.05,90.5,1,1901,53,0,0.7985414767547857,0.10588235294117647,101.98,2018,2,2018,12,2021,5,2022,3,2023,9,2025,2,False,False,False,False,False,False,False,False,True,False,False,False,False,True,False,False,False,False,False,False,False,False,False,False,False,False,False,False,False,False,False,False,False,False,False,False,False,False,False,False,False,False,False,False,False,False,False,False,False,False,False,False,False,False,False,False,False,True,False,False,False
15.24,10.86,25,7,14.46,1.27,80.8,0,367,43,0,0.7125984251968503,0.28,15.73,2020,6,2022,3,2022,5,2021,4,2022,11,2024,8,False,False,False,False,False,True,False,False,False,False,False,False,False,False,False,False,False,False,False,False,False,False,False,False,False,False,False,False,True,False,False,False,False,False,False,False,False,False,False,False,False,False,False,False,False,False,False,False,False,False,False,False,False,False,False,False,False,True,False,False,False
6.22,3.18,15,4,5.65,0.47,82.5,0,1656,64,1,0.5112540192926045,0.26666666666666666,6.12,2025,6,2025,12,2028,2,2029,4,2030,3,2032,5,False,False,False,False,False,False,False,True,False,False,False,False,False,False,False,False,False,False,False,False,False,False,False,False,False,False,False,False,False,False,False,False,False,False,False,False,False,False,False,False,False,False,False,False,False,False,False,False,False,False,False,False,False,False,False,False,True,False,True,True,False
13.55,8.16,29,6,58.73,1.82,79.7,2,18,18,0,0.6022140221402214,0.20689655172413793,60.55,2020,3,2021,12,2021,8,2022,1,2022,3,2022,12,True,False,False,False,False,False,False,False,False,False,False,False,False,False,False,False,False,False,False,False,False,False,False,False,False,False,False,False,False,False,False,False,False,False,False,False,False,False,False,False,False,False,False,False,True,False,False,False,False,False,False,False,False,False,False,False,True,True,False,True,False
34.79,32.68,46,9,69.73,3.88,93.3,0,2341,48,0,0.939350388042541,0.1956521739130435,73.61,2024,2,2024,8,2028,4,2029,10,2030,11,2032,7,False,False,False,True,False,False,False,False,False,False,False,False,False,False,False,False,False,False,False,False,False,False,False,False,False,False,False,False,False,False,False,False,False,False,False,False,False,False,False,True,False,False,False,False,False,False,False,False,False,False,False,False,False,False,False,False,True,False,False,False,True
24.4,15.17,53,10,49.71,4.57,100.0,2,2460,60,0,0.6217213114754099,0.18867924528301888,54.28,2016,4,2016,8,2017,1,2021,1,2022,6,2024,7,True,False,False,False,False,False,False,False,False,False,False,False,False,False,False,False,False,False,False,False,False,False,False,False,False,False,False,False,False,False,False,False,False,False,False,False,False,False,False,False,False,False,False,False,False,False,False,False,False,False,True,False,False,False,True,False,False,False,True,True,False
9.27,3.92,15,7,39.07,1.5,100.0,0,2530,64,1,0.4228694714131607,0.4666666666666667,40.57,2021,9,2022,10,2023,7,2028,2,2029,1,2030,5,False,False,False,False,True,False,False,False,False,False,False,False,False,False,False,False,False,False,False,False,False,False,False,False,False,False,False,False,False,False,False,False,False,False,False,False,False,False,False,False,False,False,False,False,False,False,True,False,False,False,False,False,False,False,False,False,False,False,True,True,False
5.45,4.73,16,2,21.22,1.62,99.7,1,1556,51,0,0.8678899082568808,0.125,22.84,2020,10,2022,6,2021,3,2025,9,2026,9,2028,4,False,True,False,False,False,False,False,False,False,False,False,False,False,False,False,False,False,False,False,False,False,False,False,False,False,False,False,False,False,False,False,False,False,False,False,False,False,True,False,False,False,False,False,False,False,False,False,False,False,False,False,False,False,True,False,False,False,True,False,False,False
32.26,30.92,55,12,107.8,4.39,100.0,1,631,46,0,0.9584624922504651,0.21818181818181817,112.19,2016,3,2017,12,2019,5,2019,7,2020,3,2020,12,False,False,False,True,False,False,False,False,False,False,False,False,False,False,False,False,False,False,False,False,False,False,False,False,False,False,False,False,False,False,False,False,False,False,False,False,False,False,False,True,False,False,False,False,False,False,False,False,False,False,False,False,True,False,False,False,False,False,False,False,True
16.76,12.53,34,6,54.24,1.88,100.0,1,2254,53,0,0.7476133651551311,0.17647058823529413,56.120000000000005,2017,4,2018,9,2017,7,2023,9,2024,1,2026,2,False,False,False,False,False,True,False,False,False,False,False,True,False,False,False,False,False,False,False,False,False,False,False,False,False,False,False,False,False,False,False,False,False,False,False,False,False,False,False,False,False,False,False,False,False,False,False,False,False,False,False,False,False,False,False,False,True,True,False,False,False
23.15,18.17,47,14,87.14,1.18,83.7,2,1573,54,0,0.7848812095032398,0.2978723404255319,88.32000000000001,2020,10,2021,7,2021,6,2026,6,2026,9,2026,10,False,False,False,False,False,True,False,False,False,False,True,False,False,False,False,False,False,False,False,False,False,False,False,False,False,False,False,False,False,False,False,False,False,False,False,False,False,False,False,False,False,False,False,False,False,False,False,False,False,False,False,False,False,False,False,False,True,True,False,False,False
25.54,21.61,48,11,36.39,1.13,100.0,0,1416,50,0,0.846123727486296,0.22916666666666666,37.52,2022,6,2024,5,2025,3,2026,5,2027,8,2029,2,False,False,False,False,False,False,False,True,False,False,False,False,False,False,False,False,False,False,False,False,False,False,False,False,False,False,False,False,False,False,False,False,False,False,False,False,False,False,False,False,False,False,False,False,False,False,False,False,False,False,False,True,False,False,False,False,False,True,False,False,False
46.07,20.83,91,28,150.09,2.85,100.0,1,1566,64,1,0.4521380507922726,0.3076923076923077,152.94,2023,10,2025,7,2024,10,2029,6,2030,7,2030,12,False,False,False,False,True,False,False,False,False,False,False,False,False,False,False,False,False,False,False,False,True,False,False,False,False,False,False,False,False,False,False,False,False,False,False,False,False,False,False,False,False,False,False,False,False,False,False,False,False,False,False,False,False,False,False,False,False,False,True,True,False
69.89,65.47,117,22,81.36,13.85,88.5,3,1620,49,0,0.9367577621977393,0.18803418803418803,95.21,2020,6,2022,3,2022,9,2024,9,2024,12,2026,5,False,False,False,False,False,False,False,False,False,False,False,False,False,False,False,False,False,False,False,False,False,False,False,False,False,False,False,False,False,False,False,False,False,False,False,False,False,False,False,False,True,False,False,False,False,False,False,False,False,False,False,False,False,False,True,False,False,False,False,False,True
34.69,25.56,53,7,43.99,5.23,100.0,3,1274,55,0,0.7368117613144999,0.1320754716981132,49.22,2024,12,2026,5,2026,12,2029,2,2029,6,2030,11,False,False,False,False,True,False,False,False,False,False,False,False,False,False,False,False,False,True,False,False,False,False,False,False,False,False,False,False,False,False,False,False,False,False,False,False,False,False,False,False,False,False,False,False,False,False,False,False,False,False,False,False,False,False,True,False,False,True,False,False,False
21.75,19.05,38,7,36.94,2.3,100.0,1,530,49,0,0.8758620689655173,0.18421052631578946,39.239999999999995,2025,8,2027,4,2028,2,2027,11,2028,7,2028,10,False,True,False,False,False,False,False,False,False,False,False,False,False,False,False,False,False,False,False,False,False,False,False,False,False,False,False,False,False,False,False,False,False,False,False,True,False,False,False,False,False,False,False,False,False,False,False,False,False,False,False,False,False,False,False,False,True,True,False,False,False
30.72,20.73,54,11,105.26,3.6,100.0,0,1247,55,0,0.6748046875,0.2037037037037037,108.86,2024,4,2026,9,2024,8,2029,2,2029,5,2030,6,True,False,False,False,False,False,False,False,False,False,False,False,False,False,False,False,False,False,False,False,False,False,False,False,False,False,False,False,False,False,False,False,False,False,False,False,False,False,False,False,False,False,False,False,True,False,False,False,False,False,False,False,False,False,False,False,False,True,False,False,False
21.34,18.75,39,9,87.55,3.66,100.0,1,692,49,0,0.8786316776007498,0.23076923076923078,91.21,2023,8,2024,6,2023,12,2026,10,2027,4,2028,2,False,False,False,False,False,True,False,False,False,False,False,False,False,False,False,False,False,False,False,False,False,False,False,False,False,False,False,False,False,True,False,False,False,False,False,False,False,False,False,False,False,False,False,False,False,False,False,False,False,False,False,False,False,True,False,False,False,False,False,False,False
5.8,4.23,7,0,19.46,0.5,100.0,0,1767,55,0,0.7293103448275863,0.0,19.96,2024,1,2025,10,2025,4,2028,12,2029,10,2031,10,True,False,False,False,False,False,False,False,False,True,False,False,False,False,False,False,False,False,False,False,False,False,False,False,False,False,False,False,False,False,False,False,False,False,False,False,False,False,False,False,False,False,False,False,False,False,False,False,False,False,False,False,True,False,False,False,False,True,False,False,False
89.3,73.89,167,27,209.1,9.36,90.3,3,1049,52,0,0.8274356103023517,0.16167664670658682,218.45999999999998,2020,4,2021,3,2021,11,2023,3,2023,5,2024,8,True,False,False,False,False,False,False,False,False,False,False,False,False,False,False,False,False,False,False,False,False,False,False,False,False,False,False,False,False,False,False,False,False,False,False,False,False,False,False,False,False,False,False,False,False,False,False,True,False,False,False,False,False,False,False,False,False,False,False,False,False
73.95,63.86,133,29,199.71,7.31,100.0,3,2175,50,0,0.8635564570655848,0.21804511278195488,207.02,2018,9,2020,1,2021,3,2024,6,2025,3,2027,4,True,False,False,False,False,False,False,False,False,False,False,False,False,False,False,False,False,False,False,False,False,False,False,False,False,False,False,False,False,False,False,False,False,False,False,False,False,False,False,False,False,False,False,False,False,False,False,True,False,False,False,False,False,False,False,False,False,True,False,False,False
218.84,152.73,413,69,751.85,16.92,94.8,10,2625,60,0,0.6979071467738986,0.16707021791767554,768.77,2023,3,2023,8,2026,12,2029,2,2030,6,2032,2,False,False,False,False,False,True,False,False,False,False,False,False,False,False,False,False,False,False,False,False,False,False,False,False,False,False,False,False,False,True,False,False,False,False,False,False,False,False,False,False,False,False,False,False,False,False,False,False,False,False,False,False,False,False,False,True,False,True,False,False,False
293.1,126.39,498,91,899.57,54.06,94.5,16,1432,72,1,0.4312180143295803,0.1827309236947791,953.6300000000001,2025,9,2025,10,2025,12,2029,2,2029,7,2031,4,False,False,False,False,False,False,True,False,False,False,False,False,False,False,False,False,False,False,False,True,False,False,False,False,False,False,False,False,False,False,False,False,False,False,False,False,False,False,False,False,False,False,False,False,False,False,False,False,False,False,False,False,False,False,True,False,False,False,True,True,False
9.24,5.99,21,7,25.49,1.29,99.5,0,1494,57,0,0.6482683982683983,0.3333333333333333,26.779999999999998,2025,5,2025,7,2027,3,2029,11,2030,11,2031,9,False,False,True,False,False,False,False,False,False,False,False,False,False,False,False,False,False,False,False,False,False,False,False,True,False,False,False,False,False,False,False,False,False,False,False,False,False,False,False,False,False,False,False,False,False,False,False,False,False,False,False,False,True,False,False,False,False,True,False,True,False
21.43,17.94,29,4,35.92,2.76,100.0,2,1007,51,0,0.8371441903873076,0.13793103448275862,38.68,2019,2,2021,5,2020,6,2020,7,2022,1,2023,5,False,True,False,False,False,False,False,False,False,False,False,False,False,False,True,False,False,False,False,False,False,False,False,False,False,False,False,False,False,False,False,False,False,False,False,False,False,False,False,False,False,False,False,False,False,False,False,False,False,False,False,False,False,False,False,False,True,True,False,False,False
369.27,273.73,644,118,1138.37,49.83,96.8,19,1311,60,0,0.7412733230427602,0.18322981366459629,1188.1999999999998,2018,8,2020,10,2021,1,2020,12,2022,2,2023,12,False,False,False,False,False,False,True,False,False,False,False,False,False,False,False,False,False,False,False,False,False,False,False,False,False,False,False,False,False,False,False,False,False,False,True,False,False,False,False,False,False,False,False,False,False,False,False,False,False,False,False,False,False,False,False,False,False,True,False,False,False
28.77,16.94,60,11,25.0,5.72,99.8,0,40,18,0,0.5888077858880779,0.18333333333333332,30.72,2023,12,2025,6,2027,9,2024,9,2026,1,2026,7,False,True,False,False,False,False,False,False,False,False,False,False,False,False,False,False,False,False,False,False,False,False,False,False,False,False,False,False,False,False,False,False,False,False,False,False,False,True,False,False,False,False,False,False,False,False,False,False,False,False,False,False,False,False,False,False,True,False,True,True,False
38.25,26.58,67,13,109.86,3.49,93.0,1,2453,58,0,0.6949019607843137,0.19402985074626866,113.35,2017,12,2018,11,2021,4,2023,9,2025,1,2026,6,False,False,False,True,False,False,False,False,False,False,False,False,False,False,False,False,False,False,False,False,False,False,False,False,False,False,False,False,False,False,False,False,False,False,False,False,False,False,False,False,False,False,True,False,False,False,False,False,False,False,False,False,False,False,False,False,False,True,False,False,False
6.55,5.74,13,2,25.13,1.24,77.8,0,396,39,0,0.8763358778625955,0.15384615384615385,26.369999999999997,2020,9,2022,7,2024,9,2022,12,2023,9,2024,9,False,False,False,False,True,False,False,False,False,False,False,False,False,False,False,False,False,True,False,False,False,False,False,False,False,False,False,False,False,False,False,False,False,False,False,False,False,False,False,False,False,False,False,False,False,False,False,False,False,False,False,False,False,False,False,False,True,False,False,False,False
34.82,26.81,57,12,51.01,5.64,89.3,2,2001,56,0,0.769959793222286,0.21052631578947367,56.65,2024,8,2026,3,2026,6,2030,2,2030,12,2032,12,False,False,False,False,True,False,False,False,False,False,False,False,False,False,False,False,False,False,False,False,False,False,False,False,False,False,False,False,False,False,False,False,False,False,False,False,False,False,False,False,False,False,False,True,False,False,False,False,False,False,False,False,True,False,False,False,False,True,False,False,False
206.84,123.22,376,58,252.88,11.44,90.5,8,204,34,0,0.5957261651518081,0.15425531914893617,264.32,2019,9,2021,7,2021,11,2020,10,2021,12,2023,1,False,False,False,False,False,False,False,False,True,False,False,False,False,False,False,False,False,False,False,False,False,False,False,False,False,True,False,False,False,False,False,False,False,False,False,False,False,False,False,False,False,False,False,False,False,False,False,False,False,False,False,False,False,False,True,False,False,True,False,True,False
108.49,81.21,206,49,476.26,6.0,82.7,4,1713,56,0,0.7485482532952346,0.23786407766990292,482.26,2021,1,2022,6,2024,7,2027,1,2027,7,2028,2,False,False,False,False,True,False,False,False,False,False,False,False,False,False,False,False,False,False,False,False,True,False,False,False,False,False,False,False,False,False,False,False,False,False,False,False,False,False,False,False,False,False,False,False,False,False,False,False,False,False,False,False,True,False,False,False,False,True,False,False,False
16.28,13.47,29,5,63.83,3.44,100.0,0,69,11,0,0.8273955773955773,0.1724137931034483,67.27,2017,1,2017,4,2021,5,2017,11,2019,1,2020,6,False,False,False,False,False,True,False,False,False,False,False,False,False,False,False,False,False,False,False,False,False,False,False,False,False,False,False,False,False,False,False,False,True,False,False,False,False,False,False,False,False,False,False,False,False,False,False,False,False,False,False,False,False,False,False,True,False,True,False,False,False
20.16,12.42,33,7,38.65,1.05,81.4,0,1125,61,1,0.6160714285714286,0.21212121212121213,39.699999999999996,2017,4,2017,6,2017,11,2020,2,2021,3,2022,6,False,False,False,False,False,False,False,False,False,False,False,False,False,False,False,False,False,False,False,False,False,False,False,False,False,False,False,False,False,False,False,False,False,False,False,False,True,False,False,False,False,False,False,False,False,False,False,False,False,False,False,False,False,True,False,False,False,False,True,True,False
9.67,5.51,17,1,15.2,1.5,86.6,0,677,62,1,0.5698035160289555,0.058823529411764705,16.7,2017,10,2018,1,2019,5,2019,11,2020,8,2021,3,False,False,False,False,False,False,False,True,False,False,False,False,False,False,False,False,False,False,False,False,False,False,False,False,False,False,False,False,False,False,False,False,False,True,False,False,False,False,False,False,False,False,False,False,False,False,False,False,False,False,False,False,False,False,True,False,False,False,True,True,False
12.79,10.75,17,2,26.04,1.61,100.0,1,461,44,0,0.8405003909304144,0.11764705882352941,27.65,2017,3,2018,3,2020,6,2017,12,2019,5,2020,4,False,False,False,False,False,False,False,False,True,False,False,False,False,True,False,False,False,False,False,False,False,False,False,False,False,False,False,False,False,False,False,False,False,False,False,False,False,False,False,False,False,False,False,False,False,False,False,False,False,False,False,False,True,False,False,False,False,True,False,False,False
4.44,3.19,8,0,10.64,0.21,76.9,0,1226,58,0,0.7184684684684683,0.0,10.850000000000001,2025,9,2025,12,2027,4,2029,5,2030,9,2031,10,False,False,False,False,False,False,False,True,False,False,False,False,False,False,False,False,False,False,False,False,False,False,False,False,False,False,False,False,False,False,False,False,False,False,False,False,False,False,False,False,False,False,False,False,False,False,False,False,False,False,False,False,False,False,False,True,False,True,False,False,False
27.53,21.42,55,9,105.66,5.21,94.6,0,1202,54,0,0.7780602978568835,0.16363636363636364,110.86999999999999,2016,7,2016,11,2019,2,2020,7,2021,2,2022,5,False,True,False,False,False,False,False,False,False,False,False,False,False,False,False,False,False,False,False,False,False,False,False,False,False,False,False,False,False,False,False,False,False,False,False,False,False,True,False,False,False,False,False,False,False,False,False,False,False,False,False,False,False,True,False,False,False,True,False,False,False
135.65,101.17,250,41,228.58,15.49,70.7,6,1960,59,0,0.7458164393660155,0.164,244.07000000000002,2017,6,2019,7,2019,2,2022,1,2023,7,2024,10,False,False,False,False,False,False,False,True,False,False,False,False,False,False,False,False,False,False,False,False,False,False,False,False,False,False,False,False,False,False,False,False,False,False,False,False,False,False,False,False,False,False,False,False,False,False,False,False,False,False,False,True,False,False,False,True,False,True,False,False,False
42.75,37.82,78,8,148.22,3.7,94.4,4,63,12,0,0.8846783625730994,0.10256410256410256,151.92,2017,11,2018,3,2018,9,2018,9,2019,1,2020,2,False,False,False,False,False,False,False,True,False,False,False,False,False,False,False,False,False,False,False,False,False,False,False,False,False,False,False,False,False,False,True,False,False,False,False,False,False,False,False,False,False,False,False,False,False,False,False,False,False,False,False,False,False,False,False,False,False,True,False,False,False
117.48,103.11,188,39,497.92,16.27,100.0,3,9,5,0,0.8776813074565883,0.2074468085106383,514.19,2018,9,2020,5,2019,9,2019,7,2020,7,2020,11,False,False,False,False,False,False,False,False,True,False,False,False,False,True,False,False,False,False,False,False,False,False,False,False,False,False,False,False,False,False,False,False,False,False,False,False,False,False,False,False,False,False,False,False,False,False,False,False,False,False,False,False,False,False,False,False,False,False,False,False,False
87.64,84.23,159,38,193.18,16.43,100.0,4,1468,48,0,0.9610908261068006,0.2389937106918239,209.61,2018,6,2019,5,2019,5,2022,5,2023,1,2025,2,False,False,False,True,False,False,False,False,False,False,False,False,False,False,False,False,False,False,False,False,False,False,False,False,False,False,False,False,False,False,False,False,False,False,False,False,False,False,False,False,False,False,False,False,False,False,False,False,True,False,False,False,False,False,False,False,True,False,False,False,True
17.34,12.21,37,5,15.54,2.86,100.0,0,938,56,0,0.7041522491349481,0.13513513513513514,18.4,2018,9,2019,11,2022,5,2021,11,2023,6,2024,5,True,False,False,False,False,False,False,False,False,False,False,False,False,False,False,False,False,False,False,False,False,False,False,False,False,False,False,False,False,False,False,False,False,False,False,False,False,False,False,False,False,False,False,False,False,False,False,True,False,False,False,False,False,False,True,False,False,True,False,False,False
14.02,13.58,29,6,54.15,3.1,100.0,2,930,47,0,0.9686162624821684,0.20689655172413793,57.25,2020,5,2022,4,2022,10,2025,6,2025,6,2026,2,False,False,False,False,True,False,False,False,False,False,False,False,False,False,False,False,False,False,False,False,False,False,False,False,False,False,False,False,False,False,False,False,False,False,False,False,False,False,False,False,False,False,False,False,False,False,True,False,False,False,False,False,False,False,False,False,False,False,False,False,True
14.57,8.74,22,4,49.85,0.49,83.7,2,2440,62,1,0.5998627316403569,0.18181818181818182,50.34,2022,6,2024,3,2023,5,2028,5,2028,8,2030,8,False,False,False,False,True,False,False,False,False,False,False,False,False,False,False,False,False,False,False,False,True,False,False,False,False,False,False,False,False,False,False,False,False,False,False,False,False,False,False,False,False,False,False,False,False,False,False,False,False,False,False,False,False,False,False,True,False,False,True,True,False
5.38,1.49,9,0,7.27,0.84,100.0,0,2088,70,1,0.27695167286245354,0.0,8.11,2024,8,2025,7,2025,5,2030,8,2030,11,2032,10,False,False,False,False,False,True,False,False,False,False,False,False,False,False,False,False,False,False,False,False,False,False,False,False,False,False,False,False,True,False,False,False,False,False,False,False,False,False,False,False,False,False,False,False,False,False,False,False,False,False,False,False,False,False,True,False,False,False,True,True,False
30.95,27.29,38,7,93.11,1.4,100.0,0,486,46,0,0.8817447495961228,0.18421052631578946,94.51,2024,6,2026,4,2026,9,2027,6,2027,9,2028,6,False,False,False,False,False,False,False,False,True,False,False,False,False,True,False,False,False,False,False,False,False,False,False,False,False,False,False,False,False,False,False,False,False,False,False,False,False,False,False,False,False,False,False,False,False,False,False,False,False,False,False,False,False,False,False,False,False,True,False,False,False
2.0,1.65,4,1,7.7,0.19,97.4,0,409,38,0,0.825,0.25,7.890000000000001,2016,2,2018,4,2020,1,2018,4,2018,5,2019,4,False,False,False,False,False,True,False,False,False,False,True,False,False,False,False,False,False,False,False,False,False,False,False,False,False,False,False,False,False,False,False,False,False,False,False,False,False,False,False,False,False,False,False,False,False,False,False,False,False,False,False,False,False,False,False,False,True,False,False,False,False
54.13,40.76,112,24,79.56,8.65,98.5,0,63,15,0,0.7530020321448364,0.21428571428571427,88.21000000000001,2017,1,2018,3,2020,9,2019,1,2019,3,2020,1,False,False,False,False,False,False,False,False,False,False,False,False,False,False,False,False,False,False,False,False,False,False,False,False,False,False,False,False,False,False,False,False,False,False,False,False,False,False,False,False,True,False,False,False,False,False,False,False,False,False,False,False,True,False,False,False,False,True,False,False,False
32.2,30.83,63,13,52.32,2.99,100.0,2,2268,49,0,0.9574534161490682,0.20634920634920634,55.31,2021,10,2022,10,2023,5,2027,7,2029,2,2031,2,False,False,False,False,False,False,False,False,False,False,False,False,False,False,False,True,False,False,False,False,False,False,False,False,False,False,False,False,False,False,False,False,False,False,False,False,False,False,False,False,False,False,False,False,False,False,False,False,False,False,False,False,False,False,False,False,True,True,False,False,True
48.01,32.38,111,14,74.25,4.09,94.3,5,380,45,0,0.674442824411581,0.12612612612612611,78.34,2022,1,2023,9,2025,12,2022,10,2023,7,2024,12,False,False,False,False,False,True,False,False,False,False,False,False,False,False,False,False,False,False,False,False,False,False,False,False,False,False,False,False,False,False,False,False,True,False,False,False,False,False,False,False,False,False,False,False,False,False,False,False,False,False,False,False,False,True,False,False,False,True,False,False,False
86.23,60.17,159,25,387.24,17.26,98.5,4,1488,56,0,0.6977849936217093,0.15723270440251572,404.5,2019,12,2022,4,2020,9,2025,11,2026,3,2026,12,False,False,False,False,False,False,False,False,True,False,False,False,False,True,False,False,False,False,False,False,False,False,False,False,False,False,False,False,False,False,False,False,False,False,False,False,False,False,False,False,False,False,False,False,False,False,False,False,False,False,False,False,False,False,False,False,False,True,False,False,False
36.55,28.63,70,11,60.28,7.75,90.9,3,1581,56,0,0.7833105335157319,0.15714285714285714,68.03,2023,7,2024,10,2027,11,2027,2,2028,7,2030,6,False,False,False,False,False,True,False,False,False,False,False,False,False,False,False,False,False,False,False,False,False,False,False,False,False,False,False,False,False,True,False,False,False,False,False,False,False,False,False,False,False,False,False,False,False,False,False,False,False,False,False,False,False,True,False,False,False,True,False,False,False
153.17,100.53,273,47,273.81,6.45,91.6,3,1716,58,0,0.6563295684533526,0.17216117216117216,280.26,2023,12,2025,5,2028,3,2030,4,2030,9,2031,11,False,False,False,False,True,False,False,False,False,False,False,False,False,False,False,False,False,True,False,False,False,False,False,False,False,False,False,False,False,False,False,False,False,False,False,False,False,False,False,False,False,False,False,False,False,False,False,False,False,False,False,False,False,True,False,False,False,True,False,False,False
55.81,37.69,112,29,54.54,7.84,94.1,3,1472,57,0,0.6753270023293316,0.25892857142857145,62.379999999999995,2020,11,2021,11,2023,9,2024,11,2026,1,2027,11,False,False,False,False,False,False,True,False,False,False,False,False,False,False,False,False,False,False,False,False,False,False,False,False,False,False,False,False,False,False,False,False,False,False,True,False,False,False,False,False,False,False,False,False,False,False,False,False,False,False,False,False,False,False,False,True,False,True,False,False,False
14.05,11.6,25,4,62.36,1.01,100.0,0,523,50,0,0.8256227758007116,0.16,63.37,2024,12,2026,8,2028,9,2027,11,2028,4,2028,7,False,False,True,False,False,False,False,False,False,False,False,False,False,False,False,False,False,False,False,False,False,False,False,False,False,False,False,False,False,False,False,False,False,False,False,False,False,False,False,False,False,False,False,False,False,False,False,False,False,True,False,False,False,False,True,False,False,True,False,False,False
23.62,10.98,44,10,40.46,4.68,74.6,0,598,65,1,0.46486028789161726,0.22727272727272727,45.14,2022,12,2023,1,2024,1,2025,2,2026,6,2027,3,False,False,False,False,False,False,False,True,False,False,False,False,False,False,False,False,False,False,False,False,False,False,False,False,False,False,False,False,False,False,True,False,False,False,False,False,False,False,False,False,False,False,False,False,False,False,False,False,False,False,False,False,False,False,False,True,False,False,True,True,False
3.12,2.25,5,1,10.87,0.33,100.0,0,504,52,0,0.7211538461538461,0.2,11.2,2021,4,2022,7,2023,10,2023,1,2023,5,2024,7,False,False,True,False,False,False,False,False,False,False,False,False,False,False,False,False,True,False,False,False,False,False,False,False,False,False,False,False,False,False,False,False,False,False,False,False,False,False,False,False,False,False,False,False,False,False,False,False,False,False,False,False,False,False,False,False,False,True,False,False,False
12.16,8.38,28,7,10.91,1.9,100.0,0,1118,55,0,0.6891447368421053,0.25,12.81,2020,5,2021,12,2020,9,2023,12,2025,5,2025,8,False,False,False,False,False,False,False,False,True,False,False,False,False,False,False,False,False,False,False,False,False,False,False,False,False,False,False,False,False,False,False,True,False,False,False,False,False,False,False,False,False,False,False,False,False,False,False,False,False,False,False,False,False,True,False,False,False,True,False,False,False
20.47,16.92,42,6,75.71,3.48,100.0,1,842,52,0,0.8265754763067905,0.14285714285714285,79.19,2025,7,2026,5,2026,1,2030,2,2030,2,2030,8,False,False,True,False,False,False,False,False,False,False,False,False,False,False,False,False,False,False,False,False,False,False,False,False,False,False,False,False,False,False,False,False,False,False,False,False,False,False,False,False,False,False,False,False,False,False,False,False,False,True,False,False,True,False,False,False,False,True,False,False,False
51.74,43.1,93,19,185.09,2.38,94.2,2,708,52,0,0.833011209895632,0.20430107526881722,187.47,2022,7,2024,4,2023,11,2027,1,2027,8,2027,9,False,False,False,False,False,False,False,False,False,False,False,False,False,False,False,False,False,False,False,False,False,True,False,False,False,False,False,False,False,False,False,False,False,False,False,False,False,False,False,False,False,False,False,False,False,False,False,False,False,False,False,False,False,True,False,False,False,True,False,False,False
14.15,13.71,23,6,15.73,0.75,98.3,0,586,48,0,0.968904593639576,0.2608695652173913,16.48,2018,3,2020,3,2022,2,2020,2,2021,6,2022,3,False,True,False,False,False,False,False,False,False,False,False,False,False,False,False,False,False,False,False,False,False,False,False,False,False,False,False,False,False,False,False,False,False,False,False,False,False,True,False,False,False,False,False,False,False,False,False,False,False,False,False,False,True,False,False,False,False,True,False,False,True
8.62,6.81,18,2,10.81,1.26,100.0,1,1489,54,0,0.7900232018561485,0.1111111111111111,12.07,2018,6,2019,7,2021,9,2023,1,2024,2,2024,10,False,False,False,False,False,False,False,True,False,False,False,False,False,False,False,False,False,False,False,False,False,False,False,False,False,False,False,False,False,False,False,False,False,False,False,False,False,False,False,False,False,True,False,False,False,False,False,False,False,False,False,False,False,False,False,True,False,True,False,False,False
4.54,4.02,7,1,8.59,0.82,81.8,0,217,24,0,0.8854625550660792,0.14285714285714285,9.41,2023,9,2024,5,2025,12,2026,6,2027,4,2027,5,True,False,False,False,False,False,False,False,False,False,False,False,False,False,False,False,False,False,False,False,False,False,False,False,False,False,False,False,False,False,False,False,False,False,False,False,False,False,False,False,False,False,False,False,True,False,False,False,False,False,False,False,False,False,False,True,False,False,False,False,False
16.5,14.58,24,8,34.85,2.5,86.7,0,1648,49,0,0.8836363636363637,0.3333333333333333,37.35,2019,7,2020,9,2021,4,2022,11,2024,2,2025,12,False,False,False,False,False,False,False,False,True,False,False,False,False,False,False,False,False,False,False,False,False,False,False,False,False,False,False,False,False,False,False,True,False,False,False,False,False,False,False,False,False,False,False,False,False,False,False,False,False,False,False,False,False,False,True,False,False,False,False,False,False
210.79,174.62,389,77,779.7,42.38,99.4,9,1566,55,0,0.8284074197068173,0.19794344473007713,822.08,2025,5,2026,3,2027,3,2030,3,2030,6,2031,12,False,False,False,False,False,False,False,True,False,False,False,False,False,False,False,False,False,False,False,False,False,False,False,False,False,False,False,False,False,False,False,False,False,True,False,False,False,False,False,False,False,False,False,False,False,False,False,False,False,False,False,False,False,True,False,False,False,True,False,False,False
39.3,20.77,62,12,40.34,2.09,89.9,1,55,22,0,0.528498727735369,0.1935483870967742,42.43000000000001,2017,8,2017,11,2020,5,2019,1,2020,3,2020,5,False,False,True,False,False,False,False,False,False,False,False,False,False,False,False,False,False,False,False,False,False,False,False,True,False,False,False,False,False,False,False,False,False,False,False,False,False,False,False,False,False,False,False,False,False,False,False,False,False,False,False,False,False,False,False,False,True,False,True,True,False
76.68,43.79,128,22,245.83,14.83,80.7,1,17,18,0,0.571074595722483,0.171875,260.66,2022,10,2024,12,2023,8,2023,11,2024,12,2025,6,False,False,False,False,False,False,False,False,False,False,False,False,False,False,False,True,False,False,False,False,False,False,False,False,False,False,False,False,False,False,False,False,False,False,False,False,False,False,False,False,False,False,False,False,False,False,False,False,False,False,False,False,False,False,False,True,False,False,True,True,False
12.18,11.3,26,5,20.04,2.42,86.3,1,1466,49,0,0.9277504105090313,0.19230769230769232,22.46,2019,5,2021,1,2020,3,2024,8,2025,3,2026,6,False,False,False,True,False,False,False,False,False,False,False,False,True,False,False,False,False,False,False,False,False,False,False,False,False,False,False,False,False,False,False,False,False,False,False,False,False,False,False,False,False,False,False,False,False,False,False,False,False,False,False,False,False,False,False,True,False,False,False,False,True
6.21,5.3,17,2,13.76,0.89,100.0,0,889,51,0,0.8534621578099839,0.11764705882352941,14.65,2019,12,2021,1,2022,11,2021,9,2022,6,2024,8,False,False,False,False,False,False,True,False,False,False,False,False,False,False,False,False,False,False,False,False,False,False,False,False,False,False,False,False,False,False,False,False,False,False,True,False,False,False,False,False,False,False,False,False,False,False,False,False,False,False,False,False,False,False,True,False,False,True,False,False,False
8.84,5.04,13,1,7.14,1.38,100.0,0,1433,59,0,0.5701357466063348,0.07692307692307693,8.52,2019,10,2020,6,2020,7,2023,10,2025,5,2026,1,True,False,False,False,False,False,False,False,False,False,False,False,False,False,False,False,False,False,False,False,False,False,False,False,False,False,False,False,False,False,False,False,False,False,False,False,False,False,False,False,False,False,False,False,False,False,False,False,False,False,True,False,True,False,False,False,False,True,False,True,False
27.19,12.2,50,10,51.04,4.74,96.1,0,1508,64,1,0.44869437293122466,0.2,55.78,2025,9,2026,1,2029,12,2030,10,2031,8,2032,3,False,False,False,False,False,False,True,False,False,False,False,False,False,False,False,False,False,False,False,False,False,False,False,False,False,False,False,False,False,False,False,False,False,False,True,False,False,False,False,False,False,False,False,False,False,False,False,False,False,False,False,False,False,False,True,False,False,False,True,True,False
4.08,2.21,10,3,5.85,0.94,92.0,0,2693,62,1,0.5416666666666666,0.3,6.789999999999999,2018,12,2019,11,2021,10,2025,6,2026,8,2028,5,False,False,False,False,False,False,False,True,False,False,False,False,False,False,False,False,False,False,False,False,False,False,False,False,False,False,False,False,False,False,False,False,False,True,False,False,False,False,False,False,False,False,False,False,False,False,False,False,False,False,False,False,False,True,False,False,False,False,True,True,False
10.95,9.61,24,6,29.18,2.24,100.0,0,1292,49,0,0.8776255707762557,0.25,31.42,2016,5,2017,2,2020,10,2020,5,2021,1,2022,1,False,False,False,False,False,False,False,False,False,False,False,False,False,False,False,False,False,False,False,False,False,True,False,False,False,False,False,False,False,False,False,False,False,False,False,False,False,False,False,False,False,False,False,False,False,False,False,False,False,False,False,False,False,False,False,False,False,True,False,False,False
16.67,12.87,30,3,23.09,3.0,98.7,2,1226,54,0,0.7720455908818236,0.1,26.09,2018,7,2020,2,2018,12,2021,7,2022,10,2023,10,False,False,False,False,False,False,False,False,False,False,False,False,False,False,False,False,False,False,False,False,False,False,False,False,False,False,False,False,False,False,False,False,False,False,False,False,True,False,False,False,False,False,False,False,False,False,False,False,False,False,False,False,False,False,False,False,False,True,False,False,False
8.0,5.55,13,4,31.14,1.49,100.0,0,1437,55,0,0.69375,0.3076923076923077,32.63,2023,1,2024,3,2027,5,2026,11,2027,10,2028,7,False,False,True,False,False,False,False,False,False,False,False,False,False,False,False,False,False,False,False,False,False,False,False,True,False,False,False,False,False,False,False,False,False,False,False,False,False,False,False,False,False,False,False,False,False,False,False,False,False,False,False,False,True,False,False,False,False,True,False,False,False
3.58,2.7,7,1,14.56,0.24,83.3,0,889,55,0,0.7541899441340782,0.14285714285714285,14.8,2022,3,2024,4,2022,12,2023,9,2025,1,2026,10,False,False,False,False,True,False,False,False,False,False,False,False,False,False,False,False,False,False,False,False,False,False,False,False,False,False,False,False,False,False,False,False,False,False,False,False,False,False,False,False,False,False,False,False,False,False,True,False,False,False,False,False,False,False,False,True,False,True,False,False,False
40.03,24.49,86,15,157.22,10.32,76.8,2,1080,60,0,0.6117911566325256,0.1744186046511628,167.54,2019,9,2021,6,2020,9,2021,12,2022,5,2024,2,False,False,True,False,False,False,False,False,False,False,False,False,False,False,False,False,False,False,False,False,False,False,False,True,False,False,False,False,False,False,False,False,False,False,False,False,False,False,False,False,False,False,False,False,False,False,False,False,False,False,False,False,True,False,False,False,False,True,False,True,False
31.37,27.5,62,15,139.05,6.65,84.9,2,1988,52,0,0.8766337264902773,0.24193548387096775,145.70000000000002,2023,2,2023,6,2025,5,2028,11,2029,2,2030,11,False,False,False,False,True,False,False,False,False,False,False,False,False,False,False,False,False,False,False,False,False,False,False,False,False,False,False,False,False,False,False,False,False,False,False,False,False,False,False,False,False,False,False,False,False,False,True,False,False,False,False,False,False,False,False,True,False,True,False,False,False
65.3,51.57,111,19,273.23,7.12,100.0,2,2628,53,0,0.789739663093415,0.17117117117117117,280.35,2025,3,2025,5,2026,5,2030,12,2032,4,2034,1,False,False,False,False,True,False,False,False,False,False,False,False,False,False,False,False,False,False,False,False,True,False,False,False,False,False,False,False,False,False,False,False,False,False,False,False,False,False,False,False,False,False,False,False,False,False,False,False,False,False,False,False,False,False,False,True,False,True,False,False,False
9.87,8.13,19,2,18.11,0.68,86.2,0,3021,52,0,0.8237082066869302,0.10526315789473684,18.79,2017,7,2018,10,2019,5,2023,10,2025,2,2027,3,True,False,False,False,False,False,False,False,False,False,False,False,False,False,False,False,False,False,False,False,False,False,False,False,False,False,False,False,False,False,False,False,False,False,False,False,False,False,False,False,False,False,False,False,True,False,False,False,False,False,False,False,False,False,False,False,False,True,False,False,False
64.07,49.06,127,19,125.8,8.3,91.7,1,2127,54,0,0.7657249882940534,0.14960629921259844,134.1,2020,2,2021,8,2023,8,2025,10,2027,1,2027,11,False,False,True,False,False,False,False,False,False,False,False,False,False,False,False,False,False,False,False,False,False,False,False,False,False,False,False,True,False,False,False,False,False,False,False,False,False,False,False,False,False,False,False,False,False,False,False,False,False,False,False,False,True,False,False,False,False,True,False,False,False
138.28,113.81,268,36,383.15,26.23,94.4,13,762,57,0,0.8230402082730691,0.13432835820895522,409.38,2021,2,2023,4,2021,11,2022,10,2024,1,2025,2,False,False,False,True,False,False,False,False,False,False,False,False,True,False,False,False,False,False,False,False,False,False,False,False,False,False,False,False,False,False,False,False,False,False,False,False,False,False,False,False,False,False,False,False,False,False,False,False,False,False,False,False,False,False,True,False,False,True,False,False,False
38.95,33.2,70,17,86.64,5.62,74.9,0,1614,54,0,0.8523748395378691,0.24285714285714285,92.26,2017,9,2020,1,2018,1,2022,6,2023,3,2025,4,False,False,False,False,False,True,False,False,False,False,False,False,False,False,False,False,False,False,False,False,False,False,False,False,False,False,False,False,False,False,False,False,True,False,False,False,False,False,False,False,False,False,False,False,False,False,False,False,False,False,False,False,False,False,False,True,False,True,False,False,False
16.28,11.05,35,3,71.45,1.68,100.0,1,1875,55,0,0.6787469287469288,0.08571428571428572,73.13000000000001,2020,12,2023,2,2023,9,2025,7,2026,10,2027,7,False,False,False,False,False,True,False,False,False,False,False,False,False,False,False,False,False,False,False,False,False,False,False,False,False,False,False,False,False,False,False,False,True,False,False,False,False,False,False,False,False,False,False,False,False,False,False,False,False,False,False,False,False,False,False,False,True,True,False,False,False
34.64,19.85,56,14,71.23,3.4,92.8,0,1432,60,0,0.5730369515011547,0.25,74.63000000000001,2016,1,2017,6,2018,8,2020,11,2021,3,2022,1,False,False,True,False,False,False,False,False,False,False,False,False,False,False,False,False,False,False,False,False,False,False,False,True,False,False,False,False,False,False,False,False,False,False,False,False,False,False,False,False,False,False,False,False,False,False,False,False,False,False,False,False,False,False,False,False,True,True,False,True,False
15.52,7.69,21,3,54.91,2.42,89.9,0,1207,64,1,0.4954896907216495,0.14285714285714285,57.33,2020,3,2021,4,2020,10,2022,3,2023,9,2025,9,False,False,True,False,False,False,False,False,False,False,False,False,False,False,False,False,False,False,False,False,False,False,False,False,False,False,False,True,False,False,False,False,False,False,False,False,False,False,False,False,False,False,False,False,False,False,False,False,False,False,False,False,False,False,True,False,False,False,True,True,False
13.14,11.46,21,6,38.48,2.11,100.0,1,360,36,0,0.8721461187214612,0.2857142857142857,40.589999999999996,2022,8,2024,12,2023,9,2024,6,2025,4,2026,10,False,False,False,False,False,False,True,False,False,False,False,False,False,False,False,False,False,False,True,False,False,False,False,False,False,False,False,False,False,False,False,False,False,False,False,False,False,False,False,False,False,False,False,False,False,False,False,False,False,False,False,False,False,False,False,False,True,True,False,False,False
59.34,50.75,116,15,257.47,3.76,91.8,3,2299,51,0,0.8552409841590832,0.12931034482758622,261.23,2021,7,2022,9,2024,6,2028,1,2028,8,2029,9,True,False,False,False,False,False,False,False,False,True,False,False,False,False,False,False,False,False,False,False,False,False,False,False,False,False,False,False,False,False,False,False,False,False,False,False,False,False,False,False,False,False,False,False,False,False,False,False,False,False,False,False,False,True,False,False,False,False,False,False,False
26.07,20.16,55,11,92.67,4.1,88.2,1,406,45,0,0.7733026467203682,0.2,96.77,2018,9,2020,3,2019,1,2020,9,2020,12,2022,11,False,False,True,False,False,False,False,False,False,False,False,False,False,False,False,False,False,False,False,False,False,False,False,False,False,False,True,False,False,False,False,False,False,False,False,False,False,False,False,False,False,False,False,False,False,False,False,False,False,False,False,False,False,False,False,True,False,True,False,False,False
99.99,88.51,184,40,192.33,20.81,95.1,4,1332,50,0,0.8851885188518853,0.21739130434782608,213.14000000000001,2022,7,2023,7,2025,2,2027,2,2028,1,2028,9,False,False,False,False,False,False,True,False,False,False,False,False,False,False,False,False,False,False,False,True,False,False,False,False,False,False,False,False,False,False,False,False,False,False,False,False,False,False,False,False,False,False,False,False,False,False,False,False,False,False,False,False,False,False,True,False,False,False,False,False,False
19.25,7.5,33,6,29.44,0.77,93.8,1,403,57,0,0.38961038961038963,0.18181818181818182,30.21,2019,12,2021,12,2023,10,2021,5,2021,11,2023,5,False,False,False,False,True,False,False,False,False,False,False,False,False,False,False,False,False,False,False,False,False,False,False,False,False,False,False,False,False,False,False,False,False,False,False,False,False,False,False,False,False,False,False,False,False,False,True,False,False,False,False,False,True,False,False,False,False,False,True,True,False
21.3,10.73,30,5,84.39,0.73,98.7,0,465,56,0,0.503755868544601,0.16666666666666666,85.12,2016,1,2016,9,2017,4,2018,5,2018,7,2019,1,False,False,False,False,False,False,False,False,False,False,False,False,False,False,False,False,False,False,False,False,False,True,False,False,False,False,False,False,False,False,False,False,False,False,False,False,False,False,False,False,False,False,False,False,False,False,False,False,False,False,False,False,False,False,False,True,False,False,True,True,False
17.0,12.97,30,4,70.9,2.75,89.9,1,2092,56,0,0.7629411764705882,0.13333333333333333,73.65,2018,10,2019,12,2022,5,2024,9,2025,4,2026,11,False,False,False,False,False,False,False,False,False,False,False,False,False,False,False,True,False,False,False,False,False,False,False,False,False,False,False,False,False,False,False,False,False,False,False,False,False,False,False,False,False,False,False,False,False,False,False,False,False,False,False,False,False,False,True,False,False,True,False,False,False
9.77,4.8,14,1,37.86,1.09,100.0,0,276,40,0,0.49129989764585463,0.07142857142857142,38.95,2019,7,2020,2,2021,7,2020,7,2021,10,2021,12,False,False,False,False,True,False,False,False,False,False,False,False,False,False,False,False,False,True,False,False,False,False,False,False,False,False,False,False,False,False,False,False,False,False,False,False,False,False,False,False,False,False,False,False,False,False,False,False,False,False,False,False,False,False,False,False,False,False,True,True,False
67.66,35.54,128,20,238.74,3.15,100.0,3,298,42,0,0.525273425953296,0.15625,241.89000000000001,2016,9,2017,8,2020,1,2017,5,2017,10,2019,3,False,False,False,False,False,False,False,False,True,False,False,False,False,False,False,False,False,False,False,False,False,False,False,False,False,True,False,False,False,False,False,False,False,False,False,False,False,False,False,False,False,False,False,False,False,False,False,False,False,False,False,False,True,False,False,False,False,False,True,True,False
266.59,156.46,457,81,530.62,54.66,94.3,11,949,63,1,0.5868937319479351,0.1772428884026258,585.28,2016,4,2016,9,2019,8,2018,12,2019,10,2020,6,False,False,False,False,False,False,True,False,False,False,False,False,False,False,False,False,False,False,False,True,False,False,False,False,False,False,False,False,False,False,False,False,False,False,False,False,False,False,False,False,False,False,False,False,False,False,False,False,False,False,False,False,False,False,False,False,False,False,True,True,False
20.45,13.56,39,5,54.6,3.04,85.3,1,0,12,0,0.6630806845965771,0.1282051282051282,57.64,2020,10,2021,4,2023,9,2021,6,2022,4,2022,12,False,False,False,False,False,False,True,False,False,False,False,False,False,False,False,False,False,False,False,False,False,False,False,False,False,False,False,False,False,False,False,False,False,False,True,False,False,False,False,False,False,False,False,False,False,False,False,False,False,False,False,False,False,False,False,True,False,True,False,False,False
15.17,14.22,20,1,63.53,1.38,100.0,1,618,47,0,0.937376400791035,0.05,64.91,2016,1,2017,1,2019,10,2019,1,2019,2,2019,10,False,False,False,False,True,False,False,False,False,False,False,False,False,False,False,False,False,False,False,False,False,False,False,False,False,False,False,False,False,False,False,False,False,False,False,False,False,False,False,False,False,False,False,False,False,False,True,False,False,False,False,False,True,False,False,False,False,False,False,False,True
14.22,8.12,29,5,18.47,1.88,100.0,1,1507,60,0,0.571026722925457,0.1724137931034483,20.349999999999998,2018,6,2018,8,2022,3,2024,4,2024,9,2025,6,False,False,False,True,False,False,False,False,False,False,False,False,False,False,False,False,False,False,False,False,False,False,False,False,False,False,False,False,False,False,False,False,False,False,False,False,False,False,False,True,False,False,False,False,False,False,False,False,False,False,False,False,False,False,False,False,True,False,True,True,False
15.18,12.08,27,5,39.94,2.43,72.7,0,601,56,0,0.7957839262187089,0.18518518518518517,42.37,2016,5,2018,9,2018,8,2019,7,2020,7,2021,4,False,True,False,False,False,False,False,False,False,False,False,False,False,False,False,False,False,False,False,False,False,False,False,False,False,False,False,False,False,False,False,False,False,False,False,True,False,False,False,False,False,False,False,False,False,False,False,False,False,False,False,False,False,False,True,False,False,True,False,False,False
155.99,135.13,283,52,329.98,18.63,92.7,8,1804,54,0,0.8662734790691711,0.18374558303886926,348.61,2025,9,2027,5,2029,1,2029,3,2030,8,2032,7,False,False,False,False,False,False,False,True,False,False,False,False,False,False,False,False,False,False,False,False,False,False,False,False,False,False,False,False,False,False,False,False,False,True,False,False,False,False,False,False,False,False,False,False,False,False,False,False,False,False,False,False,False,False,False,True,False,True,False,False,False
14.61,11.08,29,7,48.31,2.49,100.0,0,2035,52,0,0.7583846680355921,0.2413793103448276,50.800000000000004,2020,12,2023,3,2021,7,2026,5,2027,12,2028,1,False,False,False,False,True,False,False,False,False,False,False,False,False,False,False,False,False,False,False,False,False,False,False,False,False,False,False,False,False,False,False,False,False,False,False,False,False,False,False,False,False,False,False,True,False,False,False,False,False,False,False,False,False,True,False,False,False,True,False,False,False
16.69,13.02,29,4,52.51,2.0,90.0,1,416,44,0,0.780107849011384,0.13793103448275862,54.51,2019,8,2021,3,2020,8,2022,1,2023,3,2023,5,False,False,True,False,False,False,False,False,False,False,False,False,False,False,False,False,False,False,False,False,False,False,False,False,False,False,False,True,False,False,False,False,False,False,False,False,False,False,False,False,False,False,False,False,False,False,False,False,False,False,False,False,True,False,False,False,False,True,False,False,False
8.67,6.2,21,1,24.9,1.7,100.0,1,903,54,0,0.7151095732410612,0.047619047619047616,26.599999999999998,2016,7,2018,10,2017,1,2020,1,2020,2,2021,4,False,False,True,False,False,False,False,False,False,False,False,False,False,False,False,False,False,False,False,False,False,False,False,False,False,False,False,False,False,False,False,False,False,False,False,False,False,False,False,False,False,False,False,False,False,False,False,False,False,True,False,False,True,False,False,False,False,True,False,False,False
40.19,35.43,66,10,73.73,6.63,100.0,2,2212,50,0,0.8815625777556606,0.15151515151515152,80.36,2016,2,2017,11,2016,11,2021,1,2022,4,2023,11,True,False,False,False,False,False,False,False,False,False,False,False,False,False,False,False,False,False,False,False,False,False,False,False,False,False,False,False,False,False,False,False,False,False,False,False,False,False,False,False,False,False,False,False,False,False,False,True,False,False,False,False,False,False,False,True,False,True,False,False,False
28.02,12.04,47,6,38.96,4.78,93.2,5,928,68,1,0.42969307637401855,0.1276595744680851,43.74,2023,12,2026,4,2027,11,2028,3,2028,10,2029,7,False,False,False,False,True,False,False,False,False,False,False,False,False,False,False,False,False,False,False,False,True,False,False,False,False,False,False,False,False,False,False,False,False,False,False,False,False,False,False,False,False,False,False,False,False,False,False,False,False,False,False,False,False,False,False,True,False,False,True,True,False
9.61,8.35,15,2,35.58,1.57,100.0,0,1683,50,0,0.8688865764828304,0.13333333333333333,37.15,2024,9,2026,9,2026,7,2028,7,2029,8,2030,11,True,False,False,False,False,False,False,False,False,False,False,False,False,False,False,False,False,False,False,False,False,False,False,False,False,False,False,False,False,False,False,False,False,False,False,False,False,False,False,False,False,False,False,False,False,False,False,True,False,False,False,False,False,False,False,False,False,True,False,False,False
12.27,10.77,11,1,54.84,0.44,98.8,0,156,19,0,0.8777506112469438,0.09090909090909091,55.28,2018,10,2021,4,2020,6,2019,6,2020,9,2020,11,False,False,False,False,True,False,False,False,False,False,False,False,False,False,False,False,False,True,False,False,False,False,False,False,False,False,False,False,False,False,False,False,False,False,False,False,False,False,False,False,False,False,False,False,False,False,False,False,False,False,False,False,False,False,False,False,True,True,False,False,False
138.79,124.3,242,35,197.87,6.32,91.5,9,777,53,0,0.895597665537863,0.1446280991735537,204.19,2022,3,2023,12,2023,2,2024,3,2025,9,2026,10,False,False,False,False,False,False,True,False,False,False,False,False,False,False,False,False,False,False,False,False,False,False,False,False,False,False,False,False,False,False,False,False,False,False,True,False,False,False,False,False,False,False,False,False,False,False,False,False,False,False,False,False,False,False,False,False,False,False,False,False,False
30.96,13.84,64,13,33.45,6.63,98.3,0,1779,64,1,0.4470284237726098,0.203125,40.080000000000005,2023,5,2024,12,2024,5,2029,2,2029,4,2031,1,False,False,False,False,False,False,False,True,False,False,False,False,False,False,False,False,False,False,False,False,False,False,False,False,False,False,False,False,False,False,False,False,False,False,False,False,False,False,False,False,False,True,False,False,False,False,False,False,False,False,False,False,False,False,False,False,False,False,True,True,False
33.17,24.17,46,4,118.06,1.11,100.0,2,355,40,0,0.728670485378354,0.08695652173913043,119.17,2021,2,2021,9,2023,10,2022,4,2022,9,2024,8,False,False,False,False,False,False,True,False,False,False,False,False,False,False,False,False,False,False,False,False,False,False,False,False,False,False,False,False,False,False,False,False,False,False,True,False,False,False,False,False,False,False,False,False,False,False,False,False,False,False,False,False,False,False,False,False,True,True,False,False,False
33.3,25.64,61,11,69.01,2.52,99.2,1,871,52,0,0.76996996996997,0.18032786885245902,71.53,2016,12,2017,11,2018,1,2019,5,2020,10,2022,5,False,True,False,False,False,False,False,False,False,False,False,False,False,False,True,False,False,False,False,False,False,False,False,False,False,False,False,False,False,False,False,False,False,False,False,False,False,False,False,False,False,False,False,False,False,False,False,False,False,False,False,False,False,True,False,False,False,True,False,False,False
120.86,50.37,244,48,191.94,17.72,89.7,10,911,69,1,0.4167631970875393,0.19672131147540983,209.66,2019,3,2019,5,2020,12,2022,8,2023,2,2023,9,False,False,False,False,False,False,False,False,False,False,False,False,False,False,False,True,False,False,False,False,False,False,False,False,False,False,False,False,False,False,False,False,False,False,False,False,False,False,False,False,False,False,False,False,False,False,False,False,False,False,False,False,False,False,False,False,False,False,True,True,False
10.54,8.72,15,4,28.91,1.58,100.0,0,1077,51,0,0.8273244781783683,0.26666666666666666,30.490000000000002,2022,8,2024,11,2024,12,2026,12,2028,1,2028,10,False,False,False,False,False,True,False,False,False,False,False,False,False,False,False,False,False,False,False,False,False,False,False,False,False,False,False,False,False,False,False,False,True,False,False,False,False,False,False,False,False,False,False,False,False,False,False,False,False,False,False,False,False,False,False,False,False,True,False,False,False
20.16,10.56,38,8,66.49,4.17,100.0,0,2151,61,1,0.5238095238095238,0.21052631578947367,70.66,2025,1,2026,10,2028,4,2031,7,2031,12,2033,11,False,False,False,False,True,False,False,False,False,False,False,False,False,False,False,False,False,False,False,False,False,False,False,False,False,False,False,False,False,False,False,False,False,False,False,False,False,False,False,False,False,False,False,False,False,False,True,False,False,False,False,False,True,False,False,False,False,False,True,True,False
25.31,17.24,45,5,40.37,3.73,100.0,1,1874,56,0,0.681153694192019,0.1111111111111111,44.099999999999994,2024,11,2026,12,2026,10,2029,1,2030,1,2031,8,False,True,False,False,False,False,False,False,False,False,False,False,False,False,False,False,False,False,False,False,False,False,False,False,False,False,False,False,False,False,False,False,False,False,False,False,False,True,False,False,False,False,False,False,False,False,False,False,False,False,False,False,False,False,False,False,True,True,False,False,False
5.36,4.54,10,2,24.01,1.17,91.0,0,1169,50,0,0.8470149253731343,0.2,25.18,2023,2,2025,1,2027,4,2027,8,2028,3,2028,8,False,False,False,False,False,False,False,False,False,False,False,False,False,False,False,True,False,False,False,False,False,False,False,False,False,False,False,False,False,False,False,False,False,False,False,False,False,False,False,False,False,False,False,False,False,False,False,False,False,False,False,False,False,False,True,False,False,False,False,False,False
11.99,10.73,20,4,24.15,1.86,100.0,2,363,33,0,0.8949124270225188,0.2,26.009999999999998,2019,10,2022,3,2022,8,2021,9,2022,7,2023,4,False,False,False,False,False,False,False,False,True,False,False,False,False,False,False,False,False,False,False,False,False,False,False,False,True,False,False,False,False,False,False,False,False,False,False,False,False,False,False,False,False,False,False,False,False,False,False,False,False,False,False,False,False,True,False,False,False,False,False,False,False
85.34,69.5,163,29,167.72,11.86,88.0,4,1159,55,0,0.8143895008202484,0.17791411042944785,179.57999999999998,2018,9,2020,2,2020,4,2021,6,2023,1,2023,9,False,False,False,False,False,False,False,True,False,False,False,False,False,False,False,False,False,False,False,False,False,False,False,False,False,False,False,False,False,False,False,False,False,False,False,False,False,False,False,False,False,False,False,False,False,False,False,False,False,False,False,False,False,True,False,False,False,True,False,False,False
64.09,38.29,117,20,151.58,3.91,94.3,2,2044,58,0,0.5974410984552972,0.17094017094017094,155.49,2016,11,2018,9,2020,11,2022,3,2023,4,2024,7,True,False,False,False,False,False,False,False,False,True,False,False,False,False,False,False,False,False,False,False,False,False,False,False,False,False,False,False,False,False,False,False,False,False,False,False,False,False,False,False,False,False,False,False,False,False,False,False,False,False,False,False,False,False,False,False,True,True,False,True,False
76.48,64.74,123,27,272.01,7.73,100.0,4,1468,52,0,0.8464958158995814,0.21951219512195122,279.74,2021,8,2022,3,2022,12,2024,8,2026,2,2028,1,True,False,False,False,False,False,False,False,False,False,False,False,False,False,False,False,False,False,False,False,False,False,False,False,False,False,False,False,False,False,False,False,False,False,False,False,False,False,False,False,False,False,False,False,True,False,False,False,False,False,False,False,False,False,False,True,False,True,False,False,False
16.63,8.41,25,3,67.04,2.56,100.0,0,1554,61,1,0.5057125676488274,0.12,69.60000000000001,2025,7,2027,9,2026,8,2029,5,2030,12,2032,4,False,False,False,False,False,False,True,False,False,False,False,False,False,False,False,False,False,False,False,False,False,False,False,False,False,False,False,False,False,False,False,False,False,False,False,False,False,False,False,False,False,False,False,False,False,True,False,False,False,False,False,False,False,False,False,True,False,False,True,True,False
18.81,13.24,30,5,37.6,1.45,100.0,2,2272,56,0,0.7038809144072302,0.16666666666666666,39.050000000000004,2021,10,2022,1,2025,10,2027,8,2028,6,2029,7,False,False,True,False,False,False,False,False,False,False,False,False,False,False,False,False,True,False,False,False,False,False,False,False,False,False,False,False,False,False,False,False,False,False,False,False,False,False,False,False,False,False,False,False,False,False,False,False,False,False,False,False,True,False,False,False,False,True,False,False,False
5.01,3.87,8,1,6.21,0.62,90.6,0,2627,55,0,0.7724550898203594,0.125,6.83,2019,8,2021,11,2023,12,2025,8,2026,10,2028,8,False,False,False,False,False,False,False,False,False,False,False,False,False,False,False,False,False,False,False,False,False,True,False,False,False,False,False,False,False,False,False,False,False,False,False,False,False,False,False,False,False,False,False,False,False,False,False,False,False,False,False,False,True,False,False,False,False,True,False,False,False
76.09,58.43,144,29,132.98,17.04,83.9,2,1898,55,0,0.7679064266000788,0.2013888888888889,150.01999999999998,2024,3,2025,7,2027,6,2028,10,2029,11,2031,5,False,False,False,False,False,False,False,False,True,False,False,False,False,False,False,False,False,False,False,False,False,False,False,False,False,False,False,False,False,False,False,True,False,False,False,False,False,False,False,False,False,False,False,False,False,False,False,False,False,False,False,False,False,False,False,False,True,True,False,False,False
89.72,63.42,165,37,99.75,6.18,100.0,3,0,12,0,0.7068658047258136,0.22424242424242424,105.93,2024,2,2025,3,2026,9,2025,2,2025,8,2026,10,False,True,False,False,False,False,False,False,False,False,False,False,False,False,True,False,False,False,False,False,False,False,False,False,False,False,False,False,False,False,False,False,False,False,False,False,False,False,False,False,False,False,False,False,False,False,False,False,False,False,False,False,True,False,False,False,False,True,False,False,False
88.58,53.42,169,25,277.46,5.09,84.8,3,602,61,1,0.6030706705802664,0.14792899408284024,282.54999999999995,2025,6,2026,9,2026,11,2028,4,2028,6,2028,11,False,False,False,False,False,False,False,True,False,False,False,False,False,False,False,False,False,False,False,False,False,False,False,False,False,False,False,False,False,False,False,False,False,False,False,False,False,False,False,False,False,True,False,False,False,False,False,False,False,False,False,False,False,True,False,False,False,False,True,True,False
149.02,118.35,259,58,527.62,25.79,89.8,4,1055,55,0,0.7941886995034223,0.22393822393822393,553.41,2023,7,2023,10,2027,1,2026,8,2027,9,2028,10,False,False,False,False,False,False,False,False,False,False,False,False,False,False,False,False,False,False,False,False,False,False,False,False,False,False,False,False,False,False,False,False,False,False,False,False,False,False,False,False,True,False,False,False,False,False,False,False,False,False,False,False,False,True,False,False,False,True,False,False,False
45.7,25.18,74,6,109.14,1.66,98.1,4,2575,62,1,0.5509846827133479,0.08108108108108109,110.8,2023,12,2024,11,2026,1,2030,1,2031,8,2033,1,False,False,False,False,False,False,False,False,True,False,False,False,False,False,False,False,False,False,False,False,False,False,False,False,True,False,False,False,False,False,False,False,False,False,False,False,False,False,False,False,False,False,False,False,False,False,False,False,False,False,False,False,False,False,True,False,False,False,True,True,False
142.15,117.72,271,43,614.85,22.85,100.0,9,503,52,0,0.8281392894829405,0.15867158671586715,637.7,2018,2,2019,12,2022,3,2019,5,2020,11,2021,4,False,False,False,False,False,True,False,False,False,False,False,False,False,False,False,False,False,False,False,False,False,False,False,False,False,False,False,False,False,False,False,False,True,False,False,False,False,False,False,False,False,False,False,False,False,False,False,False,False,False,False,False,False,False,False,True,False,True,False,False,False
24.52,16.76,44,7,85.62,2.36,100.0,0,2091,55,0,0.6835236541598696,0.1590909090909091,87.98,2018,6,2018,12,2019,4,2023,12,2024,4,2025,11,False,False,False,False,True,False,False,False,False,False,False,False,False,False,False,False,False,True,False,False,False,False,False,False,False,False,False,False,False,False,False,False,False,False,False,False,False,False,False,False,False,False,False,False,False,False,False,False,False,False,False,False,False,False,False,False,True,True,False,False,False
5.12,4.25,12,2,11.29,1.11,77.6,1,485,48,0,0.830078125,0.16666666666666666,12.399999999999999,2021,7,2023,1,2025,12,2022,9,2023,10,2024,4,True,False,False,False,False,False,False,False,False,False,False,False,False,False,False,False,False,False,False,False,False,False,False,False,False,False,False,False,False,False,False,False,False,False,False,False,False,False,False,False,False,False,False,False,False,False,False,True,False,False,False,False,False,False,False,False,False,False,False,False,False
70.86,35.28,130,22,83.49,4.16,97.4,1,1978,63,1,0.49788314987298904,0.16923076923076924,87.64999999999999,2018,1,2018,4,2018,5,2022,1,2023,3,2025,2,False,True,False,False,False,False,False,False,False,False,False,False,False,False,True,False,False,False,False,False,False,False,False,False,False,False,False,False,False,False,False,False,False,False,False,False,False,False,False,False,False,False,False,False,False,False,False,False,False,False,False,False,False,False,False,True,False,False,True,True,False
4.93,3.44,13,4,12.95,0.69,84.0,0,1106,57,0,0.6977687626774848,0.3076923076923077,13.639999999999999,2023,5,2025,7,2027,6,2027,1,2027,5,2029,7,True,False,False,False,False,False,False,False,False,False,False,False,False,False,False,False,False,False,False,False,False,False,False,False,False,False,False,False,False,False,False,False,False,False,False,False,False,False,False,False,False,False,False,False,False,False,False,True,False,False,False,False,False,False,False,False,False,True,False,False,False
35.52,32.01,84,14,94.63,1.82,96.1,2,259,25,0,0.9011824324324323,0.16666666666666666,96.44999999999999,2018,11,2019,1,2019,5,2020,1,2021,1,2022,9,False,True,False,False,False,False,False,False,False,False,False,False,False,False,False,False,False,False,False,False,False,False,False,False,False,False,False,False,False,False,False,False,False,False,False,False,False,True,False,False,False,False,False,False,False,False,False,False,False,False,False,False,False,False,True,False,False,False,False,False,True
77.89,51.29,118,26,220.99,5.13,100.0,0,1947,57,0,0.658492746180511,0.22033898305084745,226.12,2020,1,2022,1,2021,9,2026,6,2027,6,2028,2,False,False,False,False,False,False,True,False,False,False,False,False,False,False,False,False,False,False,False,True,False,False,False,False,False,False,False,False,False,False,False,False,False,False,False,False,False,False,False,False,False,False,False,False,False,False,False,False,False,False,False,False,False,False,True,False,False,True,False,False,False
41.44,34.89,60,15,137.79,4.1,93.0,0,895,50,0,0.8419401544401545,0.25,141.89,2017,1,2019,6,2018,11,2018,12,2019,12,2021,12,False,False,True,False,False,False,False,False,False,False,False,False,False,False,False,False,True,False,False,False,False,False,False,False,False,False,False,False,False,False,False,False,False,False,False,False,False,False,False,False,False,False,False,False,False,False,False,False,False,False,False,False,True,False,False,False,False,False,False,False,False
292.44,228.13,496,97,520.02,18.73,69.1,10,1603,60,0,0.7800916427301327,0.19556451612903225,538.75,2017,11,2018,3,2021,6,2022,8,2022,10,2023,12,False,True,False,False,False,False,False,False,False,False,False,False,False,False,False,False,False,False,False,False,False,False,False,False,False,False,False,False,False,False,False,False,False,False,False,True,False,False,False,False,False,False,False,False,False,False,False,False,False,False,False,False,False,False,True,False,False,True,False,False,False
4.2,1.42,13,3,3.4,1.04,100.0,0,0,21,0,0.33809523809523806,0.23076923076923078,4.4399999999999995,2021,6,2022,1,2023,7,2022,10,2023,2,2023,7,True,False,False,False,False,False,False,False,False,False,False,False,False,False,False,False,False,False,False,False,False,False,False,False,False,False,False,False,False,False,False,False,False,False,False,False,False,False,False,False,False,False,False,False,True,False,False,False,False,False,False,False,False,False,True,False,False,False,True,True,False
27.58,18.06,59,12,105.01,1.88,88.0,2,1904,61,1,0.6548223350253807,0.2033898305084746,106.89,2025,6,2026,1,2029,8,2030,2,2031,4,2033,3,False,False,False,False,False,False,True,False,False,False,False,False,False,False,False,False,False,False,False,False,False,False,False,False,False,False,False,False,False,False,False,False,False,False,False,False,False,False,False,False,False,False,False,False,False,True,False,False,False,False,False,False,False,False,False,False,False,False,True,False,False
30.49,25.82,67,11,117.3,6.33,96.2,3,1403,51,0,0.8468350278779928,0.16417910447761194,123.63,2022,10,2025,1,2024,5,2026,1,2026,10,2028,4,False,True,False,False,False,False,False,False,False,False,False,False,False,False,False,False,False,False,False,False,False,False,False,False,False,False,False,False,False,False,False,False,False,False,False,False,False,True,False,False,False,False,False,False,False,False,False,False,False,False,False,False,True,False,False,False,False,True,False,False,False
7.81,4.49,13,1,32.59,1.46,100.0,0,1087,59,0,0.5749039692701665,0.07692307692307693,34.050000000000004,2016,12,2017,10,2018,7,2021,12,2022,3,2022,6,False,False,False,False,False,True,False,False,False,False,False,False,False,False,False,False,False,False,False,False,False,False,False,False,False,False,False,False,True,False,False,False,False,False,False,False,False,False,False,False,False,False,False,False,False,False,False,False,False,False,False,False,False,False,True,False,False,True,False,True,False
9.45,8.06,14,2,41.44,0.82,100.0,0,230,24,0,0.8529100529100531,0.14285714285714285,42.26,2024,12,2026,5,2029,3,2027,7,2028,1,2028,5,False,False,True,False,False,False,False,False,False,False,False,False,False,False,False,False,False,False,False,False,False,False,False,False,False,False,False,False,False,False,False,False,False,False,False,False,False,False,False,False,False,False,False,False,False,False,False,False,False,True,False,False,False,False,False,True,False,True,False,False,False
12.87,11.2,24,2,17.88,1.75,100.0,0,308,31,0,0.8702408702408703,0.08333333333333333,19.63,2021,1,2023,4,2023,10,2024,8,2025,1,2025,2,False,True,False,False,False,False,False,False,False,False,False,False,False,False,False,False,False,False,False,False,False,False,False,False,False,False,False,False,False,False,False,False,False,False,False,False,False,True,False,False,False,False,False,False,False,False,False,False,False,False,False,False,False,False,True,False,False,True,False,False,False
9.98,7.84,9,1,21.05,0.62,95.8,0,588,54,0,0.785571142284569,0.1111111111111111,21.67,2024,9,2025,3,2025,11,2025,10,2027,3,2027,9,False,False,False,False,False,False,True,False,False,False,False,False,False,False,False,False,False,False,False,True,False,False,False,False,False,False,False,False,False,False,False,False,False,False,False,False,False,False,False,False,False,False,False,False,False,False,False,False,False,False,False,False,True,False,False,False,False,True,False,False,False
26.9,17.33,47,7,106.26,4.63,89.5,0,978,58,0,0.6442379182156134,0.14893617021276595,110.89,2020,11,2021,8,2023,10,2024,2,2024,5,2024,12,False,False,False,False,False,False,False,False,False,False,False,False,False,False,False,False,False,False,False,False,False,False,False,False,False,False,False,False,False,False,False,False,False,False,False,False,False,False,False,False,True,False,False,False,False,False,False,False,False,False,False,False,False,False,False,False,True,True,False,True,False
16.4,10.39,34,7,69.8,4.06,100.0,1,1424,56,0,0.6335365853658538,0.20588235294117646,73.86,2016,4,2018,7,2020,3,2021,2,2022,3,2023,1,False,False,False,True,False,False,False,False,False,False,False,False,True,False,False,False,False,False,False,False,False,False,False,False,False,False,False,False,False,False,False,False,False,False,False,False,False,False,False,False,False,False,False,False,False,False,False,False,False,False,False,False,True,False,False,False,False,True,False,True,False
41.18,32.64,72,19,35.16,6.74,92.2,0,365,37,0,0.7926177756192326,0.2638888888888889,41.9,2020,5,2021,1,2024,1,2022,6,2023,6,2024,2,False,False,False,False,False,False,False,False,True,False,False,False,False,False,False,False,False,False,False,False,False,False,False,False,True,False,False,False,False,False,False,False,False,False,False,False,False,False,False,False,False,False,False,False,False,False,False,False,False,False,False,False,False,False,False,False,False,True,False,False,False
57.36,37.36,106,21,128.14,4.39,99.9,3,1230,58,0,0.6513249651324965,0.19811320754716982,132.52999999999997,2016,9,2018,2,2017,12,2019,12,2020,2,2021,11,False,False,False,True,False,False,False,False,False,False,False,False,False,False,False,False,False,False,False,False,False,False,False,False,False,False,False,False,False,False,False,False,False,False,False,False,False,False,False,False,False,False,True,False,False,False,False,False,False,False,False,False,False,False,False,False,True,True,False,False,False
53.61,45.55,85,21,65.38,7.62,99.0,2,0,7,0,0.8496549151277746,0.24705882352941178,73.0,2022,3,2023,5,2024,1,2023,2,2023,5,2024,3,False,False,False,True,False,False,False,False,False,False,False,False,False,False,False,False,False,False,False,False,False,False,False,False,False,False,False,False,False,False,False,False,False,False,False,False,False,False,False,False,False,False,False,False,False,False,False,False,True,False,False,False,False,False,False,True,False,True,False,False,False
19.88,16.97,30,7,73.9,2.45,92.4,1,1486,52,0,0.8536217303822937,0.23333333333333334,76.35000000000001,2024,8,2026,10,2027,6,2030,5,2031,2,2031,5,False,False,False,False,False,False,False,True,False,False,False,False,False,False,False,False,False,False,False,False,False,False,False,False,False,False,False,False,False,False,True,False,False,False,False,False,False,False,False,False,False,False,False,False,False,False,False,False,False,False,False,False,False,True,False,False,False,True,False,False,False
39.82,26.37,80,16,141.93,3.28,77.0,4,2100,61,1,0.662230035158212,0.2,145.21,2021,9,2023,3,2022,12,2026,8,2027,12,2029,11,False,False,False,False,False,True,False,False,False,False,False,False,False,False,False,False,False,False,False,False,False,False,False,False,False,False,False,False,False,False,False,False,True,False,False,False,False,False,False,False,False,False,False,False,False,False,False,False,False,False,False,False,True,False,False,False,False,True,False,False,False
84.36,53.97,150,26,302.93,6.61,95.4,2,1187,59,0,0.6397581792318634,0.17333333333333334,309.54,2018,10,2020,2,2022,8,2024,3,2024,10,2025,4,False,False,False,False,False,False,False,False,False,False,False,False,False,False,False,True,False,False,False,False,False,False,False,False,False,False,False,False,False,False,False,False,False,False,False,False,False,False,False,False,False,False,False,False,False,False,False,False,False,False,False,False,False,False,False,False,False,False,True,True,False
46.79,28.29,80,13,104.99,6.82,100.0,2,2463,61,1,0.6046163710194485,0.1625,111.81,2019,1,2021,6,2020,3,2024,9,2025,9,2027,9,False,False,False,False,True,False,False,False,False,False,False,False,False,False,False,False,False,False,False,False,True,False,False,False,False,False,False,False,False,False,False,False,False,False,False,False,False,False,False,False,False,False,False,False,False,False,False,False,False,False,False,False,False,False,False,True,False,False,True,True,False
192.28,166.16,316,68,442.84,31.85,96.7,11,738,55,0,0.8641564385271479,0.21518987341772153,474.69,2018,1,2020,3,2019,8,2020,6,2020,7,2021,11,False,True,False,False,False,False,False,False,False,False,False,False,False,False,False,False,False,False,False,False,False,False,False,False,False,False,False,False,False,False,False,False,False,False,False,False,False,True,False,False,False,False,False,False,False,False,False,False,False,False,False,False,False,False,False,False,True,True,False,False,False
80.01,63.34,163,33,141.53,15.69,88.8,2,1535,55,0,0.7916510436195475,0.20245398773006135,157.22,2021,8,2023,12,2022,3,2026,10,2026,12,2028,11,False,False,False,False,False,False,False,False,True,False,False,False,False,False,False,False,False,False,False,False,False,False,False,False,False,False,False,False,False,False,False,True,False,False,False,False,False,False,False,False,False,False,False,False,False,False,False,False,False,False,False,False,False,False,False,True,False,True,False,False,False
167.07,125.51,272,56,356.75,21.93,85.9,7,903,57,0,0.7512419943736159,0.20588235294117646,378.68,2017,1,2017,11,2018,2,2020,8,2020,12,2022,4,False,False,True,False,False,False,False,False,False,False,False,False,False,False,False,False,False,False,False,False,False,False,False,False,False,False,False,False,False,False,False,False,False,False,False,False,False,False,False,False,False,False,False,False,False,False,False,False,False,True,False,False,True,False,False,False,False,True,False,False,False
2.48,1.92,8,2,11.0,0.91,92.0,0,3039,55,0,0.7741935483870968,0.25,11.91,2020,12,2021,9,2022,8,2027,4,2028,8,2030,10,False,False,False,False,False,False,False,False,False,False,False,False,False,False,False,False,False,False,False,False,False,False,False,False,False,False,False,False,False,False,False,False,False,False,False,False,False,False,False,False,True,False,False,False,False,False,False,False,False,False,False,False,False,False,True,False,False,True,False,False,False
33.01,23.95,55,10,32.1,5.12,100.0,2,0,10,0,0.7255377158436838,0.18181818181818182,37.22,2016,4,2018,3,2018,11,2016,12,2017,7,2018,12,True,False,False,False,False,False,False,False,False,False,False,False,False,False,False,False,False,False,False,False,False,False,False,False,False,False,False,False,False,False,False,False,False,False,False,False,False,False,False,False,False,False,False,False,True,False,False,False,False,False,False,False,True,False,False,False,False,True,False,False,False
21.67,17.68,39,8,43.31,2.89,100.0,0,0,7,0,0.8158744808491001,0.20512820512820512,46.2,2016,2,2016,7,2017,1,2016,11,2017,7,2018,11,False,False,False,False,True,False,False,False,False,False,False,False,False,False,False,False,False,False,False,False,False,False,False,False,False,False,False,False,False,False,False,False,False,False,False,False,False,False,False,False,False,False,False,True,False,False,False,False,False,False,False,False,False,True,False,False,False,True,False,False,False
26.44,21.06,43,11,98.43,4.37,92.9,0,2170,54,0,0.796520423600605,0.2558139534883721,102.80000000000001,2016,5,2016,8,2019,9,2022,1,2022,3,2024,3,False,False,False,False,False,False,False,True,False,False,False,False,False,False,False,False,False,False,False,False,False,False,False,False,False,False,False,False,False,False,False,False,False,False,False,False,False,False,False,False,False,False,False,False,False,False,False,False,False,False,False,False,True,False,False,False,False,True,False,False,False
13.4,12.68,26,5,29.68,1.28,100.0,0,640,47,0,0.9462686567164179,0.19230769230769232,30.96,2020,5,2020,9,2023,11,2022,7,2023,8,2024,6,False,False,False,False,False,False,False,True,False,False,False,False,False,False,False,False,False,False,False,False,False,False,False,False,False,False,False,False,False,False,True,False,False,False,False,False,False,False,False,False,False,False,False,False,False,False,False,False,False,False,False,False,False,False,False,False,True,False,False,False,True
44.53,30.21,67,12,192.14,3.11,90.7,2,1643,58,0,0.6784190433415674,0.1791044776119403,195.25,2024,4,2025,3,2025,1,2030,3,2031,2,2031,6,False,False,False,False,False,False,False,False,False,False,False,False,False,False,False,True,False,False,False,False,False,False,False,False,False,False,False,False,False,False,False,False,False,False,False,False,False,False,False,False,False,False,False,False,False,False,False,False,False,False,False,False,False,False,False,False,True,True,False,False,False
4.91,2.81,9,1,9.96,1.05,91.7,0,1267,60,0,0.5723014256619144,0.1111111111111111,11.010000000000002,2024,6,2026,4,2025,9,2027,10,2028,2,2029,11,False,False,False,False,False,False,True,False,False,False,False,False,False,False,False,False,False,False,True,False,False,False,False,False,False,False,False,False,False,False,False,False,False,False,False,False,False,False,False,False,False,False,False,False,False,False,False,False,False,False,False,False,True,False,False,False,False,True,False,True,False
44.86,23.51,80,13,176.93,9.2,100.0,1,369,47,0,0.524074899687918,0.1625,186.13,2024,10,2025,3,2027,5,2026,1,2026,8,2028,5,False,False,False,True,False,False,False,False,False,False,False,False,True,False,False,False,False,False,False,False,False,False,False,False,False,False,False,False,False,False,False,False,False,False,False,False,False,False,False,False,False,False,False,False,False,False,False,False,False,False,False,False,False,False,False,False,True,False,True,True,False
13.85,11.96,28,7,52.85,3.03,100.0,2,2368,51,0,0.8635379061371842,0.25,55.88,2025,1,2026,5,2027,4,2031,8,2033,1,2034,8,True,False,False,False,False,False,False,False,False,True,False,False,False,False,False,False,False,False,False,False,False,False,False,False,False,False,False,False,False,False,False,False,False,False,False,False,False,False,False,False,False,False,False,False,False,False,False,False,False,False,False,False,False,False,True,False,False,True,False,False,False
18.17,15.16,30,5,15.16,1.24,97.6,0,1814,51,0,0.8343423225096311,0.16666666666666666,16.4,2023,8,2025,10,2025,6,2027,11,2028,3,2029,12,False,False,False,False,False,False,False,True,False,False,False,False,False,False,False,False,False,False,False,False,False,False,False,False,False,False,False,False,False,False,False,False,False,True,False,False,False,False,False,False,False,False,False,False,False,False,False,False,False,False,False,False,False,False,False,True,False,True,False,False,False
46.46,38.95,82,11,106.44,6.46,100.0,1,825,51,0,0.8383555746879037,0.13414634146341464,112.89999999999999,2023,9,2024,8,2026,7,2026,9,2027,3,2027,11,False,False,False,False,False,False,False,False,True,False,False,False,False,False,False,False,False,False,False,False,False,False,False,False,False,False,False,False,False,False,False,True,False,False,False,False,False,False,False,False,False,False,False,False,False,False,False,False,False,False,False,False,True,False,False,False,False,True,False,False,False
32.42,21.69,62,7,59.6,4.56,100.0,3,1823,58,0,0.6690314620604565,0.11290322580645161,64.16,2019,5,2020,9,2021,1,2024,11,2025,1,2026,2,False,False,False,False,False,False,False,True,False,False,False,False,False,False,False,False,False,False,False,False,False,False,False,False,False,False,False,False,False,False,False,False,False,True,False,False,False,False,False,False,False,False,False,False,False,False,False,False,False,False,False,False,False,False,True,False,False,False,True,False,False
85.96,69.56,145,26,221.31,5.85,99.5,2,664,53,0,0.8092135877152165,0.1793103448275862,227.16,2020,4,2021,5,2020,8,2022,6,2024,1,2024,5,False,False,True,False,False,False,False,False,False,False,False,False,False,False,False,False,False,False,False,False,False,False,False,False,False,False,False,True,False,False,False,False,False,False,False,False,False,False,False,False,False,False,False,False,False,False,False,False,False,False,False,False,False,False,False,True,False,True,False,False,False
11.36,7.93,24,4,28.54,1.55,99.2,0,1532,55,0,0.6980633802816901,0.16666666666666666,30.09,2020,5,2022,6,2022,1,2023,8,2024,4,2026,2,False,True,False,False,False,False,False,False,False,False,False,False,False,False,False,False,False,False,False,False,False,False,False,False,False,False,False,False,False,False,False,False,False,False,False,True,False,False,False,False,False,False,False,False,False,False,False,False,False,False,False,False,False,False,False,True,False,True,False,False,False
27.64,18.03,48,10,114.72,3.19,82.2,3,1230,59,0,0.652315484804631,0.20833333333333334,117.91,2021,4,2023,4,2022,2,2024,11,2026,7,2026,11,False,False,False,False,False,False,False,True,False,False,False,False,False,False,False,False,False,False,False,False,False,False,False,False,False,False,False,False,False,False,False,False,False,True,False,False,False,False,False,False,False,False,False,False,False,False,False,False,False,False,False,False,False,False,True,False,False,True,False,False,False
72.88,57.15,131,23,107.81,5.77,100.0,3,1648,54,0,0.784165751920966,0.17557251908396945,113.58,2016,2,2016,9,2019,9,2019,11,2020,11,2022,5,False,False,True,False,False,False,False,False,False,False,False,False,False,False,False,False,False,False,False,False,False,False,False,False,False,False,True,False,False,False,False,False,False,False,False,False,False,False,False,False,False,False,False,False,False,False,False,False,False,False,False,False,False,False,False,False,False,True,False,False,False
43.0,35.87,69,9,63.39,7.97,87.2,0,228,28,0,0.8341860465116279,0.13043478260869565,71.36,2025,7,2027,4,2026,9,2026,12,2027,9,2027,11,False,False,False,False,False,False,False,False,False,False,False,False,False,False,False,True,False,False,False,False,False,False,False,False,False,False,False,False,False,False,False,False,False,False,False,False,False,False,False,False,False,False,False,False,False,False,False,False,False,False,False,False,True,False,False,False,False,True,False,False,False
45.86,34.79,87,16,55.02,6.03,100.0,0,1513,54,0,0.7586131705189708,0.1839080459770115,61.050000000000004,2019,7,2021,10,2023,5,2024,11,2025,9,2026,2,False,False,False,False,False,False,False,False,False,False,False,False,False,False,False,True,False,False,False,False,False,False,False,False,False,False,False,False,False,False,False,False,False,False,False,False,False,False,False,False,False,False,False,False,False,False,False,False,False,False,False,False,False,False,False,True,False,True,False,False,False
90.74,61.3,160,35,320.59,11.6,100.0,7,1488,58,0,0.675556535155389,0.21875,332.19,2021,12,2023,5,2025,6,2025,11,2027,7,2028,2,False,False,False,False,True,False,False,False,False,False,False,False,False,False,False,False,False,True,False,False,False,False,False,False,False,False,False,False,False,False,False,False,False,False,False,False,False,False,False,False,False,False,False,False,False,False,False,False,False,False,False,False,False,False,False,True,False,True,False,False,False
19.96,8.66,37,4,83.75,2.95,100.0,0,1193,65,1,0.4338677354709419,0.10810810810810811,86.7,2018,11,2020,10,2022,12,2022,3,2022,9,2024,7,False,False,False,False,False,False,False,True,False,False,False,False,False,False,False,False,False,False,False,False,False,False,False,False,False,False,False,False,False,False,False,False,False,False,False,False,False,False,False,False,False,False,False,False,False,False,False,False,False,False,False,False,False,False,False,False,True,False,True,True,False
16.17,11.09,46,9,34.98,5.0,100.0,1,117,21,0,0.6858379715522572,0.1956521739130435,39.98,2024,1,2026,2,2025,1,2025,9,2026,9,2026,10,False,False,False,False,False,False,False,False,True,False,False,False,False,False,False,False,False,False,False,False,False,False,False,False,False,True,False,False,False,False,False,False,False,False,False,False,False,False,False,False,False,False,False,False,False,False,False,False,False,False,False,False,False,False,False,True,False,True,False,False,False
53.3,33.76,110,21,54.83,8.07,100.0,3,0,14,0,0.6333958724202626,0.19090909090909092,62.9,2017,1,2019,4,2020,7,2017,10,2018,1,2018,4,False,False,False,False,False,False,False,True,False,False,False,False,False,False,False,False,False,False,False,False,False,False,False,False,False,False,False,False,False,False,False,False,False,False,False,False,False,False,False,False,False,True,False,False,False,False,False,False,False,False,False,False,False,False,True,False,False,False,True,True,False
25.81,19.52,45,10,35.55,3.33,75.7,2,0,13,0,0.7562960092987214,0.2222222222222222,38.879999999999995,2018,7,2019,11,2019,12,2019,6,2019,9,2020,11,False,False,False,False,False,False,False,False,True,False,False,False,False,False,False,False,False,False,False,False,False,False,False,False,True,False,False,False,False,False,False,False,False,False,False,False,False,False,False,False,False,False,False,False,False,False,False,False,False,False,False,False,False,False,False,True,False,True,False,False,False
92.04,71.76,161,24,108.5,7.09,100.0,2,1317,54,0,0.7796610169491526,0.14906832298136646,115.59,2017,1,2018,8,2019,6,2020,5,2021,8,2023,7,False,False,False,False,False,True,False,False,False,False,True,False,False,False,False,False,False,False,False,False,False,False,False,False,False,False,False,False,False,False,False,False,False,False,False,False,False,False,False,False,False,False,False,False,False,False,False,False,False,False,False,False,False,False,False,False,False,True,False,False,False
43.37,28.77,82,20,129.75,6.58,71.3,2,1978,62,1,0.6633617708093152,0.24390243902439024,136.33,2024,7,2025,11,2027,9,2029,4,2030,3,2031,6,False,False,False,False,True,False,False,False,False,False,False,False,False,False,False,False,False,False,False,False,True,False,False,False,False,False,False,False,False,False,False,False,False,False,False,False,False,False,False,False,False,False,False,False,False,False,False,False,False,False,False,False,True,False,False,False,False,False,True,False,False
16.07,7.63,31,6,29.64,1.8,100.0,0,394,51,0,0.4747977598008712,0.1935483870967742,31.44,2020,5,2021,8,2022,5,2021,5,2021,10,2023,7,False,False,False,False,False,True,False,False,False,False,False,False,False,False,False,False,False,False,False,False,False,False,False,False,False,False,False,False,True,False,False,False,False,False,False,False,False,False,False,False,False,False,False,False,False,False,False,False,False,False,False,False,True,False,False,False,False,False,True,True,False
42.03,23.69,73,17,173.19,6.18,100.0,1,645,62,1,0.563645015465144,0.2328767123287671,179.37,2018,2,2020,1,2022,2,2020,2,2021,5,2022,8,False,False,False,False,False,False,False,True,False,False,False,False,False,False,False,False,False,False,False,False,False,False,False,False,False,False,False,False,False,False,True,False,False,False,False,False,False,False,False,False,False,False,False,False,False,False,False,False,False,False,False,False,False,False,False,True,False,False,True,True,False
12.15,8.04,22,3,17.02,1.1,84.5,0,0,15,0,0.6617283950617283,0.13636363636363635,18.12,2019,9,2020,1,2022,7,2020,5,2020,5,2020,8,False,False,False,False,True,False,False,False,False,False,False,False,False,False,False,False,False,False,False,False,True,False,False,False,False,False,False,False,False,False,False,False,False,False,False,False,False,False,False,False,False,False,False,False,False,False,False,False,False,False,False,False,False,True,False,False,False,False,True,False,False
77.24,64.89,139,28,327.62,12.73,100.0,4,1474,53,0,0.8401087519419991,0.2014388489208633,340.35,2016,6,2018,7,2019,7,2019,5,2020,7,2022,7,False,False,False,False,False,True,False,False,False,False,True,False,False,False,False,False,False,False,False,False,False,False,False,False,False,False,False,False,False,False,False,False,False,False,False,False,False,False,False,False,False,False,False,False,False,False,False,False,False,False,False,False,False,True,False,False,False,True,False,False,False
7.41,4.91,15,4,15.05,1.23,98.3,0,2112,57,0,0.6626180836707153,0.26666666666666666,16.28,2024,10,2027,1,2026,1,2031,1,2031,2,2032,6,False,False,False,True,False,False,False,False,False,False,False,False,True,False,False,False,False,False,False,False,False,False,False,False,False,False,False,False,False,False,False,False,False,False,False,False,False,False,False,False,False,False,False,False,False,False,False,False,False,False,False,False,False,False,True,False,False,False,True,False,False
101.7,73.62,177,25,407.72,11.94,100.0,4,1870,58,0,0.7238938053097346,0.14124293785310735,419.66,2023,1,2023,3,2025,12,2028,9,2028,11,2029,8,False,False,False,False,False,False,False,True,False,False,False,False,False,False,False,False,False,False,False,False,False,False,True,False,False,False,False,False,False,False,False,False,False,False,False,False,False,False,False,False,False,False,False,False,False,False,False,False,False,False,False,False,False,True,False,False,False,False,True,False,False
41.3,27.41,78,15,178.06,2.31,100.0,1,1015,58,0,0.663680387409201,0.19230769230769232,180.37,2021,7,2023,9,2025,8,2023,11,2024,5,2026,6,False,False,False,False,False,True,False,False,False,False,False,True,False,False,False,False,False,False,False,False,False,False,False,False,False,False,False,False,False,False,False,False,False,False,False,False,False,False,False,False,False,False,False,False,False,False,False,False,False,False,False,False,False,False,True,False,False,False,True,False,False
25.42,18.15,41,4,113.11,3.39,100.0,0,1326,54,0,0.7140047206923681,0.0975609756097561,116.5,2017,8,2018,12,2019,1,2021,10,2021,12,2023,1,False,False,False,True,False,False,False,False,False,False,False,False,False,False,False,False,False,False,False,False,False,False,False,False,False,False,False,False,False,False,False,False,False,False,False,False,False,False,True,False,False,False,False,False,False,False,False,False,False,False,False,False,False,False,False,False,True,True,False,False,False
64.29,18.79,129,26,242.59,13.66,98.4,5,1600,71,1,0.29226940426193804,0.20155038759689922,256.25,2022,12,2025,2,2024,6,2029,7,2029,9,2030,7,False,False,False,True,False,False,False,False,False,False,False,False,False,False,False,False,False,False,False,False,False,False,False,False,False,False,False,False,False,False,False,False,False,False,False,False,False,False,False,False,False,False,False,False,False,False,False,False,True,False,False,False,False,False,True,False,False,False,True,True,False
49.97,40.24,77,8,58.78,2.86,100.0,1,1545,52,0,0.8052831699019413,0.1038961038961039,61.64,2024,1,2024,6,2026,1,2026,7,2028,2,2029,9,False,False,False,False,False,False,False,False,False,False,False,False,False,False,False,False,False,False,False,False,False,False,False,False,False,False,False,False,False,False,False,False,False,False,False,False,False,False,False,False,True,False,False,False,False,False,False,False,False,False,False,False,False,True,False,False,False,True,False,False,False
113.34,68.71,211,36,113.9,6.01,93.7,7,942,64,1,0.6062290453502734,0.17061611374407584,119.91000000000001,2018,9,2019,12,2022,1,2022,7,2023,8,2023,9,False,False,False,False,False,False,False,True,False,False,False,False,False,False,False,False,False,False,False,False,False,False,False,False,False,False,False,False,False,False,False,False,False,False,False,False,False,False,False,False,False,False,False,False,False,False,False,False,False,False,False,False,False,False,False,True,False,False,True,True,False
112.29,91.19,220,33,397.17,5.27,89.0,7,677,56,0,0.8120936859916288,0.15,402.44,2017,7,2018,1,2021,11,2020,6,2020,10,2021,11,False,False,False,True,False,False,False,False,False,False,False,False,False,False,False,False,False,False,False,False,False,False,False,False,False,False,False,False,False,False,False,False,False,False,False,False,False,False,True,False,False,False,False,False,False,False,False,False,False,False,False,False,False,False,False,False,True,True,False,False,False
42.62,37.25,75,17,175.55,1.74,97.1,0,91,14,0,0.8740028155795402,0.22666666666666666,177.29000000000002,2025,5,2026,12,2027,5,2027,6,2027,12,2028,11,False,False,False,False,False,False,False,False,False,False,False,False,False,False,False,True,False,False,False,False,False,False,False,False,False,False,False,False,False,False,False,False,False,False,False,False,False,False,False,False,False,False,False,False,False,False,False,False,False,False,False,False,False,True,False,False,False,True,False,False,False
12.53,8.78,21,4,17.72,2.19,94.6,0,454,48,0,0.7007182761372706,0.19047619047619047,19.91,2025,2,2026,4,2026,7,2026,7,2027,10,2029,6,False,False,False,False,False,True,False,False,False,False,True,False,False,False,False,False,False,False,False,False,False,False,False,False,False,False,False,False,False,False,False,False,False,False,False,False,False,False,False,False,False,False,False,False,False,False,False,False,False,False,False,False,False,False,True,False,False,True,False,False,False
17.44,16.77,40,9,74.68,3.71,100.0,0,553,47,0,0.9615825688073394,0.225,78.39,2025,8,2026,1,2027,6,2028,12,2029,4,2030,4,False,False,True,False,False,False,False,False,False,False,False,False,False,False,False,False,False,False,False,False,False,False,False,False,False,False,False,True,False,False,False,False,False,False,False,False,False,False,False,False,False,False,False,False,False,False,False,False,False,False,False,False,False,False,False,False,False,True,False,False,True
27.89,24.22,59,14,85.28,2.37,100.0,2,562,49,0,0.8684116170670491,0.23728813559322035,87.65,2018,10,2021,1,2022,10,2020,3,2021,4,2023,6,False,False,False,False,False,False,False,True,False,False,False,False,False,False,False,False,False,False,False,False,False,False,False,False,False,False,False,False,False,False,False,False,False,False,False,False,False,False,False,False,False,True,False,False,False,False,False,False,False,False,False,False,True,False,False,False,False,False,False,False,False
88.39,70.1,148,24,111.27,16.53,93.9,1,2387,52,0,0.7930761398348228,0.16216216216216217,127.8,2016,8,2016,10,2016,12,2022,2,2023,7,2025,5,False,False,False,False,True,False,False,False,False,False,False,False,False,False,False,False,False,False,False,False,True,False,False,False,False,False,False,False,False,False,False,False,False,False,False,False,False,False,False,False,False,False,False,False,False,False,False,False,False,False,False,False,False,True,False,False,False,False,False,False,False
18.98,12.87,32,8,26.91,1.07,100.0,2,1058,56,0,0.6780821917808219,0.25,27.98,2017,7,2017,9,2020,12,2022,4,2023,1,2023,9,False,False,False,False,False,False,False,False,True,False,False,False,False,True,False,False,False,False,False,False,False,False,False,False,False,False,False,False,False,False,False,False,False,False,False,False,False,False,False,False,False,False,False,False,False,False,False,False,False,False,False,False,False,False,True,False,False,True,False,False,False
20.64,15.68,35,4,21.55,2.01,100.0,0,704,55,0,0.7596899224806202,0.11428571428571428,23.560000000000002,2019,5,2020,12,2022,3,2022,9,2023,7,2024,4,False,False,False,False,False,False,False,False,True,False,False,False,False,False,False,False,False,False,False,False,False,False,False,False,False,False,False,False,False,False,False,True,False,False,False,False,False,False,False,False,False,False,False,False,False,False,False,False,False,False,False,False,False,False,False,False,True,True,False,False,False
190.25,105.22,307,59,253.01,20.02,90.7,9,285,42,0,0.5530617608409987,0.19218241042345277,273.03,2025,8,2027,1,2027,1,2027,3,2027,12,2028,12,False,False,False,False,False,True,False,False,False,False,False,False,False,False,False,False,False,False,False,False,False,False,False,False,False,False,False,False,False,False,False,False,True,False,False,False,False,False,False,False,False,False,False,False,False,False,False,False,False,False,False,False,False,True,False,False,False,True,False,True,False
27.0,21.33,54,11,94.74,1.49,100.0,0,597,52,0,0.7899999999999999,0.2037037037037037,96.22999999999999,2020,10,2022,9,2023,11,2022,11,2023,7,2024,9,False,False,False,False,False,False,True,False,False,False,False,False,False,False,False,False,False,False,False,True,False,False,False,False,False,False,False,False,False,False,False,False,False,False,False,False,False,False,False,False,False,False,False,False,False,False,False,False,False,False,False,False,False,True,False,False,False,True,False,False,False
15.88,14.86,32,2,25.56,1.75,82.8,0,1603,50,0,0.9357682619647354,0.0625,27.31,2020,3,2022,7,2023,7,2024,2,2025,8,2025,12,False,False,False,False,False,False,True,False,False,False,False,False,False,False,False,False,False,False,False,False,False,False,False,False,False,False,False,False,False,False,False,False,False,False,False,False,False,False,False,False,False,False,False,False,False,True,False,False,False,False,False,False,True,False,False,False,False,True,False,False,True
65.15,39.32,103,16,187.51,3.11,100.0,0,952,59,0,0.6035303146584804,0.1553398058252427,190.62,2018,7,2019,9,2019,12,2020,5,2021,11,2024,1,False,False,False,False,False,True,False,False,False,False,False,False,False,False,False,False,False,False,False,False,False,False,False,False,False,False,False,False,False,True,False,False,False,False,False,False,False,False,False,False,False,False,False,False,False,False,False,False,False,False,False,False,False,False,True,False,False,False,True,True,False
28.33,18.94,57,11,98.25,5.64,97.5,2,1495,59,0,0.6685492410871868,0.19298245614035087,103.89,2023,12,2024,7,2025,1,2029,6,2029,9,2030,8,False,False,False,True,False,False,False,False,False,False,False,False,False,False,False,False,False,False,False,False,False,False,False,False,False,False,False,False,False,False,False,False,False,False,False,False,False,False,False,True,False,False,False,False,False,False,False,False,False,False,False,False,False,False,False,False,False,False,True,False,False
7.47,6.16,12,2,30.72,0.3,100.0,0,1306,51,0,0.8246318607764391,0.16666666666666666,31.02,2019,5,2019,12,2019,11,2022,7,2023,7,2024,7,False,False,False,False,False,False,False,True,False,False,False,False,False,False,False,False,False,False,False,False,False,False,False,False,False,False,False,False,False,False,True,False,False,False,False,False,False,False,False,False,False,False,False,False,False,False,False,False,False,False,False,False,False,False,False,False,True,True,False,False,False
84.85,51.75,150,31,253.08,3.26,89.7,5,0,16,0,0.6098998232174426,0.20666666666666667,256.34000000000003,2023,12,2025,12,2024,12,2024,7,2024,12,2025,5,False,False,False,False,False,False,False,False,True,False,False,False,False,False,False,False,False,False,False,False,False,False,False,False,False,True,False,False,False,False,False,False,False,False,False,False,False,False,False,False,False,False,False,False,False,False,False,False,False,False,False,False,False,False,True,False,False,True,False,True,False
14.2,11.84,23,5,41.29,2.14,95.4,1,1865,51,0,0.8338028169014085,0.21739130434782608,43.43,2016,3,2018,5,2018,5,2022,6,2023,3,2024,3,False,False,False,False,False,False,False,False,True,False,False,False,False,False,False,False,False,False,False,False,False,False,False,False,False,False,False,False,False,False,False,True,False,False,False,False,False,False,False,False,False,False,False,False,False,False,False,False,False,False,False,False,False,False,False,False,True,False,False,False,False
31.3,23.86,49,7,130.75,4.81,99.1,3,743,54,0,0.7623003194888178,0.14285714285714285,135.56,2023,4,2025,5,2027,3,2024,3,2024,12,2026,10,False,False,False,True,False,False,False,False,False,False,False,False,False,False,False,False,False,False,False,False,False,False,False,False,False,False,False,False,False,False,False,False,False,False,False,False,False,False,False,False,False,False,True,False,False,False,False,False,False,False,False,False,False,True,False,False,False,True,False,False,False
27.99,19.76,41,5,52.93,2.85,82.1,1,260,33,0,0.7059664165773492,0.12195121951219512,55.78,2017,12,2020,5,2020,10,2020,1,2021,1,2021,3,False,False,False,False,False,False,False,False,True,False,False,False,False,True,False,False,False,False,False,False,False,False,False,False,False,False,False,False,False,False,False,False,False,False,False,False,False,False,False,False,False,False,False,False,False,False,False,False,False,False,False,False,True,False,False,False,False,True,False,False,False
37.72,25.33,83,16,58.61,4.3,100.0,1,1806,55,0,0.6715270413573701,0.1927710843373494,62.91,2017,6,2018,10,2019,10,2022,11,2023,8,2024,8,False,False,False,False,True,False,False,False,False,False,False,False,False,False,False,False,False,False,False,False,False,False,False,False,False,False,False,False,False,False,False,False,False,False,False,False,False,False,False,False,False,False,False,False,False,False,True,False,False,False,False,False,True,False,False,False,False,True,False,False,False
3.35,3.12,7,1,13.5,0.31,85.1,0,102,14,0,0.9313432835820895,0.14285714285714285,13.81,2021,1,2021,4,2023,3,2022,11,2023,1,2023,2,False,False,False,False,False,False,False,True,False,False,False,False,False,False,False,False,False,False,False,False,False,False,True,False,False,False,False,False,False,False,False,False,False,False,False,False,False,False,False,False,False,False,False,False,False,False,False,False,False,False,False,False,False,False,False,True,False,True,False,False,True
21.43,7.22,42,5,23.05,1.33,88.5,1,1631,69,1,0.3369108726084928,0.11904761904761904,24.380000000000003,2023,9,2024,11,2027,3,2028,6,2029,2,2031,1,False,True,False,False,False,False,False,False,False,False,False,False,False,False,False,False,False,False,False,False,False,False,False,False,False,False,False,False,False,False,False,False,False,False,False,False,False,True,False,False,False,False,False,False,False,False,False,False,False,False,False,False,False,False,False,False,False,False,True,True,False
92.28,67.1,153,25,138.59,10.47,100.0,7,1674,59,0,0.7271348071087992,0.16339869281045752,149.06,2019,6,2020,8,2022,1,2023,5,2024,1,2025,10,False,False,False,False,False,False,False,False,True,False,False,False,False,False,False,False,False,False,False,False,False,False,False,False,True,False,False,False,False,False,False,False,False,False,False,False,False,False,False,False,False,False,False,False,False,False,False,False,False,False,False,False,True,False,False,False,False,False,True,False,False
106.21,78.32,191,39,246.58,13.2,86.8,4,441,48,0,0.7374070238207325,0.20418848167539266,259.78000000000003,2023,8,2024,2,2024,10,2025,1,2025,9,2027,10,False,False,False,False,False,True,False,False,False,False,False,False,False,False,False,False,False,False,False,False,False,False,False,False,False,False,False,False,True,False,False,False,False,False,False,False,False,False,False,False,False,False,False,False,False,False,False,False,False,False,False,False,False,True,False,False,False,True,False,False,False
11.12,4.88,16,3,23.76,1.05,86.3,2,842,66,1,0.4388489208633094,0.1875,24.810000000000002,2023,4,2024,2,2025,7,2027,8,2027,10,2027,12,False,False,False,False,True,False,False,False,False,False,False,False,False,False,False,False,False,False,False,False,True,False,False,False,False,False,False,False,False,False,False,False,False,False,False,False,False,False,False,False,False,False,False,False,False,False,False,False,False,False,False,False,False,False,False,False,False,False,True,True,False
75.23,71.39,132,27,256.73,12.91,92.8,1,0,2,0,0.9489565332978864,0.20454545454545456,269.64000000000004,2025,7,2026,1,2028,1,2027,4,2028,2,2028,4,False,False,False,False,False,False,False,False,True,False,False,False,False,False,False,False,False,False,False,False,False,False,False,False,False,False,False,False,False,False,False,True,False,False,False,False,False,False,False,False,False,False,False,False,False,False,False,False,False,False,False,False,False,False,True,False,False,False,False,False,True
13.99,9.63,19,4,15.94,0.57,100.0,2,1848,56,0,0.688348820586133,0.21052631578947367,16.509999999999998,2024,8,2024,10,2028,2,2030,7,2031,2,2032,10,False,False,False,False,True,False,False,False,False,False,False,False,False,False,False,False,False,True,False,False,False,False,False,False,False,False,False,False,False,False,False,False,False,False,False,False,False,False,False,False,False,False,False,False,False,False,False,False,False,False,False,False,True,False,False,False,False,True,False,False,False
20.6,11.48,40,9,52.85,3.48,91.8,0,1277,62,1,0.5572815533980582,0.225,56.33,2017,9,2018,1,2019,1,2020,7,2020,12,2022,8,False,False,False,False,False,False,False,False,False,False,False,False,False,False,False,True,False,False,False,False,False,False,False,False,False,False,False,False,False,False,False,False,False,False,False,False,False,False,False,False,False,False,False,False,False,False,False,False,False,False,False,False,False,False,False,False,False,False,True,True,False
21.72,21.38,41,5,82.35,2.47,87.4,1,494,44,0,0.9843462246777164,0.12195121951219512,84.82,2019,5,2020,1,2021,9,2021,7,2021,8,2023,2,False,True,False,False,False,False,False,False,False,False,False,False,False,False,False,False,False,False,False,False,False,False,False,False,False,False,False,False,False,False,False,False,False,False,False,False,False,True,False,False,False,False,False,False,False,False,False,False,False,False,False,False,False,True,False,False,False,False,False,False,True
33.41,28.79,72,12,111.2,3.17,100.0,1,732,51,0,0.8617180484884766,0.16666666666666666,114.37,2024,5,2025,10,2027,2,2027,2,2027,10,2028,4,True,False,False,False,False,False,False,False,False,False,False,False,False,False,False,False,False,False,False,False,False,False,False,False,False,False,False,False,False,False,False,False,False,False,False,False,False,False,False,False,False,False,False,False,False,False,False,False,False,False,True,False,False,False,False,True,False,True,False,False,False
81.56,59.29,119,22,255.86,10.49,93.2,3,1149,57,0,0.7269494850416871,0.18487394957983194,266.35,2022,2,2022,5,2025,1,2023,12,2025,7,2027,8,False,False,False,False,False,True,False,False,False,False,False,False,False,False,False,False,False,False,False,False,False,False,False,False,False,False,False,False,False,False,False,False,True,False,False,False,False,False,False,False,False,False,False,False,False,False,False,False,False,False,False,False,False,False,False,False,True,True,False,False,False
39.04,30.09,54,11,65.81,2.15,100.0,1,12,10,0,0.7707479508196722,0.2037037037037037,67.96000000000001,2024,4,2025,11,2027,8,2026,11,2027,4,2027,7,False,False,False,False,False,True,False,False,False,False,False,False,False,False,False,False,False,False,False,False,False,False,False,False,False,False,False,False,False,False,False,False,True,False,False,False,False,False,False,False,False,False,False,False,False,False,False,False,False,False,False,False,False,False,False,False,True,True,False,False,False
26.41,21.65,46,10,59.59,1.98,89.4,0,701,51,0,0.8197652404392275,0.21739130434782608,61.57,2019,8,2019,12,2022,6,2022,10,2022,11,2024,2,False,False,False,False,False,False,False,True,False,False,False,False,False,False,False,False,False,False,False,False,False,False,False,False,False,False,False,False,False,False,False,False,False,False,False,False,False,False,False,False,False,True,False,False,False,False,False,False,False,False,False,False,False,True,False,False,False,False,False,False,False
78.83,52.66,129,26,115.78,15.46,100.0,2,2355,56,0,0.6680197894202714,0.20155038759689922,131.24,2024,3,2024,11,2027,7,2030,6,2031,2,2032,1,False,False,False,False,True,False,False,False,False,False,False,False,False,False,False,False,False,False,False,False,True,False,False,False,False,False,False,False,False,False,False,False,False,False,False,False,False,False,False,False,False,False,False,False,False,False,False,False,False,False,False,False,False,True,False,False,False,True,False,False,False
13.43,11.06,22,5,36.03,2.4,100.0,0,1330,51,0,0.823529411764706,0.22727272727272727,38.43,2021,9,2022,9,2024,6,2027,12,2028,4,2028,8,False,False,False,True,False,False,False,False,False,False,False,False,False,False,False,False,False,False,False,False,False,False,False,False,False,False,False,False,False,False,False,False,False,False,False,False,False,False,False,False,False,False,True,False,False,False,False,False,False,False,False,False,False,False,False,False,True,True,False,False,False
27.74,22.4,48,5,82.15,4.31,100.0,0,1044,55,0,0.8074981975486661,0.10416666666666667,86.46000000000001,2022,9,2023,10,2026,9,2026,10,2027,4,2028,8,False,False,False,False,False,True,False,False,False,False,False,False,False,False,False,False,False,False,False,False,False,False,False,False,False,False,False,False,True,False,False,False,False,False,False,False,False,False,False,False,False,False,False,False,False,False,False,False,False,False,False,False,False,False,False,True,False,False,True,False,False
81.11,56.69,170,26,254.31,8.77,100.0,4,1550,57,0,0.6989273825668845,0.15294117647058825,263.08,2020,1,2022,4,2023,12,2023,6,2024,8,2026,4,False,False,False,False,True,False,False,False,False,False,False,False,False,False,False,False,False,True,False,False,False,False,False,False,False,False,False,False,False,False,False,False,False,False,False,False,False,False,False,False,False,False,False,False,False,False,False,False,False,False,False,False,False,False,False,False,False,True,False,False,False
50.87,39.52,77,16,205.57,5.67,99.7,4,1414,54,0,0.7768822488696678,0.2077922077922078,211.23999999999998,2019,1,2019,10,2022,10,2022,7,2023,11,2025,5,False,False,False,False,True,False,False,False,False,False,False,False,False,False,False,False,False,True,False,False,False,False,False,False,False,False,False,False,False,False,False,False,False,False,False,False,False,False,False,False,False,False,False,False,False,False,False,False,False,False,False,False,False,False,False,False,True,True,False,False,False
18.8,15.86,34,8,19.34,1.11,95.2,1,1364,52,0,0.8436170212765957,0.23529411764705882,20.45,2022,1,2023,3,2022,5,2027,3,2028,2,2028,10,False,False,True,False,False,False,False,False,False,False,False,False,False,False,False,False,True,False,False,False,False,False,False,False,False,False,False,False,False,False,False,False,False,False,False,False,False,False,False,False,False,False,False,False,False,False,False,False,False,False,False,False,False,True,False,False,False,True,False,False,False
6.6,4.39,9,0,14.76,0.48,89.6,0,2227,57,0,0.6651515151515152,0.0,15.24,2024,4,2025,12,2026,1,2029,5,2030,5,2031,10,False,False,True,False,False,False,False,False,False,False,False,False,False,False,False,False,False,False,False,False,False,False,False,True,False,False,False,False,False,False,False,False,False,False,False,False,False,False,False,False,False,False,False,False,False,False,False,False,False,False,False,False,True,False,False,False,False,True,False,False,False
40.89,31.92,89,17,122.12,2.38,96.0,2,1754,54,0,0.7806309611151871,0.19101123595505617,124.5,2025,9,2027,9,2027,11,2029,9,2030,10,2032,4,True,False,False,False,False,False,False,False,False,False,False,False,False,False,False,False,False,False,False,False,False,False,False,False,False,False,False,False,False,False,False,False,False,False,False,False,False,False,False,False,False,False,False,False,True,False,False,False,False,False,False,False,False,False,True,False,False,True,False,False,False
6.18,5.5,14,2,17.98,1.13,100.0,0,554,50,0,0.8899676375404532,0.14285714285714285,19.11,2020,7,2022,4,2021,11,2021,10,2022,9,2023,12,False,False,False,False,False,False,False,False,False,False,False,False,False,False,False,False,False,False,False,False,False,True,False,False,False,False,False,False,False,False,False,False,False,False,False,False,False,False,False,False,False,False,False,False,False,False,False,False,False,False,False,False,False,False,False,True,False,True,False,False,False
24.23,18.84,35,8,21.33,3.7,83.3,1,2255,55,0,0.7775484936029715,0.22857142857142856,25.029999999999998,2016,2,2016,4,2020,4,2022,7,2023,2,2024,6,True,False,False,False,False,False,False,False,False,False,False,False,False,False,False,False,False,False,False,False,False,False,False,False,False,False,False,False,False,False,False,False,False,False,False,False,False,False,False,False,False,False,False,False,False,False,False,True,False,False,False,False,False,False,False,True,False,True,False,False,False
97.41,77.97,178,32,146.16,17.97,81.3,3,2258,54,0,0.8004311672312905,0.1797752808988764,164.13,2021,11,2022,6,2025,10,2026,4,2027,11,2029,9,False,False,False,False,False,False,False,False,True,False,False,False,False,True,False,False,False,False,False,False,False,False,False,False,False,False,False,False,False,False,False,False,False,False,False,False,False,False,False,False,False,False,False,False,False,False,False,False,False,False,False,False,True,False,False,False,False,True,False,False,False
54.42,50.44,103,16,213.83,10.88,96.1,5,2465,50,0,0.9268651231165013,0.1553398058252427,224.71,2017,4,2018,3,2018,10,2022,9,2023,11,2025,11,False,False,False,True,False,False,False,False,False,False,False,False,True,False,False,False,False,False,False,False,False,False,False,False,False,False,False,False,False,False,False,False,False,False,False,False,False,False,False,False,False,False,False,False,False,False,False,False,False,False,False,False,True,False,False,False,False,False,False,False,True
3.96,2.92,7,0,10.72,0.26,100.0,1,1,9,0,0.7373737373737373,0.0,10.98,2023,4,2024,5,2025,12,2023,11,2024,7,2026,6,False,False,False,False,False,False,False,False,True,False,False,False,False,True,False,False,False,False,False,False,False,False,False,False,False,False,False,False,False,False,False,False,False,False,False,False,False,False,False,False,False,False,False,False,False,False,False,False,False,False,False,False,False,True,False,False,False,True,False,False,False
36.61,27.13,62,12,85.31,5.27,100.0,1,664,53,0,0.741054356733133,0.1935483870967742,90.58,2021,4,2022,8,2025,4,2023,12,2025,3,2025,12,False,False,False,False,False,False,True,False,False,False,False,False,False,False,False,False,False,False,False,False,False,False,False,False,False,False,False,False,False,False,False,False,False,False,False,False,False,False,False,False,False,False,False,False,False,True,False,False,False,False,False,False,False,False,False,False,True,True,False,False,False
21.78,16.05,39,4,89.97,4.51,100.0,1,0,9,0,0.7369146005509641,0.10256410256410256,94.48,2020,10,2022,6,2023,8,2021,6,2021,7,2021,9,False,False,False,False,False,False,False,False,True,False,False,False,False,False,False,False,False,False,False,False,False,False,False,False,False,False,False,False,False,False,False,True,False,False,False,False,False,False,False,False,False,False,False,False,False,False,False,False,False,False,False,False,False,False,False,False,False,True,False,False,False
8.38,5.82,15,3,9.03,1.47,96.2,1,577,55,0,0.6945107398568019,0.2,10.5,2020,12,2022,2,2024,8,2022,1,2022,12,2023,11,False,False,False,False,False,False,False,True,False,False,False,False,False,False,False,False,False,False,False,False,False,False,False,False,False,False,False,False,False,False,False,False,False,False,False,False,False,False,False,False,False,False,False,False,False,False,False,False,False,False,False,False,False,False,False,True,False,True,False,False,False
41.89,33.78,72,18,176.46,1.46,100.0,1,1489,51,0,0.8063977082835999,0.25,177.92000000000002,2020,6,2022,5,2022,1,2025,8,2026,3,2027,5,False,False,False,False,False,False,False,False,True,False,False,False,False,False,False,False,False,False,False,False,False,False,False,False,False,False,False,False,False,False,False,True,False,False,False,False,False,False,False,False,False,False,False,False,False,False,False,False,False,False,False,False,False,False,False,True,False,False,False,False,False
18.32,14.22,29,9,16.54,3.14,100.0,0,132,18,0,0.7762008733624455,0.3103448275862069,19.68,2018,2,2018,8,2022,6,2020,3,2020,12,2021,4,True,False,False,False,False,False,False,False,False,False,False,False,False,False,False,False,False,False,False,False,False,False,False,False,False,False,False,False,False,False,False,False,False,False,False,False,False,False,False,False,False,False,False,False,False,False,False,False,False,False,True,False,True,False,False,False,False,True,False,False,False
18.44,12.45,34,4,53.14,3.08,87.2,1,0,14,0,0.6751626898047721,0.11764705882352941,56.22,2024,7,2025,12,2028,3,2025,9,2025,12,2026,8,False,False,False,False,False,True,False,False,False,False,False,False,False,False,False,False,False,False,False,False,False,False,False,False,False,False,False,False,True,False,False,False,False,False,False,False,False,False,False,False,False,False,False,False,False,False,False,False,False,False,False,False,False,False,False,False,True,False,True,False,False
33.92,32.17,52,12,96.8,1.67,96.4,1,215,22,0,0.9484080188679246,0.23076923076923078,98.47,2019,11,2021,4,2023,2,2022,2,2023,2,2023,5,False,False,False,False,False,True,False,False,False,False,False,False,False,False,False,False,False,False,False,False,False,False,False,False,False,False,False,False,True,False,False,False,False,False,False,False,False,False,False,False,False,False,False,False,False,False,False,False,False,False,False,False,False,False,False,True,False,True,False,False,True
16.02,11.9,35,5,50.7,1.8,100.0,1,1378,53,0,0.7428214731585518,0.14285714285714285,52.5,2018,11,2019,3,2019,3,2023,8,2024,9,2025,8,False,False,True,False,False,False,False,False,False,False,False,False,False,False,False,False,False,False,False,False,False,False,False,True,False,False,False,False,False,False,False,False,False,False,False,False,False,False,False,False,False,False,False,False,False,False,False,False,False,False,False,False,False,False,False,False,False,True,False,False,False
32.97,29.74,73,17,29.99,2.32,96.0,1,1604,51,0,0.9020321504397938,0.2328767123287671,32.309999999999995,2020,2,2021,3,2021,4,2024,5,2025,11,2027,3,False,False,False,True,False,False,False,False,False,False,False,False,False,False,False,False,False,False,False,False,False,False,False,False,False,False,False,False,False,False,False,False,False,False,False,False,False,False,False,False,False,False,False,False,False,False,False,False,True,False,False,False,True,False,False,False,False,True,False,False,True
16.55,11.31,25,6,45.73,2.32,97.6,1,1170,55,0,0.6833836858006043,0.24,48.05,2023,4,2023,6,2027,1,2027,2,2027,7,2028,4,False,False,False,True,False,False,False,False,False,False,False,False,False,False,False,False,False,False,False,False,False,False,False,False,False,False,False,False,False,False,False,False,False,False,False,False,False,False,False,False,False,False,False,False,False,False,False,False,True,False,False,False,False,False,False,False,False,True,False,False,False
17.49,5.77,29,2,21.34,0.59,100.0,0,895,69,1,0.32990280160091484,0.06896551724137931,21.93,2024,3,2025,7,2025,12,2026,3,2027,8,2029,10,False,False,False,False,False,False,False,True,False,False,False,False,False,False,False,False,False,False,False,False,False,False,False,False,False,False,False,False,False,False,False,False,False,True,False,False,False,False,False,False,False,False,False,False,False,False,False,False,False,False,False,False,False,False,False,False,True,False,True,True,False
80.88,63.2,138,24,111.38,9.17,84.7,2,48,14,0,0.7814045499505441,0.17391304347826086,120.55,2024,4,2025,9,2024,8,2026,3,2026,9,2027,2,True,False,False,False,False,False,False,False,False,False,False,False,False,False,False,False,False,False,False,False,False,False,False,False,False,False,False,False,False,False,False,False,False,False,False,False,False,False,False,False,False,False,False,False,False,False,False,False,False,False,True,False,False,False,False,True,False,True,False,False,False
89.54,46.73,152,25,142.98,18.24,95.9,5,0,19,0,0.5218896582532946,0.16447368421052633,161.22,2023,1,2023,12,2025,3,2024,10,2024,11,2026,1,False,False,True,False,False,False,False,False,False,False,False,False,False,False,False,False,False,False,False,False,False,False,False,False,False,False,False,False,False,False,False,False,False,False,False,False,False,False,False,False,False,False,False,False,False,False,False,False,False,True,False,False,False,False,True,False,False,False,True,True,False
5.43,4.94,14,4,16.66,1.47,100.0,0,1842,47,0,0.9097605893186005,0.2857142857142857,18.13,2018,10,2019,2,2021,5,2023,1,2024,6,2025,3,False,False,False,False,False,False,True,False,False,False,False,False,False,False,False,False,False,False,True,False,False,False,False,False,False,False,False,False,False,False,False,False,False,False,False,False,False,False,False,False,False,False,False,False,False,False,False,False,False,False,False,False,False,False,False,True,False,False,False,False,True
63.25,41.95,106,18,141.89,8.34,96.5,9,1796,58,0,0.6632411067193676,0.16981132075471697,150.23,2017,1,2017,12,2019,11,2020,3,2021,10,2023,10,False,False,False,True,False,False,False,False,False,False,False,False,False,False,False,False,False,False,False,False,False,False,False,False,False,False,False,False,False,False,False,False,False,False,False,False,False,False,False,False,False,False,True,False,False,False,False,False,False,False,False,False,False,False,False,False,True,True,False,False,False
121.34,110.1,204,27,135.38,18.24,93.2,3,1901,49,0,0.9073677270479643,0.1323529411764706,153.62,2017,7,2018,7,2018,8,2023,5,2024,1,2024,9,False,False,False,False,False,True,False,False,False,False,False,False,False,False,False,False,False,False,False,False,False,False,False,False,False,False,False,False,False,True,False,False,False,False,False,False,False,False,False,False,False,False,False,False,False,False,False,False,False,False,False,False,False,False,False,True,False,False,False,False,True
142.22,135.34,243,42,265.86,19.53,97.9,6,1905,49,0,0.9516242441288145,0.1728395061728395,285.39,2021,5,2022,3,2022,1,2026,11,2027,3,2028,10,False,False,False,False,False,False,False,False,True,False,False,False,False,False,False,False,False,False,False,False,False,False,False,False,False,True,False,False,False,False,False,False,False,False,False,False,False,False,False,False,False,False,False,False,False,False,False,False,False,False,False,False,False,False,False,True,False,False,False,False,True
50.42,32.69,89,14,54.63,9.0,99.5,3,317,41,0,0.6483538278460927,0.15730337078651685,63.63,2025,1,2027,2,2026,5,2025,12,2026,11,2027,8,False,False,False,False,False,False,False,False,True,False,False,False,False,False,False,False,False,False,False,False,False,False,False,False,True,False,False,False,False,False,False,False,False,False,False,False,False,False,False,False,False,False,False,False,False,False,False,False,False,False,False,False,False,True,False,False,False,False,True,True,False
10.41,7.18,13,2,33.91,1.41,87.2,0,564,56,0,0.6897214217098943,0.15384615384615385,35.31999999999999,2020,4,2020,9,2021,5,2021,5,2022,4,2023,6,False,False,True,False,False,False,False,False,False,False,False,False,False,False,False,False,True,False,False,False,False,False,False,False,False,False,False,False,False,False,False,False,False,False,False,False,False,False,False,False,False,False,False,False,False,False,False,False,False,False,False,False,False,False,False,True,False,True,False,False,False
56.26,37.24,110,16,161.05,10.63,100.0,4,1857,58,0,0.6619267685744757,0.14545454545454545,171.68,2017,8,2019,8,2018,4,2022,10,2023,2,2024,8,True,False,False,False,False,False,False,False,False,True,False,False,False,False,False,False,False,False,False,False,False,False,False,False,False,False,False,False,False,False,False,False,False,False,False,False,False,False,False,False,False,False,False,False,False,False,False,False,False,False,False,False,False,False,False,True,False,True,False,False,False
12.56,11.84,21,4,28.99,0.8,100.0,0,1060,46,0,0.9426751592356687,0.19047619047619047,29.79,2020,6,2022,1,2023,8,2023,4,2023,12,2026,1,True,False,False,False,False,False,False,False,False,False,False,False,False,False,False,False,False,False,False,False,False,False,False,False,False,False,False,False,False,False,False,False,False,False,False,False,False,False,False,False,False,False,False,False,True,False,False,False,False,False,False,False,False,False,False,False,False,False,False,False,True
21.26,9.75,44,9,89.98,2.52,90.7,0,1303,65,1,0.4586077140169332,0.20454545454545456,92.5,2016,12,2017,10,2021,2,2020,3,2021,2,2023,1,False,False,False,False,False,False,False,False,False,False,False,False,False,False,False,False,False,False,False,False,False,False,False,False,False,False,False,False,False,False,False,False,False,False,False,False,False,False,False,False,True,False,False,False,False,False,False,False,False,False,False,False,False,False,True,False,False,False,True,True,False
43.95,27.02,93,17,119.51,9.15,68.5,5,705,62,1,0.6147895335608645,0.1827956989247312,128.66,2017,11,2019,5,2020,1,2021,2,2022,3,2022,12,False,True,False,False,False,False,False,False,False,False,False,False,False,False,True,False,False,False,False,False,False,False,False,False,False,False,False,False,False,False,False,False,False,False,False,False,False,False,False,False,False,False,False,False,False,False,False,False,False,False,False,False,False,False,False,False,False,True,False,True,False
13.4,9.2,23,5,54.72,2.35,89.5,0,2779,58,0,0.6865671641791045,0.21739130434782608,57.07,2021,4,2021,9,2021,12,2027,5,2028,12,2030,12,False,False,False,True,False,False,False,False,False,False,False,False,False,False,False,False,False,False,False,False,False,False,False,False,False,False,False,False,False,False,False,False,False,False,False,False,False,False,False,False,False,False,True,False,False,False,False,False,False,False,False,False,False,False,False,False,False,False,True,False,False
9.52,4.88,15,1,28.01,1.24,77.6,0,2219,64,1,0.5126050420168068,0.06666666666666667,29.25,2024,12,2026,2,2028,4,2030,9,2031,10,2033,8,True,False,False,False,False,False,False,False,False,True,False,False,False,False,False,False,False,False,False,False,False,False,False,False,False,False,False,False,False,False,False,False,False,False,False,False,False,False,False,False,False,False,False,False,False,False,False,False,False,False,False,False,True,False,False,False,False,False,True,True,False
47.74,44.09,66,16,104.75,6.03,100.0,1,534,48,0,0.9235441977377462,0.24242424242424243,110.78,2023,12,2024,10,2028,3,2026,4,2026,9,2027,8,False,False,False,False,False,True,False,False,False,False,False,True,False,False,False,False,False,False,False,False,False,False,False,False,False,False,False,False,False,False,False,False,False,False,False,False,False,False,False,False,False,False,False,False,False,False,False,False,False,False,False,False,False,True,False,False,False,True,False,False,True
193.88,92.66,351,78,541.76,13.14,100.0,7,102,28,0,0.47792448937487103,0.2222222222222222,554.9,2025,7,2025,10,2026,1,2027,1,2027,11,2028,11,False,False,True,False,False,False,False,False,False,False,False,False,False,False,False,False,False,False,False,False,False,False,False,True,False,False,False,False,False,False,False,False,False,False,False,False,False,False,False,False,False,False,False,False,False,False,False,False,False,False,False,False,False,False,False,False,False,False,True,True,False
103.88,87.95,177,39,141.47,10.14,94.0,1,2031,51,0,0.8466499807470158,0.22033898305084745,151.61,2017,10,2019,11,2021,7,2022,7,2023,6,2025,6,False,False,False,False,False,False,True,False,False,False,False,False,False,False,False,False,False,False,False,False,False,False,False,False,False,False,False,False,False,False,False,False,False,False,True,False,False,False,False,False,False,False,False,False,False,False,False,False,False,False,False,False,False,False,False,False,True,True,False,False,False
60.78,28.1,119,20,200.37,8.74,88.1,1,49,25,0,0.462323132609411,0.16806722689075632,209.11,2019,7,2021,12,2022,11,2020,10,2021,8,2021,12,False,False,False,False,False,False,False,False,False,False,False,False,False,False,False,False,False,False,False,False,False,False,False,False,False,False,False,False,False,False,False,False,False,False,False,False,True,False,False,False,False,False,False,False,False,False,False,False,False,False,False,False,False,False,False,False,True,False,True,True,False
79.77,53.18,146,24,353.69,17.28,100.0,0,1753,56,0,0.6666666666666667,0.1643835616438356,370.97,2020,3,2022,6,2024,3,2025,1,2025,5,2027,6,False,False,False,False,True,False,False,False,False,False,False,False,False,False,False,False,False,False,False,False,False,False,False,False,False,False,False,False,False,False,False,False,False,False,False,False,False,False,False,False,False,False,False,False,False,False,True,False,False,False,False,False,False,False,False,True,False,True,False,False,False
56.7,52.65,107,20,97.27,10.69,100.0,4,1304,49,0,0.9285714285714285,0.18691588785046728,107.96,2021,9,2022,6,2022,1,2025,7,2026,5,2026,8,False,False,False,False,False,False,False,True,False,False,False,False,False,False,False,False,False,False,False,False,False,False,False,False,False,False,False,False,False,False,False,False,False,True,False,False,False,False,False,False,False,False,False,False,False,False,False,False,False,False,False,False,True,False,False,False,False,False,False,False,True
46.99,42.1,78,12,93.78,3.06,98.8,3,1496,49,0,0.8959353053841242,0.15384615384615385,96.84,2024,5,2025,1,2027,6,2028,7,2029,11,2030,5,False,False,False,False,False,False,True,False,False,False,False,False,False,False,False,False,False,False,False,False,False,False,False,False,False,False,False,False,False,False,False,False,False,False,True,False,False,False,False,False,False,False,False,False,False,False,False,False,False,False,False,False,False,True,False,False,False,False,False,False,False
73.6,44.71,126,24,169.47,6.96,100.0,1,2462,58,0,0.6074728260869566,0.19047619047619047,176.43,2022,11,2024,8,2025,10,2028,9,2030,3,2031,12,False,False,False,False,True,False,False,False,False,False,False,False,False,False,False,False,False,True,False,False,False,False,False,False,False,False,False,False,False,False,False,False,False,False,False,False,False,False,False,False,False,False,False,False,False,False,False,False,False,False,False,False,False,True,False,False,False,True,False,True,False
7.63,6.88,10,1,19.75,0.42,100.0,0,0,2,0,0.9017038007863696,0.1,20.17,2023,7,2024,8,2027,4,2024,5,2024,7,2024,9,False,False,False,False,False,False,False,False,True,False,False,False,False,True,False,False,False,False,False,False,False,False,False,False,False,False,False,False,False,False,False,False,False,False,False,False,False,False,False,False,False,False,False,False,False,False,False,False,False,False,False,False,False,False,False,True,False,False,False,False,True
36.58,33.45,62,14,126.59,2.18,89.9,0,410,38,0,0.9144341170038274,0.22580645161290322,128.77,2020,8,2021,9,2023,12,2022,9,2023,7,2024,2,False,False,False,False,False,False,False,True,False,False,False,False,False,False,False,False,False,False,False,False,False,False,False,False,False,False,False,False,False,False,True,False,False,False,False,False,False,False,False,False,False,False,False,False,False,False,False,False,False,False,False,False,False,False,False,False,True,False,False,False,True
27.63,16.21,33,7,36.08,1.06,94.4,0,1376,61,1,0.586681143684401,0.21212121212121213,37.14,2025,2,2027,3,2026,8,2029,9,2030,1,2030,3,False,False,False,True,False,False,False,False,False,False,False,False,False,False,False,False,False,False,False,False,False,False,False,False,False,False,False,False,False,False,False,False,False,False,False,False,False,False,True,False,False,False,False,False,False,False,False,False,False,False,False,False,False,False,True,False,False,False,True,True,False
32.42,26.78,75,11,62.22,8.74,89.9,1,664,54,0,0.8260333127698951,0.14666666666666667,70.96,2020,7,2022,12,2021,9,2023,8,2023,11,2024,2,False,False,False,False,False,True,False,False,False,False,False,False,False,False,False,False,False,False,False,False,False,False,False,False,False,False,False,False,False,False,False,False,True,False,False,False,False,False,False,False,False,False,False,False,False,False,False,False,False,False,False,False,True,False,False,False,False,True,False,False,False
18.89,9.71,38,6,52.76,4.21,96.0,0,1307,61,1,0.5140285865537322,0.15789473684210525,56.97,2017,5,2019,11,2018,9,2019,8,2020,5,2022,7,False,False,False,False,False,False,False,True,False,False,False,False,False,False,False,False,False,False,False,False,False,False,False,False,False,False,False,False,False,False,False,False,False,False,False,False,False,False,False,False,False,False,False,False,False,False,False,False,False,False,False,False,False,False,False,True,False,True,False,True,False
50.43,38.99,83,19,150.35,5.67,100.0,2,823,54,0,0.7731509022407298,0.2289156626506024,156.01999999999998,2018,12,2020,12,2022,12,2020,4,2021,12,2022,11,False,True,False,False,False,False,False,False,False,False,False,False,False,False,False,False,False,False,False,False,False,False,False,False,False,False,False,False,False,False,False,False,False,False,False,True,False,False,False,False,False,False,False,False,False,False,False,False,False,False,False,False,True,False,False,False,False,True,False,False,False
13.22,11.1,22,3,36.82,1.65,94.4,1,1373,51,0,0.8396369137670197,0.13636363636363635,38.47,2024,11,2025,11,2028,8,2029,11,2030,3,2031,11,False,False,False,False,True,False,False,False,False,False,False,False,False,False,False,False,False,False,False,False,True,False,False,False,False,False,False,False,False,False,False,False,False,False,False,False,False,False,False,False,False,False,False,False,False,False,False,False,False,False,False,False,False,False,False,False,True,True,False,False,False
17.57,12.51,25,5,42.37,2.6,100.0,0,1321,56,0,0.7120091064314171,0.2,44.97,2022,12,2025,4,2025,12,2026,5,2027,8,2028,8,False,False,False,True,False,False,False,False,False,False,False,False,True,False,False,False,False,False,False,False,False,False,False,False,False,False,False,False,False,False,False,False,False,False,False,False,False,False,False,False,False,False,False,False,False,False,False,False,False,False,False,False,False,False,False,False,True,True,False,False,False
15.58,12.35,42,8,53.48,3.57,100.0,0,1873,52,0,0.7926829268292682,0.19047619047619047,57.05,2022,5,2023,9,2025,9,2027,7,2028,10,2029,3,False,True,False,False,False,False,False,False,False,False,False,False,False,False,True,False,False,False,False,False,False,False,False,False,False,False,False,False,False,False,False,False,False,False,False,False,False,False,False,False,False,False,False,False,False,False,False,False,False,False,False,False,False,False,True,False,False,True,False,False,False
71.09,48.89,115,19,110.66,10.73,100.0,0,1165,56,0,0.6877197918131945,0.16521739130434782,121.39,2020,6,2022,10,2023,5,2025,2,2026,2,2026,4,False,False,False,False,False,False,False,False,True,False,False,False,False,True,False,False,False,False,False,False,False,False,False,False,False,False,False,False,False,False,False,False,False,False,False,False,False,False,False,False,False,False,False,False,False,False,False,False,False,False,False,False,False,False,True,False,False,True,False,False,False
29.61,12.41,53,8,54.66,5.25,100.0,2,1693,65,1,0.4191151637960149,0.1509433962264151,59.91,2018,10,2020,7,2019,6,2024,6,2025,4,2026,2,False,True,False,False,False,False,False,False,False,False,False,False,False,False,False,False,False,False,False,False,False,False,False,False,False,False,False,False,False,False,False,False,False,False,False,True,False,False,False,False,False,False,False,False,False,False,False,False,False,False,False,False,False,True,False,False,False,False,True,True,False
18.9,7.41,38,7,46.2,2.6,97.9,2,702,65,1,0.3920634920634921,0.18421052631578946,48.800000000000004,2023,1,2023,5,2025,7,2023,10,2024,5,2026,7,False,False,False,False,False,False,False,False,False,False,False,False,False,False,False,True,False,False,False,False,False,False,False,False,False,False,False,False,False,False,False,False,False,False,False,False,False,False,False,False,False,False,False,False,False,False,False,False,False,False,False,False,True,False,False,False,False,False,True,True,False
20.63,16.87,31,4,69.59,3.64,100.0,1,0,7,0,0.8177411536597189,0.12903225806451613,73.23,2019,2,2020,2,2022,11,2019,12,2020,1,2020,8,False,False,False,False,False,False,False,False,False,False,False,False,False,False,False,True,False,False,False,False,False,False,False,False,False,False,False,False,False,False,False,False,False,False,False,False,False,False,False,False,False,False,False,False,False,False,False,False,False,False,False,False,True,False,False,False,False,True,False,False,False
30.08,19.58,55,8,33.23,4.56,100.0,1,1534,58,0,0.6509308510638298,0.14545454545454545,37.79,2016,7,2016,11,2018,10,2021,2,2021,6,2022,4,False,False,True,False,False,False,False,False,False,False,False,False,False,False,False,False,False,False,False,False,False,False,False,False,False,False,False,False,False,False,False,False,False,False,False,False,False,False,False,False,False,False,False,False,False,False,False,False,False,True,False,False,False,False,False,False,True,True,False,False,False
151.74,51.92,272,47,186.33,22.67,83.8,5,2202,71,1,0.3421642282852247,0.17279411764705882,209.0,2017,9,2018,6,2021,6,2023,10,2025,2,2026,1,False,False,False,False,False,False,True,False,False,False,False,False,False,False,False,False,False,False,True,False,False,False,False,False,False,False,False,False,False,False,False,False,False,False,False,False,False,False,False,False,False,False,False,False,False,False,False,False,False,False,False,False,False,True,False,False,False,False,True,True,False
8.7,6.6,11,1,32.15,0.38,100.0,0,585,53,0,0.7586206896551725,0.09090909090909091,32.53,2020,12,2023,1,2021,9,2023,8,2023,11,2024,11,False,False,False,False,False,False,True,False,False,False,False,False,False,False,False,False,False,False,True,False,False,False,False,False,False,False,False,False,False,False,False,False,False,False,False,False,False,False,False,False,False,False,False,False,False,False,False,False,False,False,False,False,False,False,False,True,False,True,False,False,False
58.88,58.47,125,30,103.95,14.85,100.0,1,1561,46,0,0.9930366847826086,0.24,118.8,2019,3,2019,9,2019,7,2023,7,2024,5,2025,6,False,False,False,True,False,False,False,False,False,False,False,False,False,False,False,False,False,False,False,False,False,False,False,False,False,False,False,False,False,False,False,False,False,False,False,False,False,False,False,False,False,False,False,False,False,False,False,False,True,False,False,False,True,False,False,False,False,False,False,False,True
48.03,34.55,89,17,209.65,2.41,100.0,4,649,57,0,0.7193420778679991,0.19101123595505617,212.06,2016,6,2017,6,2017,6,2019,3,2020,1,2020,11,False,False,False,False,False,False,False,False,True,False,False,False,False,False,False,False,False,False,False,False,False,False,False,False,False,False,False,False,False,False,False,True,False,False,False,False,False,False,False,False,False,False,False,False,False,False,False,False,False,False,False,False,False,True,False,False,False,True,False,False,False
12.39,10.5,21,5,53.99,2.49,100.0,0,253,27,0,0.847457627118644,0.23809523809523808,56.480000000000004,2021,3,2021,9,2022,4,2023,1,2024,7,2025,1,True,False,False,False,False,False,False,False,False,False,False,False,False,False,False,False,False,False,False,False,False,False,False,False,False,False,False,False,False,False,False,False,False,False,False,False,False,False,False,False,False,False,False,False,True,False,False,False,False,False,False,False,False,True,False,False,False,True,False,False,False
129.91,111.39,232,41,433.64,25.77,100.0,5,842,50,0,0.8574397659918406,0.17672413793103448,459.40999999999997,2017,3,2018,6,2018,2,2019,2,2020,3,2021,12,False,False,False,False,False,False,False,False,False,False,False,False,False,False,False,False,False,False,False,False,False,False,False,False,False,False,False,False,False,False,False,False,False,False,False,False,False,False,False,False,True,False,False,False,False,False,False,False,False,False,False,False,False,False,False,False,True,False,False,False,False
51.38,47.11,88,19,177.39,9.3,100.0,2,2324,48,0,0.9168937329700272,0.2159090909090909,186.69,2024,9,2026,1,2027,11,2030,5,2031,10,2032,10,False,False,False,True,False,False,False,False,False,False,False,False,True,False,False,False,False,False,False,False,False,False,False,False,False,False,False,False,False,False,False,False,False,False,False,False,False,False,False,False,False,False,False,False,False,False,False,False,False,False,False,False,False,True,False,False,False,False,False,False,True
18.03,10.73,17,3,57.85,1.49,90.0,3,287,39,0,0.5951192457016085,0.17647058823529413,59.34,2016,1,2018,2,2018,11,2017,3,2017,8,2018,11,True,False,False,False,False,False,False,False,False,False,False,False,False,False,False,False,False,False,False,False,False,False,False,False,False,False,False,False,False,False,False,False,False,False,False,False,False,False,False,False,False,False,False,False,False,False,False,False,False,False,True,False,False,False,True,False,False,True,False,True,False
4.67,3.53,7,0,6.8,0.57,99.6,0,1807,54,0,0.7558886509635974,0.0,7.37,2018,1,2020,7,2019,9,2022,12,2023,2,2025,2,False,False,False,False,False,False,True,False,False,False,False,False,False,False,False,False,False,False,False,False,False,False,False,False,False,False,False,False,False,False,False,False,False,False,True,False,False,False,False,False,False,False,False,False,False,False,False,False,False,False,False,False,False,False,True,False,False,True,False,False,False
37.68,26.29,74,12,99.92,8.85,79.8,3,1389,60,0,0.6977176220806793,0.16216216216216217,108.77,2019,8,2019,12,2023,5,2025,1,2025,4,2026,5,False,False,True,False,False,False,False,False,False,False,False,False,False,False,False,False,False,False,False,False,False,False,False,False,False,False,False,True,False,False,False,False,False,False,False,False,False,False,False,False,False,False,False,False,False,False,False,False,False,False,False,False,False,False,False,False,False,True,False,False,False
28.65,11.09,58,11,106.98,6.81,96.8,1,0,21,0,0.38708551483420595,0.1896551724137931,113.79,2020,11,2022,12,2023,10,2021,10,2022,7,2023,4,False,True,False,False,False,False,False,False,False,False,False,False,False,False,False,False,False,False,False,False,False,False,False,False,False,False,False,False,False,False,False,False,False,False,False,False,False,True,False,False,False,False,False,False,False,False,False,False,False,False,False,False,False,False,False,False,True,False,True,True,False
10.69,9.46,15,4,39.19,1.52,100.0,0,975,48,0,0.8849391955098224,0.26666666666666666,40.71,2019,3,2019,12,2020,1,2021,10,2022,8,2024,1,False,False,False,False,False,False,False,False,False,False,False,False,False,False,False,False,False,False,False,False,False,False,False,False,False,False,False,False,False,False,False,False,False,False,False,False,False,False,False,False,True,False,False,False,False,False,False,False,False,False,False,False,False,False,False,True,False,False,False,False,False
10.55,7.55,18,1,43.52,0.52,100.0,2,970,55,0,0.7156398104265402,0.05555555555555555,44.040000000000006,2022,6,2024,9,2026,3,2024,2,2025,2,2026,9,False,False,False,True,False,False,False,False,False,False,False,False,False,False,False,False,False,False,False,False,False,False,False,False,False,False,False,False,False,False,False,False,False,False,False,False,False,False,False,False,False,False,True,False,False,False,False,False,False,False,False,False,False,False,False,False,False,True,False,False,False
71.42,30.47,130,24,295.18,7.44,87.8,5,1012,70,1,0.4266311957434892,0.18461538461538463,302.62,2018,9,2020,1,2019,8,2023,7,2023,8,2024,8,False,False,False,False,False,False,False,True,False,False,False,False,False,False,False,False,False,False,False,False,False,False,False,False,False,False,False,False,False,False,True,False,False,False,False,False,False,False,False,False,False,False,False,False,False,False,False,False,False,False,False,False,False,False,True,False,False,False,True,True,False
4.24,3.13,16,4,7.49,1.71,100.0,1,903,55,0,0.7382075471698113,0.25,9.2,2022,10,2024,2,2023,2,2025,6,2026,6,2028,2,True,False,False,False,False,False,False,False,False,False,False,False,False,False,False,False,False,False,False,False,False,False,False,False,False,False,False,False,False,False,False,False,False,False,False,False,False,False,False,False,False,False,False,False,False,False,False,False,False,False,True,False,False,False,False,False,False,True,False,False,False
41.03,27.38,74,20,142.39,6.68,100.0,5,1078,59,0,0.6673165976115037,0.2702702702702703,149.07,2022,7,2023,2,2023,5,2026,3,2027,11,2028,4,False,True,False,False,False,False,False,False,False,False,False,False,False,False,False,False,False,False,False,False,False,False,False,False,False,False,False,False,False,False,False,False,False,False,False,True,False,False,False,False,False,False,False,False,False,False,False,False,False,False,False,False,False,False,False,False,True,True,False,False,False
24.84,18.11,41,9,79.74,1.32,79.9,0,1453,57,0,0.7290660225442834,0.21951219512195122,81.05999999999999,2022,3,2023,4,2023,8,2025,5,2026,10,2028,1,False,False,False,False,False,False,False,False,False,False,False,False,False,False,False,False,False,False,False,False,False,True,False,False,False,False,False,False,False,False,False,False,False,False,False,False,False,False,False,False,False,False,False,False,False,False,False,False,False,False,False,False,False,False,False,False,True,True,False,False,False
49.26,37.21,96,15,200.86,5.26,92.7,0,1665,54,0,0.7553796183516038,0.15625,206.12,2021,11,2023,10,2024,11,2026,1,2027,6,2028,5,False,False,False,False,False,False,True,False,False,False,False,False,False,False,False,False,False,False,True,False,False,False,False,False,False,False,False,False,False,False,False,False,False,False,False,False,False,False,False,False,False,False,False,False,False,False,False,False,False,False,False,False,False,True,False,False,False,True,False,False,False
22.32,13.02,45,9,33.01,0.99,94.8,1,2089,59,0,0.5833333333333333,0.2,34.0,2022,9,2023,10,2025,9,2029,2,2030,3,2030,8,False,False,False,False,False,False,False,False,True,False,False,False,False,False,False,False,False,False,False,False,False,False,False,False,False,True,False,False,False,False,False,False,False,False,False,False,False,False,False,False,False,False,False,False,False,False,False,False,False,False,False,False,True,False,False,False,False,True,False,True,False
40.18,32.21,67,14,142.13,7.32,87.2,3,2008,53,0,0.8016426082628173,0.208955223880597,149.45,2025,7,2026,1,2026,1,2030,8,2031,10,2033,4,True,False,False,False,False,False,False,False,False,False,False,False,False,False,False,False,False,False,False,False,False,False,False,False,False,False,False,False,False,False,False,False,False,False,False,False,False,False,False,False,False,False,False,False,False,False,False,True,False,False,False,False,False,True,False,False,False,True,False,False,False
14.26,10.92,33,7,33.74,3.13,89.1,0,677,54,0,0.7657784011220197,0.21212121212121213,36.870000000000005,2022,12,2024,6,2023,9,2024,5,2025,8,2027,4,False,False,False,False,False,False,True,False,False,False,False,False,False,False,False,False,False,False,True,False,False,False,False,False,False,False,False,False,False,False,False,False,False,False,False,False,False,False,False,False,False,False,False,False,False,False,False,False,False,False,False,False,False,False,False,False,True,True,False,False,False
28.53,17.04,59,13,64.47,3.75,79.0,4,946,62,1,0.5972660357518401,0.22033898305084745,68.22,2020,12,2022,6,2022,1,2023,2,2024,1,2025,10,False,False,False,False,False,False,False,False,False,False,False,False,False,False,False,False,False,False,False,False,False,False,False,False,False,False,False,False,False,False,False,False,False,False,False,False,True,False,False,False,False,False,False,False,False,False,False,False,False,False,False,False,False,False,True,False,False,True,False,True,False
48.87,45.37,80,19,45.57,7.68,100.0,2,2151,48,0,0.9283814200941273,0.2375,53.25,2016,2,2017,6,2017,2,2021,9,2022,6,2024,3,True,False,False,False,False,False,False,False,False,False,False,False,False,False,False,False,False,False,False,False,False,False,False,False,False,False,False,False,False,False,False,False,False,False,False,False,False,False,False,False,False,False,False,False,True,False,False,False,False,False,False,False,False,False,False,True,False,False,False,False,True
34.84,23.05,60,7,151.81,6.8,100.0,3,556,57,0,0.6615958668197474,0.11666666666666667,158.61,2025,10,2027,8,2027,7,2028,10,2029,4,2030,7,False,True,False,False,False,False,False,False,False,False,False,False,False,False,False,False,False,False,False,False,False,False,False,False,False,False,False,False,False,False,False,False,False,False,False,False,False,True,False,False,False,False,False,False,False,False,False,False,False,False,False,False,False,False,True,False,False,True,False,False,False
43.83,22.59,78,10,144.65,3.74,100.0,3,950,63,1,0.5154004106776181,0.1282051282051282,148.39000000000001,2020,1,2020,6,2021,1,2023,12,2024,1,2025,7,False,False,False,False,False,False,False,False,False,False,False,False,False,False,False,False,False,False,False,False,False,True,False,False,False,False,False,False,False,False,False,False,False,False,False,False,False,False,False,False,False,False,False,False,False,False,False,False,False,False,False,False,False,True,False,False,False,False,True,True,False
11.85,10.84,20,5,35.38,0.97,100.0,0,2619,47,0,0.9147679324894515,0.25,36.35,2022,4,2024,5,2025,3,2028,10,2030,3,2031,10,False,False,False,False,True,False,False,False,False,False,False,False,False,False,False,False,False,False,False,False,True,False,False,False,False,False,False,False,False,False,False,False,False,False,False,False,False,False,False,False,False,False,False,False,False,False,False,False,False,False,False,False,False,False,False,True,False,False,False,False,True
16.6,11.13,20,2,28.71,1.37,100.0,0,1045,57,0,0.6704819277108434,0.1,30.080000000000002,2024,9,2024,11,2025,2,2027,5,2028,4,2029,1,False,False,False,True,False,False,False,False,False,False,False,False,False,False,False,False,False,False,False,False,False,False,False,False,False,False,False,False,False,False,False,False,False,False,False,False,False,False,False,False,False,False,False,False,False,False,False,False,True,False,False,False,False,False,False,False,True,True,False,False,False
16.89,14.14,32,3,54.66,2.9,100.0,0,1080,50,0,0.837181764357608,0.09375,57.559999999999995,2025,8,2026,6,2028,2,2029,6,2030,1,2031,3,False,True,False,False,False,False,False,False,False,False,False,False,False,False,False,False,False,False,False,False,False,False,False,False,False,False,False,False,False,False,False,False,False,False,False,False,False,True,False,False,False,False,False,False,False,False,False,False,False,False,False,False,False,False,True,False,False,True,False,False,False
22.73,19.06,41,7,97.71,4.89,100.0,0,423,41,0,0.8385393752749669,0.17073170731707318,102.6,2025,7,2026,6,2029,9,2028,4,2028,6,2028,10,True,False,False,False,False,False,False,False,False,True,False,False,False,False,False,False,False,False,False,False,False,False,False,False,False,False,False,False,False,False,False,False,False,False,False,False,False,False,False,False,False,False,False,False,False,False,False,False,False,False,False,False,False,False,False,False,True,True,False,False,False
116.58,74.4,213,22,163.7,7.73,78.7,8,1737,62,1,0.6381883685023161,0.10328638497652583,171.42999999999998,2023,7,2024,8,2027,10,2029,7,2030,12,2031,3,False,False,False,False,False,False,False,False,True,False,False,False,False,False,False,False,False,False,False,False,False,False,False,False,False,True,False,False,False,False,False,False,False,False,False,False,False,False,False,False,False,False,False,False,False,False,False,False,False,False,False,False,False,False,False,True,False,True,False,True,False
21.03,19.06,45,9,93.38,2.44,96.6,1,1915,50,0,0.9063242986210175,0.2,95.82,2021,1,2022,3,2022,9,2025,3,2026,5,2028,4,False,False,False,False,False,False,True,False,False,False,False,False,False,False,False,False,False,False,False,False,False,False,False,False,False,False,False,False,False,False,False,False,False,False,False,False,False,False,False,False,False,False,False,False,False,True,False,False,False,False,False,False,False,False,False,True,False,True,False,False,True
9.55,9.24,21,0,22.74,1.18,90.9,1,650,47,0,0.9675392670157068,0.0,23.919999999999998,2018,4,2019,11,2019,11,2019,5,2019,6,2021,6,False,False,False,False,False,False,False,True,False,False,False,False,False,False,False,False,False,False,False,False,False,False,False,False,False,False,False,False,False,False,False,False,False,False,False,False,False,False,False,False,False,False,False,False,False,False,False,False,False,False,False,True,False,False,True,False,False,False,False,False,True
51.5,31.79,83,11,227.6,7.68,100.0,1,1299,60,0,0.6172815533980582,0.13253012048192772,235.28,2025,11,2026,8,2026,12,2029,3,2030,10,2032,3,False,False,False,False,False,False,True,False,False,False,False,False,False,False,False,False,False,False,True,False,False,False,False,False,False,False,False,False,False,False,False,False,False,False,False,False,False,False,False,False,False,False,False,False,False,False,False,False,False,False,False,False,False,False,False,False,True,False,True,True,False
115.2,109.34,193,40,362.34,20.97,100.0,5,343,32,0,0.9491319444444445,0.20725388601036268,383.30999999999995,2017,4,2017,6,2018,9,2019,9,2019,12,2020,8,True,False,False,False,False,False,False,False,False,False,False,False,False,False,False,False,False,False,False,False,False,False,False,False,False,False,False,False,False,False,False,False,False,False,False,False,False,False,False,False,False,False,False,False,False,False,False,True,False,False,False,False,False,False,False,False,False,False,False,False,True
8.49,6.81,4,1,16.97,0.15,100.0,0,0,7,0,0.8021201413427561,0.25,17.119999999999997,2019,2,2021,7,2020,10,2019,12,2020,8,2021,11,False,False,False,False,False,False,True,False,False,False,False,False,False,False,False,False,False,False,False,False,False,False,False,False,False,False,False,False,False,False,False,False,False,False,True,False,False,False,False,False,False,False,False,False,False,False,False,False,False,False,False,False,False,False,False,False,True,True,False,False,False
215.47,172.41,353,63,470.9,32.25,82.0,11,0,13,0,0.8001577945885738,0.17847025495750707,503.15,2016,8,2018,5,2019,5,2017,8,2017,10,2018,5,False,False,False,True,False,False,False,False,False,False,False,False,False,False,False,False,False,False,False,False,False,False,False,False,False,False,False,False,False,False,False,False,False,False,False,False,False,False,False,False,False,False,False,False,False,False,False,False,True,False,False,False,False,False,False,True,False,True,False,False,False
45.38,22.48,91,13,85.09,10.1,100.0,5,1711,65,1,0.49537241075363597,0.14285714285714285,95.19,2020,10,2022,10,2022,10,2024,9,2026,4,2028,1,False,False,False,False,False,False,False,False,False,False,False,False,False,False,False,True,False,False,False,False,False,False,False,False,False,False,False,False,False,False,False,False,False,False,False,False,False,False,False,False,False,False,False,False,False,False,False,False,False,False,False,False,False,False,False,False,True,False,True,True,False
84.26,30.39,145,23,171.78,4.66,88.5,5,2199,71,1,0.3606693567529077,0.15862068965517243,176.44,2021,10,2023,11,2023,11,2027,12,2028,8,2029,7,False,False,False,False,False,False,False,True,False,False,False,False,False,False,False,False,False,False,False,False,False,False,False,False,False,False,False,False,False,False,False,False,False,False,False,False,False,False,False,False,False,True,False,False,False,False,False,False,False,False,False,False,False,True,False,False,False,False,True,True,False
129.94,113.99,245,43,414.79,20.46,100.0,6,771,53,0,0.8772510389410497,0.17551020408163265,435.25,2019,12,2021,3,2020,3,2021,9,2022,3,2023,9,False,False,False,False,False,True,False,False,False,False,False,False,False,False,False,False,False,False,False,False,False,False,False,False,False,False,False,False,True,False,False,False,False,False,False,False,False,False,False,False,False,False,False,False,False,False,False,False,False,False,False,False,False,False,False,False,False,True,False,False,False
79.25,72.91,137,31,68.27,5.51,98.3,3,1332,50,0,0.9199999999999999,0.22627737226277372,73.78,2024,1,2026,6,2025,6,2027,12,2028,9,2030,5,True,False,False,False,False,False,False,False,False,True,False,False,False,False,False,False,False,False,False,False,False,False,False,False,False,False,False,False,False,False,False,False,False,False,False,False,False,False,False,False,False,False,False,False,False,False,False,False,False,False,False,False,True,False,False,False,False,True,False,False,True
26.83,19.49,65,11,117.52,4.17,93.0,1,1347,55,0,0.7264256429370108,0.16923076923076924,121.69,2019,4,2020,8,2023,8,2024,3,2024,5,2025,3,False,False,True,False,False,False,False,False,False,False,False,False,False,False,False,False,False,False,False,False,False,False,False,False,False,False,False,True,False,False,False,False,False,False,False,False,False,False,False,False,False,False,False,False,False,False,False,False,False,False,False,False,False,True,False,False,False,True,False,False,False
101.26,91.25,194,43,368.95,6.34,100.0,1,1353,48,0,0.9011455658700375,0.22164948453608246,375.28999999999996,2022,9,2024,10,2026,12,2026,1,2027,4,2028,4,False,False,False,False,False,True,False,False,False,False,False,False,False,False,False,False,False,False,False,False,False,False,False,False,False,False,False,False,False,True,False,False,False,False,False,False,False,False,False,False,False,False,False,False,False,False,False,False,False,False,False,False,True,False,False,False,False,False,False,False,True
38.65,17.43,65,12,165.49,5.74,69.8,1,1483,68,1,0.4509702457956016,0.18461538461538463,171.23000000000002,2024,6,2025,3,2025,10,2027,8,2028,7,2030,2,False,False,False,False,False,False,True,False,False,False,False,False,False,False,False,False,False,False,False,False,False,False,False,False,False,False,False,False,False,False,False,False,False,False,True,False,False,False,False,False,False,False,False,False,False,False,False,False,False,False,False,False,False,False,True,False,False,False,True,True,False
89.16,50.11,168,30,308.04,10.1,100.0,0,756,61,1,0.5620233288470167,0.17857142857142858,318.14000000000004,2019,2,2020,3,2020,5,2019,12,2021,2,2023,3,True,False,False,False,False,False,False,False,False,False,False,False,False,False,False,False,False,False,False,False,False,False,False,False,False,False,False,False,False,False,False,False,False,False,False,False,False,False,False,False,False,False,False,False,False,False,False,True,False,False,False,False,True,False,False,False,False,False,True,True,False
99.47,89.99,191,35,256.62,14.65,100.0,5,765,49,0,0.90469488287926,0.18324607329842932,271.27,2017,1,2018,3,2021,4,2020,4,2020,8,2020,12,False,False,False,False,True,False,False,False,False,False,False,False,False,False,False,False,False,True,False,False,False,False,False,False,False,False,False,False,False,False,False,False,False,False,False,False,False,False,False,False,False,False,False,False,False,False,False,False,False,False,False,False,False,False,False,False,True,False,False,False,True
10.07,7.46,15,4,15.13,1.09,97.5,0,2282,53,0,0.7408142999006951,0.26666666666666666,16.220000000000002,2017,10,2018,5,2018,12,2023,12,2025,8,2027,1,False,False,True,False,False,False,False,False,False,False,False,False,False,False,False,False,False,False,False,False,False,False,False,False,False,False,True,False,False,False,False,False,False,False,False,False,False,False,False,False,False,False,False,False,False,False,False,False,False,False,False,False,True,False,False,False,False,True,False,False,False
66.31,51.74,122,21,179.73,10.91,100.0,4,1716,54,0,0.7802744684059719,0.1721311475409836,190.64,2018,6,2019,11,2021,1,2023,10,2024,7,2025,8,False,False,False,False,False,False,False,True,False,False,False,False,False,False,False,False,False,False,False,False,False,False,False,False,False,False,False,False,False,False,False,False,False,False,False,False,False,False,False,False,False,False,False,False,False,False,False,False,False,False,False,False,False,False,False,True,False,True,False,False,False
24.98,18.09,55,7,85.76,6.03,100.0,1,348,38,0,0.7241793434747799,0.12727272727272726,91.79,2024,6,2026,2,2027,10,2025,12,2027,2,2027,11,False,False,False,False,False,False,False,False,True,False,False,False,False,False,False,False,False,False,False,False,False,False,False,False,False,False,False,False,False,False,False,True,False,False,False,False,False,False,False,False,False,False,False,False,False,False,False,False,False,False,False,False,False,True,False,False,False,True,False,False,False
34.4,26.45,61,12,136.24,2.93,100.0,3,3,9,0,0.7688953488372093,0.19672131147540983,139.17000000000002,2025,9,2026,11,2026,9,2027,9,2028,4,2028,7,False,False,False,False,True,False,False,False,False,False,False,False,False,False,False,False,False,False,False,False,True,False,False,False,False,False,False,False,False,False,False,False,False,False,False,False,False,False,False,False,False,False,False,False,False,False,False,False,False,False,False,False,False,True,False,False,False,True,False,False,False
34.02,26.19,59,12,68.02,4.69,90.4,1,1414,56,0,0.7698412698412698,0.2033898305084746,72.71,2018,1,2018,3,2018,6,2023,7,2024,1,2025,1,False,False,False,False,False,True,False,False,False,False,False,False,False,False,False,False,False,False,False,False,False,False,False,False,False,False,False,False,False,True,False,False,False,False,False,False,False,False,False,False,False,False,False,False,False,False,False,False,False,False,False,False,True,False,False,False,False,True,False,False,False
32.69,27.43,70,9,87.9,5.42,100.0,0,0,5,0,0.8390945243193638,0.12857142857142856,93.32000000000001,2022,10,2023,10,2024,11,2024,7,2024,9,2025,2,False,False,False,False,False,False,False,False,False,False,False,False,False,False,False,False,False,False,False,False,False,False,False,False,False,False,False,False,False,False,False,False,False,False,False,False,True,False,False,False,False,False,False,False,False,False,False,False,False,False,False,False,False,True,False,False,False,True,False,False,False
137.49,72.82,227,45,425.38,11.69,75.6,8,818,67,1,0.5296385191650301,0.19823788546255505,437.07,2024,11,2026,7,2028,2,2027,12,2028,12,2029,5,False,False,False,True,False,False,False,False,False,False,False,False,False,False,False,False,False,False,False,False,False,False,False,False,False,False,False,False,False,False,False,False,False,False,False,False,False,False,True,False,False,False,False,False,False,False,False,False,False,False,False,False,False,False,False,True,False,False,True,True,False
7.64,4.78,12,2,22.75,0.84,100.0,0,909,56,0,0.6256544502617801,0.16666666666666666,23.59,2018,5,2020,1,2022,2,2021,6,2022,5,2022,10,False,False,False,False,False,False,False,False,True,False,False,False,False,False,False,False,False,False,False,False,False,False,False,False,False,False,False,False,False,False,False,True,False,False,False,False,False,False,False,False,False,False,False,False,False,False,False,False,False,False,False,False,False,True,False,False,False,True,False,True,False
5.35,2.67,11,3,5.32,0.26,91.0,1,10,18,0,0.4990654205607477,0.2727272727272727,5.58,2020,11,2021,10,2022,12,2021,12,2022,7,2024,1,False,False,False,False,True,False,False,False,False,False,False,False,False,False,False,False,False,False,False,False,True,False,False,False,False,False,False,False,False,False,False,False,False,False,False,False,False,False,False,False,False,False,False,False,False,False,False,False,False,False,False,False,True,False,False,False,False,False,True,True,False
4.33,3.86,11,3,11.21,0.69,93.9,0,1129,50,0,0.8914549653579676,0.2727272727272727,11.9,2018,4,2018,6,2022,5,2021,4,2022,7,2023,2,False,False,False,False,False,False,False,False,False,False,False,False,False,False,False,False,False,False,False,False,False,True,False,False,False,False,False,False,False,False,False,False,False,False,False,False,False,False,False,False,False,False,False,False,False,False,False,False,False,False,False,False,False,False,False,False,False,True,False,False,False
87.28,37.91,157,30,331.09,7.39,100.0,5,1274,68,1,0.43434922089825845,0.1910828025477707,338.47999999999996,2020,4,2021,3,2022,9,2024,1,2024,7,2025,3,False,False,False,False,False,False,False,False,False,False,False,False,False,False,False,False,False,False,False,False,False,True,False,False,False,False,False,False,False,False,False,False,False,False,False,False,False,False,False,False,False,False,False,False,False,False,False,False,False,False,False,False,False,False,False,False,False,False,True,True,False
13.83,9.97,23,0,52.12,2.45,100.0,1,0,10,0,0.7208966015907448,0.0,54.57,2025,2,2027,3,2026,4,2027,6,2027,9,2027,11,True,False,False,False,False,False,False,False,False,False,False,False,False,False,False,False,False,False,False,False,False,False,False,False,False,False,False,False,False,False,False,False,False,False,False,False,False,False,False,False,False,False,False,False,False,False,False,True,False,False,False,False,False,False,True,False,False,True,False,False,False
34.2,21.06,77,10,91.53,4.29,100.0,4,166,28,0,0.6157894736842104,0.12987012987012986,95.82000000000001,2018,8,2020,7,2020,5,2021,11,2022,4,2022,5,False,False,False,False,True,False,False,False,False,False,False,False,False,False,False,False,False,False,False,False,True,False,False,False,False,False,False,False,False,False,False,False,False,False,False,False,False,False,False,False,False,False,False,False,False,False,False,False,False,False,False,False,False,True,False,False,False,True,False,True,False
26.72,23.63,44,6,115.53,1.73,91.9,3,230,26,0,0.8843562874251497,0.13636363636363635,117.26,2023,4,2024,9,2025,12,2025,6,2026,2,2026,2,False,False,False,False,False,False,False,True,False,False,False,False,False,False,False,False,False,False,False,False,False,False,False,False,False,False,False,False,False,False,False,False,False,True,False,False,False,False,False,False,False,False,False,False,False,False,False,False,False,False,False,False,True,False,False,False,False,True,False,False,False
12.35,8.73,22,3,47.63,1.61,85.6,0,155,22,0,0.7068825910931175,0.13636363636363635,49.24,2023,3,2023,12,2024,8,2024,8,2024,12,2025,9,False,False,False,False,False,False,True,False,False,False,False,False,False,False,False,False,False,False,True,False,False,False,False,False,False,False,False,False,False,False,False,False,False,False,False,False,False,False,False,False,False,False,False,False,False,False,False,False,False,False,False,False,False,True,False,False,False,False,False,False,False
70.21,57.3,124,18,247.71,12.54,100.0,3,631,53,0,0.8161230593932488,0.14516129032258066,260.25,2019,7,2021,1,2023,6,2020,8,2020,10,2022,10,False,False,True,False,False,False,False,False,False,False,False,False,False,False,False,False,False,False,False,False,False,False,False,False,False,False,False,True,False,False,False,False,False,False,False,False,False,False,False,False,False,False,False,False,False,False,False,False,False,False,False,False,False,False,False,False,True,True,False,False,False
26.38,9.54,48,8,71.43,2.66,100.0,2,399,55,0,0.3616376042456406,0.16666666666666666,74.09,2019,9,2019,11,2020,10,2021,1,2022,4,2023,3,False,False,True,False,False,False,False,False,False,False,False,False,False,False,False,False,False,False,False,False,False,False,False,True,False,False,False,False,False,False,False,False,False,False,False,False,False,False,False,False,False,False,False,False,False,False,False,False,False,False,False,False,False,False,False,True,False,False,True,True,False
23.62,13.33,35,3,70.52,3.66,100.0,0,2607,61,1,0.5643522438611346,0.08571428571428572,74.17999999999999,2025,8,2027,11,2028,2,2032,2,2033,8,2034,4,False,False,False,False,False,True,False,False,False,False,True,False,False,False,False,False,False,False,False,False,False,False,False,False,False,False,False,False,False,False,False,False,False,False,False,False,False,False,False,False,False,False,False,False,False,False,False,False,False,False,False,False,False,True,False,False,False,False,True,True,False
37.82,31.34,61,13,61.49,3.21,92.4,2,1492,50,0,0.8286620835536753,0.21311475409836064,64.7,2019,8,2021,6,2022,3,2023,1,2023,6,2025,2,False,False,False,False,False,True,False,False,False,False,False,False,False,False,False,False,False,False,False,False,False,False,False,False,False,False,False,False,False,False,False,False,True,False,False,False,False,False,False,False,False,False,False,False,False,False,False,False,False,False,False,False,False,True,False,False,False,False,False,False,False
61.61,42.82,130,27,170.65,12.16,100.0,3,2351,56,0,0.6950170426878753,0.2076923076923077,182.81,2016,5,2017,12,2019,3,2022,3,2023,6,2024,12,False,False,True,False,False,False,False,False,False,False,False,False,False,False,False,False,False,False,False,False,False,False,False,False,False,False,False,False,False,False,False,False,False,False,False,False,False,False,False,False,False,False,False,False,False,False,False,False,False,True,False,False,False,False,False,False,False,True,False,False,False
11.48,7.25,16,3,31.53,0.5,84.1,0,48,18,0,0.6315331010452961,0.1875,32.03,2016,6,2016,12,2020,1,2017,9,2018,6,2019,5,False,False,False,False,False,False,False,True,False,False,False,False,False,False,False,False,False,False,False,False,False,False,False,False,False,False,False,False,False,False,False,False,False,False,False,False,False,False,False,False,False,False,False,False,False,False,False,False,False,False,False,True,False,False,False,True,False,True,False,True,False
71.73,51.29,125,17,111.2,3.28,100.0,3,1452,55,0,0.7150425205632231,0.136,114.48,2024,11,2025,6,2027,2,2029,1,2029,2,2030,10,False,False,False,True,False,False,False,False,False,False,False,False,True,False,False,False,False,False,False,False,False,False,False,False,False,False,False,False,False,False,False,False,False,False,False,False,False,False,False,False,False,False,False,False,False,False,False,False,False,False,False,False,True,False,False,False,False,True,False,False,False
127.72,98.45,227,39,551.65,21.28,100.0,7,705,55,0,0.7708268086439086,0.17180616740088106,572.93,2025,4,2025,11,2028,6,2028,9,2029,4,2029,6,False,True,False,False,False,False,False,False,False,False,False,False,False,False,False,False,False,False,False,False,False,False,False,False,False,False,False,False,False,False,False,False,False,False,False,False,False,True,False,False,False,False,False,False,False,False,False,False,False,False,False,False,False,True,False,False,False,True,False,False,False
7.2,5.24,14,4,12.28,0.8,100.0,0,2402,55,0,0.7277777777777777,0.2857142857142857,13.08,2016,11,2017,12,2018,9,2022,7,2023,8,2024,12,False,False,False,False,False,False,True,False,False,False,False,False,False,False,False,False,False,False,False,False,False,False,False,False,False,False,False,False,False,False,False,False,False,False,True,False,False,False,False,False,False,False,False,False,False,False,False,False,False,False,False,False,False,False,False,False,False,True,False,False,False
39.58,19.25,57,10,46.93,3.38,100.0,1,1054,63,1,0.4863567458312279,0.17543859649122806,50.31,2019,1,2019,8,2020,3,2023,8,2024,12,2025,1,False,False,False,True,False,False,False,False,False,False,False,False,False,False,False,False,False,False,False,False,False,False,False,False,False,False,False,False,False,False,False,False,False,False,False,False,False,False,False,True,False,False,False,False,False,False,False,False,False,False,False,False,False,False,True,False,False,False,True,True,False
22.09,17.68,35,5,55.84,2.71,93.7,0,776,52,0,0.800362154821186,0.14285714285714285,58.550000000000004,2018,1,2018,11,2021,2,2021,10,2022,2,2022,9,True,False,False,False,False,False,False,False,False,True,False,False,False,False,False,False,False,False,False,False,False,False,False,False,False,False,False,False,False,False,False,False,False,False,False,False,False,False,False,False,False,False,False,False,False,False,False,False,False,False,False,False,False,False,False,True,False,True,False,False,False
60.29,52.25,103,18,201.28,12.22,100.0,4,336,35,0,0.8666445513352131,0.17475728155339806,213.5,2018,11,2020,8,2020,5,2019,9,2021,2,2022,2,False,True,False,False,False,False,False,False,False,False,False,False,False,False,True,False,False,False,False,False,False,False,False,False,False,False,False,False,False,False,False,False,False,False,False,False,False,False,False,False,False,False,False,False,False,False,False,False,False,False,False,False,False,False,False,False,False,True,False,False,False
8.88,4.96,19,3,13.52,0.71,94.7,0,242,36,0,0.5585585585585585,0.15789473684210525,14.23,2021,3,2022,1,2025,4,2022,6,2023,10,2023,12,False,True,False,False,False,False,False,False,False,False,False,False,False,False,False,False,False,False,False,False,False,False,False,False,False,False,False,False,False,False,False,False,False,False,False,False,False,True,False,False,False,False,False,False,False,False,False,False,False,False,False,False,False,False,False,False,False,False,True,True,False
152.77,94.15,295,53,225.6,14.75,100.0,15,502,60,0,0.6162859200104732,0.17966101694915254,240.35,2017,8,2019,2,2018,9,2021,9,2021,10,2022,1,False,False,False,False,True,False,False,False,False,False,False,False,False,False,False,False,False,False,False,False,False,False,False,False,False,False,False,False,False,False,False,False,False,False,False,False,False,False,False,False,False,False,False,True,False,False,False,False,False,False,False,False,False,False,False,False,False,False,True,True,False
6.0,4.58,15,4,10.6,1.27,100.0,1,1897,53,0,0.7633333333333333,0.26666666666666666,11.87,2021,2,2021,9,2021,11,2024,12,2026,1,2027,11,False,False,False,False,False,False,False,True,False,False,False,False,False,False,False,False,False,False,False,False,False,False,False,False,False,False,False,False,False,False,True,False,False,False,False,False,False,False,False,False,False,False,False,False,False,False,False,False,False,False,False,False,False,True,False,False,False,True,False,False,False
23.47,21.56,40,5,45.06,3.6,100.0,0,295,26,0,0.9186195142735407,0.125,48.660000000000004,2016,12,2018,2,2017,12,2018,5,2018,10,2020,9,False,False,False,False,False,False,False,True,False,False,False,False,False,False,False,False,False,False,False,False,False,False,False,False,False,False,False,False,False,False,True,False,False,False,False,False,False,False,False,False,False,False,False,False,False,False,False,False,False,False,False,False,False,True,False,False,False,False,False,False,True
46.26,31.13,72,14,79.15,6.52,100.0,1,0,11,0,0.6729355814958928,0.19444444444444445,85.67,2025,2,2027,1,2027,12,2025,12,2026,5,2027,11,False,True,False,False,False,False,False,False,False,False,False,False,False,False,True,False,False,False,False,False,False,False,False,False,False,False,False,False,False,False,False,False,False,False,False,False,False,False,False,False,False,False,False,False,False,False,False,False,False,False,False,False,False,False,True,False,False,True,False,False,False
15.08,10.92,24,5,38.33,1.91,84.7,0,387,42,0,0.7241379310344828,0.20833333333333334,40.239999999999995,2016,5,2016,12,2017,1,2019,7,2019,9,2020,8,False,False,False,False,True,False,False,False,False,False,False,False,False,False,False,False,False,False,False,False,False,False,False,False,False,False,False,False,False,False,False,False,False,False,False,False,False,False,False,False,False,False,False,False,False,False,True,False,False,False,False,False,False,False,False,False,True,True,False,False,False
12.89,9.36,17,1,11.18,1.34,100.0,0,1643,54,0,0.726144297905353,0.058823529411764705,12.52,2018,11,2020,5,2022,4,2025,2,2025,2,2026,5,False,False,False,False,False,False,True,False,False,False,False,False,False,False,False,False,False,False,True,False,False,False,False,False,False,False,False,False,False,False,False,False,False,False,False,False,False,False,False,False,False,False,False,False,False,False,False,False,False,False,False,False,False,False,False,False,True,True,False,False,False
37.42,26.65,62,10,42.05,2.16,100.0,3,208,27,0,0.7121859967931586,0.16129032258064516,44.209999999999994,2019,10,2021,6,2024,2,2021,3,2022,5,2023,6,False,True,False,False,False,False,False,False,False,False,False,False,False,False,False,False,False,False,False,False,False,False,False,False,False,False,False,False,False,False,False,False,False,False,False,True,False,False,False,False,False,False,False,False,False,False,False,False,False,False,False,False,False,False,False,False,True,True,False,False,False
32.39,24.85,55,14,113.32,5.69,87.0,1,665,55,0,0.7672121025007719,0.2545454545454545,119.00999999999999,2023,11,2026,4,2025,11,2026,11,2027,2,2027,9,False,False,False,False,False,False,False,False,True,False,False,False,False,False,False,False,False,False,False,False,False,False,False,False,True,False,False,False,False,False,False,False,False,False,False,False,False,False,False,False,False,False,False,False,False,False,False,False,False,False,False,False,False,False,False,True,False,True,False,False,False
30.14,22.28,48,9,70.1,1.0,91.0,0,2411,56,0,0.7392169873921699,0.1875,71.1,2018,2,2019,1,2020,1,2024,5,2025,10,2026,2,False,False,False,False,False,True,False,False,False,False,False,True,False,False,False,False,False,False,False,False,False,False,False,False,False,False,False,False,False,False,False,False,False,False,False,False,False,False,False,False,False,False,False,False,False,False,False,False,False,False,False,False,False,False,False,True,False,True,False,False,False
70.72,48.2,164,26,150.86,10.13,79.3,2,0,15,0,0.6815610859728507,0.15853658536585366,160.99,2016,4,2017,3,2017,9,2017,5,2017,8,2017,9,False,False,False,False,False,True,False,False,False,False,False,True,False,False,False,False,False,False,False,False,False,False,False,False,False,False,False,False,False,False,False,False,False,False,False,False,False,False,False,False,False,False,False,False,False,False,False,False,False,False,False,False,False,False,True,False,False,False,True,False,False
20.2,19.84,36,4,16.94,1.5,94.2,0,0,2,0,0.9821782178217822,0.1111111111111111,18.44,2017,12,2018,7,2018,4,2019,2,2019,7,2020,10,False,False,False,True,False,False,False,False,False,False,False,False,False,False,False,False,False,False,False,False,False,False,False,False,False,False,False,False,False,False,False,False,False,False,False,False,False,False,False,False,False,False,True,False,False,False,False,False,False,False,False,False,False,False,False,True,False,False,False,False,True
41.25,35.57,90,16,78.52,2.74,100.0,2,1171,50,0,0.8623030303030303,0.17777777777777778,81.25999999999999,2022,6,2024,10,2024,6,2025,10,2026,4,2028,5,True,False,False,False,False,False,False,False,False,False,False,False,False,False,False,False,False,False,False,False,False,False,False,False,False,False,False,False,False,False,False,False,False,False,False,False,False,False,False,False,False,False,False,False,False,False,False,True,False,False,False,False,False,False,False,False,True,False,False,False,False
18.05,17.05,38,7,69.28,1.97,74.3,2,2478,51,0,0.9445983379501385,0.18421052631578946,71.25,2016,10,2017,12,2017,4,2023,4,2024,1,2025,11,False,False,False,False,False,True,False,False,False,False,False,False,False,False,False,False,False,False,False,False,False,False,False,False,False,False,False,False,True,False,False,False,False,False,False,False,False,False,False,False,False,False,False,False,False,False,False,False,False,False,False,False,False,False,False,False,True,False,False,False,True
12.82,7.94,22,3,26.4,1.89,93.0,0,1033,60,0,0.6193447737909517,0.13636363636363635,28.29,2024,2,2025,8,2025,3,2027,11,2029,4,2029,5,False,False,False,False,False,False,False,False,False,False,False,False,False,False,False,False,False,False,False,False,False,False,False,False,False,False,False,False,False,False,False,False,False,False,False,False,True,False,False,False,False,False,False,False,False,False,False,False,False,False,False,False,False,False,False,False,False,False,True,True,False
22.54,18.24,39,8,98.4,2.72,100.0,3,1242,51,0,0.8092280390417036,0.20512820512820512,101.12,2019,10,2020,11,2020,7,2023,3,2023,5,2024,12,False,False,False,True,False,False,False,False,False,False,False,False,False,False,False,False,False,False,False,False,False,False,False,False,False,False,False,False,False,False,False,False,False,False,False,False,False,False,False,False,False,False,True,False,False,False,False,False,False,False,False,False,False,False,False,True,False,False,False,False,False
18.2,13.55,26,2,40.82,2.79,99.3,0,2315,55,0,0.7445054945054945,0.07692307692307693,43.61,2022,6,2024,11,2023,6,2028,7,2029,2,2031,3,False,False,False,False,False,True,False,False,False,False,True,False,False,False,False,False,False,False,False,False,False,False,False,False,False,False,False,False,False,False,False,False,False,False,False,False,False,False,False,False,False,False,False,False,False,False,False,False,False,False,False,False,False,True,False,False,False,True,False,False,False
19.13,15.94,37,4,48.16,2.96,96.8,2,1193,51,0,0.8332462101411396,0.10810810810810811,51.12,2024,12,2026,7,2028,6,2026,11,2028,7,2030,8,True,False,False,False,False,False,False,False,False,True,False,False,False,False,False,False,False,False,False,False,False,False,False,False,False,False,False,False,False,False,False,False,False,False,False,False,False,False,False,False,False,False,False,False,False,False,False,False,False,False,False,False,False,True,False,False,False,False,False,False,False
96.09,60.37,167,29,361.98,7.57,100.0,5,792,60,0,0.6282651680715995,0.17365269461077845,369.55,2021,7,2022,2,2023,9,2022,7,2023,9,2025,2,False,False,False,False,False,False,False,True,False,False,False,False,False,False,False,False,False,False,False,False,False,False,True,False,False,False,False,False,False,False,False,False,False,False,False,False,False,False,False,False,False,False,False,False,False,False,False,False,False,False,False,False,False,False,False,False,False,True,False,True,False
23.24,19.09,43,11,103.12,3.08,100.0,0,28,9,0,0.8214285714285715,0.2558139534883721,106.2,2025,6,2026,1,2028,2,2027,4,2027,8,2028,1,False,False,False,False,False,False,False,True,False,False,False,False,False,False,False,False,False,False,False,False,False,False,False,False,False,False,False,False,False,False,True,False,False,False,False,False,False,False,False,False,False,False,False,False,False,False,False,False,False,False,False,False,False,False,False,False,False,True,False,False,False
15.44,7.74,31,3,33.58,1.32,80.0,1,1864,65,1,0.5012953367875648,0.0967741935483871,34.9,2017,3,2017,6,2019,5,2021,7,2021,8,2023,9,False,False,False,False,False,False,True,False,False,False,False,False,False,False,False,False,False,False,False,True,False,False,False,False,False,False,False,False,False,False,False,False,False,False,False,False,False,False,False,False,False,False,False,False,False,False,False,False,False,False,False,False,False,False,False,False,False,False,True,True,False
30.82,22.37,64,13,38.33,2.42,99.8,1,937,57,0,0.7258273848150552,0.203125,40.75,2025,3,2026,7,2027,4,2027,11,2028,3,2029,8,False,True,False,False,False,False,False,False,False,False,False,False,False,False,False,False,False,False,False,False,False,False,False,False,False,False,False,False,False,False,False,False,False,False,False,True,False,False,False,False,False,False,False,False,False,False,False,False,False,False,False,False,False,True,False,False,False,False,True,False,False
33.26,22.1,53,9,90.98,6.12,97.3,1,875,57,0,0.6644618159951895,0.16981132075471697,97.10000000000001,2018,6,2019,1,2021,7,2022,5,2022,8,2023,6,False,False,False,False,False,False,False,False,True,False,False,False,False,False,False,False,False,False,False,False,False,False,False,False,False,False,False,False,False,False,False,True,False,False,False,False,False,False,False,False,False,False,False,False,False,False,False,False,False,False,False,False,False,False,False,False,True,True,False,False,False
9.14,5.49,22,3,27.32,1.47,75.1,0,2019,60,0,0.600656455142232,0.13636363636363635,28.79,2016,10,2017,6,2019,7,2022,6,2023,9,2024,8,False,False,False,False,False,False,False,True,False,False,False,False,False,False,False,False,False,False,False,False,False,False,False,False,False,False,False,False,False,False,False,False,False,True,False,False,False,False,False,False,False,False,False,False,False,False,False,False,False,False,False,False,False,False,False,False,False,True,False,True,False
22.23,13.14,38,8,96.7,3.23,100.0,2,1760,60,0,0.5910931174089069,0.21052631578947367,99.93,2024,1,2024,9,2026,7,2029,3,2030,4,2030,11,False,False,False,False,True,False,False,False,False,False,False,False,False,False,False,False,False,True,False,False,False,False,False,False,False,False,False,False,False,False,False,False,False,False,False,False,False,False,False,False,False,False,False,False,False,False,False,False,False,False,False,False,False,False,True,False,False,False,True,True,False
21.36,16.48,43,8,49.8,4.62,91.1,2,753,54,0,0.7715355805243446,0.18604651162790697,54.419999999999995,2022,10,2025,1,2023,12,2024,11,2026,6,2027,4,False,False,False,False,False,True,False,False,False,False,False,False,False,False,False,False,False,False,False,False,False,False,False,False,False,False,False,False,False,True,False,False,False,False,False,False,False,False,False,False,False,False,False,False,False,False,False,False,False,False,False,False,False,False,False,False,False,True,False,False,False
25.23,18.52,47,10,28.66,2.45,100.0,1,2059,55,0,0.734046769718589,0.2127659574468085,31.11,2016,9,2018,9,2018,8,2022,7,2022,9,2024,7,False,False,False,False,True,False,False,False,False,False,False,False,False,False,False,False,False,False,False,False,True,False,False,False,False,False,False,False,False,False,False,False,False,False,False,False,False,False,False,False,False,False,False,False,False,False,False,False,False,False,False,False,True,False,False,False,False,True,False,False,False
61.9,53.4,130,23,198.6,12.86,92.6,7,281,32,0,0.8626817447495961,0.17692307692307693,211.45999999999998,2021,5,2022,7,2023,8,2022,11,2023,3,2024,5,True,False,False,False,False,False,False,False,False,False,False,False,False,False,False,False,False,False,False,False,False,False,False,False,False,False,False,False,False,False,False,False,False,False,False,False,False,False,False,False,False,False,False,False,True,False,False,False,False,False,False,False,False,False,False,False,False,True,False,False,False
34.35,29.7,69,13,30.16,6.82,96.1,3,501,48,0,0.8646288209606986,0.18840579710144928,36.980000000000004,2020,11,2021,10,2025,3,2022,8,2023,4,2024,7,False,False,False,False,False,False,False,True,False,False,False,False,False,False,False,False,False,False,False,False,False,False,False,False,False,False,False,False,False,False,False,False,False,False,False,False,False,False,False,False,False,True,False,False,False,False,False,False,False,False,False,False,False,True,False,False,False,True,False,False,False
102.3,49.2,178,36,242.87,18.23,88.0,5,0,21,0,0.4809384164222874,0.20224719101123595,261.1,2020,3,2021,7,2022,9,2021,2,2021,3,2021,5,False,False,False,False,False,False,False,False,True,False,False,False,False,False,False,False,False,False,False,False,False,False,False,False,True,False,False,False,False,False,False,False,False,False,False,False,False,False,False,False,False,False,False,False,False,False,False,False,False,False,False,False,False,False,False,True,False,False,True,True,False
29.62,26.66,37,9,68.59,1.44,85.0,1,270,28,0,0.900067521944632,0.24324324324324326,70.03,2017,11,2018,11,2020,8,2020,8,2021,4,2021,8,True,False,False,False,False,False,False,False,False,False,False,False,False,False,False,False,False,False,False,False,False,False,False,False,False,False,False,False,False,False,False,False,False,False,False,False,False,False,False,False,False,False,False,False,True,False,False,False,False,False,False,False,False,False,False,False,False,True,False,False,True
176.99,163.71,318,52,308.46,36.98,100.0,9,973,52,0,0.9249675122888299,0.16352201257861634,345.44,2023,8,2025,9,2027,1,2026,8,2027,6,2028,3,False,False,False,False,False,False,False,False,False,False,False,False,False,False,False,False,False,False,False,False,False,False,False,False,False,False,False,False,False,False,False,False,False,False,False,False,True,False,False,False,False,False,False,False,False,False,False,False,False,False,False,False,False,False,False,True,False,True,False,False,True
18.9,16.83,30,8,82.55,1.42,82.5,1,132,17,0,0.8904761904761904,0.26666666666666666,83.97,2018,9,2020,3,2022,9,2020,3,2020,10,2021,7,False,False,False,False,False,False,False,False,False,False,False,False,False,False,False,False,False,False,False,False,False,False,False,False,False,False,False,False,False,False,False,False,False,False,False,False,True,False,False,False,False,False,False,False,False,False,False,False,False,False,False,False,True,False,False,False,False,False,False,False,False
13.88,6.83,34,4,31.82,3.32,82.2,0,2224,64,1,0.49207492795389046,0.11764705882352941,35.14,2017,2,2018,2,2018,11,2022,11,2023,5,2024,11,False,False,False,False,True,False,False,False,False,False,False,False,False,False,False,False,False,False,False,False,False,False,False,False,False,False,False,False,False,False,False,False,False,False,False,False,False,False,False,False,False,False,False,True,False,False,False,False,False,False,False,False,False,False,True,False,False,False,True,True,False
51.8,28.99,79,8,212.92,2.86,100.0,0,553,61,1,0.5596525096525097,0.10126582278481013,215.78,2023,10,2023,12,2025,4,2025,7,2026,2,2027,8,False,True,False,False,False,False,False,False,False,False,False,False,False,False,False,False,False,False,False,False,False,False,False,False,False,False,False,False,False,False,False,False,False,False,False,True,False,False,False,False,False,False,False,False,False,False,False,False,False,False,False,False,False,False,False,True,False,False,True,True,False
117.22,103.82,216,33,317.19,24.28,98.1,4,2071,50,0,0.8856850366831598,0.1527777777777778,341.47,2016,8,2018,8,2019,8,2021,1,2022,3,2024,4,False,False,False,True,False,False,False,False,False,False,False,False,False,False,False,False,False,False,False,False,False,False,False,False,False,False,False,False,False,False,False,False,False,False,False,False,False,False,False,False,False,False,True,False,False,False,False,False,False,False,False,False,False,False,False,False,True,False,False,False,False
7.55,4.46,15,3,28.96,0.94,100.0,0,28,17,0,0.5907284768211921,0.2,29.900000000000002,2022,8,2023,1,2024,9,2023,6,2024,1,2024,7,False,True,False,False,False,False,False,False,False,False,False,False,False,False,False,False,False,False,False,False,False,False,False,False,False,False,False,False,False,False,False,False,False,False,False,True,False,False,False,False,False,False,False,False,False,False,False,False,False,False,False,False,False,False,False,False,False,False,True,True,False
24.61,12.31,53,8,60.79,4.6,100.0,1,1500,62,1,0.5002031694433158,0.1509433962264151,65.39,2021,12,2023,4,2023,4,2025,11,2027,5,2028,11,False,False,False,False,False,False,True,False,False,False,False,False,False,False,False,False,False,False,False,False,False,False,False,False,False,False,False,False,False,False,False,False,False,False,True,False,False,False,False,False,False,False,False,False,False,False,False,False,False,False,False,False,True,False,False,False,False,False,True,True,False
16.27,14.54,39,9,72.71,4.1,100.0,1,247,24,0,0.8936693300553165,0.23076923076923078,76.80999999999999,2023,12,2025,2,2025,10,2026,1,2027,5,2027,7,False,True,False,False,False,False,False,False,False,False,False,False,False,False,False,False,False,False,False,False,False,False,False,False,False,False,False,False,False,False,False,False,False,False,False,True,False,False,False,False,False,False,False,False,False,False,False,False,False,False,False,False,True,False,False,False,False,False,False,False,False
34.57,23.24,67,9,109.52,3.23,90.7,0,264,37,0,0.6722591842638125,0.13432835820895522,112.75,2025,8,2026,2,2026,4,2026,10,2027,5,2028,11,False,False,False,False,False,False,True,False,False,False,False,False,False,False,False,False,False,False,False,False,False,False,False,False,False,False,False,False,False,False,False,False,False,False,False,False,False,False,False,False,False,False,False,False,False,True,False,False,False,False,False,False,False,False,False,True,False,False,True,False,False
30.27,20.53,60,10,41.68,3.53,100.0,2,2378,58,0,0.6782292699041956,0.16666666666666666,45.21,2025,10,2027,7,2027,3,2031,1,2031,10,2033,10,False,False,False,False,False,False,True,False,False,False,False,False,False,False,False,False,False,False,False,False,False,False,False,False,False,False,False,False,False,False,False,False,False,False,False,False,False,False,False,False,False,False,False,False,False,True,False,False,False,False,False,False,False,False,True,False,False,False,True,False,False
115.05,66.61,201,43,94.78,10.32,100.0,5,1732,62,1,0.5789656671012603,0.21393034825870647,105.1,2020,5,2022,9,2024,7,2026,7,2026,9,2027,2,False,False,False,False,False,False,False,False,True,False,False,False,False,False,False,False,False,False,False,False,False,False,False,False,True,False,False,False,False,False,False,False,False,False,False,False,False,False,False,False,False,False,False,False,False,False,False,False,False,False,False,False,False,True,False,False,False,False,True,True,False
26.89,25.53,40,5,113.93,1.93,99.6,2,1714,48,0,0.9494235775381182,0.125,115.86000000000001,2017,3,2018,9,2019,2,2021,4,2022,4,2024,1,False,False,False,False,False,False,False,True,False,False,False,False,False,False,False,False,False,False,False,False,False,False,False,False,False,False,False,False,False,False,True,False,False,False,False,False,False,False,False,False,False,False,False,False,False,False,False,False,False,False,False,False,False,False,False,False,False,False,False,False,True
118.48,69.49,206,28,395.86,14.63,82.9,3,0,16,0,0.5865124915597568,0.13592233009708737,410.49,2016,7,2016,8,2018,2,2018,1,2018,2,2018,10,False,False,False,False,False,False,False,False,True,False,False,False,False,False,False,False,False,False,False,False,False,False,False,False,False,False,False,False,False,False,False,True,False,False,False,False,False,False,False,False,False,False,False,False,False,False,False,False,False,False,False,False,True,False,False,False,False,True,False,True,False
21.87,13.99,37,11,26.1,2.76,100.0,2,2260,58,0,0.6396890717878372,0.2972972972972973,28.86,2020,1,2021,11,2023,8,2025,12,2026,1,2027,9,False,False,False,False,False,False,True,False,False,False,False,False,False,False,False,False,False,False,False,True,False,False,False,False,False,False,False,False,False,False,False,False,False,False,False,False,False,False,False,False,False,False,False,False,False,False,False,False,False,False,False,False,False,False,True,False,False,True,False,True,False
75.68,55.84,116,15,268.73,3.21,93.9,2,2595,56,0,0.7378435517970402,0.12931034482758622,271.94,2023,9,2024,8,2027,11,2030,2,2030,9,2032,9,True,False,False,False,False,False,False,False,False,False,False,False,False,False,False,False,False,False,False,False,False,False,False,False,False,False,False,False,False,False,False,False,False,False,False,False,False,False,False,False,False,False,False,False,True,False,False,False,False,False,False,False,False,False,False,False,True,True,False,False,False
37.66,27.19,77,14,61.78,6.72,100.0,1,0,10,0,0.7219861922464154,0.18181818181818182,68.5,2019,2,2019,6,2020,5,2019,12,2020,1,2020,3,False,False,False,False,False,False,False,False,False,False,False,False,False,False,False,True,False,False,False,False,False,False,False,False,False,False,False,False,False,False,False,False,False,False,False,False,False,False,False,False,False,False,False,False,False,False,False,False,False,False,False,False,True,False,False,False,False,True,False,False,False
169.0,137.48,319,64,641.21,19.78,84.7,8,2189,56,0,0.813491124260355,0.2006269592476489,660.99,2016,1,2017,12,2020,2,2020,10,2021,9,2023,10,False,False,False,False,False,False,True,False,False,False,False,False,False,False,False,False,False,False,True,False,False,False,False,False,False,False,False,False,False,False,False,False,False,False,False,False,False,False,False,False,False,False,False,False,False,False,False,False,False,False,False,False,False,False,True,False,False,True,False,False,False
6.84,4.43,13,1,20.91,1.42,95.0,1,202,29,0,0.6476608187134503,0.07692307692307693,22.33,2024,4,2026,3,2024,11,2025,2,2025,11,2026,5,False,False,False,False,False,False,False,False,True,False,False,False,False,True,False,False,False,False,False,False,False,False,False,False,False,False,False,False,False,False,False,False,False,False,False,False,False,False,False,False,False,False,False,False,False,False,False,False,False,False,False,False,False,True,False,False,False,True,False,True,False
9.36,2.95,15,0,11.77,1.63,89.5,1,1878,70,1,0.3151709401709402,0.0,13.399999999999999,2019,3,2020,2,2021,10,2025,2,2026,6,2026,11,True,False,False,False,False,False,False,False,False,False,False,False,False,False,False,False,False,False,False,False,False,False,False,False,False,False,False,False,False,False,False,False,False,False,False,False,False,False,False,False,False,False,False,False,False,False,False,True,False,False,False,False,False,True,False,False,False,False,True,True,False
187.1,148.44,349,70,198.8,32.11,100.0,6,1222,54,0,0.793372528059861,0.20057306590257878,230.91000000000003,2023,1,2025,3,2024,2,2027,9,2028,6,2029,5,False,False,False,False,False,False,False,False,True,False,False,False,False,False,False,False,False,False,False,False,False,False,False,False,True,False,False,False,False,False,False,False,False,False,False,False,False,False,False,False,False,False,False,False,False,False,False,False,False,False,False,False,True,False,False,False,False,True,False,False,False
14.39,13.17,30,4,36.33,3.16,100.0,0,2056,49,0,0.9152189020152883,0.13333333333333333,39.489999999999995,2019,7,2020,7,2023,8,2025,10,2026,10,2028,2,False,True,False,False,False,False,False,False,False,False,False,False,False,False,True,False,False,False,False,False,False,False,False,False,False,False,False,False,False,False,False,False,False,False,False,False,False,False,False,False,False,False,False,False,False,False,False,False,False,False,False,False,True,False,False,False,False,True,False,False,True
15.34,14.83,19,4,65.45,2.13,95.1,1,1908,47,0,0.9667535853976532,0.21052631578947367,67.58,2023,12,2024,10,2027,9,2030,3,2031,7,2031,10,False,False,False,False,False,True,False,False,False,False,True,False,False,False,False,False,False,False,False,False,False,False,False,False,False,False,False,False,False,False,False,False,False,False,False,False,False,False,False,False,False,False,False,False,False,False,False,False,False,False,False,False,False,False,False,True,False,False,False,False,True
12.48,9.1,23,6,36.06,1.79,100.0,0,1894,56,0,0.7291666666666666,0.2608695652173913,37.85,2025,6,2027,7,2029,5,2029,11,2030,12,2032,2,False,False,False,False,True,False,False,False,False,False,False,False,False,False,False,False,False,True,False,False,False,False,False,False,False,False,False,False,False,False,False,False,False,False,False,False,False,False,False,False,False,False,False,False,False,False,False,False,False,False,False,False,False,False,False,False,False,True,False,False,False
94.49,89.02,180,33,340.99,21.09,98.6,2,857,47,0,0.9421102762197058,0.18333333333333332,362.08,2021,3,2022,7,2023,5,2023,9,2024,10,2025,2,False,False,False,True,False,False,False,False,False,False,False,False,False,False,False,False,False,False,False,False,False,False,False,False,False,False,False,False,False,False,False,False,False,False,False,False,False,False,False,False,False,False,True,False,False,False,False,False,False,False,False,False,False,False,True,False,False,False,False,False,True
8.56,5.85,11,5,21.72,1.27,96.2,0,1134,55,0,0.683411214953271,0.45454545454545453,22.99,2016,4,2017,11,2019,7,2019,6,2020,4,2022,3,False,False,False,False,False,False,False,False,True,False,False,False,False,False,False,False,False,False,False,False,False,False,False,False,False,False,False,False,False,False,False,True,False,False,False,False,False,False,False,False,False,False,False,False,False,False,False,False,False,False,False,False,True,False,False,False,False,True,False,False,False
30.64,25.92,51,9,68.05,1.58,84.6,1,1827,53,0,0.8459530026109661,0.17647058823529413,69.63,2018,12,2020,5,2020,1,2023,9,2024,10,2026,1,False,False,False,True,False,False,False,False,False,False,False,False,False,False,False,False,False,False,False,False,False,False,False,False,False,False,False,False,False,False,False,False,False,False,False,False,False,False,False,False,False,False,False,False,False,False,False,False,True,False,False,False,False,False,False,False,False,True,False,False,False
22.97,20.3,46,6,88.25,3.32,90.6,0,1438,51,0,0.8837614279494994,0.13043478260869565,91.57,2020,9,2021,2,2024,5,2023,10,2024,9,2026,10,False,False,True,False,False,False,False,False,False,False,False,False,False,False,False,False,False,False,False,False,False,False,False,True,False,False,False,False,False,False,False,False,False,False,False,False,False,False,False,False,False,False,False,False,False,False,False,False,False,False,False,False,False,False,False,True,False,True,False,False,False
84.48,67.34,140,30,212.43,4.4,100.0,3,727,55,0,0.7971117424242424,0.21428571428571427,216.83,2023,4,2024,12,2024,11,2026,1,2027,1,2028,2,False,False,False,False,False,False,False,False,True,False,False,False,False,False,False,False,False,False,False,False,False,False,False,False,False,False,False,False,False,False,False,True,False,False,False,False,False,False,False,False,False,False,False,False,False,False,False,False,False,False,False,False,False,False,False,False,False,True,False,False,False
17.05,9.8,31,5,22.57,2.74,100.0,2,1028,60,0,0.5747800586510264,0.16129032258064516,25.310000000000002,2023,10,2024,7,2024,7,2025,12,2027,6,2029,6,False,False,False,False,False,True,False,False,False,False,False,False,False,False,False,False,False,False,False,False,False,False,False,False,False,False,False,False,False,True,False,False,False,False,False,False,False,False,False,False,False,False,False,False,False,False,False,False,False,False,False,False,True,False,False,False,False,False,True,True,False
45.39,19.02,95,22,82.42,9.17,78.5,2,810,68,1,0.41903502974223394,0.23157894736842105,91.59,2022,9,2023,4,2023,8,2025,11,2026,9,2027,7,False,False,False,True,False,False,False,False,False,False,False,False,False,False,False,False,False,False,False,False,False,False,False,False,False,False,False,False,False,False,False,False,False,False,False,False,False,False,False,False,False,False,False,False,False,False,False,False,True,False,False,False,False,True,False,False,False,False,True,True,False
9.29,7.18,19,2,26.73,2.06,100.0,0,1827,53,0,0.7728740581270184,0.10526315789473684,28.79,2025,5,2026,11,2028,1,2031,1,2031,10,2032,10,False,False,False,False,False,False,True,False,False,False,False,False,False,False,False,False,False,False,False,True,False,False,False,False,False,False,False,False,False,False,False,False,False,False,False,False,False,False,False,False,False,False,False,False,False,False,False,False,False,False,False,False,False,False,True,False,False,True,False,False,False
291.18,174.01,474,89,666.67,40.29,98.4,14,2216,65,1,0.5976028573391029,0.1877637130801688,706.9599999999999,2019,10,2019,11,2021,9,2025,5,2026,6,2027,7,False,False,False,False,False,False,False,False,True,False,False,False,False,True,False,False,False,False,False,False,False,False,False,False,False,False,False,False,False,False,False,False,False,False,False,False,False,False,False,False,False,False,False,False,False,False,False,False,False,False,False,False,False,False,True,False,False,False,True,True,False
23.58,18.08,47,12,50.83,3.07,91.8,1,240,32,0,0.7667514843087362,0.2553191489361702,53.9,2018,4,2020,9,2020,11,2019,3,2019,3,2020,12,False,False,False,False,False,False,False,True,False,False,False,False,False,False,False,False,False,False,False,False,False,False,False,False,False,False,False,False,False,False,True,False,False,False,False,False,False,False,False,False,False,False,False,False,False,False,False,False,False,False,False,False,False,True,False,False,False,False,True,False,False
30.23,23.18,57,14,98.99,2.03,79.3,2,441,48,0,0.7667879589811445,0.24561403508771928,101.02,2023,10,2024,3,2028,1,2025,3,2026,5,2026,12,False,False,False,False,True,False,False,False,False,False,False,False,False,False,False,False,False,False,False,False,False,False,False,False,False,False,False,False,False,False,False,False,False,False,False,False,False,False,False,False,False,False,False,False,False,False,True,False,False,False,False,False,True,False,False,False,False,True,False,False,False
156.77,135.26,298,49,494.51,9.69,100.0,3,379,38,0,0.8627926261402052,0.1644295302013423,504.2,2017,9,2018,3,2019,4,2018,10,2020,3,2020,12,False,False,False,False,False,True,False,False,False,False,False,False,False,False,False,False,False,False,False,False,False,False,False,False,False,False,False,False,False,False,False,False,True,False,False,False,False,False,False,False,False,False,False,False,False,False,False,False,False,False,False,False,False,False,True,False,False,True,False,False,False
16.67,12.6,35,6,32.7,2.4,98.7,2,586,54,0,0.7558488302339531,0.17142857142857143,35.1,2023,2,2023,9,2023,8,2025,7,2025,9,2027,8,False,False,False,True,False,False,False,False,False,False,False,False,False,False,False,False,False,False,False,False,False,False,False,False,False,False,False,False,False,False,False,False,False,False,False,False,False,False,True,False,False,False,False,False,False,False,False,False,False,False,False,False,True,False,False,False,False,True,False,False,False
158.76,134.31,275,56,338.14,28.4,100.0,8,0,8,0,0.8459939531368104,0.20363636363636364,366.53999999999996,2016,10,2018,11,2017,12,2017,9,2018,10,2019,2,False,False,False,False,False,True,False,False,False,False,False,False,False,False,False,False,False,False,False,False,False,False,False,False,False,False,False,False,True,False,False,False,False,False,False,False,False,False,False,False,False,False,False,False,False,False,False,False,False,False,False,False,False,False,False,True,False,True,False,False,False
19.86,17.54,29,5,71.15,2.76,98.5,0,311,32,0,0.8831822759315207,0.1724137931034483,73.91000000000001,2022,10,2024,3,2026,9,2025,5,2026,1,2026,9,True,False,False,False,False,False,False,False,False,True,False,False,False,False,False,False,False,False,False,False,False,False,False,False,False,False,False,False,False,False,False,False,False,False,False,False,False,False,False,False,False,False,False,False,False,False,False,False,False,False,False,False,True,False,False,False,False,True,False,False,False
58.66,31.43,95,16,246.89,10.27,100.0,1,1801,60,0,0.5357995226730311,0.16842105263157894,257.15999999999997,2016,6,2018,6,2017,12,2021,6,2022,10,2024,5,False,False,False,False,True,False,False,False,False,False,False,False,False,False,False,False,False,False,False,False,True,False,False,False,False,False,False,False,False,False,False,False,False,False,False,False,False,False,False,False,False,False,False,False,False,False,False,False,False,False,False,False,False,False,False,False,False,True,False,True,False
16.9,6.9,33,7,33.79,3.34,100.0,1,659,63,1,0.4082840236686391,0.21212121212121213,37.129999999999995,2023,5,2023,7,2026,5,2025,7,2025,8,2027,10,False,False,False,False,False,False,True,False,False,False,False,False,False,False,False,False,False,False,False,False,False,False,False,False,False,False,False,False,False,False,False,False,False,False,False,False,False,False,False,False,False,False,False,False,False,True,False,False,False,False,False,False,False,True,False,False,False,False,True,True,False
7.72,2.68,13,4,14.51,0.53,90.8,0,1762,69,1,0.3471502590673575,0.3076923076923077,15.04,2021,12,2022,8,2022,12,2026,6,2027,9,2029,6,False,False,False,False,False,False,False,False,True,False,False,False,False,False,False,False,False,False,False,False,False,False,False,False,False,False,False,False,False,False,False,True,False,False,False,False,False,False,False,False,False,False,False,False,False,False,False,False,False,False,False,False,True,False,False,False,False,False,True,True,False
45.36,29.56,96,17,80.81,3.84,100.0,2,462,52,0,0.6516754850088183,0.17708333333333334,84.65,2019,6,2019,10,2020,12,2023,3,2023,5,2023,6,False,False,False,False,False,False,False,False,True,False,False,False,False,True,False,False,False,False,False,False,False,False,False,False,False,False,False,False,False,False,False,False,False,False,False,False,False,False,False,False,False,False,False,False,False,False,False,False,False,False,False,False,False,False,False,True,False,False,True,False,False
56.82,27.35,99,18,75.21,6.51,86.5,5,2510,66,1,0.4813445969728969,0.18181818181818182,81.72,2024,8,2026,9,2027,2,2030,6,2031,3,2033,4,False,False,False,False,False,False,False,False,True,False,False,False,False,False,False,False,False,False,False,False,False,False,False,False,True,False,False,False,False,False,False,False,False,False,False,False,False,False,False,False,False,False,False,False,False,False,False,False,False,False,False,False,False,False,False,False,True,False,True,True,False
8.04,5.7,11,1,17.65,0.43,100.0,0,1798,55,0,0.7089552238805971,0.09090909090909091,18.08,2016,9,2018,9,2019,6,2021,8,2022,11,2024,2,False,False,False,False,True,False,False,False,False,False,False,False,False,False,False,False,False,False,False,False,False,False,False,False,False,False,False,False,False,False,False,False,False,False,False,False,False,False,False,False,False,False,False,True,False,False,False,False,False,False,False,False,False,True,False,False,False,True,False,False,False
22.04,20.76,38,5,59.71,1.47,100.0,1,1026,48,0,0.9419237749546281,0.13157894736842105,61.18,2024,9,2024,12,2025,1,2028,10,2028,12,2030,9,False,False,False,False,False,False,False,True,False,False,False,False,False,False,False,False,False,False,False,False,False,False,False,False,False,False,False,False,False,False,False,False,False,False,False,False,False,False,False,False,False,True,False,False,False,False,False,False,False,False,False,False,False,False,True,False,False,True,False,False,True
99.56,87.35,169,29,277.62,7.91,85.5,1,391,39,0,0.877360385697067,0.17159763313609466,285.53000000000003,2022,4,2023,4,2025,9,2023,4,2024,9,2025,9,False,False,True,False,False,False,False,False,False,False,False,False,False,False,False,False,False,False,False,False,False,False,False,False,False,False,False,True,False,False,False,False,False,False,False,False,False,False,False,False,False,False,False,False,False,False,False,False,False,False,False,False,False,False,False,False,False,True,False,False,False
54.6,34.52,99,21,183.28,2.2,100.0,1,1556,58,0,0.6322344322344323,0.21212121212121213,185.48,2022,10,2023,11,2024,3,2028,5,2028,10,2029,12,False,False,False,False,False,False,False,False,False,False,False,False,False,False,False,False,False,False,False,False,False,True,False,False,False,False,False,False,False,False,False,False,False,False,False,False,False,False,False,False,False,False,False,False,False,False,False,False,False,False,False,False,False,False,True,False,False,False,True,True,False
20.18,15.57,28,4,20.07,2.16,100.0,1,1366,54,0,0.7715559960356789,0.14285714285714285,22.23,2016,11,2017,7,2020,11,2021,8,2022,3,2023,12,False,True,False,False,False,False,False,False,False,False,False,False,False,False,True,False,False,False,False,False,False,False,False,False,False,False,False,False,False,False,False,False,False,False,False,False,False,False,False,False,False,False,False,False,False,False,False,False,False,False,False,False,False,False,False,True,False,True,False,False,False
16.49,9.56,31,7,47.45,1.85,100.0,0,384,44,0,0.5797453001819285,0.22580645161290322,49.300000000000004,2018,11,2019,7,2022,9,2021,2,2022,7,2023,3,False,False,False,True,False,False,False,False,False,False,False,False,False,False,False,False,False,False,False,False,False,False,False,False,False,False,False,False,False,False,False,False,False,False,False,False,False,False,False,False,False,False,False,False,False,False,False,False,True,False,False,False,False,False,False,True,False,True,False,True,False
210.24,182.85,367,65,366.54,16.05,83.9,8,1766,54,0,0.8697203196347031,0.1771117166212534,382.59000000000003,2021,3,2022,11,2022,3,2026,8,2027,6,2028,11,False,False,False,False,False,False,False,True,False,False,False,False,False,False,False,False,False,False,False,False,False,False,False,False,False,False,False,False,False,False,False,False,False,True,False,False,False,False,False,False,False,False,False,False,False,False,False,False,False,False,False,False,False,False,True,False,False,True,False,False,False
7.05,4.3,15,2,11.88,0.5,100.0,1,1607,57,0,0.6099290780141844,0.13333333333333333,12.38,2016,9,2017,3,2017,10,2021,1,2021,10,2023,7,False,False,False,False,False,False,True,False,False,False,False,False,False,False,False,False,False,False,True,False,False,False,False,False,False,False,False,False,False,False,False,False,False,False,False,False,False,False,False,False,False,False,False,False,False,False,False,False,False,False,False,False,False,True,False,False,False,True,False,True,False
28.24,27.77,51,11,105.11,3.34,100.0,3,1594,47,0,0.9833569405099151,0.21568627450980393,108.45,2024,10,2026,11,2026,1,2028,8,2029,7,2031,8,False,False,False,True,False,False,False,False,False,False,False,False,False,False,False,False,False,False,False,False,False,False,False,False,False,False,False,False,False,False,False,False,False,False,False,False,False,False,False,True,False,False,False,False,False,False,False,False,False,False,False,False,False,False,True,False,False,False,False,False,True
6.93,3.95,12,2,9.48,0.96,98.0,0,1203,59,0,0.56998556998557,0.16666666666666666,10.440000000000001,2025,9,2027,8,2027,4,2029,3,2030,6,2030,10,False,False,False,False,False,False,False,False,True,False,False,False,False,False,False,False,False,False,False,False,False,False,False,False,False,False,False,False,False,False,False,True,False,False,False,False,False,False,False,False,False,False,False,False,False,False,False,False,False,False,False,False,True,False,False,False,False,True,False,True,False
111.59,84.23,219,41,225.15,25.69,100.0,4,1600,56,0,0.7548167398512412,0.1872146118721461,250.84,2022,11,2024,11,2024,8,2026,7,2028,1,2029,4,False,False,False,False,False,True,False,False,False,False,False,False,False,False,False,False,False,False,False,False,False,False,False,False,False,False,False,False,False,False,False,False,True,False,False,False,False,False,False,False,False,False,False,False,False,False,False,False,False,False,False,False,False,False,True,False,False,True,False,False,False
29.75,14.43,77,9,93.99,3.49,100.0,5,1479,64,1,0.48504201680672265,0.11688311688311688,97.47999999999999,2019,11,2020,11,2020,8,2025,4,2026,3,2026,10,False,False,False,False,False,False,True,False,False,False,False,False,False,False,False,False,False,False,False,False,False,False,False,False,False,False,False,False,False,False,False,False,False,False,True,False,False,False,False,False,False,False,False,False,False,False,False,False,False,False,False,False,False,False,False,False,False,False,True,True,False
35.81,26.69,67,13,113.83,1.52,96.4,2,1554,55,0,0.7453225356045797,0.19402985074626866,115.35,2023,3,2025,7,2027,8,2028,6,2028,12,2030,5,False,False,False,True,False,False,False,False,False,False,False,False,False,False,False,False,False,False,False,False,False,False,False,False,False,False,False,False,False,False,False,False,False,False,False,False,False,False,True,False,False,False,False,False,False,False,False,False,False,False,False,False,False,False,False,False,False,True,False,False,False
477.66,371.59,858,167,467.12,80.31,100.0,17,79,20,0,0.7779382824603274,0.19463869463869463,547.4300000000001,2019,11,2021,11,2023,5,2022,1,2022,3,2023,4,False,False,False,False,False,False,False,False,True,False,False,False,False,False,False,False,False,False,False,False,False,False,False,False,False,False,False,False,False,False,False,True,False,False,False,False,False,False,False,False,False,False,False,False,False,False,False,False,False,False,False,False,False,False,False,False,True,True,False,False,False
16.55,15.44,24,2,17.68,1.04,100.0,0,1379,48,0,0.9329305135951661,0.08333333333333333,18.72,2018,10,2020,11,2021,2,2021,8,2022,11,2024,2,False,False,False,True,False,False,False,False,False,False,False,False,False,False,False,False,False,False,False,False,False,False,False,False,False,False,False,False,False,False,False,False,False,False,False,False,False,False,False,False,False,False,False,False,False,False,False,False,True,False,False,False,False,False,False,False,False,True,False,False,True
172.19,133.7,333,63,555.29,22.79,71.3,6,1609,57,0,0.7764678552761484,0.1891891891891892,578.0799999999999,2020,1,2020,10,2024,1,2023,10,2025,2,2026,5,False,False,False,False,False,True,False,False,False,False,False,False,False,False,False,False,False,False,False,False,False,False,False,False,False,False,False,False,False,True,False,False,False,False,False,False,False,False,False,False,False,False,False,False,False,False,False,False,False,False,False,False,False,False,True,False,False,False,False,False,False
20.27,15.44,39,5,87.7,3.93,98.7,0,1716,52,0,0.7617168228909719,0.1282051282051282,91.63000000000001,2023,12,2025,12,2024,6,2029,2,2030,10,2031,3,False,False,False,False,False,False,False,False,True,False,False,False,False,False,False,False,False,False,False,False,False,False,False,False,False,True,False,False,False,False,False,False,False,False,False,False,False,False,False,False,False,False,False,False,False,False,False,False,False,False,False,False,False,False,False,False,False,True,False,False,False
23.72,15.6,36,5,106.61,0.85,97.4,1,1512,59,0,0.657672849915683,0.1388888888888889,107.46,2025,7,2026,7,2028,3,2030,7,2030,9,2032,3,False,False,True,False,False,False,False,False,False,False,False,False,False,False,False,False,False,False,False,False,False,False,False,True,False,False,False,False,False,False,False,False,False,False,False,False,False,False,False,False,False,False,False,False,False,False,False,False,False,False,False,False,False,True,False,False,False,False,True,False,False
419.13,355.73,770,138,1866.1,26.3,97.9,23,687,58,0,0.8487342829193807,0.17922077922077922,1892.3999999999999,2024,11,2026,5,2028,2,2027,2,2028,7,2029,12,False,False,False,False,False,False,False,True,False,False,False,False,False,False,False,False,False,False,False,False,False,False,False,False,False,False,False,False,False,False,True,False,False,False,False,False,False,False,False,False,False,False,False,False,False,False,False,False,False,False,False,False,False,False,False,False,False,True,False,False,False
25.51,21.59,54,8,53.59,1.61,87.7,3,0,6,0,0.8463347706781653,0.14814814814814814,55.2,2025,4,2027,8,2028,1,2026,6,2026,11,2026,12,True,False,False,False,False,False,False,False,False,False,False,False,False,False,False,False,False,False,False,False,False,False,False,False,False,False,False,False,False,False,False,False,False,False,False,False,False,False,False,False,False,False,False,False,False,False,False,False,False,False,True,False,True,False,False,False,False,False,False,False,False
7.58,4.22,8,1,12.85,0.35,100.0,0,1820,61,1,0.5567282321899736,0.125,13.2,2020,5,2022,10,2022,6,2024,8,2026,1,2026,12,False,True,False,False,False,False,False,False,False,False,False,False,False,False,False,False,False,False,False,False,False,False,False,False,False,False,False,False,False,False,False,False,False,False,False,True,False,False,False,False,False,False,False,False,False,False,False,False,False,False,False,False,False,True,False,False,False,False,True,True,False
39.72,24.09,70,14,46.27,2.61,100.0,2,296,40,0,0.6064954682779456,0.2,48.88,2016,5,2018,6,2019,12,2017,4,2017,10,2019,12,False,False,False,False,True,False,False,False,False,False,False,False,False,False,False,False,False,False,False,False,True,False,False,False,False,False,False,False,False,False,False,False,False,False,False,False,False,False,False,False,False,False,False,False,False,False,False,False,False,False,False,False,False,False,False,False,True,False,True,True,False
25.21,21.64,53,10,50.56,2.74,100.0,0,610,50,0,0.8583895279650932,0.18867924528301888,53.300000000000004,2023,9,2025,4,2025,8,2025,12,2026,7,2027,3,False,True,False,False,False,False,False,False,False,False,False,False,False,False,False,False,False,False,False,False,False,False,False,False,False,False,False,False,False,False,False,False,False,False,False,False,False,True,False,False,False,False,False,False,False,False,False,False,False,False,False,False,True,False,False,False,False,True,False,False,False
43.25,35.17,61,7,78.9,5.77,100.0,0,1168,51,0,0.8131791907514452,0.11475409836065574,84.67,2020,10,2021,1,2024,11,2024,1,2025,6,2025,11,False,False,False,False,False,False,True,False,False,False,False,False,False,False,False,False,False,False,False,False,False,False,False,False,False,False,False,False,False,False,False,False,False,False,True,False,False,False,False,False,False,False,False,False,False,False,False,False,False,False,False,False,False,False,True,False,False,True,False,False,False
26.22,20.66,52,10,76.93,1.26,100.0,0,865,54,0,0.7879481311975591,0.19230769230769232,78.19000000000001,2022,12,2023,8,2025,5,2024,6,2025,8,2027,1,False,True,False,False,False,False,False,False,False,False,False,False,False,False,True,False,False,False,False,False,False,False,False,False,False,False,False,False,False,False,False,False,False,False,False,False,False,False,False,False,False,False,False,False,False,False,False,False,False,False,False,False,False,False,True,False,False,True,False,False,False
274.66,229.82,504,89,594.5,13.8,97.4,10,1198,56,0,0.8367436102818029,0.1765873015873016,608.3,2020,3,2021,11,2022,1,2021,7,2022,12,2024,11,False,False,False,False,False,False,False,False,True,False,False,False,False,False,False,False,False,False,False,False,False,False,False,False,False,True,False,False,False,False,False,False,False,False,False,False,False,False,False,False,False,False,False,False,False,False,False,False,False,False,False,False,False,False,True,False,False,True,False,False,False
52.29,37.44,87,14,86.63,6.65,100.0,1,1501,56,0,0.7160068846815835,0.16091954022988506,93.28,2024,10,2025,12,2027,4,2029,1,2030,5,2032,2,False,False,True,False,False,False,False,False,False,False,False,False,False,False,False,False,False,False,False,False,False,False,False,False,False,False,False,False,False,False,False,False,False,False,False,False,False,False,False,False,False,False,False,False,False,False,False,False,False,True,False,False,True,False,False,False,False,False,True,False,False
10.23,7.47,21,5,31.37,1.51,100.0,2,1279,56,0,0.7302052785923753,0.23809523809523808,32.88,2016,5,2018,7,2017,6,2019,3,2019,9,2021,8,True,False,False,False,False,False,False,False,False,False,False,False,False,False,False,False,False,False,False,False,False,False,False,False,False,False,False,False,False,False,False,False,False,False,False,False,False,False,False,False,False,False,False,False,False,False,False,False,False,False,True,False,True,False,False,False,False,True,False,False,False
33.94,14.25,57,12,67.72,3.84,100.0,2,2193,66,1,0.4198585739540366,0.21052631578947367,71.56,2018,2,2019,4,2019,3,2024,1,2024,8,2025,12,False,False,False,False,False,False,False,True,False,False,False,False,False,False,False,False,False,False,False,False,False,False,False,False,False,False,False,False,False,False,False,False,False,False,False,False,False,False,False,False,False,False,False,False,False,False,False,False,False,False,False,True,True,False,False,False,False,False,True,True,False
13.47,10.26,23,3,28.4,1.65,100.0,0,825,53,0,0.7616926503340756,0.13043478260869565,30.049999999999997,2023,10,2025,7,2024,11,2025,6,2026,9,2028,4,False,False,False,False,False,False,False,True,False,False,False,False,False,False,False,False,False,False,False,False,False,False,False,False,False,False,False,False,False,False,False,False,False,False,False,False,False,False,False,False,False,False,False,False,False,False,False,False,False,False,False,False,False,True,False,False,False,True,False,False,False
23.39,16.12,31,8,70.5,2.92,100.0,1,1102,55,0,0.6891834117144079,0.25806451612903225,73.42,2025,7,2025,9,2026,2,2029,1,2029,4,2030,9,False,False,False,False,False,True,False,False,False,False,False,False,False,False,False,False,False,False,False,False,False,False,False,False,False,False,False,False,False,True,False,False,False,False,False,False,False,False,False,False,False,False,False,False,False,False,False,False,False,False,False,False,False,False,False,True,False,True,False,False,False
12.06,10.93,19,3,14.92,1.47,98.8,0,283,27,0,0.9063018242122719,0.15789473684210525,16.39,2018,2,2018,10,2019,5,2019,5,2020,4,2021,12,False,False,False,False,True,False,False,False,False,False,False,False,False,False,False,False,False,True,False,False,False,False,False,False,False,False,False,False,False,False,False,False,False,False,False,False,False,False,False,False,False,False,False,False,False,False,False,False,False,False,False,False,False,True,False,False,False,True,False,False,True
246.44,209.29,442,78,903.13,29.04,90.1,17,1765,58,0,0.8492533679597468,0.17647058823529413,932.17,2021,11,2023,7,2023,10,2028,1,2029,4,2029,10,False,False,False,True,False,False,False,False,False,False,False,False,True,False,False,False,False,False,False,False,False,False,False,False,False,False,False,False,False,False,False,False,False,False,False,False,False,False,False,False,False,False,False,False,False,False,False,False,False,False,False,False,False,False,True,False,False,True,False,False,False
15.01,6.41,25,3,65.63,0.7,88.9,1,884,66,1,0.42704863424383743,0.12,66.33,2021,3,2022,8,2023,5,2024,4,2025,5,2026,10,False,False,True,False,False,False,False,False,False,False,False,False,False,False,False,False,False,False,False,False,False,False,False,False,False,False,True,False,False,False,False,False,False,False,False,False,False,False,False,False,False,False,False,False,False,False,False,False,False,False,False,False,False,False,False,True,False,False,True,True,False
59.59,52.8,125,23,155.89,14.68,100.0,2,278,28,0,0.8860547071656317,0.184,170.57,2019,6,2019,10,2023,4,2020,6,2020,12,2022,11,False,False,False,True,False,False,False,False,False,False,False,False,False,False,False,False,False,False,False,False,False,False,False,False,False,False,False,False,False,False,False,False,False,False,False,False,False,False,False,False,False,False,False,False,False,False,False,False,True,False,False,False,False,False,False,False,False,True,False,False,False
21.68,18.49,40,6,62.25,1.76,100.0,1,1735,50,0,0.852859778597786,0.15,64.01,2020,11,2022,12,2021,5,2026,11,2027,12,2028,10,True,False,False,False,False,False,False,False,False,True,False,False,False,False,False,False,False,False,False,False,False,False,False,False,False,False,False,False,False,False,False,False,False,False,False,False,False,False,False,False,False,False,False,False,False,False,False,False,False,False,False,False,False,False,True,False,False,True,False,False,False
9.41,7.35,17,3,20.92,1.82,100.0,0,1138,53,0,0.7810839532412327,0.17647058823529413,22.740000000000002,2016,6,2016,9,2019,9,2019,4,2020,3,2022,2,False,True,False,False,False,False,False,False,False,False,False,False,False,False,False,False,False,False,False,False,False,False,False,False,False,False,False,False,False,False,False,False,False,False,False,True,False,False,False,False,False,False,False,False,False,False,False,False,False,False,False,False,False,False,False,False,True,True,False,False,False
36.51,29.82,60,10,158.45,3.47,100.0,1,2561,51,0,0.8167625308134758,0.16666666666666666,161.92,2016,11,2018,6,2018,5,2023,5,2023,9,2025,9,False,False,False,False,False,False,False,True,False,False,False,False,False,False,False,False,False,False,False,False,False,False,True,False,False,False,False,False,False,False,False,False,False,False,False,False,False,False,False,False,False,False,False,False,False,False,False,False,False,False,False,False,False,True,False,False,False,True,False,False,False
44.73,27.48,69,13,57.79,6.1,93.4,3,584,59,0,0.6143527833668679,0.18840579710144928,63.89,2025,1,2026,3,2027,1,2026,1,2027,6,2029,1,True,False,False,False,False,False,False,False,False,False,False,False,False,False,False,False,False,False,False,False,False,False,False,False,False,False,False,False,False,False,False,False,False,False,False,False,False,False,False,False,False,False,False,False,True,False,False,False,False,False,False,False,True,False,False,False,False,True,False,True,False
52.39,35.68,102,18,199.61,6.67,80.7,4,2136,59,0,0.6810460011452567,0.17647058823529413,206.28,2024,3,2025,12,2025,6,2030,9,2031,4,2031,10,False,True,False,False,False,False,False,False,False,False,False,False,False,False,False,False,False,False,False,False,False,False,False,False,False,False,False,False,False,False,False,False,False,False,False,False,False,True,False,False,False,False,False,False,False,False,False,False,False,False,False,False,False,True,False,False,False,True,False,False,False
2.18,1.38,5,0,6.99,0.28,99.4,0,280,37,0,0.6330275229357797,0.0,7.2700000000000005,2017,9,2018,12,2018,4,2018,10,2019,3,2020,11,False,False,False,False,False,False,False,True,False,False,False,False,False,False,False,False,False,False,False,False,False,False,False,False,False,False,False,False,False,False,False,False,False,False,False,False,False,False,False,False,False,True,False,False,False,False,False,False,False,False,False,False,True,False,False,False,False,False,True,True,False
8.72,6.83,16,3,32.51,1.3,100.0,0,973,51,0,0.783256880733945,0.1875,33.809999999999995,2016,8,2017,1,2017,6,2020,2,2021,6,2021,10,False,True,False,False,False,False,False,False,False,False,False,False,False,False,True,False,False,False,False,False,False,False,False,False,False,False,False,False,False,False,False,False,False,False,False,False,False,False,False,False,False,False,False,False,False,False,False,False,False,False,False,False,False,False,False,True,False,True,False,False,False
78.07,46.3,148,26,337.0,10.89,100.0,1,2104,60,0,0.5930575124887921,0.17567567567567569,347.89,2023,3,2024,12,2026,3,2027,4,2028,11,2030,6,False,False,False,False,True,False,False,False,False,False,False,False,False,False,False,False,False,True,False,False,False,False,False,False,False,False,False,False,False,False,False,False,False,False,False,False,False,False,False,False,False,False,False,False,False,False,False,False,False,False,False,False,False,False,False,False,True,False,True,True,False
11.9,9.28,20,3,31.37,0.86,100.0,0,1379,51,0,0.7798319327731091,0.15,32.230000000000004,2023,8,2025,6,2025,3,2026,12,2027,7,2028,12,False,False,True,False,False,False,False,False,False,False,False,False,False,False,False,False,False,False,False,False,False,False,False,False,False,False,False,False,False,False,False,False,False,False,False,False,False,False,False,False,False,False,False,False,False,False,False,False,False,True,False,False,False,False,False,True,False,False,False,False,False
36.71,32.18,67,8,68.53,3.59,100.0,2,881,50,0,0.8766003813674748,0.11940298507462686,72.12,2019,4,2020,5,2022,7,2023,3,2023,11,2024,5,False,False,False,False,False,False,True,False,False,False,False,False,False,False,False,False,False,False,True,False,False,False,False,False,False,False,False,False,False,False,False,False,False,False,False,False,False,False,False,False,False,False,False,False,False,False,False,False,False,False,False,False,False,False,False,False,True,True,False,False,False
8.52,7.89,21,2,31.39,0.49,86.0,1,1250,49,0,0.926056338028169,0.09523809523809523,31.88,2024,8,2026,3,2028,8,2026,8,2028,1,2029,11,True,False,False,False,False,False,False,False,False,False,False,False,False,False,False,False,False,False,False,False,False,False,False,False,False,False,False,False,False,False,False,False,False,False,False,False,False,False,False,False,False,False,False,False,False,False,False,True,False,False,False,False,False,True,False,False,False,False,False,False,True
62.28,45.03,128,20,244.44,5.04,84.6,2,1093,54,0,0.7230250481695568,0.15625,249.48,2019,10,2021,4,2020,1,2023,8,2024,3,2025,10,True,False,False,False,False,False,False,False,False,False,False,False,False,False,False,False,False,False,False,False,False,False,False,False,False,False,False,False,False,False,False,False,False,False,False,False,False,False,False,False,False,False,False,False,False,False,False,True,False,False,False,False,True,False,False,False,False,False,False,False,False
76.04,64.18,169,41,253.91,9.06,99.6,5,779,52,0,0.8440294581799054,0.24260355029585798,262.96999999999997,2023,6,2023,10,2024,12,2024,8,2025,7,2027,6,False,False,False,False,False,False,False,False,False,False,False,False,False,False,False,False,False,False,False,False,False,True,False,False,False,False,False,False,False,False,False,False,False,False,False,False,False,False,False,False,False,False,False,False,False,False,False,False,False,False,False,False,False,False,False,True,False,True,False,False,False
62.3,54.6,89,10,245.54,10.43,97.3,1,600,50,0,0.8764044943820225,0.11235955056179775,255.97,2021,3,2022,4,2023,3,2023,5,2024,5,2025,3,False,False,False,False,False,False,False,False,True,False,False,False,False,True,False,False,False,False,False,False,False,False,False,False,False,False,False,False,False,False,False,False,False,False,False,False,False,False,False,False,False,False,False,False,False,False,False,False,False,False,False,False,False,False,False,False,True,True,False,False,False
84.15,75.0,140,20,294.71,10.18,100.0,4,2216,49,0,0.8912655971479501,0.14285714285714285,304.89,2024,11,2026,9,2028,6,2031,3,2032,3,2032,11,False,False,False,False,True,False,False,False,False,False,False,False,False,False,False,False,False,True,False,False,False,False,False,False,False,False,False,False,False,False,False,False,False,False,False,False,False,False,False,False,False,False,False,False,False,False,False,False,False,False,False,False,False,False,True,False,False,False,False,False,False
143.15,53.98,265,43,621.65,23.87,100.0,5,1215,67,1,0.37708697170799854,0.16226415094339622,645.52,2025,7,2026,7,2028,11,2030,12,2031,6,2032,2,False,False,False,False,True,False,False,False,False,False,False,False,False,False,False,False,False,True,False,False,False,False,False,False,False,False,False,False,False,False,False,False,False,False,False,False,False,False,False,False,False,False,False,False,False,False,False,False,False,False,False,False,False,False,True,False,False,False,True,True,False
9.26,4.18,23,2,26.96,2.01,78.5,0,0,22,0,0.4514038876889849,0.08695652173913043,28.97,2017,2,2019,3,2019,10,2018,5,2019,1,2019,5,False,False,False,True,False,False,False,False,False,False,False,False,False,False,False,False,False,False,False,False,False,False,False,False,False,False,False,False,False,False,False,False,False,False,False,False,False,False,False,False,False,False,False,False,False,False,False,False,True,False,False,False,False,False,False,True,False,False,True,True,False
13.62,11.84,22,4,30.07,2.6,100.0,0,2114,49,0,0.8693098384728342,0.18181818181818182,32.67,2024,6,2024,11,2025,10,2030,5,2031,1,2032,5,False,True,False,False,False,False,False,False,False,False,False,False,False,False,True,False,False,False,False,False,False,False,False,False,False,False,False,False,False,False,False,False,False,False,False,False,False,False,False,False,False,False,False,False,False,False,False,False,False,False,False,False,True,False,False,False,False,True,False,False,False
73.52,36.09,129,22,243.93,9.75,100.0,3,200,35,0,0.49088683351469,0.17054263565891473,253.68,2021,12,2022,1,2025,5,2024,4,2025,6,2025,8,False,False,False,False,False,False,False,False,True,False,False,False,False,False,False,False,False,False,False,False,False,False,False,False,False,False,False,False,False,False,False,True,False,False,False,False,False,False,False,False,False,False,False,False,False,False,False,False,False,False,False,False,False,False,False,True,False,False,True,True,False
92.78,67.24,177,21,97.95,13.9,77.9,1,2750,57,0,0.7247251562836817,0.11864406779661017,111.85000000000001,2023,8,2025,5,2026,4,2030,1,2031,3,2032,9,False,False,True,False,False,False,False,False,False,False,False,False,False,False,False,False,True,False,False,False,False,False,False,False,False,False,False,False,False,False,False,False,False,False,False,False,False,False,False,False,False,False,False,False,False,False,False,False,False,False,False,False,False,True,False,False,False,True,False,False,False
15.27,11.5,31,5,40.37,1.55,98.8,2,2385,54,0,0.7531106745252129,0.16129032258064516,41.919999999999995,2025,10,2027,5,2027,8,2031,4,2031,10,2033,12,False,False,True,False,False,False,False,False,False,False,False,False,False,False,False,False,True,False,False,False,False,False,False,False,False,False,False,False,False,False,False,False,False,False,False,False,False,False,False,False,False,False,False,False,False,False,False,False,False,False,False,False,False,False,False,False,True,True,False,False,False
14.24,7.8,24,5,52.14,1.98,100.0,0,346,44,0,0.547752808988764,0.20833333333333334,54.12,2017,1,2018,4,2021,4,2018,5,2019,9,2021,1,False,False,False,False,True,False,False,False,False,False,False,False,False,False,False,False,False,True,False,False,False,False,False,False,False,False,False,False,False,False,False,False,False,False,False,False,False,False,False,False,False,False,False,False,False,False,False,False,False,False,False,False,False,True,False,False,False,False,True,True,False
15.61,13.27,25,4,22.25,2.39,90.8,2,1757,51,0,0.8500960922485586,0.16,24.64,2020,10,2022,4,2024,1,2026,8,2027,1,2027,3,False,False,True,False,False,False,False,False,False,False,False,False,False,False,False,False,False,False,False,False,False,False,False,False,False,False,True,False,False,False,False,False,False,False,False,False,False,False,False,False,False,False,False,False,False,False,False,False,False,False,False,False,False,False,True,False,False,False,False,False,False
6.02,5.59,6,2,13.73,0.18,90.7,0,974,48,0,0.9285714285714286,0.3333333333333333,13.91,2019,12,2020,1,2022,1,2023,12,2024,8,2025,9,False,False,False,False,False,False,False,False,False,False,False,False,False,False,False,False,False,False,False,False,False,False,False,False,False,False,False,False,False,False,False,False,False,False,False,False,False,False,False,False,True,False,False,False,False,False,False,False,False,False,False,False,False,False,False,False,True,False,False,False,True
8.4,5.4,12,3,17.61,0.82,100.0,0,1409,56,0,0.6428571428571429,0.25,18.43,2022,11,2023,10,2026,11,2026,6,2028,2,2029,5,True,False,False,False,False,False,False,False,False,False,False,False,False,False,False,False,False,False,False,False,False,False,False,False,False,False,False,False,False,False,False,False,False,False,False,False,False,False,False,False,False,False,False,False,False,False,False,False,False,False,True,False,False,False,False,True,False,True,False,True,False
8.61,5.74,16,2,17.56,1.0,100.0,1,1492,56,0,0.6666666666666667,0.125,18.56,2023,2,2024,8,2025,10,2027,9,2028,4,2029,2,False,False,False,False,False,True,False,False,False,False,False,True,False,False,False,False,False,False,False,False,False,False,False,False,False,False,False,False,False,False,False,False,False,False,False,False,False,False,False,False,False,False,False,False,False,False,False,False,False,False,False,False,False,True,False,False,False,True,False,False,False
22.33,13.98,39,7,71.62,1.22,89.0,1,1719,59,0,0.626063591580833,0.1794871794871795,72.84,2019,4,2021,9,2022,3,2024,2,2025,2,2025,11,False,False,False,False,False,False,True,False,False,False,False,False,False,False,False,False,False,False,False,False,False,False,False,False,False,False,False,False,False,False,False,False,False,False,True,False,False,False,False,False,False,False,False,False,False,False,False,False,False,False,False,False,False,False,False,False,False,True,False,True,False
39.28,36.38,83,22,103.73,4.49,100.0,3,1476,48,0,0.9261710794297353,0.26506024096385544,108.22,2017,1,2019,1,2018,4,2020,6,2021,2,2022,9,False,False,False,True,False,False,False,False,False,False,False,False,False,False,False,False,False,False,False,False,False,False,False,False,False,False,False,False,False,False,False,False,False,False,False,False,False,False,True,False,False,False,False,False,False,False,False,False,False,False,False,False,True,False,False,False,False,False,False,False,True
46.22,20.95,70,14,173.33,5.15,96.6,0,1626,65,1,0.4532669839896149,0.2,178.48000000000002,2025,4,2026,12,2026,12,2030,3,2031,5,2032,5,False,True,False,False,False,False,False,False,False,False,False,False,False,False,False,False,False,False,False,False,False,False,False,False,False,False,False,False,False,False,False,False,False,False,False,True,False,False,False,False,False,False,False,False,False,False,False,False,False,False,False,False,True,False,False,False,False,False,True,True,False
18.02,16.18,32,9,18.27,2.72,82.4,1,269,30,0,0.897891231964484,0.28125,20.99,2020,3,2022,6,2024,6,2021,1,2021,11,2023,2,False,False,False,False,False,False,True,False,False,False,False,False,False,False,False,False,False,False,False,True,False,False,False,False,False,False,False,False,False,False,False,False,False,False,False,False,False,False,False,False,False,False,False,False,False,False,False,False,False,False,False,False,False,False,False,False,False,True,False,False,False
18.47,13.45,35,4,45.8,1.71,100.0,0,1018,54,0,0.7282079047103411,0.11428571428571428,47.51,2020,11,2023,1,2023,4,2025,2,2025,6,2026,1,False,True,False,False,False,False,False,False,False,False,False,False,False,False,False,False,False,False,False,False,False,False,False,False,False,False,False,False,False,False,False,False,False,False,False,False,False,True,False,False,False,False,False,False,False,False,False,False,False,False,False,False,False,False,True,False,False,True,False,False,False
33.91,23.75,67,12,28.88,4.53,100.0,2,1965,56,0,0.7003833677381304,0.1791044776119403,33.41,2018,2,2018,8,2022,4,2024,4,2025,5,2025,10,False,False,False,False,False,False,False,True,False,False,False,False,False,False,False,False,False,False,False,False,False,False,False,False,False,False,False,False,False,False,False,False,False,False,False,False,False,False,False,False,False,False,False,False,False,False,False,False,False,False,False,False,False,False,False,False,True,True,False,False,False
6.71,6.49,16,5,10.85,1.49,96.9,0,1928,46,0,0.9672131147540984,0.3125,12.34,2023,9,2023,12,2024,11,2028,12,2029,5,2031,6,False,False,False,False,False,False,True,False,False,False,False,False,False,False,False,False,False,False,False,False,False,False,False,False,False,False,False,False,False,False,False,False,False,False,True,False,False,False,False,False,False,False,False,False,False,False,False,False,False,False,False,False,True,False,False,False,False,False,False,False,True
78.21,52.81,166,28,286.94,10.33,100.0,0,1148,57,0,0.6752333461194222,0.1686746987951807,297.27,2020,2,2020,11,2024,1,2024,5,2024,12,2026,2,False,False,False,False,False,True,False,False,False,False,False,False,False,False,False,False,False,False,False,False,False,False,False,False,False,False,False,False,False,True,False,False,False,False,False,False,False,False,False,False,False,False,False,False,False,False,False,False,False,False,False,False,False,False,False,False,False,False,True,False,False
108.35,70.56,194,46,129.2,22.13,100.0,8,634,61,1,0.6512228887863406,0.23711340206185566,151.32999999999998,2023,7,2024,1,2027,8,2026,5,2027,7,2028,5,False,False,False,False,True,False,False,False,False,False,False,False,False,False,False,False,False,True,False,False,False,False,False,False,False,False,False,False,False,False,False,False,False,False,False,False,False,False,False,False,False,False,False,False,False,False,False,False,False,False,False,False,False,False,False,True,False,False,True,False,False
16.03,10.41,25,2,19.09,0.58,87.5,0,2291,58,0,0.6494073611977542,0.08,19.669999999999998,2020,3,2021,6,2021,6,2025,5,2026,11,2028,9,False,False,False,False,False,False,False,False,False,False,False,False,False,False,False,False,False,False,False,False,False,False,False,False,False,False,False,False,False,False,False,False,False,False,False,False,False,False,False,False,True,False,False,False,False,False,False,False,False,False,False,False,False,False,False,False,False,True,False,True,False
20.12,11.49,38,10,45.98,1.75,100.0,0,1831,59,0,0.5710735586481113,0.2631578947368421,47.73,2021,10,2023,3,2025,8,2026,7,2027,6,2029,1,True,False,False,False,False,False,False,False,False,False,False,False,False,False,False,False,False,False,False,False,False,False,False,False,False,False,False,False,False,False,False,False,False,False,False,False,False,False,False,False,False,False,False,False,False,False,False,False,False,False,True,False,False,False,True,False,False,True,False,True,False
103.89,96.42,191,39,381.76,6.37,100.0,7,480,45,0,0.9280970257002599,0.20418848167539266,388.13,2023,2,2024,10,2023,6,2026,3,2026,11,2027,8,True,False,False,False,False,False,False,False,False,False,False,False,False,False,False,False,False,False,False,False,False,False,False,False,False,False,False,False,False,False,False,False,False,False,False,False,False,False,False,False,False,False,False,False,False,False,False,True,False,False,False,False,False,False,True,False,False,False,False,False,True
26.49,15.35,58,7,83.73,4.3,85.9,1,541,61,1,0.5794639486598717,0.1206896551724138,88.03,2018,3,2018,11,2020,12,2021,12,2022,5,2022,11,False,False,False,False,False,False,False,False,False,False,False,False,False,False,False,True,False,False,False,False,False,False,False,False,False,False,False,False,False,False,False,False,False,False,False,False,False,False,False,False,False,False,False,False,False,False,False,False,False,False,False,False,False,True,False,False,False,False,True,True,False
53.96,33.6,98,19,199.25,3.7,93.7,2,2366,59,0,0.6226834692364714,0.19387755102040816,202.95,2018,11,2020,7,2023,2,2024,5,2025,4,2027,6,False,False,False,False,False,False,False,False,True,False,False,False,False,False,False,False,False,False,False,False,False,False,False,False,False,False,False,False,False,False,False,True,False,False,False,False,False,False,False,False,False,False,False,False,False,False,False,False,False,False,False,False,True,False,False,False,False,True,False,True,False
27.32,23.31,46,14,26.86,4.33,100.0,0,1338,50,0,0.853221083455344,0.30434782608695654,31.189999999999998,2018,11,2020,4,2019,5,2021,9,2023,4,2024,10,False,False,False,False,False,False,False,True,False,False,False,False,False,False,False,False,False,False,False,False,False,False,False,False,False,False,False,False,False,False,False,False,False,False,False,False,False,False,False,False,False,True,False,False,False,False,False,False,False,False,False,False,False,True,False,False,False,True,False,False,False
142.07,98.86,256,44,409.98,28.63,97.7,7,1529,59,0,0.6958541564017738,0.171875,438.61,2021,2,2022,11,2025,5,2026,2,2026,8,2028,7,False,True,False,False,False,False,False,False,False,False,False,False,False,False,False,False,False,False,False,False,False,False,False,False,False,False,False,False,False,False,False,False,False,False,False,True,False,False,False,False,False,False,False,False,False,False,False,False,False,False,False,False,False,False,False,False,False,True,False,False,False
48.91,44.38,107,16,121.16,4.36,86.2,3,57,10,0,0.9073809037006748,0.14953271028037382,125.52,2018,5,2019,7,2020,3,2020,5,2021,3,2021,9,False,False,False,False,False,True,False,False,False,False,True,False,False,False,False,False,False,False,False,False,False,False,False,False,False,False,False,False,False,False,False,False,False,False,False,False,False,False,False,False,False,False,False,False,False,False,False,False,False,False,False,False,False,False,False,False,True,False,False,False,True
51.81,33.02,92,19,213.21,10.18,95.0,3,1499,61,1,0.6373287010229686,0.20652173913043478,223.39000000000001,2020,1,2020,9,2022,6,2023,6,2023,12,2025,12,False,False,True,False,False,False,False,False,False,False,False,False,False,False,False,False,False,False,False,False,False,False,False,True,False,False,False,False,False,False,False,False,False,False,False,False,False,False,False,False,False,False,False,False,False,False,False,False,False,False,False,False,False,False,False,False,True,False,True,True,False
52.79,38.82,88,12,186.25,7.32,91.3,2,982,54,0,0.7353665466944497,0.13636363636363635,193.57,2022,6,2023,7,2026,5,2024,7,2025,12,2027,9,False,False,False,False,False,False,True,False,False,False,False,False,False,False,False,False,False,False,True,False,False,False,False,False,False,False,False,False,False,False,False,False,False,False,False,False,False,False,False,False,False,False,False,False,False,False,False,False,False,False,False,False,False,False,True,False,False,True,False,False,False
17.2,15.02,41,6,40.77,1.62,100.0,0,523,47,0,0.8732558139534884,0.14634146341463414,42.39,2023,11,2026,4,2026,7,2025,1,2025,12,2026,9,False,False,False,False,False,False,False,True,False,False,False,False,False,False,False,False,False,False,False,False,False,False,False,False,False,False,False,False,False,False,False,False,False,False,False,False,False,False,False,False,False,True,False,False,False,False,False,False,False,False,False,False,False,False,False,False,True,False,False,False,False
18.85,10.55,40,5,53.71,3.75,100.0,1,254,37,0,0.5596816976127321,0.125,57.46,2022,10,2023,1,2023,9,2024,10,2025,2,2026,7,False,False,False,False,False,False,True,False,False,False,False,False,False,False,False,False,False,False,False,False,False,False,False,False,False,False,False,False,False,False,False,False,False,False,True,False,False,False,False,False,False,False,False,False,False,False,False,False,False,False,False,False,False,False,False,False,True,False,True,True,False
64.67,44.62,118,22,153.39,3.43,89.5,6,0,16,0,0.6899644348229472,0.1864406779661017,156.82,2024,7,2026,2,2025,10,2025,3,2025,8,2026,5,False,False,False,False,False,True,False,False,False,False,False,True,False,False,False,False,False,False,False,False,False,False,False,False,False,False,False,False,False,False,False,False,False,False,False,False,False,False,False,False,False,False,False,False,False,False,False,False,False,False,False,False,False,False,False,False,True,False,True,False,False
34.0,25.82,57,14,82.7,5.09,85.3,3,1332,55,0,0.7594117647058823,0.24561403508771928,87.79,2024,10,2025,5,2026,10,2029,2,2029,4,2031,5,False,False,False,True,False,False,False,False,False,False,False,False,False,False,False,False,False,False,False,False,False,False,False,False,False,False,False,False,False,False,False,False,False,False,False,False,False,False,True,False,False,False,False,False,False,False,False,False,False,False,False,False,False,False,False,False,False,True,False,False,False
9.23,3.63,17,3,29.04,1.8,100.0,0,158,33,0,0.3932827735644637,0.17647058823529413,30.84,2020,11,2022,5,2023,7,2021,7,2022,10,2023,3,False,False,False,True,False,False,False,False,False,False,False,False,True,False,False,False,False,False,False,False,False,False,False,False,False,False,False,False,False,False,False,False,False,False,False,False,False,False,False,False,False,False,False,False,False,False,False,False,False,False,False,False,False,False,False,False,True,False,True,True,False
195.02,162.92,330,54,312.26,37.96,84.8,9,1312,56,0,0.8354014972823299,0.16363636363636364,350.21999999999997,2020,1,2020,2,2020,10,2024,2,2024,12,2025,2,False,False,False,False,False,False,False,True,False,False,False,False,False,False,False,False,False,False,False,False,False,False,False,False,False,False,False,False,False,False,False,False,False,False,False,False,False,False,False,False,False,False,False,False,False,False,False,False,False,False,False,True,False,False,False,True,False,True,False,False,False
79.68,55.1,151,31,161.97,3.84,100.0,7,1016,58,0,0.691516064257028,0.2052980132450331,165.81,2021,3,2022,8,2025,6,2023,10,2025,3,2026,8,False,False,False,False,True,False,False,False,False,False,False,False,False,False,False,False,False,False,False,False,False,False,False,False,False,False,False,False,False,False,False,False,False,False,False,False,False,False,False,False,False,False,False,False,False,False,True,False,False,False,False,False,False,False,False,False,True,True,False,False,False
31.11,27.33,47,6,57.02,1.23,100.0,0,0,5,0,0.8784956605593056,0.1276595744680851,58.25,2021,10,2022,10,2022,4,2022,11,2023,6,2024,5,False,False,False,False,False,True,False,False,False,False,True,False,False,False,False,False,False,False,False,False,False,False,False,False,False,False,False,False,False,False,False,False,False,False,False,False,False,False,False,False,False,False,False,False,False,False,False,False,False,False,False,False,False,False,False,False,True,True,False,False,False
22.79,9.89,39,4,85.76,4.41,79.0,0,1042,67,1,0.4339622641509434,0.10256410256410256,90.17,2024,5,2026,1,2025,2,2026,11,2027,7,2029,3,False,False,False,False,False,True,False,False,False,False,False,False,False,False,False,False,False,False,False,False,False,False,False,False,False,False,False,False,False,False,False,False,True,False,False,False,False,False,False,False,False,False,False,False,False,False,False,False,False,False,False,False,False,True,False,False,False,False,True,True,False
36.55,33.89,50,7,156.62,4.95,100.0,0,1277,47,0,0.9272229822161424,0.14,161.57,2018,1,2019,1,2021,10,2021,11,2022,11,2024,3,False,False,False,False,False,False,False,False,False,False,False,False,False,False,False,False,False,False,False,False,False,False,False,False,False,False,False,False,False,False,False,False,False,False,False,False,False,False,False,False,True,False,False,False,False,False,False,False,False,False,False,False,False,False,False,False,False,False,False,False,True
50.28,48.66,84,17,117.3,8.18,100.0,0,2201,48,0,0.967780429594272,0.20238095238095238,125.47999999999999,2019,8,2019,11,2021,10,2026,2,2026,7,2027,11,False,False,False,False,True,False,False,False,False,False,False,False,False,False,False,False,False,True,False,False,False,False,False,False,False,False,False,False,False,False,False,False,False,False,False,False,False,False,False,False,False,False,False,False,False,False,False,False,False,False,False,False,False,False,True,False,False,True,False,False,True
3.92,2.93,6,1,4.25,0.57,100.0,0,0,6,0,0.7474489795918368,0.16666666666666666,4.82,2016,6,2018,6,2018,4,2018,2,2018,4,2018,12,False,True,False,False,False,False,False,False,False,False,False,False,False,False,False,False,False,False,False,False,False,False,False,False,False,False,False,False,False,False,False,False,False,False,False,True,False,False,False,False,False,False,False,False,False,False,False,False,False,False,False,False,False,True,False,False,False,False,False,False,False
247.73,192.2,460,69,283.93,42.2,82.7,18,1117,63,1,0.7758446695999677,0.15,326.13,2021,3,2023,5,2023,1,2023,12,2025,5,2027,3,False,True,False,False,False,False,False,False,False,False,False,False,False,False,False,False,False,False,False,False,False,False,False,False,False,False,False,False,False,False,False,False,False,False,False,False,False,True,False,False,False,False,False,False,False,False,False,False,False,False,False,False,True,False,False,False,False,True,False,False,False
13.6,8.22,25,4,30.99,2.03,100.0,0,2248,59,0,0.6044117647058824,0.16,33.019999999999996,2023,4,2023,12,2024,1,2029,6,2030,4,2031,4,False,False,True,False,False,False,False,False,False,False,False,False,False,False,False,False,True,False,False,False,False,False,False,False,False,False,False,False,False,False,False,False,False,False,False,False,False,False,False,False,False,False,False,False,False,False,False,False,False,False,False,False,False,False,False,False,False,False,True,True,False
29.91,15.09,56,16,67.64,5.67,97.7,1,1687,62,1,0.5045135406218656,0.2857142857142857,73.31,2024,8,2025,2,2027,8,2028,1,2029,7,2030,11,True,False,False,False,False,False,False,False,False,False,False,False,False,False,False,False,False,False,False,False,False,False,False,False,False,False,False,False,False,False,False,False,False,False,False,False,False,False,False,False,False,False,False,False,True,False,False,False,False,False,False,False,False,False,False,True,False,False,True,True,False
31.03,20.26,43,6,41.6,1.01,100.0,1,1095,59,0,0.6529165323880116,0.13953488372093023,42.61,2018,8,2019,7,2022,10,2021,7,2022,2,2024,3,False,False,False,True,False,False,False,False,False,False,False,False,False,False,False,False,False,False,False,False,False,False,False,False,False,False,False,False,False,False,False,False,False,False,False,False,False,False,False,True,False,False,False,False,False,False,False,False,False,False,False,False,False,False,False,False,False,False,True,False,False
220.71,82.76,393,67,835.69,36.95,100.0,9,275,46,0,0.3749716822980382,0.17048346055979643,872.6400000000001,2016,4,2017,4,2019,2,2017,1,2018,3,2018,11,False,True,False,False,False,False,False,False,False,False,False,False,False,False,False,False,False,False,False,False,False,False,False,False,False,False,False,False,False,False,False,False,False,False,False,True,False,False,False,False,False,False,False,False,False,False,False,False,False,False,False,False,True,False,False,False,False,False,True,True,False
27.44,17.14,42,12,72.73,3.29,100.0,0,221,32,0,0.6246355685131195,0.2857142857142857,76.02000000000001,2019,7,2021,8,2019,12,2021,1,2021,9,2022,3,False,False,False,False,True,False,False,False,False,False,False,False,False,False,False,False,False,True,False,False,False,False,False,False,False,False,False,False,False,False,False,False,False,False,False,False,False,False,False,False,False,False,False,False,False,False,False,False,False,False,False,False,True,False,False,False,False,False,True,True,False
146.72,85.5,258,47,176.58,28.57,98.0,5,1534,59,0,0.582742639040349,0.1821705426356589,205.15,2023,4,2024,4,2025,11,2027,12,2028,12,2029,9,False,False,False,False,False,True,False,False,False,False,False,True,False,False,False,False,False,False,False,False,False,False,False,False,False,False,False,False,False,False,False,False,False,False,False,False,False,False,False,False,False,False,False,False,False,False,False,False,False,False,False,False,True,False,False,False,False,True,False,True,False
45.0,39.77,88,13,52.44,10.0,84.4,3,554,51,0,0.8837777777777779,0.14772727272727273,62.44,2025,1,2026,4,2025,12,2027,11,2027,12,2028,9,False,True,False,False,False,False,False,False,False,False,False,False,False,False,True,False,False,False,False,False,False,False,False,False,False,False,False,False,False,False,False,False,False,False,False,False,False,False,False,False,False,False,False,False,False,False,False,False,False,False,False,False,False,False,True,False,False,False,False,False,False
11.45,5.42,16,3,28.05,0.71,81.8,0,1330,64,1,0.4733624454148472,0.1875,28.76,2018,9,2019,11,2019,11,2023,8,2024,6,2025,7,False,False,False,False,False,True,False,False,False,False,False,False,False,False,False,False,False,False,False,False,False,False,False,False,False,False,False,False,True,False,False,False,False,False,False,False,False,False,False,False,False,False,False,False,False,False,False,False,False,False,False,False,False,False,False,False,True,False,True,True,False
34.28,29.33,68,15,42.24,6.73,91.2,2,747,51,0,0.8556009334889147,0.22058823529411764,48.97,2017,4,2019,4,2018,1,2019,3,2019,9,2021,3,False,True,False,False,False,False,False,False,False,False,False,False,False,False,True,False,False,False,False,False,False,False,False,False,False,False,False,False,False,False,False,False,False,False,False,False,False,False,False,False,False,False,False,False,False,False,False,False,False,False,False,False,False,False,False,False,False,False,False,False,False
26.62,23.54,56,14,76.57,6.48,84.7,0,1238,51,0,0.884297520661157,0.25,83.05,2020,9,2023,2,2023,7,2025,1,2025,8,2025,12,False,False,False,True,False,False,False,False,False,False,False,False,False,False,False,False,False,False,False,False,False,False,False,False,False,False,False,False,False,False,False,False,False,False,False,False,False,False,False,False,False,False,False,False,False,False,False,False,True,False,False,False,False,False,False,False,True,True,False,False,False
10.13,5.68,12,2,22.53,0.56,89.8,0,1584,60,0,0.56071076011846,0.16666666666666666,23.09,2021,12,2022,12,2024,2,2027,5,2027,11,2027,12,False,False,False,False,False,False,True,False,False,False,False,False,False,False,False,False,False,False,False,True,False,False,False,False,False,False,False,False,False,False,False,False,False,False,False,False,False,False,False,False,False,False,False,False,False,False,False,False,False,False,False,False,False,False,False,False,True,True,False,True,False
42.85,37.19,84,16,180.09,8.83,92.6,3,1715,50,0,0.8679113185530921,0.19047619047619047,188.92000000000002,2022,6,2023,2,2024,10,2026,6,2027,3,2029,5,False,True,False,False,False,False,False,False,False,False,False,False,False,False,False,False,False,False,False,False,False,False,False,False,False,False,False,False,False,False,False,False,False,False,False,True,False,False,False,False,False,False,False,False,False,False,False,False,False,False,False,False,False,False,False,True,False,False,False,False,False
30.63,26.46,58,3,71.98,4.56,81.5,2,717,53,0,0.8638589618021548,0.05172413793103448,76.54,2017,12,2019,2,2019,10,2020,5,2020,7,2022,3,False,False,False,False,True,False,False,False,False,False,False,False,False,False,False,False,False,False,False,False,False,False,False,False,False,False,False,False,False,False,False,False,False,False,False,False,False,False,False,False,False,False,False,False,False,False,True,False,False,False,False,False,True,False,False,False,False,True,False,False,False
52.27,36.03,89,14,160.65,5.3,100.0,1,361,41,0,0.6893055289841209,0.15730337078651685,165.95000000000002,2022,12,2024,9,2023,6,2023,11,2024,7,2025,9,False,True,False,False,False,False,False,False,False,False,False,False,False,False,False,False,False,False,False,False,False,False,False,False,False,False,False,False,False,False,False,False,False,False,False,True,False,False,False,False,False,False,False,False,False,False,False,False,False,False,False,False,False,False,True,False,False,True,False,False,False
36.36,18.67,53,8,138.24,5.43,100.0,0,1718,62,1,0.5134763476347636,0.1509433962264151,143.67000000000002,2016,1,2018,1,2017,8,2020,1,2020,11,2022,4,True,False,False,False,False,False,False,False,False,True,False,False,False,False,False,False,False,False,False,False,False,False,False,False,False,False,False,False,False,False,False,False,False,False,False,False,False,False,False,False,False,False,False,False,False,False,False,False,False,False,False,False,False,False,False,True,False,False,True,True,False
15.63,12.1,18,1,30.02,1.93,100.0,1,0,8,0,0.7741522712731925,0.05555555555555555,31.95,2018,1,2019,10,2021,10,2018,11,2019,9,2020,1,False,False,False,True,False,False,False,False,False,False,False,False,False,False,False,False,False,False,False,False,False,False,False,False,False,False,False,False,False,False,False,False,False,False,False,False,False,False,False,True,False,False,False,False,False,False,False,False,False,False,False,False,False,True,False,False,False,True,False,False,False
64.61,40.68,114,18,174.06,5.5,100.0,1,781,59,0,0.629623897229531,0.15789473684210525,179.56,2016,8,2017,6,2020,9,2018,6,2019,11,2020,8,False,False,False,False,True,False,False,False,False,False,False,False,False,False,False,False,False,False,False,False,False,False,False,False,False,False,False,False,False,False,False,False,False,False,False,False,False,False,False,False,False,False,False,False,False,False,True,False,False,False,False,False,False,False,True,False,False,False,True,True,False
16.05,13.09,32,5,20.02,3.18,91.8,0,2160,52,0,0.8155763239875389,0.15625,23.2,2020,6,2021,1,2021,10,2026,6,2027,6,2028,12,False,False,False,False,False,False,False,False,False,False,False,False,False,False,False,False,False,False,False,False,False,True,False,False,False,False,False,False,False,False,False,False,False,False,False,False,False,False,False,False,False,False,False,False,False,False,False,False,False,False,False,False,False,False,False,False,True,True,False,False,False
2.0,1.37,4,2,4.8,0.1,100.0,0,1325,57,0,0.685,0.5,4.8999999999999995,2017,8,2018,11,2020,7,2021,9,2021,11,2023,12,False,False,False,False,True,False,False,False,False,False,False,False,False,False,False,False,False,True,False,False,False,False,False,False,False,False,False,False,False,False,False,False,False,False,False,False,False,False,False,False,False,False,False,False,False,False,False,False,False,False,False,False,False,False,True,False,False,True,False,False,False
34.08,25.21,57,11,74.65,3.52,93.5,1,238,29,0,0.7397300469483569,0.19298245614035087,78.17,2017,7,2019,9,2020,4,2019,6,2019,10,2020,8,True,False,False,False,False,False,False,False,False,False,False,False,False,False,False,False,False,False,False,False,False,False,False,False,False,False,False,False,False,False,False,False,False,False,False,False,False,False,False,False,False,False,False,False,False,False,False,True,False,False,False,False,True,False,False,False,False,True,False,False,False
17.22,11.07,28,5,41.06,0.76,100.0,0,1107,56,0,0.6428571428571429,0.17857142857142858,41.82,2021,3,2022,3,2023,6,2022,10,2023,12,2025,8,False,False,False,False,False,False,True,False,False,False,False,False,False,False,False,False,False,False,False,False,False,False,False,False,False,False,False,False,False,False,False,False,False,False,False,False,False,False,False,False,False,False,False,False,False,True,False,False,False,False,False,False,False,True,False,False,False,True,False,True,False
43.91,34.47,81,23,52.58,4.0,100.0,1,1233,54,0,0.785014803006149,0.2839506172839506,56.58,2025,5,2026,11,2028,6,2028,9,2029,6,2030,9,False,False,False,True,False,False,False,False,False,False,False,False,True,False,False,False,False,False,False,False,False,False,False,False,False,False,False,False,False,False,False,False,False,False,False,False,False,False,False,False,False,False,False,False,False,False,False,False,False,False,False,False,True,False,False,False,False,True,False,False,False
221.16,197.68,359,62,502.94,41.3,92.1,11,647,55,0,0.8938325194429373,0.17270194986072424,544.24,2022,11,2025,1,2023,7,2026,6,2026,12,2027,6,False,False,False,False,False,False,False,False,False,False,False,False,False,False,False,False,False,False,False,False,False,True,False,False,False,False,False,False,False,False,False,False,False,False,False,False,False,False,False,False,False,False,False,False,False,False,False,False,False,False,False,False,False,True,False,False,False,True,False,False,False
227.63,144.05,457,78,915.07,42.72,73.3,13,500,62,1,0.6328251987875061,0.17067833698030635,957.7900000000001,2017,8,2018,11,2020,9,2019,10,2020,8,2021,12,True,False,False,False,False,False,False,False,False,False,False,False,False,False,False,False,False,False,False,False,False,False,False,False,False,False,False,False,False,False,False,False,False,False,False,False,False,False,False,False,False,False,False,False,False,False,False,True,False,False,False,False,False,False,False,True,False,False,True,True,False
25.4,18.38,41,9,108.38,3.92,100.0,1,474,48,0,0.7236220472440945,0.21951219512195122,112.3,2018,9,2018,10,2019,11,2021,9,2022,2,2022,11,True,False,False,False,False,False,False,False,False,False,False,False,False,False,False,False,False,False,False,False,False,False,False,False,False,False,False,False,False,False,False,False,False,False,False,False,False,False,False,False,False,False,False,False,False,False,False,True,False,False,False,False,False,False,False,False,True,True,False,False,False
13.11,9.66,19,1,22.21,0.64,100.0,0,608,53,0,0.736842105263158,0.05263157894736842,22.85,2025,10,2026,12,2029,5,2030,1,2030,3,2030,8,False,False,False,False,False,False,False,True,False,False,False,False,False,False,False,False,False,False,False,False,False,False,False,False,False,False,False,False,False,False,False,False,False,False,False,False,False,False,False,False,False,True,False,False,False,False,False,False,False,False,False,False,False,True,False,False,False,True,False,False,False
53.77,30.76,106,15,102.8,8.25,100.0,1,0,16,0,0.5720662079226334,0.14150943396226415,111.05,2020,7,2022,8,2021,8,2022,5,2023,1,2023,6,False,False,False,True,False,False,False,False,False,False,False,False,True,False,False,False,False,False,False,False,False,False,False,False,False,False,False,False,False,False,False,False,False,False,False,False,False,False,False,False,False,False,False,False,False,False,False,False,False,False,False,False,False,True,False,False,False,False,True,True,False
20.69,17.73,41,5,17.28,2.41,100.0,4,1025,52,0,0.8569357177380377,0.12195121951219512,19.69,2017,2,2019,5,2018,12,2020,8,2021,3,2021,12,False,False,False,False,True,False,False,False,False,False,False,False,False,False,False,False,False,True,False,False,False,False,False,False,False,False,False,False,False,False,False,False,False,False,False,False,False,False,False,False,False,False,False,False,False,False,False,False,False,False,False,False,False,True,False,False,False,True,False,False,False
44.34,39.16,76,19,54.43,7.1,100.0,3,2033,50,0,0.8831754623364906,0.25,61.53,2024,12,2027,1,2027,5,2029,3,2030,4,2032,5,False,False,False,False,False,True,False,False,False,False,True,False,False,False,False,False,False,False,False,False,False,False,False,False,False,False,False,False,False,False,False,False,False,False,False,False,False,False,False,False,False,False,False,False,False,False,False,False,False,False,False,False,False,False,True,False,False,True,False,False,False
15.47,13.29,19,4,32.13,0.68,97.1,0,847,52,0,0.859082094376212,0.21052631578947367,32.81,2024,10,2025,11,2028,3,2026,8,2026,8,2028,6,False,False,False,False,False,False,True,False,False,False,False,False,False,False,False,False,False,False,True,False,False,False,False,False,False,False,False,False,False,False,False,False,False,False,False,False,False,False,False,False,False,False,False,False,False,False,False,False,False,False,False,False,False,False,False,True,False,True,False,False,False
38.5,18.66,68,13,128.39,3.28,93.4,3,240,40,0,0.4846753246753247,0.19117647058823528,131.67,2021,8,2023,8,2024,5,2024,8,2024,10,2024,12,False,False,False,False,False,True,False,False,False,False,False,False,False,False,False,False,False,False,False,False,False,False,False,False,False,False,False,False,False,True,False,False,False,False,False,False,False,False,False,False,False,False,False,False,False,False,False,False,False,False,False,False,False,False,True,False,False,False,True,True,False
13.3,8.53,21,4,25.02,2.31,91.3,1,1017,58,0,0.6413533834586466,0.19047619047619047,27.33,2017,4,2018,6,2020,8,2020,5,2020,5,2021,6,False,False,False,False,True,False,False,False,False,False,False,False,False,False,False,False,False,False,False,False,False,False,False,False,False,False,False,False,False,False,False,False,False,False,False,False,False,False,False,False,False,False,False,True,False,False,False,False,False,False,False,False,False,False,False,False,True,True,False,True,False
97.93,93.82,176,32,105.66,6.51,100.0,3,1378,47,0,0.958031246808945,0.18181818181818182,112.17,2021,3,2021,10,2021,8,2025,5,2026,8,2026,12,False,False,False,False,True,False,False,False,False,False,False,False,False,False,False,False,False,False,False,False,True,False,False,False,False,False,False,False,False,False,False,False,False,False,False,False,False,False,False,False,False,False,False,False,False,False,False,False,False,False,False,False,False,True,False,False,False,False,False,False,True
16.61,6.48,30,5,58.2,2.5,92.4,3,1951,68,1,0.39012642986152923,0.16666666666666666,60.7,2023,2,2024,12,2026,5,2026,8,2028,4,2030,5,False,False,False,True,False,False,False,False,False,False,False,False,False,False,False,False,False,False,False,False,False,False,False,False,False,False,False,False,False,False,False,False,False,False,False,False,False,False,False,False,False,False,True,False,False,False,False,False,False,False,False,False,False,False,False,True,False,False,True,True,False
58.04,44.92,108,15,146.67,5.56,97.1,3,596,54,0,0.7739490006891799,0.1388888888888889,152.23,2023,1,2023,11,2026,5,2025,2,2025,7,2026,7,False,False,False,False,True,False,False,False,False,False,False,False,False,False,False,False,False,False,False,False,False,False,False,False,False,False,False,False,False,False,False,False,False,False,False,False,False,False,False,False,False,False,False,False,False,False,True,False,False,False,False,False,False,False,False,True,False,True,False,False,False
8.46,4.09,14,3,23.02,0.39,100.0,0,1016,64,1,0.4834515366430259,0.21428571428571427,23.41,2024,8,2025,11,2027,6,2027,8,2028,6,2029,12,False,False,False,False,False,False,False,True,False,False,False,False,False,False,False,False,False,False,False,False,False,False,False,False,False,False,False,False,False,False,True,False,False,False,False,False,False,False,False,False,False,False,False,False,False,False,False,False,False,False,False,False,False,False,False,False,False,False,True,True,False
65.44,52.65,118,17,131.29,5.0,100.0,2,480,46,0,0.8045537897310514,0.1440677966101695,136.29,2018,4,2019,5,2019,8,2019,7,2020,5,2022,4,False,False,False,False,False,False,False,False,False,False,False,False,False,False,False,False,False,False,False,False,False,True,False,False,False,False,False,False,False,False,False,False,False,False,False,False,False,False,False,False,False,False,False,False,False,False,False,False,False,False,False,False,False,False,False,False,True,True,False,False,False
11.4,9.27,15,1,34.98,1.6,98.2,0,1529,50,0,0.8131578947368421,0.06666666666666667,36.58,2024,9,2026,9,2028,1,2029,10,2030,4,2031,2,False,False,False,False,True,False,False,False,False,False,False,False,False,False,False,False,False,False,False,False,False,False,False,False,False,False,False,False,False,False,False,False,False,False,False,False,False,False,False,False,False,False,False,True,False,False,False,False,False,False,False,False,False,False,False,True,False,False,False,False,False
38.91,19.64,76,17,159.37,8.44,96.8,2,45,22,0,0.5047545618093036,0.2236842105263158,167.81,2017,7,2017,8,2020,10,2018,7,2019,5,2020,7,False,False,False,False,False,True,False,False,False,False,True,False,False,False,False,False,False,False,False,False,False,False,False,False,False,False,False,False,False,False,False,False,False,False,False,False,False,False,False,False,False,False,False,False,False,False,False,False,False,False,False,False,False,True,False,False,False,False,True,True,False
83.36,52.64,154,30,237.48,9.55,97.8,2,2155,58,0,0.6314779270633397,0.19480519480519481,247.03,2019,11,2020,10,2020,11,2026,6,2026,10,2028,8,False,False,False,False,True,False,False,False,False,False,False,False,False,False,False,False,False,False,False,False,False,False,False,False,False,False,False,False,False,False,False,False,False,False,False,False,False,False,False,False,False,False,False,True,False,False,False,False,False,False,False,False,False,True,False,False,False,True,False,True,False
24.53,8.84,41,8,72.95,3.37,95.2,0,2387,70,1,0.3603750509580106,0.1951219512195122,76.32000000000001,2021,6,2022,12,2022,2,2026,12,2027,7,2029,8,False,False,False,False,False,False,False,True,False,False,False,False,False,False,False,False,False,False,False,False,False,False,False,False,False,False,False,False,False,False,False,False,False,False,False,False,False,False,False,False,False,True,False,False,False,False,False,False,False,False,False,False,False,False,False,True,False,False,True,True,False
10.71,2.31,20,3,23.37,1.44,91.7,0,858,74,1,0.2156862745098039,0.15,24.810000000000002,2021,8,2021,10,2022,8,2023,10,2025,1,2027,1,False,True,False,False,False,False,False,False,False,False,False,False,False,False,False,False,False,False,False,False,False,False,False,False,False,False,False,False,False,False,False,False,False,False,False,False,False,True,False,False,False,False,False,False,False,False,False,False,False,False,False,False,False,False,True,False,False,False,True,True,False
49.25,44.74,96,16,54.46,4.61,100.0,1,1999,48,0,0.9084263959390864,0.16666666666666666,59.07,2020,7,2021,11,2021,5,2025,11,2027,3,2029,3,False,True,False,False,False,False,False,False,False,False,False,False,False,False,False,False,False,False,False,False,False,False,False,False,False,False,False,False,False,False,False,False,False,False,False,True,False,False,False,False,False,False,False,False,False,False,False,False,False,False,False,False,False,False,False,False,True,False,False,False,True
12.92,7.58,15,3,30.82,0.82,100.0,2,1019,61,1,0.586687306501548,0.2,31.64,2017,5,2018,9,2018,12,2021,10,2022,10,2023,1,True,False,False,False,False,False,False,False,False,False,False,False,False,False,False,False,False,False,False,False,False,False,False,False,False,False,False,False,False,False,False,False,False,False,False,False,False,False,False,False,False,False,False,False,False,False,False,True,False,False,False,False,False,True,False,False,False,False,True,True,False
20.0,19.06,45,10,84.42,3.27,93.8,0,485,43,0,0.953,0.2222222222222222,87.69,2024,6,2026,9,2026,1,2027,10,2028,2,2028,8,False,False,False,False,False,False,True,False,False,False,False,False,False,False,False,False,False,False,False,True,False,False,False,False,False,False,False,False,False,False,False,False,False,False,False,False,False,False,False,False,False,False,False,False,False,False,False,False,False,False,False,False,False,False,False,True,False,True,False,False,True
39.07,32.54,80,14,129.59,7.16,100.0,4,1912,53,0,0.8328640900947017,0.175,136.75,2024,7,2026,1,2026,1,2029,2,2030,9,2031,10,False,False,True,False,False,False,False,False,False,False,False,False,False,False,False,False,False,False,False,False,False,False,False,False,False,False,False,True,False,False,False,False,False,False,False,False,False,False,False,False,False,False,False,False,False,False,False,False,False,False,False,False,False,True,False,False,False,True,False,False,False
116.82,102.89,203,32,305.35,11.16,86.5,4,742,52,0,0.8807567197397707,0.15763546798029557,316.51000000000005,2023,8,2025,8,2025,9,2024,10,2026,3,2027,7,False,False,False,False,False,False,False,False,False,False,False,False,False,False,False,False,False,False,False,False,False,True,False,False,False,False,False,False,False,False,False,False,False,False,False,False,False,False,False,False,False,False,False,False,False,False,False,False,False,False,False,False,False,False,False,True,False,True,False,False,False
30.77,29.18,54,13,95.3,4.85,98.9,0,1495,47,0,0.9483262918427039,0.24074074074074073,100.14999999999999,2022,12,2023,3,2023,3,2027,11,2028,8,2030,3,False,False,False,False,False,False,False,False,True,False,False,False,False,False,False,False,False,False,False,False,False,False,False,False,False,True,False,False,False,False,False,False,False,False,False,False,False,False,False,False,False,False,False,False,False,False,False,False,False,False,False,False,False,False,False,False,True,False,False,False,True
30.66,20.31,57,12,87.89,6.62,100.0,0,1638,54,0,0.6624266144814089,0.21052631578947367,94.51,2024,12,2026,2,2028,1,2029,3,2029,5,2031,5,True,False,False,False,False,False,False,False,False,True,False,False,False,False,False,False,False,False,False,False,False,False,False,False,False,False,False,False,False,False,False,False,False,False,False,False,False,False,False,False,False,False,False,False,False,False,False,False,False,False,False,False,False,False,False,True,False,True,False,False,False
62.65,50.08,96,20,261.62,2.16,87.9,4,1987,56,0,0.7993615323224261,0.20833333333333334,263.78000000000003,2023,8,2023,11,2026,3,2028,8,2029,4,2030,10,False,False,False,False,False,False,True,False,False,False,False,False,False,False,False,False,False,False,False,True,False,False,False,False,False,False,False,False,False,False,False,False,False,False,False,False,False,False,False,False,False,False,False,False,False,False,False,False,False,False,False,False,False,False,False,False,False,True,False,False,False
31.51,25.63,68,9,51.31,2.47,100.0,0,1835,49,0,0.8133925737860995,0.1323529411764706,53.78,2022,11,2023,2,2024,3,2026,12,2027,11,2029,12,False,True,False,False,False,False,False,False,False,False,False,False,False,False,False,False,False,False,False,False,False,False,False,False,False,False,False,False,False,False,False,False,False,False,False,True,False,False,False,False,False,False,False,False,False,False,False,False,False,False,False,False,False,False,False,True,False,False,False,False,False
56.57,38.04,78,13,231.27,8.71,100.0,1,1267,56,0,0.6724412232632136,0.16666666666666666,239.98000000000002,2024,7,2026,11,2027,2,2027,2,2028,2,2029,10,False,False,False,False,False,True,False,False,False,False,False,False,False,False,False,False,False,False,False,False,False,False,False,False,False,False,False,False,False,False,False,False,True,False,False,False,False,False,False,False,False,False,False,False,False,False,False,False,False,False,False,False,False,False,False,True,False,True,False,False,False
88.11,57.85,156,25,294.93,4.24,100.0,4,1820,57,0,0.6565656565656566,0.16025641025641027,299.17,2025,2,2027,7,2028,8,2028,4,2029,10,2031,8,False,False,False,False,False,False,False,False,True,False,False,False,False,False,False,False,False,False,False,False,False,False,False,False,False,True,False,False,False,False,False,False,False,False,False,False,False,False,False,False,False,False,False,False,False,False,False,False,False,False,False,False,False,False,False,False,True,True,False,False,False
21.59,5.83,43,6,27.48,4.15,100.0,0,1837,69,1,0.270032422417786,0.13953488372093023,31.630000000000003,2022,11,2024,12,2023,12,2029,2,2029,5,2029,6,False,False,False,False,False,False,True,False,False,False,False,False,False,False,False,False,False,False,False,False,False,False,False,False,False,False,False,False,False,False,False,False,False,False,False,False,False,False,False,False,False,False,False,False,False,True,False,False,False,False,False,False,False,False,False,True,False,False,True,True,False
2.0,1.59,5,1,4.35,0.41,91.0,0,1358,53,0,0.795,0.2,4.76,2021,9,2023,1,2023,10,2025,10,2026,8,2028,5,False,False,False,False,False,False,True,False,False,False,False,False,False,False,False,False,False,False,True,False,False,False,False,False,False,False,False,False,False,False,False,False,False,False,False,False,False,False,False,False,False,False,False,False,False,False,False,False,False,False,False,False,False,False,False,False,True,True,False,False,False
13.22,9.34,27,4,31.92,0.67,99.9,1,680,54,0,0.7065052950075642,0.14814814814814814,32.59,2017,6,2019,7,2021,9,2019,4,2020,3,2022,3,True,False,False,False,False,False,False,False,False,False,False,False,False,False,False,False,False,False,False,False,False,False,False,False,False,False,False,False,False,False,False,False,False,False,False,False,False,False,False,False,False,False,False,False,False,False,False,True,False,False,False,False,False,False,False,False,False,True,False,False,False
100.35,78.35,177,37,111.07,3.55,100.0,3,2438,51,0,0.7807673143996013,0.20903954802259886,114.61999999999999,2017,7,2018,5,2020,1,2023,7,2024,11,2025,10,False,False,False,False,False,False,False,False,True,False,False,False,False,False,False,False,False,False,False,False,False,False,False,False,True,False,False,False,False,False,False,False,False,False,False,False,False,False,False,False,False,False,False,False,False,False,False,False,False,False,False,False,False,False,False,False,True,False,False,False,False
28.97,22.23,43,11,82.58,3.02,89.3,2,1077,55,0,0.7673455298584744,0.2558139534883721,85.6,2016,4,2017,8,2019,11,2019,5,2020,8,2020,11,False,False,False,True,False,False,False,False,False,False,False,False,False,False,False,False,False,False,False,False,False,False,False,False,False,False,False,False,False,False,False,False,False,False,False,False,False,False,False,False,False,False,True,False,False,False,False,False,False,False,False,False,False,True,False,False,False,True,False,False,False
21.35,16.81,35,2,37.57,1.11,94.0,1,2252,55,0,0.7873536299765806,0.05714285714285714,38.68,2023,4,2024,11,2027,2,2029,6,2030,12,2032,7,False,False,True,False,False,False,False,False,False,False,False,False,False,False,False,False,False,False,False,False,False,False,False,True,False,False,False,False,False,False,False,False,False,False,False,False,False,False,False,False,False,False,False,False,False,False,False,False,False,False,False,False,False,False,False,False,True,True,False,False,False
96.23,54.47,177,26,240.1,18.98,100.0,5,0,16,0,0.5660396965603242,0.14689265536723164,259.08,2016,11,2018,12,2020,5,2018,3,2018,5,2019,2,False,False,False,True,False,False,False,False,False,False,False,False,True,False,False,False,False,False,False,False,False,False,False,False,False,False,False,False,False,False,False,False,False,False,False,False,False,False,False,False,False,False,False,False,False,False,False,False,False,False,False,False,False,False,False,False,False,False,True,True,False
27.08,24.67,45,16,65.63,3.06,100.0,0,1884,49,0,0.9110044313146235,0.35555555555555557,68.69,2024,5,2025,3,2025,8,2028,3,2029,9,2031,1,False,False,False,False,False,False,False,False,True,False,False,False,False,False,False,False,False,False,False,False,False,False,False,False,True,False,False,False,False,False,False,False,False,False,False,False,False,False,False,False,False,False,False,False,False,False,False,False,False,False,False,False,True,False,False,False,False,True,False,False,True
3.7,3.17,5,1,10.1,0.22,100.0,0,794,51,0,0.8567567567567567,0.2,10.32,2019,2,2020,6,2023,6,2021,4,2022,5,2023,8,False,False,False,True,False,False,False,False,False,False,False,False,False,False,False,False,False,False,False,False,False,False,False,False,False,False,False,False,False,False,False,False,False,False,False,False,False,False,True,False,False,False,False,False,False,False,False,False,False,False,False,False,False,False,False,True,False,True,False,False,False
6.65,6.52,9,0,26.14,0.33,100.0,0,0,0,0,0.9804511278195488,0.0,26.47,2017,9,2020,1,2021,9,2018,7,2019,7,2019,11,False,False,False,False,False,False,False,True,False,False,False,False,False,False,False,False,False,False,False,False,False,False,False,False,False,False,False,False,False,False,False,False,False,False,False,False,False,False,False,False,False,False,False,False,False,False,False,False,False,False,False,True,False,False,False,False,True,False,False,False,True
45.54,40.26,90,13,167.99,9.32,90.0,2,931,50,0,0.8840579710144927,0.14444444444444443,177.31,2017,3,2017,10,2021,1,2020,11,2021,2,2022,5,False,True,False,False,False,False,False,False,False,False,False,False,False,False,False,False,False,False,False,False,False,False,False,False,False,False,False,False,False,False,False,False,False,False,False,True,False,False,False,False,False,False,False,False,False,False,False,False,False,False,False,False,False,False,False,True,False,False,False,False,False
28.03,20.05,55,16,112.96,5.05,100.0,0,739,53,0,0.7153050303246522,0.2909090909090909,118.00999999999999,2023,6,2025,2,2026,6,2027,6,2027,12,2027,12,False,False,False,False,False,False,False,True,False,False,False,False,False,False,False,False,False,False,False,False,False,False,False,False,False,False,False,False,False,False,False,False,False,False,False,False,False,False,False,False,False,True,False,False,False,False,False,False,False,False,False,False,False,False,True,False,False,True,False,False,False
128.34,109.83,203,44,374.46,18.63,97.6,6,430,42,0,0.8557737260402056,0.21674876847290642,393.09,2023,4,2025,10,2026,11,2023,11,2024,11,2026,6,False,False,False,False,True,False,False,False,False,False,False,False,False,False,False,False,False,False,False,False,False,False,False,False,False,False,False,False,False,False,False,False,False,False,False,False,False,False,False,False,False,False,False,False,False,False,True,False,False,False,False,False,False,True,False,False,False,False,False,False,False
14.39,7.74,27,3,44.3,0.77,100.0,0,1194,62,1,0.5378735232800556,0.1111111111111111,45.07,2017,9,2019,3,2019,10,2020,8,2020,11,2022,5,False,False,False,True,False,False,False,False,False,False,False,False,True,False,False,False,False,False,False,False,False,False,False,False,False,False,False,False,False,False,False,False,False,False,False,False,False,False,False,False,False,False,False,False,False,False,False,False,False,False,False,False,False,True,False,False,False,False,True,True,False
21.99,12.25,49,3,52.62,4.04,84.6,6,561,64,1,0.5570713960891315,0.061224489795918366,56.66,2020,3,2021,8,2023,10,2022,12,2024,2,2024,5,False,False,False,False,True,False,False,False,False,False,False,False,False,False,False,False,False,False,False,False,False,False,False,False,False,False,False,False,False,False,False,False,False,False,False,False,False,False,False,False,False,False,False,False,False,False,True,False,False,False,False,False,False,False,True,False,False,False,True,True,False
12.37,3.85,18,0,42.72,1.93,96.7,1,948,70,1,0.31123686337914314,0.0,44.65,2018,8,2020,11,2020,1,2020,11,2022,6,2023,6,False,False,False,False,False,True,False,False,False,False,False,False,False,False,False,False,False,False,False,False,False,False,False,False,False,False,False,False,True,False,False,False,False,False,False,False,False,False,False,False,False,False,False,False,False,False,False,False,False,False,False,False,False,False,True,False,False,False,True,True,False
17.8,8.35,36,7,27.73,3.48,93.1,1,2556,64,1,0.4691011235955056,0.19444444444444445,31.21,2021,7,2023,10,2025,11,2027,4,2028,7,2030,6,False,False,False,False,False,False,False,False,False,False,False,False,False,False,False,True,False,False,False,False,False,False,False,False,False,False,False,False,False,False,False,False,False,False,False,False,False,False,False,False,False,False,False,False,False,False,False,False,False,False,False,False,False,False,False,False,True,False,True,True,False
4.52,3.88,6,0,11.56,0.19,100.0,0,942,49,0,0.8584070796460177,0.0,11.75,2017,10,2019,4,2018,9,2019,7,2019,11,2021,12,False,False,False,False,False,True,False,False,False,False,True,False,False,False,False,False,False,False,False,False,False,False,False,False,False,False,False,False,False,False,False,False,False,False,False,False,False,False,False,False,False,False,False,False,False,False,False,False,False,False,False,False,False,False,True,False,False,False,False,False,False
20.38,14.48,42,14,70.16,4.83,100.0,1,2206,56,0,0.7105004906771345,0.3333333333333333,74.99,2018,2,2018,5,2019,11,2024,1,2025,2,2026,6,False,False,False,False,False,False,False,False,True,False,False,False,False,False,False,False,False,False,False,False,False,False,False,False,False,False,False,False,False,False,False,True,False,False,False,False,False,False,False,False,False,False,False,False,False,False,False,False,False,False,False,False,True,False,False,False,False,True,False,False,False
28.45,19.29,50,7,104.64,1.35,100.0,0,1231,57,0,0.6780316344463971,0.14,105.99,2019,9,2022,3,2022,2,2022,12,2024,3,2026,3,False,False,False,False,False,False,True,False,False,False,False,False,False,False,False,False,False,False,True,False,False,False,False,False,False,False,False,False,False,False,False,False,False,False,False,False,False,False,False,False,False,False,False,False,False,False,False,False,False,False,False,False,False,False,False,True,False,False,True,False,False
26.15,24.48,66,14,44.91,5.0,88.2,5,877,51,0,0.9361376673040154,0.21212121212121213,49.91,2016,8,2019,1,2017,3,2020,8,2020,12,2021,11,False,True,False,False,False,False,False,False,False,False,False,False,False,False,True,False,False,False,False,False,False,False,False,False,False,False,False,False,False,False,False,False,False,False,False,False,False,False,False,False,False,False,False,False,False,False,False,False,False,False,False,False,False,False,False,True,False,False,False,False,True
257.12,144.4,473,81,378.41,54.16,86.7,8,321,47,0,0.5616054760423149,0.17124735729386892,432.57000000000005,2023,8,2024,3,2026,8,2024,4,2025,10,2026,6,False,False,False,True,False,False,False,False,False,False,False,False,False,False,False,False,False,False,False,False,False,False,False,False,False,False,False,False,False,False,False,False,False,False,False,False,False,False,False,False,False,False,True,False,False,False,False,False,False,False,False,False,False,False,False,False,False,False,True,True,False
187.44,130.54,341,54,350.06,34.86,100.0,7,1126,57,0,0.6964361929150661,0.15835777126099707,384.92,2019,11,2021,9,2022,5,2024,6,2025,5,2026,1,True,False,False,False,False,False,False,False,False,True,False,False,False,False,False,False,False,False,False,False,False,False,False,False,False,False,False,False,False,False,False,False,False,False,False,False,False,False,False,False,False,False,False,False,False,False,False,False,False,False,False,False,False,False,True,False,False,True,False,False,False
14.14,4.48,24,5,59.45,2.11,100.0,0,181,39,0,0.31683168316831684,0.20833333333333334,61.56,2019,3,2020,12,2023,2,2020,1,2021,6,2021,10,False,False,False,False,False,False,False,False,False,False,False,False,False,False,False,True,False,False,False,False,False,False,False,False,False,False,False,False,False,False,False,False,False,False,False,False,False,False,False,False,False,False,False,False,False,False,False,False,False,False,False,False,False,False,True,False,False,False,True,True,False
3.88,3.07,9,0,4.96,0.95,100.0,0,442,45,0,0.7912371134020618,0.0,5.91,2022,8,2024,9,2025,6,2023,12,2024,8,2026,7,False,False,True,False,False,False,False,False,False,False,False,False,False,False,False,False,False,False,False,False,False,False,False,True,False,False,False,False,False,False,False,False,False,False,False,False,False,False,False,False,False,False,False,False,False,False,False,False,False,False,False,False,True,False,False,False,False,True,False,False,False
27.13,22.56,47,11,117.38,4.1,100.0,1,1633,51,0,0.8315517876889053,0.23404255319148937,121.47999999999999,2021,8,2022,6,2024,4,2026,10,2026,12,2028,4,False,False,True,False,False,False,False,False,False,False,False,False,False,False,False,False,False,False,False,False,False,False,False,True,False,False,False,False,False,False,False,False,False,False,False,False,False,False,False,False,False,False,False,False,False,False,False,False,False,False,False,False,False,True,False,False,False,True,False,False,False
43.66,22.39,76,14,195.63,1.94,98.4,0,1853,60,0,0.5128263857077416,0.18421052631578946,197.57,2023,10,2026,3,2026,7,2028,12,2029,11,2031,10,False,False,True,False,False,False,False,False,False,False,False,False,False,False,False,False,False,False,False,False,False,False,False,True,False,False,False,False,False,False,False,False,False,False,False,False,False,False,False,False,False,False,False,False,False,False,False,False,False,False,False,False,False,True,False,False,False,True,False,True,False
12.67,11.41,23,7,46.86,1.27,82.3,0,1179,52,0,0.9005524861878453,0.30434782608695654,48.13,2023,12,2024,9,2028,4,2027,6,2027,8,2028,9,False,False,False,True,False,False,False,False,False,False,False,False,True,False,False,False,False,False,False,False,False,False,False,False,False,False,False,False,False,False,False,False,False,False,False,False,False,False,False,False,False,False,False,False,False,False,False,False,False,False,False,False,False,False,False,True,False,True,False,False,True
13.32,10.19,29,8,48.13,1.82,97.5,2,218,26,0,0.765015015015015,0.27586206896551724,49.95,2025,4,2026,7,2027,9,2027,5,2027,9,2028,1,False,False,True,False,False,False,False,False,False,False,False,False,False,False,False,False,False,False,False,False,False,False,False,False,False,False,False,False,False,False,False,False,False,False,False,False,False,False,False,False,False,False,False,False,False,False,False,False,False,True,False,False,False,False,False,True,False,True,False,False,False
145.85,102.11,264,68,631.12,19.7,90.6,4,653,58,0,0.7001028453890984,0.25757575757575757,650.82,2016,7,2018,11,2017,8,2018,7,2019,6,2020,12,False,False,False,False,False,False,False,True,False,False,False,False,False,False,False,False,False,False,False,False,False,False,True,False,False,False,False,False,False,False,False,False,False,False,False,False,False,False,False,False,False,False,False,False,False,False,False,False,False,False,False,False,False,False,False,False,True,True,False,False,False
23.16,20.29,29,3,43.42,1.25,100.0,2,1800,51,0,0.8760794473229706,0.10344827586206896,44.67,2022,9,2023,10,2026,6,2028,7,2029,2,2030,9,False,False,False,False,False,False,False,False,False,False,False,False,False,False,False,False,False,False,False,False,False,False,False,False,False,False,False,False,False,False,False,False,False,False,False,False,False,False,False,False,True,False,False,False,False,False,False,False,False,False,False,False,True,False,False,False,False,True,False,False,False
58.1,28.43,104,28,74.21,11.24,98.5,2,623,64,1,0.489328743545611,0.2692307692307692,85.44999999999999,2016,9,2017,6,2017,6,2020,1,2020,5,2020,11,False,False,False,False,False,False,False,True,False,False,False,False,False,False,False,False,False,False,False,False,False,False,False,False,False,False,False,False,False,False,False,False,False,False,False,False,False,False,False,False,False,False,False,False,False,False,False,False,False,False,False,True,False,False,False,False,False,False,True,True,False
11.82,8.92,25,4,45.45,1.07,97.3,2,1129,53,0,0.754653130287648,0.16,46.52,2023,4,2024,10,2023,10,2027,3,2028,6,2028,9,False,False,False,False,False,False,True,False,False,False,False,False,False,False,False,False,False,False,False,False,False,False,False,False,False,False,False,False,False,False,False,False,False,False,False,False,False,False,False,False,False,False,False,False,False,True,False,False,False,False,False,False,False,False,False,False,False,True,False,False,False
28.31,14.1,49,7,40.55,4.2,100.0,0,888,62,1,0.49805722359590254,0.14285714285714285,44.75,2020,11,2022,3,2023,10,2023,2,2023,4,2024,11,False,False,False,False,False,False,False,False,False,False,False,False,False,False,False,False,False,False,False,False,False,True,False,False,False,False,False,False,False,False,False,False,False,False,False,False,False,False,False,False,False,False,False,False,False,False,False,False,False,False,False,False,True,False,False,False,False,False,True,True,False
21.41,11.33,40,9,20.73,4.31,99.8,1,2057,61,1,0.5291919663708547,0.225,25.04,2021,5,2022,5,2025,5,2026,4,2027,6,2029,7,False,False,False,False,False,False,False,True,False,False,False,False,False,False,False,False,False,False,False,False,False,False,False,False,False,False,False,False,False,False,False,False,False,False,False,False,False,False,False,False,False,False,False,False,False,False,False,False,False,False,False,False,False,False,False,False,False,False,True,True,False
15.25,9.16,16,2,23.29,1.49,98.0,1,2246,61,1,0.6006557377049181,0.125,24.779999999999998,2016,4,2018,1,2018,11,2022,6,2023,2,2024,1,False,False,False,False,False,False,False,False,False,False,False,False,False,False,False,False,False,False,False,False,False,True,False,False,False,False,False,False,False,False,False,False,False,False,False,False,False,False,False,False,False,False,False,False,False,False,False,False,False,False,False,False,False,True,False,False,False,False,True,True,False
95.14,73.41,163,32,230.26,5.48,92.7,3,0,10,0,0.7715997477401724,0.19631901840490798,235.73999999999998,2019,7,2020,10,2022,8,2020,4,2021,3,2022,5,False,False,False,False,False,False,True,False,False,False,False,False,False,False,False,False,False,False,False,False,False,False,False,False,False,False,False,False,False,False,False,False,False,False,True,False,False,False,False,False,False,False,False,False,False,False,False,False,False,False,False,False,False,False,False,False,False,True,False,False,False
7.47,4.82,9,3,19.66,1.04,86.0,0,1409,60,0,0.6452476572958501,0.3333333333333333,20.7,2016,5,2018,5,2018,7,2020,7,2021,1,2022,9,False,False,False,False,True,False,False,False,False,False,False,False,False,False,False,False,False,False,False,False,False,False,False,False,False,False,False,False,False,False,False,False,False,False,False,False,False,False,False,False,False,False,False,False,False,False,True,False,False,False,False,False,False,False,False,False,False,False,True,True,False
40.45,34.0,82,17,41.71,2.39,100.0,2,583,52,0,0.8405438813349814,0.2073170731707317,44.1,2023,1,2024,5,2026,12,2024,12,2025,1,2026,5,False,False,False,True,False,False,False,False,False,False,False,False,False,False,False,False,False,False,False,False,False,False,False,False,False,False,False,False,False,False,False,False,False,False,False,False,False,False,False,True,False,False,False,False,False,False,False,False,False,False,False,False,True,False,False,False,False,True,False,False,False
21.01,14.92,37,5,51.28,1.48,85.6,2,602,57,0,0.7101380295097572,0.13513513513513514,52.76,2021,6,2022,5,2024,5,2024,1,2024,9,2025,12,False,False,False,True,False,False,False,False,False,False,False,False,False,False,False,False,False,False,False,False,False,False,False,False,False,False,False,False,False,False,False,False,False,False,False,False,False,False,False,True,False,False,False,False,False,False,False,False,False,False,False,False,True,False,False,False,False,True,False,False,False
45.37,35.57,92,16,137.74,3.12,100.0,4,1232,54,0,0.7839982367202998,0.17391304347826086,140.86,2022,12,2024,11,2023,5,2027,9,2029,2,2029,6,False,False,True,False,False,False,False,False,False,False,False,False,False,False,False,False,False,False,False,False,False,False,False,False,False,False,False,False,False,False,False,False,False,False,False,False,False,False,False,False,False,False,False,False,False,False,False,False,False,True,False,False,False,False,False,False,False,True,False,False,False
21.29,7.97,42,7,90.43,3.64,96.3,0,806,68,1,0.37435415688116486,0.16666666666666666,94.07000000000001,2019,4,2019,8,2020,10,2021,11,2023,6,2023,8,False,False,False,False,False,True,False,False,False,False,True,False,False,False,False,False,False,False,False,False,False,False,False,False,False,False,False,False,False,False,False,False,False,False,False,False,False,False,False,False,False,False,False,False,False,False,False,False,False,False,False,False,False,False,True,False,False,False,True,True,False
71.32,50.67,131,23,117.04,13.2,69.2,5,1989,59,0,0.7104598990465508,0.17557251908396945,130.24,2021,11,2023,2,2025,4,2026,12,2027,12,2030,2,False,False,True,False,False,False,False,False,False,False,False,False,False,False,False,False,False,False,False,False,False,False,False,False,False,False,True,False,False,False,False,False,False,False,False,False,False,False,False,False,False,False,False,False,False,False,False,False,False,False,False,False,True,False,False,False,False,True,False,False,False
11.71,7.59,20,2,18.51,0.88,100.0,0,1019,58,0,0.6481639624252775,0.1,19.39,2019,7,2021,11,2021,9,2025,1,2025,2,2025,7,False,False,False,False,False,False,False,False,True,False,False,False,False,False,False,False,False,False,False,False,False,False,False,False,False,False,False,False,False,False,False,True,False,False,False,False,False,False,False,False,False,False,False,False,False,False,False,False,False,False,False,False,False,False,False,False,True,False,True,True,False
95.35,87.5,166,29,213.67,19.58,96.8,2,1182,48,0,0.9176717357105402,0.1746987951807229,233.25,2025,7,2026,1,2028,8,2028,10,2029,12,2030,7,False,False,False,False,False,False,False,True,False,False,False,False,False,False,False,False,False,False,False,False,False,False,False,False,False,False,False,False,False,False,True,False,False,False,False,False,False,False,False,False,False,False,False,False,False,False,False,False,False,False,False,False,False,False,False,False,True,False,False,False,True
29.11,21.22,54,10,129.23,1.83,100.0,3,2217,54,0,0.7289591205771212,0.18518518518518517,131.06,2017,1,2017,4,2017,9,2022,5,2023,1,2025,1,False,False,False,False,False,False,False,False,False,False,False,False,False,False,False,True,False,False,False,False,False,False,False,False,False,False,False,False,False,False,False,False,False,False,False,False,False,False,False,False,False,False,False,False,False,False,False,False,False,False,False,False,False,True,False,False,False,True,False,False,False
7.94,6.33,10,2,16.23,0.52,92.0,0,1906,54,0,0.7972292191435768,0.2,16.75,2018,7,2018,8,2019,10,2023,12,2024,10,2026,12,False,False,False,False,False,True,False,False,False,False,False,False,False,False,False,False,False,False,False,False,False,False,False,False,False,False,False,False,True,False,False,False,False,False,False,False,False,False,False,False,False,False,False,False,False,False,False,False,False,False,False,False,False,False,False,False,False,True,False,False,False
59.16,46.79,87,19,56.93,6.01,93.7,4,1066,53,0,0.7909060175794456,0.21839080459770116,62.94,2025,6,2026,7,2028,6,2028,10,2029,10,2030,10,False,False,False,False,False,False,True,False,False,False,False,False,False,False,False,False,False,False,False,True,False,False,False,False,False,False,False,False,False,False,False,False,False,False,False,False,False,False,False,False,False,False,False,False,False,False,False,False,False,False,False,False,False,False,True,False,False,True,False,False,False
24.56,19.71,48,9,43.78,4.84,100.0,0,1970,52,0,0.8025244299674268,0.1875,48.620000000000005,2018,2,2019,8,2018,12,2022,9,2023,10,2025,8,False,False,False,False,False,False,False,False,True,False,False,False,False,False,False,False,False,False,False,False,False,False,False,False,False,True,False,False,False,False,False,False,False,False,False,False,False,False,False,False,False,False,False,False,False,False,False,False,False,False,False,False,False,True,False,False,False,True,False,False,False
5.43,5.07,5,0,15.56,0.29,100.0,0,1557,47,0,0.9337016574585636,0.0,15.85,2023,3,2025,1,2026,8,2028,4,2028,5,2029,7,False,False,False,False,False,False,True,False,False,False,False,False,False,False,False,False,False,False,False,False,False,False,False,False,False,False,False,False,False,False,False,False,False,False,True,False,False,False,False,False,False,False,False,False,False,False,False,False,False,False,False,False,False,False,False,False,False,False,False,False,True
41.78,32.6,66,13,97.2,2.51,100.0,4,1199,52,0,0.7802776448061274,0.19696969696969696,99.71000000000001,2025,6,2025,8,2026,9,2029,1,2029,10,2031,8,False,False,False,True,False,False,False,False,False,False,False,False,False,False,False,False,False,False,False,False,False,False,False,False,False,False,False,False,False,False,False,False,False,False,False,False,False,False,True,False,False,False,False,False,False,False,False,False,False,False,False,False,True,False,False,False,False,False,False,False,False
81.99,69.6,141,29,300.46,9.38,99.4,4,2109,52,0,0.8488840102451518,0.20567375886524822,309.84,2017,11,2018,3,2021,2,2023,4,2024,4,2025,10,False,False,False,True,False,False,False,False,False,False,False,False,False,False,False,False,False,False,False,False,False,False,False,False,False,False,False,False,False,False,False,False,False,False,False,False,False,False,False,True,False,False,False,False,False,False,False,False,False,False,False,False,False,False,False,False,True,True,False,False,False
108.0,88.05,179,34,329.07,12.11,100.0,2,2571,52,0,0.8152777777777778,0.18994413407821228,341.18,2017,5,2019,4,2019,3,2023,10,2024,11,2026,8,False,False,True,False,False,False,False,False,False,False,False,False,False,False,False,False,False,False,False,False,False,False,False,False,False,False,True,False,False,False,False,False,False,False,False,False,False,False,False,False,False,False,False,False,False,False,False,False,False,False,False,False,False,False,False,True,False,True,False,False,False
20.53,18.66,40,5,58.92,0.86,98.4,0,834,47,0,0.9089137847053093,0.125,59.78,2017,12,2020,2,2018,5,2020,6,2021,10,2022,6,False,False,False,False,False,False,False,True,False,False,False,False,False,False,False,False,False,False,False,False,False,False,False,False,False,False,False,False,False,False,False,False,False,True,False,False,False,False,False,False,False,False,False,False,False,False,False,False,False,False,False,False,False,False,True,False,False,False,False,False,True
34.65,30.62,65,10,69.13,1.44,100.0,1,1978,49,0,0.8836940836940838,0.15384615384615385,70.57,2018,3,2019,10,2022,5,2024,8,2026,1,2026,4,False,False,False,False,False,True,False,False,False,False,False,False,False,False,False,False,False,False,False,False,False,False,False,False,False,False,False,False,False,False,False,False,True,False,False,False,False,False,False,False,False,False,False,False,False,False,False,False,False,False,False,False,False,False,False,True,False,False,False,False,False
31.52,30.39,50,13,89.57,2.39,100.0,0,401,34,0,0.9641497461928934,0.26,91.96,2022,8,2023,8,2024,8,2024,6,2024,9,2026,3,False,True,False,False,False,False,False,False,False,False,False,False,False,False,True,False,False,False,False,False,False,False,False,False,False,False,False,False,False,False,False,False,False,False,False,False,False,False,False,False,False,False,False,False,False,False,False,False,False,False,False,False,False,False,False,False,True,False,False,False,True
132.93,75.95,261,59,409.12,24.57,96.9,6,1515,63,1,0.5713533438651922,0.2260536398467433,433.69,2017,6,2019,1,2020,12,2022,10,2022,12,2023,3,False,False,False,False,False,False,False,False,True,False,False,False,False,True,False,False,False,False,False,False,False,False,False,False,False,False,False,False,False,False,False,False,False,False,False,False,False,False,False,False,False,False,False,False,False,False,False,False,False,False,False,False,False,False,False,True,False,False,True,True,False
13.32,10.06,14,3,19.49,0.79,98.6,1,742,55,0,0.7552552552552553,0.21428571428571427,20.279999999999998,2021,10,2024,2,2025,2,2025,9,2026,1,2026,8,False,False,False,False,False,False,False,False,True,False,False,False,False,False,False,False,False,False,False,False,False,False,False,False,False,False,False,False,False,False,False,True,False,False,False,False,False,False,False,False,False,False,False,False,False,False,False,False,False,False,False,False,True,False,False,False,False,True,False,False,False
18.83,11.54,36,9,66.33,1.48,96.7,0,2134,59,0,0.6128518321826872,0.25,67.81,2024,4,2025,5,2024,10,2030,2,2030,12,2031,9,False,False,True,False,False,False,False,False,False,False,False,False,False,False,False,False,False,False,False,False,False,False,False,False,False,False,False,False,False,False,False,False,False,False,False,False,False,False,False,False,False,False,False,False,False,False,False,False,False,True,False,False,False,False,False,False,False,False,True,True,False
13.0,11.45,18,6,29.3,0.56,100.0,0,949,50,0,0.8807692307692307,0.3333333333333333,29.86,2017,5,2017,12,2018,4,2019,5,2019,11,2021,10,False,False,False,True,False,False,False,False,False,False,False,False,False,False,False,False,False,False,False,False,False,False,False,False,False,False,False,False,False,False,False,False,False,False,False,False,False,False,False,False,False,False,True,False,False,False,False,False,False,False,False,False,True,False,False,False,False,True,False,False,False
7.03,6.97,14,2,24.93,0.67,100.0,1,112,10,0,0.9914651493598862,0.14285714285714285,25.6,2025,5,2026,8,2029,2,2026,4,2026,10,2028,3,False,False,True,False,False,False,False,False,False,False,False,False,False,False,False,False,False,False,False,False,False,False,False,False,False,False,False,False,False,False,False,False,False,False,False,False,False,False,False,False,False,False,False,False,False,False,False,False,False,True,False,False,False,False,False,True,False,False,False,False,True
38.39,28.87,64,12,55.95,4.36,98.5,1,1112,54,0,0.7520187548840844,0.1875,60.31,2018,3,2020,4,2020,11,2022,10,2024,1,2024,3,False,False,False,False,False,False,False,False,False,False,False,False,False,False,False,False,False,False,False,False,False,False,False,False,False,False,False,False,False,False,False,False,False,False,False,False,False,False,False,False,True,False,False,False,False,False,False,False,False,False,False,False,True,False,False,False,False,True,False,False,False
148.61,86.6,303,63,479.88,8.89,95.1,14,2404,65,1,0.5827333288473184,0.2079207920792079,488.77,2017,12,2018,8,2020,12,2024,6,2025,5,2026,9,False,False,False,False,False,True,False,False,False,False,False,True,False,False,False,False,False,False,False,False,False,False,False,False,False,False,False,False,False,False,False,False,False,False,False,False,False,False,False,False,False,False,False,False,False,False,False,False,False,False,False,False,False,False,False,False,True,False,True,True,False
24.57,20.08,50,8,22.1,1.07,86.7,2,2000,54,0,0.8172568172568172,0.16,23.17,2022,6,2024,11,2022,10,2028,8,2029,7,2030,5,False,False,False,False,False,False,False,True,False,False,False,False,False,False,False,False,False,False,False,False,False,False,False,False,False,False,False,False,False,False,False,False,False,False,False,False,False,False,False,False,False,True,False,False,False,False,False,False,False,False,False,False,False,False,True,False,False,True,False,False,False
12.41,9.19,19,5,17.23,0.62,85.7,1,1137,57,0,0.7405318291700241,0.2631578947368421,17.85,2017,1,2018,12,2020,3,2021,5,2021,7,2023,1,False,False,False,False,True,False,False,False,False,False,False,False,False,False,False,False,False,False,False,False,False,False,False,False,False,False,False,False,False,False,False,False,False,False,False,False,False,False,False,False,False,False,False,True,False,False,False,False,False,False,False,False,True,False,False,False,False,True,False,False,False
36.12,31.06,73,16,147.99,6.85,100.0,2,1445,52,0,0.8599114064230343,0.2191780821917808,154.84,2023,11,2024,7,2026,3,2028,2,2028,11,2030,3,True,False,False,False,False,False,False,False,False,True,False,False,False,False,False,False,False,False,False,False,False,False,False,False,False,False,False,False,False,False,False,False,False,False,False,False,False,False,False,False,False,False,False,False,False,False,False,False,False,False,False,False,False,False,False,False,True,True,False,False,False
54.01,30.52,79,18,135.43,5.26,91.6,2,1993,61,1,0.5650805406406221,0.22784810126582278,140.69,2016,8,2017,2,2020,12,2021,11,2022,11,2023,12,True,False,False,False,False,False,False,False,False,False,False,False,False,False,False,False,False,False,False,False,False,False,False,False,False,False,False,False,False,False,False,False,False,False,False,False,False,False,False,False,False,False,False,False,False,False,False,True,False,False,False,False,False,False,True,False,False,False,True,True,False
25.63,23.96,38,3,68.67,2.45,90.2,0,1277,48,0,0.9348419820522825,0.07894736842105263,71.12,2024,4,2024,7,2027,2,2027,9,2027,12,2029,2,False,False,True,False,False,False,False,False,False,False,False,False,False,False,False,False,True,False,False,False,False,False,False,False,False,False,False,False,False,False,False,False,False,False,False,False,False,False,False,False,False,False,False,False,False,False,False,False,False,False,False,False,False,False,False,False,False,False,False,False,True
121.94,110.29,200,33,507.03,4.4,100.0,5,1756,50,0,0.9044612104313597,0.165,511.42999999999995,2019,1,2021,2,2020,1,2024,5,2024,6,2025,11,False,False,False,False,False,False,False,False,False,False,False,False,False,False,False,True,False,False,False,False,False,False,False,False,False,False,False,False,False,False,False,False,False,False,False,False,False,False,False,False,False,False,False,False,False,False,False,False,False,False,False,False,False,False,False,True,False,False,False,False,True
13.3,8.93,26,3,34.5,2.37,93.0,0,1278,57,0,0.6714285714285714,0.11538461538461539,36.87,2021,9,2023,9,2023,1,2023,10,2025,1,2027,1,False,False,False,False,False,True,False,False,False,False,False,False,False,False,False,False,False,False,False,False,False,False,False,False,False,False,False,False,False,False,False,False,True,False,False,False,False,False,False,False,False,False,False,False,False,False,False,False,False,False,False,False,False,False,False,False,False,True,False,False,False
22.49,16.27,35,9,72.46,1.41,89.2,0,2093,56,0,0.7234326367274344,0.2571428571428571,73.86999999999999,2022,12,2023,1,2024,1,2027,9,2028,11,2030,5,False,True,False,False,False,False,False,False,False,False,False,False,False,False,False,False,False,False,False,False,False,False,False,False,False,False,False,False,False,False,False,False,False,False,False,False,False,True,False,False,False,False,False,False,False,False,False,False,False,False,False,False,False,True,False,False,False,True,False,False,False
40.29,25.49,65,12,65.32,1.89,100.0,1,1434,59,0,0.6326631918590221,0.18461538461538463,67.21,2024,6,2024,10,2028,4,2027,7,2028,11,2030,6,True,False,False,False,False,False,False,False,False,False,False,False,False,False,False,False,False,False,False,False,False,False,False,False,False,False,False,False,False,False,False,False,False,False,False,False,False,False,False,False,False,False,False,False,False,False,False,True,False,False,False,False,False,False,False,False,True,False,True,True,False
44.39,35.0,57,12,48.91,5.94,100.0,0,1830,50,0,0.7884658706915972,0.21052631578947367,54.849999999999994,2023,7,2025,4,2026,8,2028,12,2029,8,2031,8,False,False,False,False,False,True,False,False,False,False,False,False,False,False,False,False,False,False,False,False,False,False,False,False,False,False,False,False,True,False,False,False,False,False,False,False,False,False,False,False,False,False,False,False,False,False,False,False,False,False,False,False,False,False,True,False,False,False,False,False,False
31.41,17.41,59,6,66.19,4.05,97.3,1,1404,60,0,0.5542820757720471,0.1016949152542373,70.24,2019,9,2021,6,2022,2,2025,2,2025,11,2026,3,False,False,False,False,False,False,False,True,False,False,False,False,False,False,False,False,False,False,False,False,False,False,False,False,False,False,False,False,False,False,False,False,False,False,False,False,False,False,False,False,False,False,False,False,False,False,False,False,False,False,False,True,True,False,False,False,False,True,False,True,False
8.34,6.98,17,3,31.32,1.61,92.7,1,1151,51,0,0.8369304556354916,0.17647058823529413,32.93,2016,3,2017,7,2019,5,2020,12,2021,5,2022,8,False,False,False,False,False,False,True,False,False,False,False,False,False,False,False,False,False,False,False,True,False,False,False,False,False,False,False,False,False,False,False,False,False,False,False,False,False,False,False,False,False,False,False,False,False,False,False,False,False,False,False,False,False,False,False,False,False,False,False,False,False
310.45,179.02,582,99,761.63,59.47,100.0,16,1805,66,1,0.5766468030278629,0.17010309278350516,821.1,2024,5,2026,3,2025,9,2029,11,2030,1,2030,11,False,False,False,False,False,False,False,False,False,False,False,False,False,False,False,False,False,False,False,False,False,True,False,False,False,False,False,False,False,False,False,False,False,False,False,False,False,False,False,False,False,False,False,False,False,False,False,False,False,False,False,False,False,False,True,False,False,False,True,True,False
23.67,17.48,33,5,33.66,3.84,86.1,0,1165,55,0,0.7384875369666244,0.15151515151515152,37.5,2023,1,2024,6,2027,4,2026,4,2027,2,2027,12,False,False,False,True,False,False,False,False,False,False,False,False,False,False,False,False,False,False,False,False,False,False,False,False,False,False,False,False,False,False,False,False,False,False,False,False,False,False,False,False,False,False,False,False,False,False,False,False,True,False,False,False,False,False,False,False,True,True,False,False,False
33.46,29.94,78,9,94.25,6.42,100.0,2,0,4,0,0.8947997609085475,0.11538461538461539,100.67,2021,4,2021,9,2024,1,2022,4,2022,9,2024,1,False,False,False,False,False,True,False,False,False,False,False,False,False,False,False,False,False,False,False,False,False,False,False,False,False,False,False,False,False,False,False,False,True,False,False,False,False,False,False,False,False,False,False,False,False,False,False,False,False,False,False,False,False,True,False,False,False,False,False,False,False
55.52,18.63,97,19,98.62,2.6,83.1,2,0,26,0,0.3355547550432276,0.1958762886597938,101.22,2020,9,2022,8,2021,5,2021,8,2022,2,2023,4,False,False,False,False,False,False,False,True,False,False,False,False,False,False,False,False,False,False,False,False,False,False,False,False,False,False,False,False,False,False,True,False,False,False,False,False,False,False,False,False,False,False,False,False,False,False,False,False,False,False,False,False,False,False,False,False,False,False,True,True,False
15.86,11.26,22,8,68.24,1.67,92.9,1,1278,55,0,0.7099621689785625,0.36363636363636365,69.91,2020,7,2021,3,2022,8,2022,5,2023,7,2025,7,False,True,False,False,False,False,False,False,False,False,False,False,False,False,False,False,False,False,False,False,False,False,False,False,False,False,False,False,False,False,False,False,False,False,False,True,False,False,False,False,False,False,False,False,False,False,False,False,False,False,False,False,False,False,False,True,False,True,False,False,False
31.72,14.69,52,12,93.14,3.69,100.0,1,2096,64,1,0.46311475409836067,0.23076923076923078,96.83,2016,10,2019,3,2019,4,2023,2,2023,11,2025,5,False,False,False,False,True,False,False,False,False,False,False,False,False,False,False,False,False,False,False,False,True,False,False,False,False,False,False,False,False,False,False,False,False,False,False,False,False,False,False,False,False,False,False,False,False,False,False,False,False,False,False,False,False,False,True,False,False,False,True,True,False
15.22,11.15,30,10,67.53,0.77,88.6,2,1638,58,0,0.7325886990801577,0.3333333333333333,68.3,2018,9,2019,8,2021,7,2022,11,2024,4,2025,12,False,False,False,True,False,False,False,False,False,False,False,False,False,False,False,False,False,False,False,False,False,False,False,False,False,False,False,False,False,False,False,False,False,False,False,False,False,False,False,False,False,False,False,False,False,False,False,False,True,False,False,False,False,False,False,True,False,False,True,False,False
45.4,39.38,73,16,43.56,3.7,100.0,2,809,52,0,0.8674008810572688,0.2191780821917808,47.260000000000005,2021,9,2022,9,2025,9,2024,9,2025,10,2026,12,False,False,False,False,True,False,False,False,False,False,False,False,False,False,False,False,False,True,False,False,False,False,False,False,False,False,False,False,False,False,False,False,False,False,False,False,False,False,False,False,False,False,False,False,False,False,False,False,False,False,False,False,False,False,True,False,False,True,False,False,False
22.74,20.79,26,7,19.16,1.59,98.6,0,933,48,0,0.9142480211081795,0.2692307692307692,20.75,2017,2,2017,8,2018,1,2021,2,2021,11,2022,11,False,True,False,False,False,False,False,False,False,False,False,False,False,False,True,False,False,False,False,False,False,False,False,False,False,False,False,False,False,False,False,False,False,False,False,False,False,False,False,False,False,False,False,False,False,False,False,False,False,False,False,False,False,False,True,False,False,False,False,False,True
39.2,34.53,67,13,100.56,2.42,97.1,0,1736,49,0,0.8808673469387754,0.19402985074626866,102.98,2018,4,2020,7,2020,9,2023,12,2024,1,2024,7,False,False,False,False,False,False,False,True,False,False,False,False,False,False,False,False,False,False,False,False,False,False,False,False,False,False,False,False,False,False,False,False,False,False,False,False,False,False,False,False,False,False,False,False,False,False,False,False,False,False,False,True,False,False,False,False,True,True,False,False,False
10.52,7.59,17,3,41.97,0.35,96.7,1,1804,55,0,0.7214828897338403,0.17647058823529413,42.32,2024,3,2026,9,2026,11,2029,5,2029,8,2031,1,True,False,False,False,False,False,False,False,False,True,False,False,False,False,False,False,False,False,False,False,False,False,False,False,False,False,False,False,False,False,False,False,False,False,False,False,False,False,False,False,False,False,False,False,False,False,False,False,False,False,False,False,False,False,False,False,True,True,False,False,False
13.08,10.32,23,4,35.84,2.2,100.0,0,0,5,0,0.7889908256880734,0.17391304347826086,38.040000000000006,2023,6,2023,12,2026,3,2024,11,2025,1,2026,3,False,False,False,False,True,False,False,False,False,False,False,False,False,False,False,False,False,True,False,False,False,False,False,False,False,False,False,False,False,False,False,False,False,False,False,False,False,False,False,False,False,False,False,False,False,False,False,False,False,False,False,False,False,False,False,False,True,False,False,False,False
7.65,6.23,18,5,30.92,1.89,100.0,0,248,28,0,0.8143790849673203,0.2777777777777778,32.81,2024,7,2026,11,2027,8,2025,2,2026,8,2027,5,False,False,False,True,False,False,False,False,False,False,False,False,False,False,False,False,False,False,False,False,False,False,False,False,False,False,False,False,False,False,False,False,False,False,False,False,False,False,True,False,False,False,False,False,False,False,False,False,False,False,False,False,True,False,False,False,False,True,False,False,False
14.72,13.02,32,4,18.89,1.37,98.0,1,1732,52,0,0.8845108695652173,0.125,20.26,2021,11,2023,1,2024,9,2026,12,2027,9,2028,9,False,False,True,False,False,False,False,False,False,False,False,False,False,False,False,False,False,False,False,False,False,False,False,True,False,False,False,False,False,False,False,False,False,False,False,False,False,False,False,False,False,False,False,False,False,False,False,False,False,False,False,False,False,False,True,False,False,True,False,False,False
2.29,1.5,2,0,7.76,0.04,100.0,0,188,27,0,0.6550218340611353,0.0,7.8,2017,6,2018,12,2020,5,2018,9,2019,12,2020,9,False,False,False,False,False,False,False,False,True,False,False,False,False,False,False,False,False,False,False,False,False,False,False,False,True,False,False,False,False,False,False,False,False,False,False,False,False,False,False,False,False,False,False,False,False,False,False,False,False,False,False,False,False,False,False,False,False,True,False,False,False
22.04,16.54,44,12,71.44,4.8,95.2,3,1154,54,0,0.7504537205081669,0.2727272727272727,76.24,2021,9,2022,8,2023,3,2025,12,2027,4,2028,1,False,False,False,False,False,True,False,False,False,False,False,False,False,False,False,False,False,False,False,False,False,False,False,False,False,False,False,False,False,True,False,False,False,False,False,False,False,False,False,False,False,False,False,False,False,False,False,False,False,False,False,False,False,False,False,True,False,True,False,False,False
17.56,9.27,28,0,49.46,0.94,100.0,5,712,63,1,0.5279043280182233,0.0,50.4,2022,3,2024,6,2023,3,2025,5,2026,3,2027,4,True,False,False,False,False,False,False,False,False,False,False,False,False,False,False,False,False,False,False,False,False,False,False,False,False,False,False,False,False,False,False,False,False,False,False,False,False,False,False,False,False,False,False,False,True,False,False,False,False,False,False,False,False,False,False,False,True,False,True,True,False
34.85,25.37,52,15,80.12,3.14,87.5,1,228,30,0,0.7279770444763272,0.28846153846153844,83.26,2018,1,2018,10,2021,10,2019,6,2019,12,2021,12,False,False,False,False,True,False,False,False,False,False,False,False,False,False,False,False,False,True,False,False,False,False,False,False,False,False,False,False,False,False,False,False,False,False,False,False,False,False,False,False,False,False,False,False,False,False,False,False,False,False,False,False,False,False,False,False,True,True,False,False,False
31.33,28.2,65,14,100.07,3.68,81.2,0,483,45,0,0.9000957548675391,0.2153846153846154,103.75,2020,12,2021,6,2021,12,2022,4,2023,11,2024,5,False,False,False,False,False,False,True,False,False,False,False,False,False,False,False,False,False,False,False,False,False,False,False,False,False,False,False,False,False,False,False,False,False,False,True,False,False,False,False,False,False,False,False,False,False,False,False,False,False,False,False,False,False,False,False,True,False,False,False,False,True
105.33,76.13,181,33,298.65,6.59,100.0,2,1695,55,0,0.7227760372163676,0.18232044198895028,305.23999999999995,2017,8,2017,9,2020,7,2021,1,2022,4,2023,10,False,False,False,False,False,True,False,False,False,False,False,False,False,False,False,False,False,False,False,False,False,False,False,False,False,False,False,False,False,True,False,False,False,False,False,False,False,False,False,False,False,False,False,False,False,False,False,False,False,False,False,False,False,False,False,True,False,True,False,False,False
401.14,255.35,775,148,725.55,61.91,82.5,13,609,65,1,0.636560801715112,0.19096774193548388,787.4599999999999,2018,1,2018,5,2021,12,2019,11,2021,6,2021,9,False,False,True,False,False,False,False,False,False,False,False,False,False,False,False,False,False,False,False,False,False,False,False,False,False,False,True,False,False,False,False,False,False,False,False,False,False,False,False,False,False,False,False,False,False,False,False,False,False,False,False,False,False,False,True,False,False,False,True,True,False
93.46,57.04,172,36,110.94,19.24,99.5,6,2249,61,1,0.6103145730793923,0.20930232558139536,130.18,2022,1,2023,1,2023,11,2027,7,2028,7,2030,6,False,True,False,False,False,False,False,False,False,False,False,False,False,False,False,False,False,False,False,False,False,False,False,False,False,False,False,False,False,False,False,False,False,False,False,False,False,True,False,False,False,False,False,False,False,False,False,False,False,False,False,False,False,False,False,False,True,True,False,True,False
19.05,10.78,35,4,42.49,2.5,100.0,0,672,61,1,0.5658792650918635,0.11428571428571428,44.99,2018,4,2019,6,2020,4,2021,6,2022,3,2023,2,False,False,False,False,False,False,False,False,True,False,False,False,False,True,False,False,False,False,False,False,False,False,False,False,False,False,False,False,False,False,False,False,False,False,False,False,False,False,False,False,False,False,False,False,False,False,False,False,False,False,False,False,False,False,False,True,False,False,True,True,False
18.29,8.02,39,5,49.31,4.57,100.0,0,485,60,0,0.4384909786768726,0.1282051282051282,53.88,2022,10,2023,12,2026,2,2024,8,2025,6,2025,9,False,False,False,False,False,False,False,True,False,False,False,False,False,False,False,False,False,False,False,False,False,False,False,False,False,False,False,False,False,False,False,False,False,False,False,False,False,False,False,False,False,False,False,False,False,False,False,False,False,False,False,True,True,False,False,False,False,False,True,True,False
71.43,23.53,141,19,191.54,5.51,96.5,5,945,69,1,0.32941341173176536,0.1347517730496454,197.04999999999998,2024,7,2026,12,2027,4,2026,9,2027,12,2029,1,False,False,True,False,False,False,False,False,False,False,False,False,False,False,False,False,False,False,False,False,False,False,False,False,False,False,True,False,False,False,False,False,False,False,False,False,False,False,False,False,False,False,False,False,False,False,False,False,False,False,False,False,True,False,False,False,False,False,True,True,False
5.57,4.08,13,3,13.23,1.36,100.0,0,2119,54,0,0.7324955116696589,0.23076923076923078,14.59,2025,7,2026,3,2027,3,2031,7,2033,2,2033,12,False,False,True,False,False,False,False,False,False,False,False,False,False,False,False,False,False,False,False,False,False,False,False,False,False,False,True,False,False,False,False,False,False,False,False,False,False,False,False,False,False,False,False,False,False,False,False,False,False,False,False,False,False,False,False,False,True,True,False,False,False
21.86,10.43,38,6,43.97,1.74,91.5,2,1115,65,1,0.47712717291857276,0.15789473684210525,45.71,2017,6,2019,7,2021,10,2022,4,2022,7,2022,9,False,True,False,False,False,False,False,False,False,False,False,False,False,False,True,False,False,False,False,False,False,False,False,False,False,False,False,False,False,False,False,False,False,False,False,False,False,False,False,False,False,False,False,False,False,False,False,False,False,False,False,False,False,False,False,True,False,False,True,True,False
23.61,14.84,44,11,49.51,1.98,99.0,0,929,57,0,0.6285472257518001,0.25,51.489999999999995,2016,12,2018,4,2019,9,2018,10,2019,9,2021,3,False,False,False,False,False,False,False,False,False,False,False,False,False,False,False,True,False,False,False,False,False,False,False,False,False,False,False,False,False,False,False,False,False,False,False,False,False,False,False,False,False,False,False,False,False,False,False,False,False,False,False,False,False,False,True,False,False,True,False,True,False
53.74,44.17,97,15,95.85,3.08,86.5,3,2234,53,0,0.8219203572757723,0.15463917525773196,98.92999999999999,2017,1,2019,4,2019,4,2023,1,2024,4,2025,5,False,True,False,False,False,False,False,False,False,False,False,False,False,False,False,False,False,False,False,False,False,False,False,False,False,False,False,False,False,False,False,False,False,False,False,True,False,False,False,False,False,False,False,False,False,False,False,False,False,False,False,False,False,False,True,False,False,False,False,False,False
55.36,35.09,80,14,163.07,8.51,92.2,1,2261,58,0,0.6338511560693643,0.175,171.57999999999998,2025,5,2026,9,2026,1,2031,4,2032,8,2033,5,False,False,False,False,False,False,False,False,False,False,False,False,False,False,False,False,False,False,False,False,False,False,False,False,False,False,False,False,False,False,False,False,False,False,False,False,True,False,False,False,False,False,False,False,False,False,False,False,False,False,False,False,False,False,True,False,False,True,False,True,False
14.23,10.81,27,5,56.13,2.5,98.6,0,0,9,0,0.7596626844694307,0.18518518518518517,58.63,2020,11,2022,9,2024,4,2021,9,2022,6,2023,2,False,False,False,False,False,False,False,False,False,False,False,False,False,False,False,True,False,False,False,False,False,False,False,False,False,False,False,False,False,False,False,False,False,False,False,False,False,False,False,False,False,False,False,False,False,False,False,False,False,False,False,False,False,True,False,False,False,True,False,False,False
19.8,8.3,35,9,80.29,1.9,100.0,0,919,64,1,0.4191919191919192,0.2571428571428571,82.19000000000001,2022,6,2024,8,2025,4,2024,10,2024,11,2026,11,True,False,False,False,False,False,False,False,False,False,False,False,False,False,False,False,False,False,False,False,False,False,False,False,False,False,False,False,False,False,False,False,False,False,False,False,False,False,False,False,False,False,False,False,False,False,False,False,False,False,True,False,False,False,False,False,True,False,True,True,False
46.76,44.51,82,15,209.33,4.51,81.2,1,1591,50,0,0.9518819503849444,0.18292682926829268,213.84,2025,5,2027,8,2027,2,2028,11,2030,2,2032,2,True,False,False,False,False,False,False,False,False,False,False,False,False,False,False,False,False,False,False,False,False,False,False,False,False,False,False,False,False,False,False,False,False,False,False,False,False,False,False,False,False,False,False,False,False,False,False,True,False,False,False,False,False,False,True,False,False,True,False,False,True
13.48,11.32,29,4,15.21,3.03,73.5,1,1199,53,0,0.8397626112759644,0.13793103448275862,18.240000000000002,2023,4,2023,9,2026,10,2027,7,2028,2,2028,5,False,False,False,True,False,False,False,False,False,False,False,False,False,False,False,False,False,False,False,False,False,False,False,False,False,False,False,False,False,False,False,False,False,False,False,False,False,False,True,False,False,False,False,False,False,False,False,False,False,False,False,False,True,False,False,False,False,False,False,False,False
100.09,58.5,170,28,159.42,19.17,100.0,7,891,59,0,0.5844739734239185,0.16470588235294117,178.58999999999997,2023,9,2025,2,2024,2,2026,10,2028,5,2028,9,False,False,False,False,True,False,False,False,False,False,False,False,False,False,False,False,False,False,False,False,False,False,False,False,False,False,False,False,False,False,False,False,False,False,False,False,False,False,False,False,False,False,False,True,False,False,False,False,False,False,False,False,False,False,False,True,False,True,False,True,False
55.1,36.8,111,23,192.95,8.91,87.5,0,1034,58,0,0.6678765880217785,0.2072072072072072,201.85999999999999,2023,1,2024,11,2025,1,2027,7,2027,9,2028,3,False,False,False,False,True,False,False,False,False,False,False,False,False,False,False,False,False,False,False,False,False,False,False,False,False,False,False,False,False,False,False,False,False,False,False,False,False,False,False,False,False,False,False,False,False,False,True,False,False,False,False,False,False,False,False,False,False,True,False,False,False
35.57,29.06,67,6,113.38,4.07,100.0,2,390,41,0,0.8169806016305875,0.08955223880597014,117.44999999999999,2020,7,2022,5,2023,3,2023,4,2024,5,2024,10,False,False,False,False,False,False,False,True,False,False,False,False,False,False,False,False,False,False,False,False,False,False,True,False,False,False,False,False,False,False,False,False,False,False,False,False,False,False,False,False,False,False,False,False,False,False,False,False,False,False,False,False,False,False,False,False,False,True,False,False,False
44.3,28.75,72,14,57.38,1.82,100.0,0,858,57,0,0.6489841986455982,0.19444444444444445,59.2,2016,9,2019,2,2020,5,2019,1,2020,3,2020,6,False,False,False,False,True,False,False,False,False,False,False,False,False,False,False,False,False,False,False,False,False,False,False,False,False,False,False,False,False,False,False,False,False,False,False,False,False,False,False,False,False,False,False,True,False,False,False,False,False,False,False,False,False,False,True,False,False,True,False,True,False
18.79,10.21,42,8,58.9,1.37,100.0,1,545,60,0,0.5433741351782864,0.19047619047619047,60.269999999999996,2025,11,2028,2,2028,4,2028,1,2028,12,2030,4,True,False,False,False,False,False,False,False,False,False,False,False,False,False,False,False,False,False,False,False,False,False,False,False,False,False,False,False,False,False,False,False,False,False,False,False,False,False,False,False,False,False,False,False,False,False,False,False,False,False,True,False,False,False,False,False,False,True,False,True,False
16.02,13.93,27,8,36.91,0.92,91.3,1,238,24,0,0.869538077403246,0.2962962962962963,37.83,2018,11,2020,6,2019,9,2021,12,2022,10,2022,10,False,False,False,True,False,False,False,False,False,False,False,False,False,False,False,False,False,False,False,False,False,False,False,False,False,False,False,False,False,False,False,False,False,False,False,False,False,False,True,False,False,False,False,False,False,False,False,False,False,False,False,False,False,False,False,False,False,False,False,False,False
19.6,17.73,40,6,85.07,1.91,100.0,1,2090,50,0,0.9045918367346938,0.15,86.97999999999999,2021,7,2023,9,2023,6,2026,11,2028,6,2029,8,False,False,False,True,False,False,False,False,False,False,False,False,True,False,False,False,False,False,False,False,False,False,False,False,False,False,False,False,False,False,False,False,False,False,False,False,False,False,False,False,False,False,False,False,False,False,False,False,False,False,False,False,False,True,False,False,False,True,False,False,True
49.4,28.2,89,14,195.84,4.07,80.4,2,2189,62,1,0.5708502024291497,0.15730337078651685,199.91,2024,10,2026,9,2026,8,2030,2,2031,9,2032,12,False,False,False,False,False,False,False,False,False,False,False,False,False,False,False,False,False,False,False,False,False,False,False,False,False,False,False,False,False,False,False,False,False,False,False,False,True,False,False,False,False,False,False,False,False,False,False,False,False,False,False,False,True,False,False,False,False,True,False,True,False
36.64,18.66,62,11,39.24,4.61,88.7,0,1517,65,1,0.5092794759825328,0.1774193548387097,43.85,2017,1,2019,5,2019,3,2022,8,2023,3,2024,3,False,True,False,False,False,False,False,False,False,False,False,False,False,False,True,False,False,False,False,False,False,False,False,False,False,False,False,False,False,False,False,False,False,False,False,False,False,False,False,False,False,False,False,False,False,False,False,False,False,False,False,False,True,False,False,False,False,False,True,True,False
19.63,10.85,39,6,22.24,4.46,91.6,1,2106,62,1,0.5527254202750892,0.15384615384615385,26.7,2025,1,2025,5,2028,5,2028,10,2030,5,2032,3,False,False,False,False,False,False,False,True,False,False,False,False,False,False,False,False,False,False,False,False,False,False,False,False,False,False,False,False,False,False,False,False,False,True,False,False,False,False,False,False,False,False,False,False,False,False,False,False,False,False,False,False,False,True,False,False,False,False,True,True,False
63.41,56.72,127,26,148.58,13.48,100.0,1,163,17,0,0.894496136256111,0.2047244094488189,162.06,2019,3,2019,5,2023,6,2020,9,2022,1,2022,2,False,False,False,False,False,False,False,False,False,False,False,False,False,False,False,False,False,False,False,False,False,False,False,False,False,False,False,False,False,False,False,False,False,False,False,False,False,False,False,False,True,False,False,False,False,False,False,False,False,False,False,False,False,True,False,False,False,False,False,False,False
25.18,18.22,53,10,20.92,3.76,88.5,3,2660,58,0,0.7235901509134233,0.18867924528301888,24.68,2022,10,2023,6,2024,11,2028,9,2030,5,2031,10,False,True,False,False,False,False,False,False,False,False,False,False,False,False,True,False,False,False,False,False,False,False,False,False,False,False,False,False,False,False,False,False,False,False,False,False,False,False,False,False,False,False,False,False,False,False,False,False,False,False,False,False,False,False,False,False,False,True,False,False,False
14.98,13.84,29,7,17.22,0.63,100.0,0,1589,47,0,0.9238985313751669,0.2413793103448276,17.849999999999998,2017,1,2018,4,2018,6,2021,7,2021,10,2023,11,False,False,False,False,True,False,False,False,False,False,False,False,False,False,False,False,False,False,False,False,True,False,False,False,False,False,False,False,False,False,False,False,False,False,False,False,False,False,False,False,False,False,False,False,False,False,False,False,False,False,False,False,False,False,False,False,True,False,False,False,True
38.64,25.22,72,16,164.24,1.93,92.2,5,1737,58,0,0.6526915113871635,0.2222222222222222,166.17000000000002,2021,10,2023,1,2024,9,2027,1,2028,6,2029,9,False,False,False,False,False,False,False,False,False,False,False,False,False,False,False,False,False,False,False,False,False,False,False,False,False,False,False,False,False,False,False,False,False,False,False,False,False,False,False,False,True,False,False,False,False,False,False,False,False,False,False,False,False,False,False,True,False,True,False,False,False
10.88,4.66,18,6,40.6,1.91,98.1,0,1678,64,1,0.42830882352941174,0.3333333333333333,42.51,2021,9,2021,10,2023,9,2026,7,2026,11,2028,5,False,False,False,False,False,True,False,False,False,False,False,True,False,False,False,False,False,False,False,False,False,False,False,False,False,False,False,False,False,False,False,False,False,False,False,False,False,False,False,False,False,False,False,False,False,False,False,False,False,False,False,False,False,False,False,True,False,False,True,True,False
5.54,4.07,7,1,18.22,0.34,100.0,0,110,19,0,0.7346570397111913,0.14285714285714285,18.56,2017,1,2019,1,2020,5,2019,2,2020,3,2020,6,False,False,False,False,True,False,False,False,False,False,False,False,False,False,False,False,False,True,False,False,False,False,False,False,False,False,False,False,False,False,False,False,False,False,False,False,False,False,False,False,False,False,False,False,False,False,False,False,False,False,False,False,False,False,False,False,False,True,False,False,False
29.81,20.29,60,18,115.42,3.11,95.1,0,1504,58,0,0.6806440791680644,0.3,118.53,2023,5,2024,7,2027,3,2027,4,2028,5,2030,5,False,True,False,False,False,False,False,False,False,False,False,False,False,False,False,False,False,False,False,False,False,False,False,False,False,False,False,False,False,False,False,False,False,False,False,True,False,False,False,False,False,False,False,False,False,False,False,False,False,False,False,False,False,False,False,True,False,False,True,False,False
15.53,11.25,30,4,26.79,1.02,92.9,0,1682,55,0,0.7244043786220219,0.13333333333333333,27.81,2021,12,2023,11,2026,1,2026,9,2027,11,2028,3,False,False,False,False,False,False,False,True,False,False,False,False,False,False,False,False,False,False,False,False,False,False,False,False,False,False,False,False,False,False,False,False,False,False,False,False,False,False,False,False,False,False,False,False,False,False,False,False,False,False,False,False,False,True,False,False,False,True,False,False,False
23.24,21.99,39,8,80.98,1.65,100.0,2,1813,47,0,0.9462134251290878,0.20512820512820512,82.63000000000001,2018,9,2020,4,2021,11,2025,3,2026,3,2026,10,False,True,False,False,False,False,False,False,False,False,False,False,False,False,False,False,False,False,False,False,False,False,False,False,False,False,False,False,False,False,False,False,False,False,False,True,False,False,False,False,False,False,False,False,False,False,False,False,False,False,False,False,True,False,False,False,False,False,False,False,True
11.4,5.93,17,3,35.08,0.76,100.0,0,1250,60,0,0.5201754385964912,0.17647058823529413,35.839999999999996,2024,11,2025,6,2026,8,2028,3,2029,9,2031,3,False,False,False,False,False,False,False,False,False,False,False,False,False,False,False,False,False,False,False,False,False,False,False,False,False,False,False,False,False,False,False,False,False,False,False,False,False,False,False,False,True,False,False,False,False,False,False,False,False,False,False,False,False,False,False,True,False,True,False,True,False
100.38,73.59,162,34,395.5,9.92,72.7,5,704,58,0,0.7331141661685595,0.20987654320987653,405.42,2022,2,2022,10,2024,9,2025,3,2026,7,2027,2,False,False,False,False,False,False,False,False,False,False,False,False,False,False,False,False,False,False,False,False,False,False,False,False,False,False,False,False,False,False,False,False,False,False,False,False,False,False,False,False,True,False,False,False,False,False,False,False,False,False,False,False,False,False,False,False,False,True,False,False,False
15.46,13.07,29,5,28.54,2.39,100.0,1,2412,49,0,0.8454075032341526,0.1724137931034483,30.93,2021,5,2023,2,2024,2,2027,4,2028,6,2029,10,False,False,True,False,False,False,False,False,False,False,False,False,False,False,False,False,True,False,False,False,False,False,False,False,False,False,False,False,False,False,False,False,False,False,False,False,False,False,False,False,False,False,False,False,False,False,False,False,False,False,False,False,False,False,False,False,True,False,False,False,False
19.45,11.44,30,7,70.52,1.66,86.8,3,98,25,0,0.5881748071979435,0.23333333333333334,72.17999999999999,2022,12,2024,1,2024,1,2023,7,2025,1,2025,5,False,False,False,False,False,False,False,True,False,False,False,False,False,False,False,False,False,False,False,False,False,False,True,False,False,False,False,False,False,False,False,False,False,False,False,False,False,False,False,False,False,False,False,False,False,False,False,False,False,False,False,False,False,False,False,False,False,False,True,True,False
43.72,32.21,86,21,172.9,5.59,85.0,3,611,59,0,0.7367337602927723,0.2441860465116279,178.49,2023,5,2025,2,2026,11,2026,7,2026,11,2027,4,False,False,False,False,False,False,True,False,False,False,False,False,False,False,False,False,False,False,False,True,False,False,False,False,False,False,False,False,False,False,False,False,False,False,False,False,False,False,False,False,False,False,False,False,False,False,False,False,False,False,False,False,False,False,True,False,False,False,True,False,False
7.56,5.85,17,4,21.4,0.65,95.3,0,606,54,0,0.7738095238095238,0.23529411764705882,22.049999999999997,2017,12,2020,5,2022,2,2019,4,2019,11,2021,1,False,False,False,False,True,False,False,False,False,False,False,False,False,False,False,False,False,False,False,False,True,False,False,False,False,False,False,False,False,False,False,False,False,False,False,False,False,False,False,False,False,False,False,False,False,False,False,False,False,False,False,False,False,False,False,False,False,True,False,False,False
7.02,5.42,16,4,16.36,0.41,87.3,1,870,54,0,0.7720797720797721,0.25,16.77,2022,8,2022,12,2026,6,2024,7,2025,10,2027,7,False,False,False,True,False,False,False,False,False,False,False,False,False,False,False,False,False,False,False,False,False,False,False,False,False,False,False,False,False,False,False,False,False,False,False,False,False,False,False,False,False,False,False,False,False,False,False,False,True,False,False,False,False,True,False,False,False,True,False,False,False
43.86,37.28,80,9,189.04,4.39,100.0,0,2411,49,0,0.8499772001823985,0.1125,193.42999999999998,2023,10,2025,5,2024,3,2029,11,2030,5,2032,4,False,False,False,False,False,False,False,True,False,False,False,False,False,False,False,False,False,False,False,False,False,False,True,False,False,False,False,False,False,False,False,False,False,False,False,False,False,False,False,False,False,False,False,False,False,False,False,False,False,False,False,False,True,False,False,False,False,False,False,False,False
19.2,17.12,33,4,27.36,0.87,100.0,0,1377,48,0,0.8916666666666667,0.12121212121212122,28.23,2022,7,2024,5,2022,12,2025,12,2027,3,2028,8,False,False,False,True,False,False,False,False,False,False,False,False,False,False,False,False,False,False,False,False,False,False,False,False,False,False,False,False,False,False,False,False,False,False,False,False,False,False,False,False,False,False,False,False,False,False,False,False,True,False,False,False,True,False,False,False,False,False,False,False,False
12.16,10.49,28,9,11.36,1.4,100.0,0,940,50,0,0.8626644736842105,0.32142857142857145,12.76,2017,4,2018,5,2018,3,2019,4,2020,3,2021,8,False,False,False,False,False,False,False,True,False,False,False,False,False,False,False,False,False,False,False,False,False,False,False,False,False,False,False,False,False,False,False,False,False,False,False,False,False,False,False,False,False,True,False,False,False,False,False,False,False,False,False,False,False,False,False,True,False,True,False,False,False
54.78,37.06,95,19,80.13,9.86,100.0,3,919,59,0,0.6765242789339175,0.2,89.99,2023,6,2023,10,2024,6,2028,8,2028,9,2029,1,False,False,False,False,False,False,False,True,False,False,False,False,False,False,False,False,False,False,False,False,False,False,False,False,False,False,False,False,False,False,False,False,False,False,False,False,False,False,False,False,False,False,False,False,False,False,False,False,False,False,False,True,False,True,False,False,False,False,True,False,False
13.3,7.64,34,6,44.27,1.93,100.0,2,1952,60,0,0.5744360902255639,0.17647058823529413,46.2,2020,12,2021,1,2024,9,2025,11,2026,7,2028,9,False,True,False,False,False,False,False,False,False,False,False,False,False,False,False,False,False,False,False,False,False,False,False,False,False,False,False,False,False,False,False,False,False,False,False,False,False,True,False,False,False,False,False,False,False,False,False,False,False,False,False,False,False,False,True,False,False,True,False,True,False
22.77,21.65,37,6,84.68,1.46,100.0,1,1077,48,0,0.950812472551603,0.16216216216216217,86.14,2021,5,2022,6,2022,3,2023,7,2024,3,2025,12,False,False,False,False,False,False,False,True,False,False,False,False,False,False,False,False,False,False,False,False,False,False,False,False,False,False,False,False,False,False,False,False,False,False,False,False,False,False,False,False,False,False,False,False,False,False,False,False,False,False,False,True,False,True,False,False,False,True,False,False,True
12.23,9.53,19,1,42.22,2.09,99.5,0,1484,55,0,0.7792313982011446,0.05263157894736842,44.31,2021,8,2021,9,2023,6,2026,12,2027,9,2028,4,False,False,True,False,False,False,False,False,False,False,False,False,False,False,False,False,False,False,False,False,False,False,False,False,False,False,False,True,False,False,False,False,False,False,False,False,False,False,False,False,False,False,False,False,False,False,False,False,False,False,False,False,False,False,False,False,False,True,False,False,False
40.59,11.5,89,15,95.53,7.47,98.2,4,2336,71,1,0.28332101502833207,0.16853932584269662,103.0,2024,7,2025,6,2027,3,2029,9,2031,4,2033,2,False,False,False,False,False,False,True,False,False,False,False,False,False,False,False,False,False,False,False,True,False,False,False,False,False,False,False,False,False,False,False,False,False,False,False,False,False,False,False,False,False,False,False,False,False,False,False,False,False,False,False,False,False,True,False,False,False,False,True,True,False
113.53,87.52,203,32,497.26,24.12,95.9,5,1592,55,0,0.7708975601162688,0.15763546798029557,521.38,2018,7,2020,4,2022,10,2023,10,2025,2,2026,2,False,False,False,False,False,False,False,False,False,False,False,False,False,False,False,True,False,False,False,False,False,False,False,False,False,False,False,False,False,False,False,False,False,False,False,False,False,False,False,False,False,False,False,False,False,False,False,False,False,False,False,False,False,True,False,False,False,True,False,False,False
4.66,3.95,10,1,11.39,0.5,97.4,1,983,50,0,0.8476394849785408,0.1,11.89,2018,5,2020,10,2020,5,2023,5,2023,10,2024,4,False,False,False,False,False,False,False,False,True,False,False,False,False,False,False,False,False,False,False,False,False,False,False,False,False,False,False,False,False,False,False,True,False,False,False,False,False,False,False,False,False,False,False,False,False,False,False,False,False,False,False,False,False,False,True,False,False,True,False,False,False
33.54,28.45,57,10,148.61,2.28,96.0,0,1593,51,0,0.8482409063804413,0.17543859649122806,150.89000000000001,2025,10,2027,4,2029,12,2029,3,2030,8,2032,6,False,False,False,True,False,False,False,False,False,False,False,False,False,False,False,False,False,False,False,False,False,False,False,False,False,False,False,False,False,False,False,False,False,False,False,False,False,False,False,False,False,False,False,False,False,False,False,False,True,False,False,False,False,False,False,False,False,True,False,False,False
70.57,56.12,124,23,296.18,6.17,100.0,3,531,52,0,0.7952387700155874,0.18548387096774194,302.35,2024,4,2024,11,2028,6,2025,7,2025,10,2028,1,False,False,False,False,False,False,False,False,False,False,False,False,False,False,False,False,False,False,False,False,False,False,False,False,False,False,False,False,False,False,False,False,False,False,False,False,False,False,False,False,True,False,False,False,False,False,False,False,False,False,False,False,False,False,False,False,True,True,False,False,False
19.66,11.02,34,4,45.34,3.44,100.0,1,1385,61,1,0.560528992878942,0.11764705882352941,48.78,2024,12,2027,1,2028,1,2028,10,2029,8,2030,10,False,False,False,False,False,False,False,False,True,False,False,False,False,False,False,False,False,False,False,False,False,False,False,False,False,True,False,False,False,False,False,False,False,False,False,False,False,False,False,False,False,False,False,False,False,False,False,False,False,False,False,False,False,False,False,False,True,False,True,True,False
9.67,7.7,18,3,13.5,0.63,100.0,0,860,50,0,0.7962771458117891,0.16666666666666666,14.13,2018,8,2020,1,2020,10,2019,11,2021,7,2022,11,False,False,False,False,False,False,True,False,False,False,False,False,False,False,False,False,False,False,False,False,False,False,False,False,False,False,False,False,False,False,False,False,False,False,True,False,False,False,False,False,False,False,False,False,False,False,False,False,False,False,False,False,True,False,False,False,False,False,False,False,False
45.65,33.41,93,22,51.69,4.1,99.3,2,1709,54,0,0.7318729463307776,0.23655913978494625,55.79,2025,11,2026,11,2027,12,2031,12,2032,8,2033,10,False,False,False,False,False,False,True,False,False,False,False,False,False,False,False,False,False,False,False,False,False,False,False,False,False,False,False,False,False,False,False,False,False,False,False,False,False,False,False,False,False,False,False,False,False,True,False,False,False,False,False,False,False,False,False,True,False,True,False,False,False
81.59,37.33,160,28,225.72,14.43,100.0,3,579,65,1,0.45753156024022545,0.175,240.15,2025,3,2027,1,2025,10,2026,7,2026,12,2028,12,False,False,False,True,False,False,False,False,False,False,False,False,False,False,False,False,False,False,False,False,False,False,False,False,False,False,False,False,False,False,False,False,False,False,False,False,False,False,False,True,False,False,False,False,False,False,False,False,False,False,False,False,False,True,False,False,False,False,True,True,False
73.0,37.78,124,27,264.54,11.63,86.0,2,1890,65,1,0.5175342465753425,0.21774193548387097,276.17,2017,1,2019,1,2019,2,2020,12,2022,3,2024,2,False,False,False,True,False,False,False,False,False,False,False,False,False,False,False,False,False,False,False,False,False,False,False,False,False,False,False,False,False,False,False,False,False,False,False,False,False,False,False,False,False,False,False,False,False,False,False,False,True,False,False,False,True,False,False,False,False,False,True,True,False
43.2,37.29,74,18,62.7,8.58,90.3,2,1297,54,0,0.8631944444444444,0.24324324324324326,71.28,2025,4,2025,5,2028,4,2028,10,2030,5,2030,9,False,False,False,False,False,False,True,False,False,False,False,False,False,False,False,False,False,False,False,False,False,False,False,False,False,False,False,False,False,False,False,False,False,False,True,False,False,False,False,False,False,False,False,False,False,False,False,False,False,False,False,False,False,False,True,False,False,True,False,False,False
33.05,21.03,61,7,65.35,7.2,100.0,4,668,58,0,0.6363086232980334,0.11475409836065574,72.55,2019,8,2021,4,2022,12,2021,11,2022,11,2024,3,False,False,False,False,False,False,False,False,True,False,False,False,False,False,False,False,False,False,False,False,False,False,False,False,False,True,False,False,False,False,False,False,False,False,False,False,False,False,False,False,False,False,False,False,False,False,False,False,False,False,False,False,False,False,False,False,True,True,False,True,False
12.19,6.55,11,0,38.19,0.95,100.0,2,1049,61,1,0.5373256767842494,0.0,39.14,2021,12,2022,6,2022,11,2024,9,2025,4,2026,3,False,False,False,False,False,False,False,True,False,False,False,False,False,False,False,False,False,False,False,False,False,False,True,False,False,False,False,False,False,False,False,False,False,False,False,False,False,False,False,False,False,False,False,False,False,False,False,False,False,False,False,False,False,True,False,False,False,False,True,True,False
71.18,62.61,142,25,178.32,7.99,73.9,4,1444,52,0,0.8796010115200898,0.176056338028169,186.31,2016,5,2017,6,2017,7,2020,2,2021,2,2023,4,False,False,False,False,True,False,False,False,False,False,False,False,False,False,False,False,False,False,False,False,True,False,False,False,False,False,False,False,False,False,False,False,False,False,False,False,False,False,False,False,False,False,False,False,False,False,False,False,False,False,False,False,False,False,True,False,False,False,False,False,False
67.35,53.19,119,22,204.36,7.77,97.1,2,2910,52,0,0.7897550111358574,0.18487394957983194,212.13000000000002,2024,2,2024,10,2027,9,2030,6,2031,11,2033,11,False,False,False,False,False,True,False,False,False,False,False,False,False,False,False,False,False,False,False,False,False,False,False,False,False,False,False,False,False,True,False,False,False,False,False,False,False,False,False,False,False,False,False,False,False,False,False,False,False,False,False,False,False,False,False,True,False,True,False,False,False
9.6,6.57,16,2,31.7,1.02,95.3,0,1493,55,0,0.6843750000000001,0.125,32.72,2025,6,2027,4,2029,8,2030,10,2031,10,2032,4,False,False,False,False,False,False,False,False,False,False,False,False,False,False,False,True,False,False,False,False,False,False,False,False,False,False,False,False,False,False,False,False,False,False,False,False,False,False,False,False,False,False,False,False,False,False,False,False,False,False,False,False,False,False,True,False,False,True,False,False,False
43.14,18.34,81,13,95.28,4.76,100.0,2,2055,65,1,0.4251274918868799,0.16049382716049382,100.04,2019,11,2020,12,2023,11,2025,5,2026,9,2027,6,False,True,False,False,False,False,False,False,False,False,False,False,False,False,False,False,False,False,False,False,False,False,False,False,False,False,False,False,False,False,False,False,False,False,False,False,False,True,False,False,False,False,False,False,False,False,False,False,False,False,False,False,False,True,False,False,False,False,True,True,False
57.56,42.25,99,19,213.44,5.33,100.0,6,1984,56,0,0.7340166782487838,0.1919191919191919,218.77,2017,4,2018,12,2017,12,2023,6,2024,6,2025,7,False,False,False,False,False,False,False,False,False,False,False,False,False,False,False,False,False,False,False,False,False,False,False,False,False,False,False,False,False,False,False,False,False,False,False,False,True,False,False,False,False,False,False,False,False,False,False,False,False,False,False,False,False,False,False,True,False,True,False,False,False
72.39,55.13,137,13,246.17,5.04,79.9,4,0,12,0,0.76156927752452,0.0948905109489051,251.20999999999998,2025,7,2026,1,2029,11,2026,4,2026,9,2027,4,False,True,False,False,False,False,False,False,False,False,False,False,False,False,False,False,False,False,False,False,False,False,False,False,False,False,False,False,False,False,False,False,False,False,False,True,False,False,False,False,False,False,False,False,False,False,False,False,False,False,False,False,False,False,True,False,False,True,False,False,False
27.8,20.9,48,14,92.96,2.72,97.6,2,1494,54,0,0.751798561151079,0.2916666666666667,95.67999999999999,2023,3,2024,12,2025,12,2027,5,2027,10,2029,1,False,False,False,False,False,False,False,False,True,False,False,False,False,False,False,False,False,False,False,False,False,False,False,False,False,False,False,False,False,False,False,True,False,False,False,False,False,False,False,False,False,False,False,False,False,False,False,False,False,False,False,False,False,False,False,True,False,True,False,False,False
12.71,11.34,24,3,17.2,2.81,100.0,1,765,49,0,0.8922108575924468,0.125,20.009999999999998,2019,10,2022,2,2023,3,2022,1,2022,10,2023,5,False,True,False,False,False,False,False,False,False,False,False,False,False,False,True,False,False,False,False,False,False,False,False,False,False,False,False,False,False,False,False,False,False,False,False,False,False,False,False,False,False,False,False,False,False,False,False,False,False,False,False,False,False,True,False,False,False,True,False,False,False
18.14,16.9,31,9,46.34,3.35,98.9,2,1480,48,0,0.9316427783902976,0.2903225806451613,49.690000000000005,2021,10,2022,9,2025,2,2026,6,2026,12,2027,12,False,False,False,True,False,False,False,False,False,False,False,False,False,False,False,False,False,False,False,False,False,False,False,False,False,False,False,False,False,False,False,False,False,False,False,False,False,False,False,False,False,False,True,False,False,False,False,False,False,False,False,False,False,True,False,False,False,False,False,False,True
10.94,9.65,23,2,32.11,1.88,69.5,0,2113,52,0,0.8820840950639854,0.08695652173913043,33.99,2025,7,2027,7,2026,8,2029,11,2030,12,2032,11,False,False,False,False,True,False,False,False,False,False,False,False,False,False,False,False,False,False,False,False,False,False,False,False,False,False,False,False,False,False,False,False,False,False,False,False,False,False,False,False,False,False,False,False,False,False,True,False,False,False,False,False,False,False,False,True,False,False,False,False,False
28.47,26.58,51,7,46.62,2.0,98.0,3,1114,48,0,0.9336143308746048,0.13725490196078433,48.62,2023,12,2025,12,2025,9,2027,8,2028,8,2028,12,False,False,False,False,True,False,False,False,False,False,False,False,False,False,False,False,False,True,False,False,False,False,False,False,False,False,False,False,False,False,False,False,False,False,False,False,False,False,False,False,False,False,False,False,False,False,False,False,False,False,False,False,False,False,False,False,False,False,False,False,True
23.41,15.38,36,5,84.43,3.88,100.0,2,1094,58,0,0.656984194788552,0.1388888888888889,88.31,2025,11,2026,5,2029,6,2029,1,2029,11,2031,7,False,False,False,True,False,False,False,False,False,False,False,False,False,False,False,False,False,False,False,False,False,False,False,False,False,False,False,False,False,False,False,False,False,False,False,False,False,False,False,True,False,False,False,False,False,False,False,False,False,False,False,False,True,False,False,False,False,True,False,False,False
255.96,163.15,449,79,319.44,22.98,99.4,17,1288,65,1,0.6374042819190499,0.1759465478841871,342.42,2017,3,2019,8,2020,9,2021,9,2022,12,2023,3,False,False,True,False,False,False,False,False,False,False,False,False,False,False,False,False,False,False,False,False,False,False,False,False,False,False,False,False,False,False,False,False,False,False,False,False,False,False,False,False,False,False,False,False,False,False,False,False,False,True,False,False,False,False,True,False,False,False,True,True,False
73.31,57.67,143,34,99.3,10.66,88.1,5,1735,58,0,0.7866593916246079,0.23776223776223776,109.96,2021,5,2023,6,2022,11,2026,2,2027,4,2028,1,False,False,False,False,False,False,False,False,True,False,False,False,False,False,False,False,False,False,False,False,False,False,False,False,True,False,False,False,False,False,False,False,False,False,False,False,False,False,False,False,False,False,False,False,False,False,False,False,False,False,False,False,False,False,True,False,False,False,True,False,False
79.01,53.06,144,32,184.04,16.01,100.0,2,1578,58,0,0.671560561954183,0.2222222222222222,200.04999999999998,2024,9,2025,7,2027,7,2030,1,2031,2,2031,4,False,False,True,False,False,False,False,False,False,False,False,False,False,False,False,False,False,False,False,False,False,False,False,False,False,False,True,False,False,False,False,False,False,False,False,False,False,False,False,False,False,False,False,False,False,False,False,False,False,False,False,False,False,False,False,False,False,False,True,False,False
48.01,31.02,87,15,62.45,4.65,94.1,1,137,26,0,0.6461153926265362,0.1724137931034483,67.10000000000001,2019,1,2021,4,2022,2,2020,11,2021,11,2022,9,False,False,True,False,False,False,False,False,False,False,False,False,False,False,False,False,True,False,False,False,False,False,False,False,False,False,False,False,False,False,False,False,False,False,False,False,False,False,False,False,False,False,False,False,False,False,False,False,False,False,False,False,False,False,False,False,False,False,True,True,False
20.75,18.62,22,4,17.49,2.45,100.0,0,2129,49,0,0.8973493975903615,0.18181818181818182,19.939999999999998,2017,8,2017,10,2018,5,2023,5,2024,4,2025,11,False,False,False,False,False,False,False,False,False,False,False,False,False,False,False,False,False,False,False,False,False,False,False,False,False,False,False,False,False,False,False,False,False,False,False,False,True,False,False,False,False,False,False,False,False,False,False,False,False,False,False,False,False,False,False,False,False,True,False,False,False
22.75,21.84,39,12,52.83,1.7,100.0,1,1712,47,0,0.96,0.3076923076923077,54.53,2018,5,2019,5,2022,1,2023,5,2024,4,2026,1,False,False,False,False,False,False,True,False,False,False,False,False,False,False,False,False,False,False,False,False,False,False,False,False,False,False,False,False,False,False,False,False,False,False,False,False,False,False,False,False,False,False,False,False,False,True,False,False,False,False,False,False,False,False,False,False,True,False,False,False,True
24.93,18.49,53,16,79.77,5.98,100.0,0,709,54,0,0.7416766947452867,0.3018867924528302,85.75,2021,8,2021,12,2021,12,2025,8,2025,10,2026,6,False,False,False,False,False,False,False,False,False,False,False,False,False,False,False,False,False,False,False,False,False,True,False,False,False,False,False,False,False,False,False,False,False,False,False,False,False,False,False,False,False,False,False,False,False,False,False,False,False,False,False,False,False,False,False,False,True,True,False,False,False
36.17,27.55,68,12,95.2,3.8,98.2,3,1908,54,0,0.761680951064418,0.17647058823529413,99.0,2016,6,2018,3,2018,2,2022,7,2023,1,2023,11,False,False,False,False,False,False,True,False,False,False,False,False,False,False,False,False,False,False,False,False,False,False,False,False,False,False,False,False,False,False,False,False,False,False,False,False,False,False,False,False,False,False,False,False,False,True,False,False,False,False,False,False,False,False,False,True,False,True,False,False,False
44.22,40.97,89,20,43.91,5.11,82.8,1,1797,51,0,0.9265038444142921,0.2247191011235955,49.019999999999996,2025,6,2027,5,2028,7,2030,4,2031,4,2032,7,False,False,False,False,False,True,False,False,False,False,False,False,False,False,False,False,False,False,False,False,False,False,False,False,False,False,False,False,True,False,False,False,False,False,False,False,False,False,False,False,False,False,False,False,False,False,False,False,False,False,False,False,False,False,False,False,True,True,False,False,True
29.99,16.14,38,6,49.79,2.86,88.5,1,418,52,0,0.5381793931310437,0.15789473684210525,52.65,2022,7,2023,8,2023,3,2023,2,2024,1,2026,1,False,True,False,False,False,False,False,False,False,False,False,False,False,False,False,False,False,False,False,False,False,False,False,False,False,False,False,False,False,False,False,False,False,False,False,False,False,True,False,False,False,False,False,False,False,False,False,False,False,False,False,False,False,True,False,False,False,False,True,True,False
22.41,15.9,36,6,61.41,1.97,100.0,2,639,55,0,0.7095046854082999,0.16666666666666666,63.379999999999995,2019,1,2020,8,2022,3,2021,8,2021,12,2023,8,False,False,False,False,False,False,True,False,False,False,False,False,False,False,False,False,False,False,True,False,False,False,False,False,False,False,False,False,False,False,False,False,False,False,False,False,False,False,False,False,False,False,False,False,False,False,False,False,False,False,False,False,False,False,False,True,False,True,False,False,False
16.54,10.83,33,4,58.4,2.14,88.3,0,267,34,0,0.654776299879081,0.12121212121212122,60.54,2016,8,2017,10,2017,2,2017,8,2018,10,2020,6,False,False,False,True,False,False,False,False,False,False,False,False,False,False,False,False,False,False,False,False,False,False,False,False,False,False,False,False,False,False,False,False,False,False,False,False,False,False,False,False,False,False,False,False,False,False,False,False,True,False,False,False,False,False,True,False,False,True,False,False,False
7.44,3.94,15,1,27.81,1.05,100.0,0,472,56,0,0.5295698924731183,0.06666666666666667,28.86,2022,9,2024,2,2023,9,2024,7,2025,2,2026,3,False,False,False,False,False,False,False,False,False,False,False,False,False,False,False,False,False,False,False,False,False,False,False,False,False,False,False,False,False,False,False,False,False,False,False,False,False,False,False,False,True,False,False,False,False,False,False,False,False,False,False,False,True,False,False,False,False,False,True,True,False
108.13,72.08,178,34,294.29,12.3,100.0,6,1885,58,0,0.6666050124849718,0.19101123595505617,306.59000000000003,2020,9,2021,5,2020,12,2026,8,2027,10,2029,2,False,False,False,False,False,False,False,False,True,False,False,False,False,True,False,False,False,False,False,False,False,False,False,False,False,False,False,False,False,False,False,False,False,False,False,False,False,False,False,False,False,False,False,False,False,False,False,False,False,False,False,False,False,True,False,False,False,True,False,False,False
271.93,173.63,528,90,867.64,61.31,95.2,9,0,16,0,0.6385099106387673,0.17045454545454544,928.95,2017,6,2019,4,2017,10,2018,5,2019,8,2020,1,False,True,False,False,False,False,False,False,False,False,False,False,False,False,True,False,False,False,False,False,False,False,False,False,False,False,False,False,False,False,False,False,False,False,False,False,False,False,False,False,False,False,False,False,False,False,False,False,False,False,False,False,False,False,True,False,False,True,False,True,False
99.42,85.19,186,45,411.86,8.96,100.0,6,987,52,0,0.8568698451015891,0.24193548387096775,420.82,2022,12,2024,1,2024,9,2027,10,2027,12,2028,12,False,False,False,False,False,True,False,False,False,False,True,False,False,False,False,False,False,False,False,False,False,False,False,False,False,False,False,False,False,False,False,False,False,False,False,False,False,False,False,False,False,False,False,False,False,False,False,False,False,False,False,False,False,False,True,False,False,True,False,False,False
8.51,5.93,17,4,8.86,0.82,90.5,0,1172,57,0,0.6968272620446533,0.23529411764705882,9.68,2022,2,2022,10,2026,6,2026,7,2027,2,2028,5,False,False,False,False,False,False,True,False,False,False,False,False,False,False,False,False,False,False,False,False,False,False,False,False,False,False,False,False,False,False,False,False,False,False,True,False,False,False,False,False,False,False,False,False,False,False,False,False,False,False,False,False,False,False,False,True,False,True,False,False,False
65.83,55.31,120,30,76.82,12.46,88.8,3,2142,54,0,0.8401944402248216,0.25,89.28,2024,2,2025,1,2025,2,2029,10,2030,12,2032,2,False,False,False,False,False,True,False,False,False,False,False,False,False,False,False,False,False,False,False,False,False,False,False,False,False,False,False,False,True,False,False,False,False,False,False,False,False,False,False,False,False,False,False,False,False,False,False,False,False,False,False,False,False,False,False,False,False,True,False,False,False
83.41,74.95,148,25,208.03,8.76,100.0,6,927,50,0,0.8985733125524518,0.16891891891891891,216.79,2024,8,2025,2,2024,12,2028,1,2029,4,2030,5,False,False,False,False,False,False,False,False,True,False,False,False,False,False,False,False,False,False,False,False,False,False,False,False,False,False,False,False,False,False,False,True,False,False,False,False,False,False,False,False,False,False,False,False,False,False,False,False,False,False,False,False,False,False,False,False,False,False,False,False,False
20.02,13.97,28,6,61.18,0.76,97.8,1,0,11,0,0.6978021978021979,0.21428571428571427,61.94,2023,3,2024,4,2026,4,2025,3,2025,7,2025,8,False,False,True,False,False,False,False,False,False,False,False,False,False,False,False,False,False,False,False,False,False,False,False,True,False,False,False,False,False,False,False,False,False,False,False,False,False,False,False,False,False,False,False,False,False,False,False,False,False,False,False,False,False,True,False,False,False,True,False,False,False
48.86,25.86,75,12,39.93,5.11,97.9,1,729,61,1,0.5292672943102742,0.16,45.04,2025,6,2026,1,2026,5,2027,8,2028,3,2029,9,False,False,False,False,True,False,False,False,False,False,False,False,False,False,False,False,False,False,False,False,False,False,False,False,False,False,False,False,False,False,False,False,False,False,False,False,False,False,False,False,False,False,False,False,False,False,True,False,False,False,False,False,False,False,False,False,False,False,True,True,False
18.99,15.1,43,6,46.99,3.23,89.5,0,930,51,0,0.7951553449183781,0.13953488372093023,50.22,2017,6,2019,5,2018,10,2020,9,2022,1,2022,9,False,False,False,False,False,False,False,False,True,False,False,False,False,False,False,False,False,False,False,False,False,False,False,False,False,False,False,False,False,False,False,True,False,False,False,False,False,False,False,False,False,False,False,False,False,False,False,False,False,False,False,False,False,False,True,False,False,False,False,False,False
138.23,109.69,229,55,198.94,18.73,100.0,10,120,21,0,0.793532518266657,0.24017467248908297,217.67,2019,12,2020,8,2023,5,2022,2,2022,5,2022,6,True,False,False,False,False,False,False,False,False,False,False,False,False,False,False,False,False,False,False,False,False,False,False,False,False,False,False,False,False,False,False,False,False,False,False,False,False,False,False,False,False,False,False,False,False,False,False,True,False,False,False,False,False,False,False,False,False,True,False,False,False
43.18,23.63,65,11,137.61,2.83,91.8,2,107,26,0,0.547244094488189,0.16923076923076924,140.44000000000003,2023,1,2024,12,2026,5,2023,12,2025,1,2026,2,False,False,False,False,False,False,False,False,True,False,False,False,False,False,False,False,False,False,False,False,False,False,False,False,True,False,False,False,False,False,False,False,False,False,False,False,False,False,False,False,False,False,False,False,False,False,False,False,False,False,False,False,False,False,False,False,True,False,True,True,False
11.98,8.45,26,5,21.45,3.05,100.0,1,2764,56,0,0.7053422370617696,0.19230769230769232,24.5,2023,9,2025,9,2028,1,2029,11,2030,10,2032,10,False,False,False,False,False,True,False,False,False,False,True,False,False,False,False,False,False,False,False,False,False,False,False,False,False,False,False,False,False,False,False,False,False,False,False,False,False,False,False,False,False,False,False,False,False,False,False,False,False,False,False,False,False,False,False,False,False,True,False,False,False
58.55,41.3,109,20,242.23,10.21,89.7,2,1674,57,0,0.7053800170794193,0.1834862385321101,252.44,2022,5,2022,12,2023,4,2027,3,2027,8,2028,11,False,False,False,True,False,False,False,False,False,False,False,False,False,False,False,False,False,False,False,False,False,False,False,False,False,False,False,False,False,False,False,False,False,False,False,False,False,False,False,False,False,False,False,False,False,False,False,False,True,False,False,False,False,False,True,False,False,True,False,False,False
86.38,72.99,150,21,89.51,13.8,85.7,3,377,38,0,0.844987265570734,0.14,103.31,2024,5,2025,1,2026,9,2025,4,2026,3,2026,11,False,False,False,False,False,False,False,False,False,False,False,False,False,False,False,True,False,False,False,False,False,False,False,False,False,False,False,False,False,False,False,False,False,False,False,False,False,False,False,False,False,False,False,False,False,False,False,False,False,False,False,False,False,False,False,True,False,False,False,False,False
36.53,29.38,65,20,138.6,6.97,100.0,2,705,52,0,0.8042704626334519,0.3076923076923077,145.57,2016,9,2017,6,2017,9,2018,5,2019,4,2020,3,False,False,False,True,False,False,False,False,False,False,False,False,False,False,False,False,False,False,False,False,False,False,False,False,False,False,False,False,False,False,False,False,False,False,False,False,False,False,False,True,False,False,False,False,False,False,False,False,False,False,False,False,False,True,False,False,False,True,False,False,False
48.4,30.5,82,17,108.98,1.85,82.4,6,1331,63,1,0.6301652892561984,0.2073170731707317,110.83,2025,6,2026,4,2027,2,2029,5,2030,10,2031,4,False,False,False,False,False,True,False,False,False,False,False,False,False,False,False,False,False,False,False,False,False,False,False,False,False,False,False,False,False,False,False,False,True,False,False,False,False,False,False,False,False,False,False,False,False,False,False,False,False,False,False,False,True,False,False,False,False,False,True,True,False
27.95,19.05,56,10,111.0,4.55,100.0,4,747,58,0,0.6815742397137746,0.17857142857142858,115.55,2018,4,2019,8,2020,10,2020,7,2021,12,2022,11,False,False,False,False,False,False,False,False,False,False,False,False,False,False,False,False,False,False,False,False,False,False,False,False,False,False,False,False,False,False,False,False,False,False,False,False,False,False,False,False,True,False,False,False,False,False,False,False,False,False,False,False,False,False,False,False,False,True,False,False,False
9.64,7.8,10,2,36.79,1.02,86.8,0,692,53,0,0.8091286307053941,0.2,37.81,2025,3,2026,9,2028,9,2026,12,2028,6,2028,10,True,False,False,False,False,False,False,False,False,False,False,False,False,False,False,False,False,False,False,False,False,False,False,False,False,False,False,False,False,False,False,False,False,False,False,False,False,False,False,False,False,False,False,False,False,False,False,True,False,False,False,False,False,False,True,False,False,True,False,False,False
25.75,16.89,48,5,43.4,1.12,82.2,1,1842,58,0,0.6559223300970874,0.10416666666666667,44.519999999999996,2016,11,2018,12,2020,12,2021,4,2022,4,2023,8,False,False,False,False,True,False,False,False,False,False,False,False,False,False,False,False,False,True,False,False,False,False,False,False,False,False,False,False,False,False,False,False,False,False,False,False,False,False,False,False,False,False,False,False,False,False,False,False,False,False,False,False,True,False,False,False,False,True,False,False,False
50.55,45.66,116,21,49.9,11.09,93.9,4,487,45,0,0.9032640949554896,0.1810344827586207,60.989999999999995,2018,1,2019,8,2020,3,2021,9,2021,12,2022,5,False,True,False,False,False,False,False,False,False,False,False,False,False,False,False,False,False,False,False,False,False,False,False,False,False,False,False,False,False,False,False,False,False,False,False,False,False,True,False,False,False,False,False,False,False,False,False,False,False,False,False,False,True,False,False,False,False,False,False,False,True
26.36,22.91,43,12,88.92,5.12,100.0,1,1302,50,0,0.8691198786039454,0.27906976744186046,94.04,2017,12,2019,12,2020,9,2022,7,2023,11,2024,1,False,False,False,False,False,True,False,False,False,False,True,False,False,False,False,False,False,False,False,False,False,False,False,False,False,False,False,False,False,False,False,False,False,False,False,False,False,False,False,False,False,False,False,False,False,False,False,False,False,False,False,False,False,False,False,False,True,True,False,False,False
66.74,61.45,120,27,103.86,9.52,95.3,2,1501,48,0,0.9207371890919989,0.225,113.38,2019,1,2020,3,2021,3,2023,11,2024,12,2026,2,False,False,False,False,False,False,True,False,False,False,False,False,False,False,False,False,False,False,False,False,False,False,False,False,False,False,False,False,False,False,False,False,False,False,True,False,False,False,False,False,False,False,False,False,False,False,False,False,False,False,False,False,True,False,False,False,False,False,False,False,True
20.24,17.54,36,5,85.88,2.25,100.0,2,0,5,0,0.866600790513834,0.1388888888888889,88.13,2023,6,2025,9,2024,12,2024,3,2024,3,2025,4,False,False,False,False,False,True,False,False,False,False,False,True,False,False,False,False,False,False,False,False,False,False,False,False,False,False,False,False,False,False,False,False,False,False,False,False,False,False,False,False,False,False,False,False,False,False,False,False,False,False,False,False,False,False,False,True,False,True,False,False,False
21.62,18.35,43,8,22.67,2.81,67.5,2,1624,55,0,0.8487511563367253,0.18604651162790697,25.48,2023,12,2025,3,2024,4,2027,8,2028,2,2030,3,False,False,False,False,False,True,False,False,False,False,False,False,False,False,False,False,False,False,False,False,False,False,False,False,False,False,False,False,True,False,False,False,False,False,False,False,False,False,False,False,False,False,False,False,False,False,False,False,False,False,False,False,False,False,True,False,False,True,False,False,False
68.79,56.93,112,22,137.49,9.85,100.0,3,540,53,0,0.8275912196540194,0.19642857142857142,147.34,2025,6,2027,1,2026,1,2027,11,2028,10,2029,12,False,False,False,False,False,False,False,False,False,False,False,False,False,False,False,False,False,False,False,False,False,True,False,False,False,False,False,False,False,False,False,False,False,False,False,False,False,False,False,False,False,False,False,False,False,False,False,False,False,False,False,False,False,False,True,False,False,True,False,False,False
37.41,19.83,61,10,31.68,4.7,83.7,1,1324,64,1,0.5300721732157178,0.16393442622950818,36.38,2017,4,2018,7,2019,3,2020,12,2021,12,2022,11,False,False,False,False,False,False,False,True,False,False,False,False,False,False,False,False,False,False,False,False,False,False,False,False,False,False,False,False,False,False,False,False,False,False,False,False,False,False,False,False,False,False,False,False,False,False,False,False,False,False,False,True,False,False,False,False,False,False,True,True,False
19.85,19.35,38,3,39.16,3.75,100.0,0,1457,47,0,0.9748110831234257,0.07894736842105263,42.91,2024,7,2025,3,2025,6,2029,3,2029,6,2031,3,False,False,False,False,False,False,False,False,True,False,False,False,False,False,False,False,False,False,False,False,False,False,False,False,False,False,False,False,False,False,False,True,False,False,False,False,False,False,False,False,False,False,False,False,False,False,False,False,False,False,False,False,False,False,False,False,False,True,False,False,True
84.25,34.41,148,27,236.12,9.2,77.8,6,789,70,1,0.4084272997032641,0.18243243243243243,245.32,2023,10,2025,5,2026,6,2027,5,2028,3,2028,11,False,False,False,False,False,False,False,True,False,False,False,False,False,False,False,False,False,False,False,False,False,False,False,False,False,False,False,False,False,False,False,False,False,True,False,False,False,False,False,False,False,False,False,False,False,False,False,False,False,False,False,False,False,False,False,False,False,False,True,True,False
15.05,8.81,27,5,48.51,1.67,75.9,0,1601,61,1,0.5853820598006645,0.18518518518518517,50.18,2019,1,2021,1,2022,7,2024,1,2025,7,2026,8,True,False,False,False,False,False,False,False,False,False,False,False,False,False,False,False,False,False,False,False,False,False,False,False,False,False,False,False,False,False,False,False,False,False,False,False,False,False,False,False,False,False,False,False,True,False,False,False,False,False,False,False,False,False,False,True,False,True,False,True,False
14.48,11.93,30,1,50.5,2.84,94.9,1,228,25,0,0.8238950276243093,0.03333333333333333,53.34,2020,8,2022,1,2023,10,2022,4,2022,6,2023,5,False,False,False,False,False,False,True,False,False,False,False,False,False,False,False,False,False,False,False,False,False,False,False,False,False,False,False,False,False,False,False,False,False,False,True,False,False,False,False,False,False,False,False,False,False,False,False,False,False,False,False,False,True,False,False,False,False,True,False,False,False
2.0,1.67,7,0,7.77,0.59,96.6,0,2474,50,0,0.835,0.0,8.36,2024,11,2026,4,2028,5,2031,4,2032,6,2034,2,False,False,False,False,True,False,False,False,False,False,False,False,False,False,False,False,False,True,False,False,False,False,False,False,False,False,False,False,False,False,False,False,False,False,False,False,False,False,False,False,False,False,False,False,False,False,False,False,False,False,False,False,True,False,False,False,False,False,False,False,False
17.22,12.14,32,4,20.83,3.13,100.0,0,1332,56,0,0.7049941927990709,0.125,23.959999999999997,2023,10,2025,9,2026,9,2028,7,2030,2,2030,8,False,False,True,False,False,False,False,False,False,False,False,False,False,False,False,False,False,False,False,False,False,False,False,False,False,False,True,False,False,False,False,False,False,False,False,False,False,False,False,False,False,False,False,False,False,False,False,False,False,False,False,False,False,False,False,False,True,True,False,False,False
110.91,70.51,186,36,401.38,20.22,100.0,5,150,26,0,0.6357406906500767,0.1935483870967742,421.6,2024,2,2026,3,2027,12,2024,12,2025,3,2026,10,True,False,False,False,False,False,False,False,False,False,False,False,False,False,False,False,False,False,False,False,False,False,False,False,False,False,False,False,False,False,False,False,False,False,False,False,False,False,False,False,False,False,False,False,False,False,False,True,False,False,False,False,False,False,False,True,False,True,False,True,False
3.77,2.25,3,0,6.9,0.14,96.4,0,2604,59,0,0.596816976127321,0.0,7.04,2019,11,2021,6,2020,11,2025,10,2027,4,2029,5,False,False,True,False,False,False,False,False,False,False,False,False,False,False,False,False,False,False,False,False,False,False,False,False,False,False,False,False,False,False,False,False,False,False,False,False,False,False,False,False,False,False,False,False,False,False,False,False,False,True,False,False,False,False,False,False,False,True,False,True,False
11.57,9.45,24,3,15.17,1.24,82.5,0,1965,53,0,0.8167675021607606,0.125,16.41,2022,1,2023,11,2022,8,2028,1,2028,2,2028,12,False,False,True,False,False,False,False,False,False,False,False,False,False,False,False,False,False,False,False,False,False,False,False,False,False,False,False,False,False,False,False,False,False,False,False,False,False,False,False,False,False,False,False,False,False,False,False,False,False,True,False,False,False,True,False,False,False,True,False,False,False
46.48,42.38,92,21,82.87,6.69,100.0,2,0,5,0,0.911790017211704,0.22826086956521738,89.56,2023,9,2025,1,2027,12,2024,9,2025,5,2025,12,False,False,False,False,True,False,False,False,False,False,False,False,False,False,False,False,False,False,False,False,False,False,False,False,False,False,False,False,False,False,False,False,False,False,False,False,False,False,False,False,False,False,False,False,False,False,True,False,False,False,False,False,False,False,False,False,True,True,False,False,True
3.17,2.28,5,0,12.6,0.57,73.5,0,1262,58,0,0.7192429022082019,0.0,13.17,2025,3,2026,10,2029,2,2028,3,2029,6,2030,1,False,False,False,True,False,False,False,False,False,False,False,False,True,False,False,False,False,False,False,False,False,False,False,False,False,False,False,False,False,False,False,False,False,False,False,False,False,False,False,False,False,False,False,False,False,False,False,False,False,False,False,False,False,True,False,False,False,True,False,False,False
17.98,11.74,33,6,56.12,3.41,100.0,2,812,57,0,0.6529477196885428,0.18181818181818182,59.53,2022,7,2023,12,2024,9,2025,6,2026,4,2026,10,False,False,False,False,False,False,False,True,False,False,False,False,False,False,False,False,False,False,False,False,False,False,False,False,False,False,False,False,False,False,False,False,False,False,False,False,False,False,False,False,False,False,False,False,False,False,False,False,False,False,False,False,True,False,False,False,False,True,False,False,False
93.77,82.14,180,41,282.28,12.03,94.7,5,2330,52,0,0.875973125733177,0.22777777777777777,294.30999999999995,2020,12,2021,8,2023,3,2026,12,2027,9,2029,11,False,False,False,False,False,True,False,False,False,False,False,False,False,False,False,False,False,False,False,False,False,False,False,False,False,False,False,False,True,False,False,False,False,False,False,False,False,False,False,False,False,False,False,False,False,False,False,False,False,False,False,False,False,False,False,False,True,True,False,False,False
231.14,185.96,427,69,684.9,33.01,93.7,7,6,12,0,0.804534048628537,0.16159250585480095,717.91,2020,12,2022,6,2023,1,2021,8,2021,8,2023,5,False,True,False,False,False,False,False,False,False,False,False,False,False,False,False,False,False,False,False,False,False,False,False,False,False,False,False,False,False,False,False,False,False,False,False,True,False,False,False,False,False,False,False,False,False,False,False,False,False,False,False,False,False,False,False,False,True,True,False,False,False
40.05,28.65,61,12,92.59,5.57,100.0,2,132,22,0,0.7153558052434457,0.19672131147540983,98.16,2025,7,2026,12,2029,6,2026,5,2026,11,2028,1,False,False,True,False,False,False,False,False,False,False,False,False,False,False,False,False,True,False,False,False,False,False,False,False,False,False,False,False,False,False,False,False,False,False,False,False,False,False,False,False,False,False,False,False,False,False,False,False,False,False,False,False,False,False,True,False,False,True,False,False,False
11.86,10.33,26,2,27.79,1.88,100.0,0,277,26,0,0.8709949409780776,0.07692307692307693,29.669999999999998,2020,10,2022,3,2023,7,2023,4,2023,10,2023,11,False,False,False,False,False,False,True,False,False,False,False,False,False,False,False,False,False,False,False,False,False,False,False,False,False,False,False,False,False,False,False,False,False,False,False,False,False,False,False,False,False,False,False,False,False,True,False,False,False,False,False,False,True,False,False,False,False,False,False,False,False
11.47,10.66,22,4,15.47,0.66,100.0,1,2412,47,0,0.9293809938971229,0.18181818181818182,16.13,2018,8,2020,8,2020,1,2025,2,2026,1,2028,2,True,False,False,False,False,False,False,False,False,False,False,False,False,False,False,False,False,False,False,False,False,False,False,False,False,False,False,False,False,False,False,False,False,False,False,False,False,False,False,False,False,False,False,False,False,False,False,True,False,False,False,False,True,False,False,False,False,False,False,False,True
34.64,29.09,58,15,70.34,3.21,97.1,1,185,21,0,0.8397806004618937,0.25862068965517243,73.55,2018,7,2019,6,2020,11,2019,1,2019,9,2021,6,False,False,False,True,False,False,False,False,False,False,False,False,False,False,False,False,False,False,False,False,False,False,False,False,False,False,False,False,False,False,False,False,False,False,False,False,False,False,False,False,False,False,True,False,False,False,False,False,False,False,False,False,False,False,False,True,False,False,False,False,False
39.68,33.93,67,9,106.92,1.66,100.0,2,246,28,0,0.8550907258064516,0.13432835820895522,108.58,2016,1,2018,1,2016,11,2018,10,2019,3,2019,12,False,False,True,False,False,False,False,False,False,False,False,False,False,False,False,False,True,False,False,False,False,False,False,False,False,False,False,False,False,False,False,False,False,False,False,False,False,False,False,False,False,False,False,False,False,False,False,False,False,False,False,False,False,False,False,False,True,True,False,False,False
192.08,108.31,325,64,584.36,28.27,90.9,3,1914,63,1,0.5638796334860474,0.19692307692307692,612.63,2023,8,2024,12,2025,2,2029,8,2030,1,2031,12,False,False,False,True,False,False,False,False,False,False,False,False,True,False,False,False,False,False,False,False,False,False,False,False,False,False,False,False,False,False,False,False,False,False,False,False,False,False,False,False,False,False,False,False,False,False,False,False,False,False,False,False,True,False,False,False,False,False,True,True,False
79.11,58.53,146,30,84.26,7.84,90.4,1,1704,55,0,0.7398558968524839,0.2054794520547945,92.10000000000001,2025,7,2027,10,2028,10,2029,3,2030,10,2031,8,False,False,False,True,False,False,False,False,False,False,False,False,False,False,False,False,False,False,False,False,False,False,False,False,False,False,False,False,False,False,False,False,False,False,False,False,False,False,False,False,False,False,False,False,False,False,False,False,True,False,False,False,False,False,False,False,True,True,False,False,False
32.59,20.11,61,14,66.32,5.72,100.0,2,994,58,0,0.617060447990181,0.22950819672131148,72.03999999999999,2018,9,2020,5,2020,3,2022,8,2023,8,2024,3,False,False,True,False,False,False,False,False,False,False,False,False,False,False,False,False,False,False,False,False,False,False,False,True,False,False,False,False,False,False,False,False,False,False,False,False,False,False,False,False,False,False,False,False,False,False,False,False,False,False,False,False,False,False,False,True,False,True,False,True,False
21.43,20.9,42,9,44.06,2.64,100.0,1,268,24,0,0.9752683154456369,0.21428571428571427,46.7,2016,8,2017,2,2019,8,2018,1,2018,10,2020,3,False,False,False,False,False,False,False,False,False,False,False,False,False,False,False,False,False,False,False,False,False,False,False,False,False,False,False,False,False,False,False,False,False,False,False,False,True,False,False,False,False,False,False,False,False,False,False,False,False,False,False,False,False,False,False,True,False,False,False,False,True
610.76,444.81,1121,213,1652.57,27.53,67.4,28,75,29,0,0.7282893444233415,0.19000892060660124,1680.1,2025,5,2026,2,2029,1,2026,6,2027,8,2028,1,False,False,False,False,False,False,False,False,True,False,False,False,False,True,False,False,False,False,False,False,False,False,False,False,False,False,False,False,False,False,False,False,False,False,False,False,False,False,False,False,False,False,False,False,False,False,False,False,False,False,False,False,False,False,True,False,False,True,False,False,False
56.07,49.22,92,15,192.16,5.33,100.0,1,0,4,0,0.8778312823256643,0.16304347826086957,197.49,2019,3,2020,3,2019,9,2020,1,2020,3,2020,4,False,False,False,False,False,False,True,False,False,False,False,False,False,False,False,False,False,False,True,False,False,False,False,False,False,False,False,False,False,False,False,False,False,False,False,False,False,False,False,False,False,False,False,False,False,False,False,False,False,False,False,False,False,False,False,False,True,False,False,False,False
15.35,14.25,23,5,48.36,0.96,100.0,1,663,48,0,0.9283387622149837,0.21739130434782608,49.32,2023,8,2025,7,2026,11,2024,11,2025,5,2027,4,False,False,False,False,False,True,False,False,False,False,False,False,False,False,False,False,False,False,False,False,False,False,False,False,False,False,False,False,False,True,False,False,False,False,False,False,False,False,False,False,False,False,False,False,False,False,False,False,False,False,False,False,True,False,False,False,False,False,False,False,True
23.94,18.02,52,11,69.72,2.15,100.0,2,1562,53,0,0.7527151211361737,0.21153846153846154,71.87,2019,6,2021,7,2021,6,2023,4,2024,4,2025,12,False,False,False,False,False,True,False,False,False,False,False,False,False,False,False,False,False,False,False,False,False,False,False,False,False,False,False,False,True,False,False,False,False,False,False,False,False,False,False,False,False,False,False,False,False,False,False,False,False,False,False,False,True,False,False,False,False,True,False,False,False
12.46,6.36,21,7,23.4,1.21,91.0,0,831,64,1,0.5104333868378812,0.3333333333333333,24.61,2019,5,2019,11,2022,7,2022,2,2022,6,2024,7,False,False,False,False,False,False,True,False,False,False,False,False,False,False,False,False,False,False,True,False,False,False,False,False,False,False,False,False,False,False,False,False,False,False,False,False,False,False,False,False,False,False,False,False,False,False,False,False,False,False,False,False,False,False,False,False,True,False,True,True,False
2.71,2.28,5,1,10.58,0.59,84.2,0,1417,51,0,0.8413284132841328,0.2,11.17,2023,8,2024,3,2026,3,2026,8,2028,2,2030,1,False,False,False,False,False,False,False,False,False,False,False,False,False,False,False,False,False,False,False,False,False,True,False,False,False,False,False,False,False,False,False,False,False,False,False,False,False,False,False,False,False,False,False,False,False,False,False,False,False,False,False,False,False,False,False,False,True,False,False,False,False
40.96,33.32,65,13,151.78,7.54,99.1,6,520,50,0,0.8134765625,0.2,159.32,2019,1,2020,12,2021,10,2021,12,2022,8,2022,9,False,False,False,False,False,True,False,False,False,False,True,False,False,False,False,False,False,False,False,False,False,False,False,False,False,False,False,False,False,False,False,False,False,False,False,False,False,False,False,False,False,False,False,False,False,False,False,False,False,False,False,False,False,False,False,False,True,False,False,False,False
178.12,95.78,320,50,263.5,32.11,92.7,9,385,52,0,0.5377273748035033,0.15625,295.61,2017,2,2018,10,2019,7,2018,9,2020,1,2021,4,False,False,False,True,False,False,False,False,False,False,False,False,False,False,False,False,False,False,False,False,False,False,False,False,False,False,False,False,False,False,False,False,False,False,False,False,False,False,False,False,False,False,True,False,False,False,False,False,False,False,False,False,False,False,False,False,False,False,True,True,False
5.87,5.04,12,2,18.92,0.53,94.9,0,1795,49,0,0.858603066439523,0.16666666666666666,19.450000000000003,2016,4,2016,7,2016,8,2021,10,2023,4,2023,12,False,False,False,False,True,False,False,False,False,False,False,False,False,False,False,False,False,False,False,False,False,False,False,False,False,False,False,False,False,False,False,False,False,False,False,False,False,False,False,False,False,False,False,False,False,False,True,False,False,False,False,False,True,False,False,False,False,False,False,False,False
31.67,29.14,62,11,131.58,5.98,76.4,4,2602,51,0,0.9201136722450268,0.1774193548387097,137.56,2021,5,2022,8,2025,8,2027,5,2028,12,2031,1,True,False,False,False,False,False,False,False,False,False,False,False,False,False,False,False,False,False,False,False,False,False,False,False,False,False,False,False,False,False,False,False,False,False,False,False,False,False,False,False,False,False,False,False,False,False,False,True,False,False,False,False,False,False,False,True,False,False,False,False,True
14.78,10.11,29,9,35.65,0.62,100.0,2,826,56,0,0.6840324763193505,0.3103448275862069,36.269999999999996,2017,4,2017,8,2020,3,2020,9,2021,10,2022,2,False,False,False,False,False,False,False,True,False,False,False,False,False,False,False,False,False,False,False,False,False,False,False,False,False,False,False,False,False,False,False,False,False,False,False,False,False,False,False,False,False,False,False,False,False,False,False,False,False,False,False,True,True,False,False,False,False,True,False,False,False
50.48,14.96,91,15,213.11,2.33,89.1,4,1604,72,1,0.29635499207606975,0.16483516483516483,215.44000000000003,2024,9,2025,11,2025,12,2029,9,2029,10,2031,11,False,False,False,False,False,True,False,False,False,False,False,False,False,False,False,False,False,False,False,False,False,False,False,False,False,False,False,False,False,False,False,False,True,False,False,False,False,False,False,False,False,False,False,False,False,False,False,False,False,False,False,False,False,False,False,False,False,False,True,True,False
25.22,19.9,48,14,22.23,4.97,94.0,3,1385,54,0,0.789056304520222,0.2916666666666667,27.2,2021,4,2022,5,2022,3,2026,1,2027,6,2028,5,False,False,False,False,False,False,True,False,False,False,False,False,False,False,False,False,False,False,False,False,False,False,False,False,False,False,False,False,False,False,False,False,False,False,False,False,False,False,False,False,False,False,False,False,False,True,False,False,False,False,False,False,False,False,False,False,True,True,False,False,False
7.69,4.76,9,2,20.84,0.69,100.0,0,602,60,0,0.6189856957087125,0.2222222222222222,21.53,2020,11,2020,12,2024,2,2022,8,2023,10,2025,4,False,False,False,False,True,False,False,False,False,False,False,False,False,False,False,False,False,True,False,False,False,False,False,False,False,False,False,False,False,False,False,False,False,False,False,False,False,False,False,False,False,False,False,False,False,False,False,False,False,False,False,False,False,False,True,False,False,False,True,True,False
11.23,3.5,20,2,19.63,1.15,96.1,0,0,24,0,0.31166518254674974,0.1,20.779999999999998,2018,2,2019,7,2021,5,2019,8,2020,3,2020,6,False,False,True,False,False,False,False,False,False,False,False,False,False,False,False,False,False,False,False,False,False,False,False,False,False,False,False,True,False,False,False,False,False,False,False,False,False,False,False,False,False,False,False,False,False,False,False,False,False,False,False,False,False,False,False,False,True,False,True,True,False
13.06,6.41,30,4,23.12,2.82,90.6,1,1078,65,1,0.4908116385911179,0.13333333333333333,25.94,2019,2,2021,5,2019,7,2022,9,2022,11,2024,4,False,False,False,False,False,False,False,False,True,False,False,False,False,False,False,False,False,False,False,False,False,False,False,False,False,True,False,False,False,False,False,False,False,False,False,False,False,False,False,False,False,False,False,False,False,False,False,False,False,False,False,False,False,False,False,False,True,False,True,True,False
114.93,68.82,215,37,465.11,6.76,89.5,7,762,63,1,0.598799269120334,0.17209302325581396,471.87,2023,10,2025,12,2026,6,2026,9,2027,2,2027,5,False,False,False,False,False,False,True,False,False,False,False,False,False,False,False,False,False,False,True,False,False,False,False,False,False,False,False,False,False,False,False,False,False,False,False,False,False,False,False,False,False,False,False,False,False,False,False,False,False,False,False,False,False,False,False,False,False,False,True,True,False
109.21,73.22,226,37,213.24,11.0,70.6,7,2849,64,1,0.6704514238622837,0.16371681415929204,224.24,2020,3,2022,4,2024,6,2026,8,2027,10,2029,10,False,False,False,True,False,False,False,False,False,False,False,False,True,False,False,False,False,False,False,False,False,False,False,False,False,False,False,False,False,False,False,False,False,False,False,False,False,False,False,False,False,False,False,False,False,False,False,False,False,False,False,False,True,False,False,False,False,False,True,False,False
21.95,17.09,43,14,19.45,3.99,98.5,0,226,28,0,0.7785876993166287,0.32558139534883723,23.439999999999998,2024,3,2026,5,2025,2,2025,7,2025,8,2027,5,False,False,False,False,False,False,False,False,True,False,False,False,False,False,False,False,False,False,False,False,False,False,False,False,True,False,False,False,False,False,False,False,False,False,False,False,False,False,False,False,False,False,False,False,False,False,False,False,False,False,False,False,False,False,False,False,True,True,False,False,False
102.29,87.12,188,33,286.09,7.65,98.2,3,2214,51,0,0.8516961579822074,0.17553191489361702,293.73999999999995,2024,5,2025,8,2024,9,2030,6,2032,1,2032,5,True,False,False,False,False,False,False,False,False,True,False,False,False,False,False,False,False,False,False,False,False,False,False,False,False,False,False,False,False,False,False,False,False,False,False,False,False,False,False,False,False,False,False,False,False,False,False,False,False,False,False,False,True,False,False,False,False,True,False,False,False
25.2,21.59,43,6,110.68,3.44,100.0,4,745,52,0,0.8567460317460318,0.13953488372093023,114.12,2017,9,2018,5,2020,11,2020,8,2022,3,2022,4,True,False,False,False,False,False,False,False,False,True,False,False,False,False,False,False,False,False,False,False,False,False,False,False,False,False,False,False,False,False,False,False,False,False,False,False,False,False,False,False,False,False,False,False,False,False,False,False,False,False,False,False,False,True,False,False,False,True,False,False,False
21.61,15.76,36,9,23.61,2.33,93.4,0,607,55,0,0.7292919944470153,0.25,25.939999999999998,2023,12,2024,12,2025,2,2024,9,2025,6,2027,3,False,False,False,False,False,False,False,False,False,False,False,False,False,False,False,True,False,False,False,False,False,False,False,False,False,False,False,False,False,False,False,False,False,False,False,False,False,False,False,False,False,False,False,False,False,False,False,False,False,False,False,False,False,False,False,True,False,True,False,False,False
31.73,17.6,45,6,59.0,1.81,100.0,0,384,47,0,0.554680113457296,0.13333333333333333,60.81,2018,8,2020,5,2019,3,2019,10,2021,1,2021,11,False,True,False,False,False,False,False,False,False,False,False,False,False,False,False,False,False,False,False,False,False,False,False,False,False,False,False,False,False,False,False,False,False,False,False,True,False,False,False,False,False,False,False,False,False,False,False,False,False,False,False,False,True,False,False,False,False,False,True,True,False
39.84,33.31,68,12,101.08,7.4,98.3,3,1351,51,0,0.8360943775100401,0.17647058823529413,108.48,2024,7,2026,8,2028,1,2027,8,2028,3,2029,10,False,False,False,False,False,False,False,False,False,False,False,False,False,False,False,False,False,False,False,False,False,True,False,False,False,False,False,False,False,False,False,False,False,False,False,False,False,False,False,False,False,False,False,False,False,False,False,False,False,False,False,False,False,False,True,False,False,False,False,False,False
17.19,10.0,23,4,66.57,1.46,99.8,0,2357,58,0,0.5817335660267597,0.17391304347826086,68.02999999999999,2023,10,2024,10,2028,1,2029,5,2030,7,2032,6,False,False,False,False,True,False,False,False,False,False,False,False,False,False,False,False,False,False,False,False,False,False,False,False,False,False,False,False,False,False,False,False,False,False,False,False,False,False,False,False,False,False,False,True,False,False,False,False,False,False,False,False,False,False,False,True,False,True,False,True,False
30.63,22.51,64,12,54.98,5.11,100.0,2,0,12,0,0.7349004244205029,0.1875,60.089999999999996,2021,11,2022,10,2024,10,2022,7,2022,9,2022,12,False,False,False,False,False,False,False,False,True,False,False,False,False,False,False,False,False,False,False,False,False,False,False,False,False,False,False,False,False,False,False,True,False,False,False,False,False,False,False,False,False,False,False,False,False,False,False,False,False,False,False,False,False,False,True,False,False,False,True,False,False
65.85,59.74,112,24,136.42,5.07,100.0,1,608,47,0,0.9072133637053912,0.21428571428571427,141.48999999999998,2020,2,2020,12,2023,2,2021,9,2023,1,2024,5,False,True,False,False,False,False,False,False,False,False,False,False,False,False,True,False,False,False,False,False,False,False,False,False,False,False,False,False,False,False,False,False,False,False,False,False,False,False,False,False,False,False,False,False,False,False,False,False,False,False,False,False,False,False,False,False,True,False,False,False,True
34.11,32.22,66,10,75.81,3.61,94.5,1,1397,47,0,0.9445910290237467,0.15151515151515152,79.42,2021,9,2023,6,2024,2,2025,2,2026,3,2027,7,False,False,True,False,False,False,False,False,False,False,False,False,False,False,False,False,False,False,False,False,False,False,False,True,False,False,False,False,False,False,False,False,False,False,False,False,False,False,False,False,False,False,False,False,False,False,False,False,False,False,False,False,False,False,False,True,False,False,False,False,True
31.27,29.17,59,10,68.94,1.47,100.0,0,493,43,0,0.9328429804924849,0.1694915254237288,70.41,2024,9,2025,11,2026,8,2027,5,2028,5,2028,6,False,False,False,True,False,False,False,False,False,False,False,False,False,False,False,False,False,False,False,False,False,False,False,False,False,False,False,False,False,False,False,False,False,False,False,False,False,False,False,False,False,False,True,False,False,False,False,False,False,False,False,False,True,False,False,False,False,False,False,False,True
49.12,26.56,80,17,75.71,5.47,92.6,0,1471,61,1,0.5407166123778502,0.2125,81.17999999999999,2025,2,2026,8,2026,4,2028,12,2029,2,2031,1,False,False,False,False,False,False,False,False,True,False,False,False,False,True,False,False,False,False,False,False,False,False,False,False,False,False,False,False,False,False,False,False,False,False,False,False,False,False,False,False,False,False,False,False,False,False,False,False,False,False,False,False,False,False,False,True,False,False,True,True,False
58.36,39.01,115,21,244.41,6.27,97.2,3,1796,58,0,0.6684372858122001,0.1826086956521739,250.68,2019,8,2020,8,2020,7,2025,1,2025,12,2026,12,False,False,False,False,False,False,False,False,False,False,False,False,False,False,False,False,False,False,False,False,False,False,False,False,False,False,False,False,False,False,False,False,False,False,False,False,False,False,False,False,True,False,False,False,False,False,False,False,False,False,False,False,False,False,False,False,True,True,False,False,False
28.15,27.05,50,8,105.11,2.65,100.0,0,1747,46,0,0.960923623445826,0.16,107.76,2016,5,2016,8,2017,8,2020,12,2021,4,2022,8,False,False,False,False,False,False,False,True,False,False,False,False,False,False,False,False,False,False,False,False,False,False,False,False,False,False,False,False,False,False,False,False,False,False,False,False,False,False,False,False,False,False,False,False,False,False,False,False,False,False,False,False,False,False,False,False,False,False,False,False,True
18.65,13.64,27,1,82.24,2.94,80.7,1,2388,57,0,0.7313672922252011,0.037037037037037035,85.17999999999999,2016,8,2018,4,2018,12,2022,11,2024,5,2026,5,False,True,False,False,False,False,False,False,False,False,False,False,False,False,True,False,False,False,False,False,False,False,False,False,False,False,False,False,False,False,False,False,False,False,False,False,False,False,False,False,False,False,False,False,False,False,False,False,False,False,False,False,False,False,True,False,False,True,False,False,False
36.21,32.5,66,14,78.67,5.97,100.0,1,1552,50,0,0.8975421154377243,0.21212121212121213,84.64,2018,12,2020,4,2021,3,2024,10,2025,2,2026,6,False,True,False,False,False,False,False,False,False,False,False,False,False,False,False,False,False,False,False,False,False,False,False,False,False,False,False,False,False,False,False,False,False,False,False,False,False,True,False,False,False,False,False,False,False,False,False,False,False,False,False,False,False,False,False,False,True,True,False,False,False
6.09,2.53,10,4,5.89,0.66,92.5,0,1225,67,1,0.4154351395730706,0.4,6.55,2024,10,2024,11,2029,1,2028,6,2029,4,2031,3,False,False,False,True,False,False,False,False,False,False,False,False,False,False,False,False,False,False,False,False,False,False,False,False,False,False,False,False,False,False,False,False,False,False,False,False,False,False,False,False,False,False,True,False,False,False,False,False,False,False,False,False,False,False,False,False,False,False,True,True,False
24.28,21.78,41,8,29.8,1.62,100.0,0,754,48,0,0.8970345963756178,0.1951219512195122,31.42,2019,3,2020,7,2022,9,2022,9,2023,1,2024,1,False,False,False,False,False,True,False,False,False,False,True,False,False,False,False,False,False,False,False,False,False,False,False,False,False,False,False,False,False,False,False,False,False,False,False,False,False,False,False,False,False,False,False,False,False,False,False,False,False,False,False,False,False,False,False,True,False,False,False,False,False
2.53,1.57,4,2,5.37,0.47,100.0,0,2544,58,0,0.6205533596837945,0.5,5.84,2020,8,2021,5,2021,7,2027,1,2028,5,2029,4,True,False,False,False,False,False,False,False,False,False,False,False,False,False,False,False,False,False,False,False,False,False,False,False,False,False,False,False,False,False,False,False,False,False,False,False,False,False,False,False,False,False,False,False,False,False,False,False,False,False,True,False,False,False,False,True,False,False,True,True,False
5.61,4.62,9,2,23.4,0.25,100.0,0,1026,50,0,0.8235294117647058,0.2222222222222222,23.65,2018,3,2019,4,2020,3,2022,2,2022,5,2024,3,True,False,False,False,False,False,False,False,False,False,False,False,False,False,False,False,False,False,False,False,False,False,False,False,False,False,False,False,False,False,False,False,False,False,False,False,False,False,False,False,False,False,False,False,False,False,False,True,False,False,False,False,False,False,False,False,True,False,False,False,False
4.83,3.94,6,0,21.4,0.2,100.0,0,659,51,0,0.8157349896480331,0.0,21.599999999999998,2020,6,2021,8,2021,8,2022,2,2022,11,2023,9,False,False,False,False,False,False,False,True,False,False,False,False,False,False,False,False,False,False,False,False,False,False,False,False,False,False,False,False,False,False,False,False,False,False,False,False,False,False,False,False,False,True,False,False,False,False,False,False,False,False,False,False,True,False,False,False,False,True,False,False,False
85.4,62.7,154,18,328.05,7.24,99.3,7,527,54,0,0.734192037470726,0.11688311688311688,335.29,2016,6,2018,4,2018,2,2017,6,2018,6,2019,5,False,False,False,False,True,False,False,False,False,False,False,False,False,False,False,False,False,False,False,False,True,False,False,False,False,False,False,False,False,False,False,False,False,False,False,False,False,False,False,False,False,False,False,False,False,False,False,False,False,False,False,False,False,False,False,True,False,True,False,False,False
30.39,24.03,51,10,51.12,5.89,81.9,1,1811,55,0,0.790720631786772,0.19607843137254902,57.01,2016,10,2018,12,2020,3,2021,8,2021,10,2023,7,False,False,False,False,True,False,False,False,False,False,False,False,False,False,False,False,False,False,False,False,False,False,False,False,False,False,False,False,False,False,False,False,False,False,False,False,False,False,False,False,False,False,False,True,False,False,False,False,False,False,False,False,True,False,False,False,False,True,False,False,False
8.48,6.1,16,3,27.48,0.77,100.0,0,0,9,0,0.7193396226415093,0.1875,28.25,2024,11,2026,12,2026,2,2026,1,2026,7,2026,10,False,False,True,False,False,False,False,False,False,False,False,False,False,False,False,False,False,False,False,False,False,False,False,False,False,False,False,True,False,False,False,False,False,False,False,False,False,False,False,False,False,False,False,False,False,False,False,False,False,False,False,False,True,False,False,False,False,True,False,False,False
48.96,34.14,85,18,147.24,5.88,100.0,1,284,33,0,0.6973039215686274,0.21176470588235294,153.12,2017,5,2017,7,2021,4,2018,5,2018,6,2020,6,False,False,False,False,False,False,False,False,True,False,False,False,False,False,False,False,False,False,False,False,False,False,False,False,False,False,False,False,False,False,False,True,False,False,False,False,False,False,False,False,False,False,False,False,False,False,False,False,False,False,False,False,True,False,False,False,False,True,False,False,False
80.53,45.53,149,29,309.72,14.32,80.5,3,1234,63,1,0.5653793617285484,0.19463087248322147,324.04,2023,9,2025,5,2027,2,2025,9,2026,10,2028,6,False,False,False,False,False,False,True,False,False,False,False,False,False,False,False,False,False,False,False,False,False,False,False,False,False,False,False,False,False,False,False,False,False,False,False,False,False,False,False,False,False,False,False,False,False,True,False,False,False,False,False,False,False,True,False,False,False,False,True,True,False
49.82,27.93,85,24,133.82,9.6,100.0,6,943,60,0,0.560618225612204,0.2823529411764706,143.42,2025,5,2025,11,2028,12,2030,3,2030,10,2031,1,False,False,False,False,False,True,False,False,False,False,False,False,False,False,False,False,False,False,False,False,False,False,False,False,False,False,False,False,True,False,False,False,False,False,False,False,False,False,False,False,False,False,False,False,False,False,False,False,False,False,False,False,False,False,False,False,False,True,False,True,False
24.81,17.49,55,10,49.05,4.43,98.2,4,237,33,0,0.7049576783555018,0.18181818181818182,53.48,2017,9,2019,6,2018,4,2018,7,2019,4,2019,11,False,False,False,False,False,False,False,False,False,False,False,False,False,False,False,True,False,False,False,False,False,False,False,False,False,False,False,False,False,False,False,False,False,False,False,False,False,False,False,False,False,False,False,False,False,False,False,False,False,False,False,False,False,False,False,False,False,False,True,False,False
37.81,25.35,67,11,32.94,3.91,89.0,3,123,23,0,0.6704575509124571,0.16417910447761194,36.849999999999994,2019,6,2020,4,2023,5,2020,6,2020,11,2022,1,False,False,False,False,False,False,True,False,False,False,False,False,False,False,False,False,False,False,True,False,False,False,False,False,False,False,False,False,False,False,False,False,False,False,False,False,False,False,False,False,False,False,False,False,False,False,False,False,False,False,False,False,False,False,False,True,False,True,False,False,False
73.81,57.98,150,24,276.17,17.78,91.2,5,521,54,0,0.7855304159328004,0.16,293.95000000000005,2025,7,2027,8,2028,5,2027,4,2027,12,2028,5,False,False,False,False,False,False,True,False,False,False,False,False,False,False,False,False,False,False,False,False,False,False,False,False,False,False,False,False,False,False,False,False,False,False,False,False,False,False,False,False,False,False,False,False,False,True,False,False,False,False,False,False,False,False,False,True,False,True,False,False,False
18.74,13.1,29,5,51.76,0.66,91.0,0,394,44,0,0.6990394877267877,0.1724137931034483,52.419999999999995,2021,12,2022,9,2025,4,2023,5,2023,12,2025,7,False,True,False,False,False,False,False,False,False,False,False,False,False,False,False,False,False,False,False,False,False,False,False,False,False,False,False,False,False,False,False,False,False,False,False,True,False,False,False,False,False,False,False,False,False,False,False,False,False,False,False,False,True,False,False,False,False,True,False,False,False
30.87,28.44,56,13,85.71,5.78,88.7,1,2396,48,0,0.9212827988338192,0.23214285714285715,91.49,2025,4,2027,5,2028,11,2031,3,2031,4,2033,4,False,False,False,False,False,False,False,True,False,False,False,False,False,False,False,False,False,False,False,False,False,False,False,False,False,False,False,False,False,False,True,False,False,False,False,False,False,False,False,False,False,False,False,False,False,False,False,False,False,False,False,False,False,True,False,False,False,False,False,False,True
23.17,13.27,47,4,100.58,2.24,100.0,2,1148,61,1,0.5727233491583944,0.0851063829787234,102.82,2025,3,2027,4,2027,8,2028,5,2029,7,2030,5,True,False,False,False,False,False,False,False,False,True,False,False,False,False,False,False,False,False,False,False,False,False,False,False,False,False,False,False,False,False,False,False,False,False,False,False,False,False,False,False,False,False,False,False,False,False,False,False,False,False,False,False,True,False,False,False,False,False,True,True,False
5.97,4.05,10,4,15.52,1.02,100.0,0,2058,56,0,0.678391959798995,0.4,16.54,2021,3,2022,2,2022,1,2026,11,2027,10,2029,5,False,False,True,False,False,False,False,False,False,False,False,False,False,False,False,False,True,False,False,False,False,False,False,False,False,False,False,False,False,False,False,False,False,False,False,False,False,False,False,False,False,False,False,False,False,False,False,False,False,False,False,False,False,True,False,False,False,True,False,False,False
74.93,63.46,134,36,147.5,4.85,83.4,5,751,56,0,0.8469237955425063,0.26865671641791045,152.35,2017,8,2018,8,2019,8,2019,2,2020,9,2022,3,False,False,False,False,True,False,False,False,False,False,False,False,False,False,False,False,False,True,False,False,False,False,False,False,False,False,False,False,False,False,False,False,False,False,False,False,False,False,False,False,False,False,False,False,False,False,False,False,False,False,False,False,True,False,False,False,False,True,False,False,False
234.46,155.07,412,67,482.38,22.53,100.0,7,1856,59,0,0.6613921351189967,0.16262135922330098,504.90999999999997,2024,3,2024,5,2025,9,2029,11,2031,1,2031,3,False,False,False,False,False,False,False,True,False,False,False,False,False,False,False,False,False,False,False,False,False,False,True,False,False,False,False,False,False,False,False,False,False,False,False,False,False,False,False,False,False,False,False,False,False,False,False,False,False,False,False,False,False,False,True,False,False,True,False,False,False
12.51,11.17,18,2,10.55,0.46,100.0,1,2069,49,0,0.8928856914468425,0.1111111111111111,11.010000000000002,2019,2,2020,11,2022,3,2024,11,2025,12,2026,9,False,True,False,False,False,False,False,False,False,False,False,False,False,False,False,False,False,False,False,False,False,False,False,False,False,False,False,False,False,False,False,False,False,False,False,False,False,True,False,False,False,False,False,False,False,False,False,False,False,False,False,False,False,False,True,False,False,False,False,False,False
78.47,53.69,157,25,98.3,6.27,100.0,3,965,58,0,0.6842105263157895,0.1592356687898089,104.57,2018,12,2020,9,2019,7,2022,7,2023,8,2024,1,False,False,False,False,False,False,False,False,False,False,False,False,False,False,False,False,False,False,False,False,False,True,False,False,False,False,False,False,False,False,False,False,False,False,False,False,False,False,False,False,False,False,False,False,False,False,False,False,False,False,False,False,False,False,False,False,True,True,False,False,False
12.91,10.53,23,1,12.42,1.85,100.0,2,157,21,0,0.8156467854376451,0.043478260869565216,14.27,2025,6,2027,3,2027,6,2027,1,2028,4,2028,10,False,False,True,False,False,False,False,False,False,False,False,False,False,False,False,False,False,False,False,False,False,False,False,False,False,False,False,False,False,False,False,False,False,False,False,False,False,False,False,False,False,False,False,False,False,False,False,False,False,True,False,False,True,False,False,False,False,True,False,False,False
34.22,27.76,60,11,58.18,5.77,100.0,2,1360,52,0,0.8112215078901228,0.18333333333333332,63.95,2020,7,2021,3,2023,4,2026,5,2027,1,2027,4,False,True,False,False,False,False,False,False,False,False,False,False,False,False,False,False,False,False,False,False,False,False,False,False,False,False,False,False,False,False,False,False,False,False,False,True,False,False,False,False,False,False,False,False,False,False,False,False,False,False,False,False,False,False,False,True,False,True,False,False,False
135.37,113.79,245,38,140.68,27.23,100.0,6,2084,56,0,0.8405850631602275,0.15510204081632653,167.91,2020,1,2020,10,2021,1,2026,4,2027,9,2027,11,True,False,False,False,False,False,False,False,False,True,False,False,False,False,False,False,False,False,False,False,False,False,False,False,False,False,False,False,False,False,False,False,False,False,False,False,False,False,False,False,False,False,False,False,False,False,False,False,False,False,False,False,False,False,False,False,False,False,True,False,False
17.81,16.37,17,2,36.07,0.54,100.0,0,1010,47,0,0.9191465468837733,0.11764705882352941,36.61,2017,5,2019,1,2020,10,2019,5,2019,10,2021,10,True,False,False,False,False,False,False,False,False,False,False,False,False,False,False,False,False,False,False,False,False,False,False,False,False,False,False,False,False,False,False,False,False,False,False,False,False,False,False,False,False,False,False,False,False,False,False,False,False,False,True,False,False,False,False,False,True,False,False,False,True
29.53,9.79,55,7,37.41,1.87,94.7,3,839,68,1,0.3315272604131391,0.12727272727272726,39.279999999999994,2017,7,2018,7,2019,1,2021,1,2021,3,2022,4,True,False,False,False,False,False,False,False,False,False,False,False,False,False,False,False,False,False,False,False,False,False,False,False,False,False,False,False,False,False,False,False,False,False,False,False,False,False,False,False,False,False,False,False,False,False,False,False,False,False,True,False,False,False,False,True,False,False,True,True,False
4.95,3.99,12,2,20.77,1.37,100.0,1,946,51,0,0.806060606060606,0.16666666666666666,22.14,2016,6,2017,10,2020,9,2019,5,2020,7,2021,3,False,False,False,False,False,False,False,True,False,False,False,False,False,False,False,False,False,False,False,False,False,False,False,False,False,False,False,False,False,False,False,False,False,False,False,False,False,False,False,False,False,False,False,False,False,False,False,False,False,False,False,False,False,False,True,False,False,True,False,False,False
15.42,13.11,29,9,65.87,2.8,100.0,1,149,18,0,0.8501945525291829,0.3103448275862069,68.67,2018,1,2018,7,2022,4,2019,11,2020,3,2021,1,False,False,False,False,False,False,False,True,False,False,False,False,False,False,False,False,False,False,False,False,False,False,False,False,False,False,False,False,False,False,False,False,False,False,False,False,False,False,False,False,False,False,False,False,False,False,False,False,False,False,False,False,True,False,False,False,False,True,False,False,False
4.45,4.17,10,2,13.5,0.74,100.0,0,1770,49,0,0.9370786516853932,0.2,14.24,2019,4,2020,2,2020,3,2023,7,2024,6,2026,8,False,False,False,False,True,False,False,False,False,False,False,False,False,False,False,False,False,False,False,False,True,False,False,False,False,False,False,False,False,False,False,False,False,False,False,False,False,False,False,False,False,False,False,False,False,False,False,False,False,False,False,False,False,False,False,False,True,True,False,False,True
46.02,17.76,71,13,173.97,4.8,76.2,1,1565,69,1,0.3859191655801825,0.18309859154929578,178.77,2025,6,2027,11,2025,12,2028,5,2029,11,2031,1,False,False,False,False,True,False,False,False,False,False,False,False,False,False,False,False,False,False,False,False,False,False,False,False,False,False,False,False,False,False,False,False,False,False,False,False,False,False,False,False,False,False,False,True,False,False,False,False,False,False,False,False,True,False,False,False,False,False,True,True,False
68.83,40.5,107,22,227.53,3.83,87.2,3,99,26,0,0.5884062182187999,0.205607476635514,231.36,2021,3,2022,4,2021,11,2022,10,2022,11,2023,10,False,False,False,False,False,False,False,False,False,False,False,False,False,False,False,False,False,False,False,False,False,True,False,False,False,False,False,False,False,False,False,False,False,False,False,False,False,False,False,False,False,False,False,False,False,False,False,False,False,False,False,False,False,False,True,False,False,False,True,True,False
24.01,18.13,34,7,91.26,1.97,100.0,0,1879,54,0,0.7551020408163265,0.20588235294117646,93.23,2019,3,2019,5,2021,6,2025,3,2025,10,2027,6,False,False,True,False,False,False,False,False,False,False,False,False,False,False,False,False,True,False,False,False,False,False,False,False,False,False,False,False,False,False,False,False,False,False,False,False,False,False,False,False,False,False,False,False,False,False,False,False,False,False,False,False,False,False,False,False,True,True,False,False,False
39.88,17.98,71,17,126.31,4.07,100.0,2,717,65,1,0.450852557673019,0.23943661971830985,130.38,2022,4,2022,12,2023,12,2024,8,2025,12,2026,8,False,False,False,True,False,False,False,False,False,False,False,False,False,False,False,False,False,False,False,False,False,False,False,False,False,False,False,False,False,False,False,False,False,False,False,False,False,False,False,False,False,False,False,False,False,False,False,False,True,False,False,False,False,False,True,False,False,False,True,True,False
21.63,17.44,51,7,51.73,4.33,99.9,0,825,52,0,0.806287563569117,0.13725490196078433,56.059999999999995,2020,7,2021,9,2022,4,2023,6,2024,6,2025,10,False,False,False,True,False,False,False,False,False,False,False,False,False,False,False,False,False,False,False,False,False,False,False,False,False,False,False,False,False,False,False,False,False,False,False,False,False,False,False,True,False,False,False,False,False,False,False,False,False,False,False,False,False,True,False,False,False,True,False,False,False
62.84,35.89,91,20,253.43,7.27,99.7,1,1394,60,0,0.5711330362826225,0.21978021978021978,260.7,2016,6,2017,8,2017,1,2020,12,2021,4,2021,11,False,True,False,False,False,False,False,False,False,False,False,False,False,False,False,False,False,False,False,False,False,False,False,False,False,False,False,False,False,False,False,False,False,False,False,True,False,False,False,False,False,False,False,False,False,False,False,False,False,False,False,False,False,False,True,False,False,False,True,True,False
34.11,20.14,68,11,82.58,1.77,100.0,3,723,61,1,0.5904426854294929,0.16176470588235295,84.35,2024,9,2025,12,2025,12,2026,11,2027,6,2028,12,True,False,False,False,False,False,False,False,False,True,False,False,False,False,False,False,False,False,False,False,False,False,False,False,False,False,False,False,False,False,False,False,False,False,False,False,False,False,False,False,False,False,False,False,False,False,False,False,False,False,False,False,True,False,False,False,False,False,True,True,False
4.11,2.04,5,2,9.31,0.52,100.0,0,2182,62,1,0.4963503649635036,0.4,9.83,2016,1,2016,10,2017,7,2020,4,2021,9,2023,11,False,False,True,False,False,False,False,False,False,False,False,False,False,False,False,False,False,False,False,False,False,False,False,True,False,False,False,False,False,False,False,False,False,False,False,False,False,False,False,False,False,False,False,False,False,False,False,False,False,False,False,False,False,False,False,False,False,False,True,True,False
76.71,68.59,148,24,238.58,16.84,100.0,3,165,18,0,0.894146786598879,0.16216216216216217,255.42000000000002,2021,1,2021,5,2023,5,2021,11,2022,1,2023,4,False,False,False,False,False,False,True,False,False,False,False,False,False,False,False,False,False,False,False,False,False,False,False,False,False,False,False,False,False,False,False,False,False,False,True,False,False,False,False,False,False,False,False,False,False,False,False,False,False,False,False,False,False,False,True,False,False,False,False,False,False
20.3,12.95,33,9,86.69,3.23,100.0,0,515,56,0,0.6379310344827586,0.2727272727272727,89.92,2021,12,2023,9,2023,5,2023,9,2024,6,2026,3,False,False,False,False,False,False,False,True,False,False,False,False,False,False,False,False,False,False,False,False,False,False,True,False,False,False,False,False,False,False,False,False,False,False,False,False,False,False,False,False,False,False,False,False,False,False,False,False,False,False,False,False,False,False,False,True,False,True,False,True,False
8.41,4.04,13,5,20.49,0.49,97.9,0,723,65,1,0.4803804994054697,0.38461538461538464,20.979999999999997,2023,7,2023,8,2024,2,2027,1,2028,3,2028,8,False,False,False,False,False,False,False,False,True,False,False,False,False,False,False,False,False,False,False,False,False,False,False,False,False,False,False,False,False,False,False,True,False,False,False,False,False,False,False,False,False,False,False,False,False,False,False,False,False,False,False,False,False,False,False,False,False,False,True,True,False
19.32,10.31,37,4,56.56,1.38,97.9,0,2075,60,0,0.5336438923395446,0.10810810810810811,57.940000000000005,2023,5,2025,8,2026,3,2029,2,2030,3,2031,11,False,False,False,False,False,True,False,False,False,False,True,False,False,False,False,False,False,False,False,False,False,False,False,False,False,False,False,False,False,False,False,False,False,False,False,False,False,False,False,False,False,False,False,False,False,False,False,False,False,False,False,False,False,True,False,False,False,True,False,True,False
4.47,4.19,4,2,11.72,0.37,100.0,0,1217,46,0,0.9373601789709174,0.5,12.09,2023,11,2024,3,2026,2,2027,7,2028,8,2030,2,False,False,False,False,False,False,False,False,False,False,False,False,False,False,False,False,False,False,False,False,False,True,False,False,False,False,False,False,False,False,False,False,False,False,False,False,False,False,False,False,False,False,False,False,False,False,False,False,False,False,False,False,False,False,False,False,True,False,False,False,True
8.59,6.89,22,2,35.79,1.41,100.0,0,2287,51,0,0.8020954598370198,0.09090909090909091,37.199999999999996,2016,9,2017,4,2018,7,2022,9,2023,5,2024,10,True,False,False,False,False,False,False,False,False,False,False,False,False,False,False,False,False,False,False,False,False,False,False,False,False,False,False,False,False,False,False,False,False,False,False,False,False,False,False,False,False,False,False,False,True,False,False,False,False,False,False,False,False,False,False,False,True,True,False,False,False
34.57,28.63,62,9,114.22,6.07,78.3,1,2009,55,0,0.8281747179635521,0.14516129032258066,120.28999999999999,2023,4,2025,1,2023,10,2029,2,2029,9,2031,10,True,False,False,False,False,False,False,False,False,False,False,False,False,False,False,False,False,False,False,False,False,False,False,False,False,False,False,False,False,False,False,False,False,False,False,False,False,False,False,False,False,False,False,False,True,False,False,False,False,False,False,False,False,False,False,False,False,True,False,False,False
37.59,20.07,66,11,88.43,1.82,89.7,2,2822,63,1,0.5339185953711093,0.16666666666666666,90.25,2023,10,2025,7,2025,4,2029,11,2031,5,2032,12,True,False,False,False,False,False,False,False,False,True,False,False,False,False,False,False,False,False,False,False,False,False,False,False,False,False,False,False,False,False,False,False,False,False,False,False,False,False,False,False,False,False,False,False,False,False,False,False,False,False,False,False,False,False,False,False,True,False,True,True,False
40.71,27.55,62,19,123.98,5.68,100.0,5,1714,57,0,0.676737902235323,0.3064516129032258,129.66,2024,7,2025,9,2025,8,2029,3,2030,3,2031,7,False,False,False,False,False,False,False,True,False,False,False,False,False,False,False,False,False,False,False,False,False,False,False,False,False,False,False,False,False,False,True,False,False,False,False,False,False,False,False,False,False,False,False,False,False,False,False,False,False,False,False,False,False,False,True,False,False,True,False,False,False
30.06,12.2,54,10,41.41,3.37,72.5,0,1424,69,1,0.40585495675316036,0.18518518518518517,44.779999999999994,2016,7,2018,10,2018,10,2020,12,2022,2,2023,9,False,False,False,False,False,False,False,True,False,False,False,False,False,False,False,False,False,False,False,False,False,False,False,False,False,False,False,False,False,False,False,False,False,True,False,False,False,False,False,False,False,False,False,False,False,False,False,False,False,False,False,False,False,False,False,False,False,False,True,True,False
14.99,9.66,26,5,30.96,0.6,100.0,0,486,51,0,0.6444296197464977,0.19230769230769232,31.560000000000002,2025,11,2026,2,2029,12,2027,6,2027,9,2029,7,False,False,False,False,False,True,False,False,False,False,True,False,False,False,False,False,False,False,False,False,False,False,False,False,False,False,False,False,False,False,False,False,False,False,False,False,False,False,False,False,False,False,False,False,False,False,False,False,False,False,False,False,True,False,False,False,False,True,False,True,False
28.38,23.47,64,13,100.01,4.77,100.0,3,2217,53,0,0.8269908386187456,0.203125,104.78,2019,12,2021,10,2022,12,2025,12,2026,7,2027,9,False,False,False,False,False,False,True,False,False,False,False,False,False,False,False,False,False,False,False,True,False,False,False,False,False,False,False,False,False,False,False,False,False,False,False,False,False,False,False,False,False,False,False,False,False,False,False,False,False,False,False,False,False,False,True,False,False,True,False,False,False
19.35,14.08,42,12,55.74,3.78,100.0,2,2358,55,0,0.7276485788113695,0.2857142857142857,59.52,2023,6,2024,3,2027,4,2028,6,2029,12,2031,7,False,False,True,False,False,False,False,False,False,False,False,False,False,False,False,False,False,False,False,False,False,False,False,False,False,False,False,True,False,False,False,False,False,False,False,False,False,False,False,False,False,False,False,False,False,False,False,False,False,False,False,False,False,False,True,False,False,True,False,False,False
5.9,3.76,12,3,11.58,0.87,100.0,0,1677,57,0,0.6372881355932203,0.25,12.45,2020,7,2022,12,2023,2,2025,9,2026,5,2027,7,True,False,False,False,False,False,False,False,False,False,False,False,False,False,False,False,False,False,False,False,False,False,False,False,False,False,False,False,False,False,False,False,False,False,False,False,False,False,False,False,False,False,False,False,False,False,False,False,False,False,True,False,False,False,True,False,False,True,False,True,False
13.84,10.02,39,5,29.62,1.26,77.5,2,1170,58,0,0.7239884393063584,0.1282051282051282,30.880000000000003,2023,12,2024,8,2026,2,2028,2,2028,8,2030,3,False,False,False,True,False,False,False,False,False,False,False,False,False,False,False,False,False,False,False,False,False,False,False,False,False,False,False,False,False,False,False,False,False,False,False,False,False,False,False,False,False,False,True,False,False,False,False,False,False,False,False,False,True,False,False,False,False,True,False,False,False
72.93,44.01,147,24,276.86,14.93,95.3,5,2680,61,1,0.6034553681612504,0.16326530612244897,291.79,2019,12,2020,7,2021,12,2025,5,2027,1,2028,11,False,False,False,False,True,False,False,False,False,False,False,False,False,False,False,False,False,False,False,False,False,False,False,False,False,False,False,False,False,False,False,False,False,False,False,False,False,False,False,False,False,False,False,True,False,False,False,False,False,False,False,False,False,True,False,False,False,False,True,True,False
146.69,104.56,249,41,410.92,12.88,100.0,10,38,16,0,0.712795691594519,0.1646586345381526,423.8,2016,11,2017,11,2020,5,2018,6,2019,5,2020,2,False,False,False,True,False,False,False,False,False,False,False,False,False,False,False,False,False,False,False,False,False,False,False,False,False,False,False,False,False,False,False,False,False,False,False,False,False,False,False,False,False,False,False,False,False,False,False,False,True,False,False,False,False,False,False,True,False,True,False,False,False
57.47,42.52,98,14,96.74,10.99,92.6,4,702,57,0,0.7398642770140944,0.14285714285714285,107.72999999999999,2025,9,2025,12,2029,4,2028,5,2029,11,2030,2,False,True,False,False,False,False,False,False,False,False,False,False,False,False,False,False,False,False,False,False,False,False,False,False,False,False,False,False,False,False,False,False,False,False,False,True,False,False,False,False,False,False,False,False,False,False,False,False,False,False,False,False,False,False,False,False,True,True,False,False,False
140.29,79.88,265,44,266.3,29.33,92.2,12,1820,66,1,0.5693919737686222,0.1660377358490566,295.63,2023,7,2024,10,2026,6,2028,9,2029,11,2029,12,False,False,False,True,False,False,False,False,False,False,False,False,False,False,False,False,False,False,False,False,False,False,False,False,False,False,False,False,False,False,False,False,False,False,False,False,False,False,False,False,False,False,True,False,False,False,False,False,False,False,False,False,False,False,False,False,False,False,True,True,False
32.64,30.25,66,10,82.62,2.64,100.0,1,531,46,0,0.9267769607843137,0.15151515151515152,85.26,2019,3,2019,7,2022,1,2020,5,2021,12,2022,2,False,True,False,False,False,False,False,False,False,False,False,False,False,False,False,False,False,False,False,False,False,False,False,False,False,False,False,False,False,False,False,False,False,False,False,False,False,True,False,False,False,False,False,False,False,False,False,False,False,False,False,False,False,True,False,False,False,False,False,False,True
171.12,114.98,310,53,619.88,20.97,100.0,5,923,58,0,0.6719261337073399,0.17096774193548386,640.85,2024,11,2027,2,2027,7,2028,1,2028,12,2029,3,False,False,False,False,False,False,False,False,True,False,False,False,False,True,False,False,False,False,False,False,False,False,False,False,False,False,False,False,False,False,False,False,False,False,False,False,False,False,False,False,False,False,False,False,False,False,False,False,False,False,False,False,False,False,False,False,False,True,False,False,False
233.81,217.83,406,72,1049.93,13.7,100.0,13,531,50,0,0.9316539070185194,0.17733990147783252,1063.63,2025,4,2026,11,2028,2,2028,2,2028,5,2029,10,False,False,False,False,True,False,False,False,False,False,False,False,False,False,False,False,False,False,False,False,False,False,False,False,False,False,False,False,False,False,False,False,False,False,False,False,False,False,False,False,False,False,False,False,False,False,True,False,False,False,False,False,False,False,False,False,True,False,False,False,True
5.29,4.14,12,1,7.87,1.05,73.8,0,339,38,0,0.7826086956521738,0.08333333333333333,8.92,2020,11,2022,12,2024,3,2022,1,2023,3,2024,2,False,False,False,True,False,False,False,False,False,False,False,False,True,False,False,False,False,False,False,False,False,False,False,False,False,False,False,False,False,False,False,False,False,False,False,False,False,False,False,False,False,False,False,False,False,False,False,False,False,False,False,False,True,False,False,False,False,True,False,False,False
37.39,33.23,54,9,134.35,5.68,100.0,2,1727,50,0,0.8887403048943567,0.16666666666666666,140.03,2025,6,2026,11,2026,10,2029,3,2030,1,2031,12,False,False,False,False,False,False,False,False,True,False,False,False,False,False,False,False,False,False,False,False,False,False,False,False,True,False,False,False,False,False,False,False,False,False,False,False,False,False,False,False,False,False,False,False,False,False,False,False,False,False,False,False,False,False,True,False,False,True,False,False,False
32.67,11.58,70,15,100.74,5.94,78.6,2,1242,70,1,0.3544536271808999,0.21428571428571427,106.67999999999999,2016,3,2016,8,2020,1,2019,9,2020,1,2021,3,False,False,False,False,False,False,False,False,False,False,False,False,False,False,False,False,False,False,False,False,False,False,False,False,False,False,False,False,False,False,False,False,False,False,False,False,True,False,False,False,False,False,False,False,False,False,False,False,False,False,False,False,False,False,True,False,False,False,True,True,False
19.61,9.98,35,8,54.23,1.61,100.0,1,2343,62,1,0.5089240183579806,0.22857142857142856,55.839999999999996,2021,2,2021,7,2024,5,2026,1,2027,3,2029,1,False,False,True,False,False,False,False,False,False,False,False,False,False,False,False,False,True,False,False,False,False,False,False,False,False,False,False,False,False,False,False,False,False,False,False,False,False,False,False,False,False,False,False,False,False,False,False,False,False,False,False,False,True,False,False,False,False,False,True,True,False
49.0,39.23,90,19,214.42,2.49,90.0,1,1511,53,0,0.8006122448979591,0.2111111111111111,216.91,2021,3,2022,4,2021,10,2026,12,2027,2,2027,9,False,False,False,False,False,False,False,False,True,False,False,False,False,False,False,False,False,False,False,False,False,False,False,False,True,False,False,False,False,False,False,False,False,False,False,False,False,False,False,False,False,False,False,False,False,False,False,False,False,False,False,False,False,True,False,False,False,True,False,False,False
31.22,24.82,58,16,62.26,1.56,92.9,3,117,19,0,0.795003203074952,0.27586206896551724,63.82,2016,7,2017,3,2017,9,2017,7,2017,10,2018,6,False,False,True,False,False,False,False,False,False,False,False,False,False,False,False,False,False,False,False,False,False,False,False,False,False,False,False,False,False,False,False,False,False,False,False,False,False,False,False,False,False,False,False,False,False,False,False,False,False,True,False,False,False,True,False,False,False,True,False,False,False
14.36,13.92,23,6,20.89,1.87,91.5,1,1434,48,0,0.9693593314763231,0.2608695652173913,22.76,2024,9,2025,3,2025,11,2029,7,2030,9,2031,11,False,False,False,True,False,False,False,False,False,False,False,False,True,False,False,False,False,False,False,False,False,False,False,False,False,False,False,False,False,False,False,False,False,False,False,False,False,False,False,False,False,False,False,False,False,False,False,False,False,False,False,False,False,False,False,False,False,False,False,False,True
29.18,21.49,47,8,118.09,5.42,89.7,3,141,25,0,0.7364633310486635,0.1702127659574468,123.51,2020,11,2021,12,2021,8,2021,10,2021,11,2022,12,False,False,False,False,False,False,True,False,False,False,False,False,False,False,False,False,False,False,True,False,False,False,False,False,False,False,False,False,False,False,False,False,False,False,False,False,False,False,False,False,False,False,False,False,False,False,False,False,False,False,False,False,True,False,False,False,False,False,True,False,False
99.94,64.1,185,23,105.35,16.56,100.0,2,1879,58,0,0.641384830898539,0.12432432432432433,121.91,2016,8,2017,2,2017,9,2023,2,2023,4,2024,5,False,False,False,False,False,False,False,False,True,False,False,False,False,False,False,False,False,False,False,False,False,False,False,False,False,False,False,False,False,False,False,True,False,False,False,False,False,False,False,False,False,False,False,False,False,False,False,False,False,False,False,False,False,True,False,False,False,True,False,True,False
35.96,21.43,65,10,137.49,6.05,100.0,2,78,20,0,0.5959399332591768,0.15384615384615385,143.54000000000002,2023,3,2024,6,2025,5,2024,1,2024,11,2025,8,False,False,False,False,True,False,False,False,False,False,False,False,False,False,False,False,False,False,False,False,False,False,False,False,False,False,False,False,False,False,False,False,False,False,False,False,False,False,False,False,False,False,False,False,False,False,True,False,False,False,False,False,True,False,False,False,False,True,False,True,False
56.09,29.19,91,14,167.16,4.82,100.0,1,11,17,0,0.5204136209663042,0.15384615384615385,171.98,2025,7,2027,10,2029,8,2026,12,2027,12,2028,5,False,False,False,True,False,False,False,False,False,False,False,False,False,False,False,False,False,False,False,False,False,False,False,False,False,False,False,False,False,False,False,False,False,False,False,False,False,False,False,True,False,False,False,False,False,False,False,False,False,False,False,False,False,False,False,False,True,False,True,True,False
22.71,18.89,39,5,31.95,3.07,97.7,0,984,52,0,0.8317921620431528,0.1282051282051282,35.019999999999996,2020,4,2021,5,2024,6,2024,8,2024,9,2025,8,True,False,False,False,False,False,False,False,False,False,False,False,False,False,False,False,False,False,False,False,False,False,False,False,False,False,False,False,False,False,False,False,False,False,False,False,False,False,False,False,False,False,False,False,False,False,False,True,False,False,False,False,False,False,True,False,False,True,False,False,False
47.09,37.6,89,12,77.29,4.6,100.0,2,1174,52,0,0.798471012953918,0.1348314606741573,81.89,2024,2,2026,1,2026,3,2027,12,2028,5,2029,5,False,False,False,False,False,False,False,True,False,False,False,False,False,False,False,False,False,False,False,False,False,False,False,False,False,False,False,False,False,False,False,False,False,False,False,False,False,False,False,False,False,True,False,False,False,False,False,False,False,False,False,False,False,False,True,False,False,True,False,False,False
8.94,5.42,23,2,12.31,2.53,100.0,0,773,57,0,0.6062639821029083,0.08695652173913043,14.84,2018,1,2018,6,2022,3,2020,12,2021,4,2021,12,False,False,False,False,False,False,False,False,True,False,False,False,False,False,False,False,False,False,False,False,False,False,False,False,False,False,False,False,False,False,False,True,False,False,False,False,False,False,False,False,False,False,False,False,False,False,False,False,False,False,False,False,False,False,True,False,False,True,False,True,False
18.18,12.14,28,2,62.86,0.93,100.0,1,706,56,0,0.6677667766776678,0.07142857142857142,63.79,2019,9,2021,10,2021,2,2022,5,2022,8,2024,1,False,False,False,False,True,False,False,False,False,False,False,False,False,False,False,False,False,False,False,False,True,False,False,False,False,False,False,False,False,False,False,False,False,False,False,False,False,False,False,False,False,False,False,False,False,False,False,False,False,False,False,False,True,False,False,False,False,True,False,False,False
27.04,22.86,38,10,36.37,3.16,100.0,1,2260,50,0,0.8454142011834319,0.2631578947368421,39.53,2020,4,2022,7,2023,1,2026,9,2027,10,2029,2,False,False,False,False,False,False,False,False,False,False,False,False,False,False,False,True,False,False,False,False,False,False,False,False,False,False,False,False,False,False,False,False,False,False,False,False,False,False,False,False,False,False,False,False,False,False,False,False,False,False,False,False,True,False,False,False,False,True,False,False,False
8.36,8.27,15,5,27.76,1.4,96.4,1,1038,46,0,0.9892344497607656,0.3333333333333333,29.16,2020,6,2020,11,2022,1,2024,9,2024,12,2025,3,True,False,False,False,False,False,False,False,False,False,False,False,False,False,False,False,False,False,False,False,False,False,False,False,False,False,False,False,False,False,False,False,False,False,False,False,False,False,False,False,False,False,False,False,True,False,False,False,False,False,False,False,False,False,False,False,False,False,False,False,True
13.06,10.43,18,3,16.64,1.62,100.0,1,2023,52,0,0.7986217457886676,0.16666666666666666,18.26,2021,8,2022,7,2024,9,2026,5,2027,3,2028,11,False,False,False,False,False,False,False,False,False,False,False,False,False,False,False,True,False,False,False,False,False,False,False,False,False,False,False,False,False,False,False,False,False,False,False,False,False,False,False,False,False,False,False,False,False,False,False,False,False,False,False,False,False,False,True,False,False,True,False,False,False
40.98,21.83,79,18,154.43,3.61,100.0,0,0,16,0,0.5326988775012201,0.22784810126582278,158.04000000000002,2024,2,2026,2,2027,5,2025,1,2025,3,2025,7,False,False,False,True,False,False,False,False,False,False,False,False,False,False,False,False,False,False,False,False,False,False,False,False,False,False,False,False,False,False,False,False,False,False,False,False,False,False,True,False,False,False,False,False,False,False,False,False,False,False,False,False,False,False,False,False,False,False,True,True,False
34.12,28.73,77,11,143.38,5.28,100.0,1,1238,51,0,0.8420281359906214,0.14285714285714285,148.66,2023,1,2023,6,2025,5,2025,7,2026,8,2028,3,False,False,False,False,False,False,False,True,False,False,False,False,False,False,False,False,False,False,False,False,False,False,False,False,False,False,False,False,False,False,False,False,False,False,False,False,False,False,False,False,False,False,False,False,False,False,False,False,False,False,False,False,False,False,True,False,False,True,False,False,False
67.11,51.1,126,28,192.57,10.88,78.7,3,1441,56,0,0.7614364476233051,0.2222222222222222,203.45,2016,8,2018,4,2017,7,2021,1,2021,12,2023,10,False,False,False,False,False,False,False,False,True,False,False,False,False,True,False,False,False,False,False,False,False,False,False,False,False,False,False,False,False,False,False,False,False,False,False,False,False,False,False,False,False,False,False,False,False,False,False,False,False,False,False,False,False,False,False,False,False,True,False,False,False
16.44,13.23,22,4,71.92,2.49,100.0,0,2094,52,0,0.8047445255474452,0.18181818181818182,74.41,2022,5,2023,2,2023,7,2027,8,2028,7,2029,10,False,False,False,False,False,False,False,False,True,False,False,False,False,False,False,False,False,False,False,False,False,False,False,False,False,False,False,False,False,False,False,True,False,False,False,False,False,False,False,False,False,False,False,False,False,False,False,False,False,False,False,False,False,False,False,False,False,True,False,False,False
31.74,25.87,60,6,71.24,4.2,100.0,2,1633,52,0,0.815059861373661,0.1,75.44,2019,5,2020,9,2020,7,2023,8,2024,6,2025,10,False,False,False,False,False,False,True,False,False,False,False,False,False,False,False,False,False,False,False,False,False,False,False,False,False,False,False,False,False,False,False,False,False,False,True,False,False,False,False,False,False,False,False,False,False,False,False,False,False,False,False,False,False,False,False,False,True,True,False,False,False
15.3,13.03,31,3,26.09,1.55,100.0,1,1134,49,0,0.8516339869281045,0.0967741935483871,27.64,2020,9,2022,3,2022,11,2024,9,2024,10,2026,7,False,False,False,False,False,False,True,False,False,False,False,False,False,False,False,False,False,False,False,False,False,False,False,False,False,False,False,False,False,False,False,False,False,False,False,False,False,False,False,False,False,False,False,False,False,True,False,False,False,False,False,False,False,False,False,False,False,False,False,False,False
60.71,20.25,115,19,88.39,6.74,100.0,1,1280,67,1,0.333552956679295,0.16521739130434782,95.13,2025,10,2027,9,2027,8,2031,5,2031,8,2031,9,False,False,False,True,False,False,False,False,False,False,False,False,False,False,False,False,False,False,False,False,False,False,False,False,False,False,False,False,False,False,False,False,False,False,False,False,False,False,True,False,False,False,False,False,False,False,False,False,False,False,False,False,True,False,False,False,False,False,True,True,False
98.57,78.53,170,29,253.54,12.6,78.0,2,2107,54,0,0.796692705691387,0.17058823529411765,266.14,2016,7,2017,1,2017,12,2021,4,2022,10,2024,9,False,False,False,True,False,False,False,False,False,False,False,False,False,False,False,False,False,False,False,False,False,False,False,False,False,False,False,False,False,False,False,False,False,False,False,False,False,False,False,False,False,False,True,False,False,False,False,False,False,False,False,False,False,False,False,False,False,False,False,False,False
48.59,32.88,101,12,62.38,11.88,94.4,4,913,60,0,0.6766824449475201,0.1188118811881188,74.26,2021,3,2022,12,2025,2,2025,10,2025,12,2026,12,False,False,False,False,False,False,False,True,False,False,False,False,False,False,False,False,False,False,False,False,False,False,False,False,False,False,False,False,False,False,True,False,False,False,False,False,False,False,False,False,False,False,False,False,False,False,False,False,False,False,False,False,False,False,True,False,False,False,True,False,False
86.59,52.31,123,19,349.86,10.19,100.0,4,1512,60,0,0.6041113292528005,0.15447154471544716,360.05,2021,9,2023,8,2023,1,2026,3,2027,3,2027,11,False,False,False,False,False,False,True,False,False,False,False,False,False,False,False,False,False,False,False,False,False,False,False,False,False,False,False,False,False,False,False,False,False,False,False,False,False,False,False,False,False,False,False,False,False,True,False,False,False,False,False,False,False,False,False,False,False,False,True,True,False
30.95,17.9,51,7,114.63,1.81,99.9,1,516,57,0,0.5783521809369951,0.13725490196078433,116.44,2024,8,2026,8,2025,1,2026,6,2027,8,2027,10,False,False,False,False,True,False,False,False,False,False,False,False,False,False,False,False,False,True,False,False,False,False,False,False,False,False,False,False,False,False,False,False,False,False,False,False,False,False,False,False,False,False,False,False,False,False,False,False,False,False,False,False,False,True,False,False,False,True,False,True,False
67.06,39.83,123,33,193.12,12.83,100.0,1,1574,59,0,0.5939457202505218,0.2682926829268293,205.95000000000002,2024,12,2025,3,2025,5,2030,7,2031,2,2032,5,False,False,False,False,True,False,False,False,False,False,False,False,False,False,False,False,False,False,False,False,False,False,False,False,False,False,False,False,False,False,False,False,False,False,False,False,False,False,False,False,False,False,False,False,False,False,True,False,False,False,False,False,False,False,False,True,False,True,False,True,False
32.31,17.75,63,9,112.1,2.4,100.0,2,0,14,0,0.5493655215103682,0.14285714285714285,114.5,2020,9,2021,1,2023,12,2021,6,2022,2,2022,6,False,False,False,False,False,False,False,True,False,False,False,False,False,False,False,False,False,False,False,False,False,False,False,False,False,False,False,False,False,False,False,False,False,True,False,False,False,False,False,False,False,False,False,False,False,False,False,False,False,False,False,False,False,False,True,False,False,True,False,True,False
10.75,6.15,13,1,10.59,0.31,91.1,0,305,42,0,0.572093023255814,0.07692307692307693,10.9,2025,3,2025,7,2027,3,2026,3,2027,6,2027,10,False,False,False,False,True,False,False,False,False,False,False,False,False,False,False,False,False,False,False,False,False,False,False,False,False,False,False,False,False,False,False,False,False,False,False,False,False,False,False,False,False,False,False,True,False,False,False,False,False,False,False,False,False,True,False,False,False,False,True,True,False
38.35,37.35,59,12,59.56,1.77,100.0,2,1366,48,0,0.9739243807040417,0.2033898305084746,61.330000000000005,2023,7,2025,5,2026,12,2028,1,2028,4,2029,8,False,True,False,False,False,False,False,False,False,False,False,False,False,False,True,False,False,False,False,False,False,False,False,False,False,False,False,False,False,False,False,False,False,False,False,False,False,False,False,False,False,False,False,False,False,False,False,False,False,False,False,False,False,False,True,False,False,True,False,False,True
11.08,3.27,22,6,34.33,2.17,96.4,2,1748,70,1,0.2951263537906137,0.2727272727272727,36.5,2018,1,2020,5,2019,2,2023,5,2024,3,2024,11,False,False,True,False,False,False,False,False,False,False,False,False,False,False,False,False,False,False,False,False,False,False,False,True,False,False,False,False,False,False,False,False,False,False,False,False,False,False,False,False,False,False,False,False,False,False,False,False,False,False,False,False,True,False,False,False,False,False,True,True,False
310.79,262.39,578,101,797.69,63.69,85.2,24,2185,61,1,0.844267833585379,0.17474048442906576,861.3800000000001,2018,10,2019,3,2019,2,2024,11,2025,7,2027,7,False,False,False,False,False,False,False,True,False,False,False,False,False,False,False,False,False,False,False,False,False,False,False,False,False,False,False,False,False,False,False,False,False,False,False,False,False,False,False,False,False,True,False,False,False,False,False,False,False,False,False,False,False,False,False,True,False,True,False,False,False
21.45,11.97,42,6,65.15,1.97,100.0,1,862,59,0,0.5580419580419581,0.14285714285714285,67.12,2016,4,2017,4,2019,5,2020,5,2020,7,2021,10,False,False,False,False,False,False,False,True,False,False,False,False,False,False,False,False,False,False,False,False,False,False,False,False,False,False,False,False,False,False,True,False,False,False,False,False,False,False,False,False,False,False,False,False,False,False,False,False,False,False,False,False,False,False,False,True,False,True,False,True,False
57.11,48.23,92,13,64.49,6.42,100.0,1,305,30,0,0.844510593591315,0.14130434782608695,70.91,2023,8,2023,9,2027,9,2025,7,2026,5,2027,6,False,False,False,False,False,True,False,False,False,False,False,True,False,False,False,False,False,False,False,False,False,False,False,False,False,False,False,False,False,False,False,False,False,False,False,False,False,False,False,False,False,False,False,False,False,False,False,False,False,False,False,False,True,False,False,False,False,False,False,False,False
29.59,17.25,56,9,95.1,4.46,100.0,0,792,58,0,0.582967218654951,0.16071428571428573,99.55999999999999,2019,5,2020,9,2020,2,2022,7,2024,2,2024,5,True,False,False,False,False,False,False,False,False,True,False,False,False,False,False,False,False,False,False,False,False,False,False,False,False,False,False,False,False,False,False,False,False,False,False,False,False,False,False,False,False,False,False,False,False,False,False,False,False,False,False,False,False,False,False,True,False,True,False,True,False
8.73,6.49,24,5,32.94,1.48,91.6,0,1385,55,0,0.7434135166093929,0.20833333333333334,34.419999999999995,2022,2,2023,4,2022,10,2026,3,2026,12,2028,1,True,False,False,False,False,False,False,False,False,True,False,False,False,False,False,False,False,False,False,False,False,False,False,False,False,False,False,False,False,False,False,False,False,False,False,False,False,False,False,False,False,False,False,False,False,False,False,False,False,False,False,False,True,False,False,False,False,True,False,False,False
4.49,1.51,13,2,12.67,0.34,90.6,0,2165,70,1,0.33630289532293983,0.15384615384615385,13.01,2023,9,2025,3,2025,1,2030,2,2031,5,2031,6,False,True,False,False,False,False,False,False,False,False,False,False,False,False,False,False,False,False,False,False,False,False,False,False,False,False,False,False,False,False,False,False,False,False,False,False,False,True,False,False,False,False,False,False,False,False,False,False,False,False,False,False,False,True,False,False,False,False,True,True,False
63.37,29.13,131,25,134.5,3.36,100.0,3,1174,64,1,0.45968123717847564,0.19083969465648856,137.86,2017,4,2018,5,2020,5,2021,11,2022,9,2022,12,False,False,False,False,False,False,True,False,False,False,False,False,False,False,False,False,False,False,False,True,False,False,False,False,False,False,False,False,False,False,False,False,False,False,False,False,False,False,False,False,False,False,False,False,False,False,False,False,False,False,False,False,False,False,False,False,True,False,True,True,False
141.08,139.54,248,43,204.03,15.88,100.0,3,644,47,0,0.9890842075418201,0.17338709677419356,219.91,2017,3,2018,3,2019,1,2018,11,2020,4,2020,8,False,False,False,True,False,False,False,False,False,False,False,False,False,False,False,False,False,False,False,False,False,False,False,False,False,False,False,False,False,False,False,False,False,False,False,False,False,False,False,False,False,False,False,False,False,False,False,False,True,False,False,False,False,False,True,False,False,False,False,False,True
14.37,9.77,34,5,25.6,3.39,100.0,1,2581,57,0,0.6798886569241476,0.14705882352941177,28.990000000000002,2020,4,2022,4,2023,9,2026,1,2027,3,2028,10,False,False,False,True,False,False,False,False,False,False,False,False,True,False,False,False,False,False,False,False,False,False,False,False,False,False,False,False,False,False,False,False,False,False,False,False,False,False,False,False,False,False,False,False,False,False,False,False,False,False,False,False,True,False,False,False,False,True,False,False,False
5.72,3.76,14,2,15.63,0.4,90.4,0,536,56,0,0.6573426573426573,0.14285714285714285,16.03,2021,2,2022,9,2022,11,2024,7,2024,8,2025,11,False,False,False,False,False,False,False,False,False,False,False,False,False,False,False,False,False,False,False,False,False,False,False,False,False,False,False,False,False,False,False,False,False,False,False,False,True,False,False,False,False,False,False,False,False,False,False,False,False,False,False,False,False,False,True,False,False,True,False,False,False
21.65,15.88,28,5,37.79,1.14,100.0,0,492,52,0,0.7334872979214782,0.17857142857142858,38.93,2018,4,2020,2,2021,1,2021,4,2022,1,2022,2,False,True,False,False,False,False,False,False,False,False,False,False,False,False,False,False,False,False,False,False,False,False,False,False,False,False,False,False,False,False,False,False,False,False,False,True,False,False,False,False,False,False,False,False,False,False,False,False,False,False,False,False,False,True,False,False,False,False,True,False,False
11.74,6.75,22,5,43.18,1.03,73.6,0,1573,64,1,0.5749574105621805,0.22727272727272727,44.21,2024,7,2026,12,2026,2,2030,4,2031,8,2031,11,False,False,False,False,False,False,False,True,False,False,False,False,False,False,False,False,False,False,False,False,False,False,False,False,False,False,False,False,False,False,False,False,False,False,False,False,False,False,False,False,False,True,False,False,False,False,False,False,False,False,False,False,False,False,False,False,True,False,True,True,False
15.64,13.27,28,4,20.14,2.13,96.9,1,453,44,0,0.84846547314578,0.14285714285714285,22.27,2021,7,2023,3,2022,8,2023,11,2024,2,2025,10,False,True,False,False,False,False,False,False,False,False,False,False,False,False,False,False,False,False,False,False,False,False,False,False,False,False,False,False,False,False,False,False,False,False,False,False,False,True,False,False,False,False,False,False,False,False,False,False,False,False,False,False,False,True,False,False,False,True,False,False,False
55.17,30.91,87,19,149.55,2.12,84.8,2,732,63,1,0.560268261736451,0.21839080459770116,151.67000000000002,2022,12,2025,4,2026,1,2026,3,2026,12,2027,7,False,True,False,False,False,False,False,False,False,False,False,False,False,False,False,False,False,False,False,False,False,False,False,False,False,False,False,False,False,False,False,False,False,False,False,False,False,True,False,False,False,False,False,False,False,False,False,False,False,False,False,False,False,False,False,True,False,False,True,True,False
28.49,25.22,47,10,75.07,4.98,100.0,1,2480,50,0,0.8852228852228853,0.2127659574468085,80.05,2016,1,2017,8,2016,8,2021,11,2023,1,2024,9,False,True,False,False,False,False,False,False,False,False,False,False,False,False,True,False,False,False,False,False,False,False,False,False,False,False,False,False,False,False,False,False,False,False,False,False,False,False,False,False,False,False,False,False,False,False,False,False,False,False,False,False,False,False,True,False,False,True,False,False,False
13.07,8.61,22,3,17.17,1.48,98.9,2,1464,58,0,0.6587605202754399,0.13636363636363635,18.650000000000002,2019,11,2021,1,2022,9,2023,9,2025,2,2026,10,True,False,False,False,False,False,False,False,False,False,False,False,False,False,False,False,False,False,False,False,False,False,False,False,False,False,False,False,False,False,False,False,False,False,False,False,False,False,False,False,False,False,False,False,False,False,False,True,False,False,False,False,False,False,False,False,True,True,False,False,False
53.97,36.08,97,25,241.86,6.65,92.6,0,2239,59,0,0.6685195478969798,0.25773195876288657,248.51000000000002,2025,7,2026,2,2027,8,2032,1,2033,4,2033,9,False,True,False,False,False,False,False,False,False,False,False,False,False,False,True,False,False,False,False,False,False,False,False,False,False,False,False,False,False,False,False,False,False,False,False,False,False,False,False,False,False,False,False,False,False,False,False,False,False,False,False,False,False,False,False,True,False,False,True,False,False
58.37,28.36,86,17,224.47,4.53,100.0,0,365,47,0,0.4858660270686997,0.19767441860465115,229.0,2021,9,2022,5,2023,5,2023,4,2023,11,2025,6,False,False,True,False,False,False,False,False,False,False,False,False,False,False,False,False,False,False,False,False,False,False,False,False,False,False,False,True,False,False,False,False,False,False,False,False,False,False,False,False,False,False,False,False,False,False,False,False,False,False,False,False,False,False,False,False,True,False,True,True,False
21.39,20.04,39,7,47.7,1.61,99.3,1,1894,48,0,0.9368863955119214,0.1794871794871795,49.31,2020,9,2022,3,2021,10,2026,11,2027,7,2028,2,False,False,False,True,False,False,False,False,False,False,False,False,False,False,False,False,False,False,False,False,False,False,False,False,False,False,False,False,False,False,False,False,False,False,False,False,False,False,False,True,False,False,False,False,False,False,False,False,False,False,False,False,False,False,False,True,False,True,False,False,True
34.4,24.02,48,6,114.69,2.71,85.9,3,496,56,0,0.6982558139534883,0.125,117.39999999999999,2021,12,2022,11,2025,3,2023,3,2024,3,2025,11,False,False,False,False,False,False,False,False,False,False,False,False,False,False,False,False,False,False,False,False,False,False,False,False,False,False,False,False,False,False,False,False,False,False,False,False,True,False,False,False,False,False,False,False,False,False,False,False,False,False,False,False,False,True,False,False,False,False,True,False,False
50.43,26.29,80,15,174.05,8.91,100.0,4,1977,60,0,0.5213166765813999,0.1875,182.96,2023,7,2024,1,2026,12,2028,7,2030,3,2030,12,False,False,True,False,False,False,False,False,False,False,False,False,False,False,False,False,False,False,False,False,False,False,False,False,False,False,False,True,False,False,False,False,False,False,False,False,False,False,False,False,False,False,False,False,False,False,False,False,False,False,False,False,True,False,False,False,False,True,False,True,False
45.88,40.66,80,11,147.24,2.35,100.0,3,1077,50,0,0.8862249346120312,0.1375,149.59,2022,4,2024,7,2022,8,2027,2,2027,3,2028,4,False,False,False,False,False,False,False,False,False,False,False,False,False,False,False,False,False,False,False,False,False,True,False,False,False,False,False,False,False,False,False,False,False,False,False,False,False,False,False,False,False,False,False,False,False,False,False,False,False,False,False,False,False,False,True,False,False,True,False,False,False
31.21,18.13,42,7,74.91,1.1,78.4,0,1497,63,1,0.580903556552387,0.16666666666666666,76.00999999999999,2018,8,2019,10,2021,9,2022,5,2023,7,2025,2,False,False,False,False,False,True,False,False,False,False,False,False,False,False,False,False,False,False,False,False,False,False,False,False,False,False,False,False,True,False,False,False,False,False,False,False,False,False,False,False,False,False,False,False,False,False,False,False,False,False,False,False,False,False,False,False,False,False,True,True,False
125.54,104.74,217,36,511.56,6.82,100.0,7,0,6,0,0.8343157559343635,0.16589861751152074,518.38,2017,8,2020,2,2021,9,2018,3,2018,8,2018,10,False,False,False,False,False,False,False,False,False,False,False,False,False,False,False,False,False,False,False,False,False,False,False,False,False,False,False,False,False,False,False,False,False,False,False,False,False,False,False,False,True,False,False,False,False,False,False,False,False,False,False,False,False,False,False,False,False,False,False,False,False
53.66,39.07,102,17,196.11,9.97,96.1,4,1492,56,0,0.7281028699217295,0.16666666666666666,206.08,2025,9,2027,3,2027,10,2029,12,2030,6,2031,8,False,False,False,True,False,False,False,False,False,False,False,False,False,False,False,False,False,False,False,False,False,False,False,False,False,False,False,False,False,False,False,False,False,False,False,False,False,False,True,False,False,False,False,False,False,False,False,False,False,False,False,False,False,True,False,False,False,True,False,False,False
19.09,13.73,47,8,53.56,1.17,100.0,0,2221,54,0,0.7192247249869042,0.1702127659574468,54.730000000000004,2016,7,2017,3,2020,2,2022,5,2022,6,2024,3,False,False,False,True,False,False,False,False,False,False,False,False,False,False,False,False,False,False,False,False,False,False,False,False,False,False,False,False,False,False,False,False,False,False,False,False,False,False,False,True,False,False,False,False,False,False,False,False,False,False,False,False,False,False,True,False,False,True,False,False,False
19.21,14.5,38,9,15.55,2.03,100.0,0,1047,54,0,0.7548152004164498,0.23684210526315788,17.580000000000002,2022,5,2024,1,2022,9,2027,6,2027,8,2028,1,False,True,False,False,False,False,False,False,False,False,False,False,False,False,False,False,False,False,False,False,False,False,False,False,False,False,False,False,False,False,False,False,False,False,False,True,False,False,False,False,False,False,False,False,False,False,False,False,False,False,False,False,False,False,True,False,False,True,False,False,False
17.15,13.36,26,5,27.89,1.62,91.1,0,296,33,0,0.7790087463556852,0.19230769230769232,29.51,2024,5,2025,3,2026,12,2025,3,2026,9,2028,4,False,False,False,False,False,False,False,False,True,False,False,False,False,False,False,False,False,False,False,False,False,False,False,False,True,False,False,False,False,False,False,False,False,False,False,False,False,False,False,False,False,False,False,False,False,False,False,False,False,False,False,False,False,True,False,False,False,True,False,False,False
56.38,27.13,112,18,151.25,7.92,100.0,3,773,63,1,0.4811990067399787,0.16071428571428573,159.17,2023,7,2025,5,2027,5,2024,12,2026,6,2027,12,False,False,False,False,False,True,False,False,False,False,False,False,False,False,False,False,False,False,False,False,False,False,False,False,False,False,False,False,True,False,False,False,False,False,False,False,False,False,False,False,False,False,False,False,False,False,False,False,False,False,False,False,False,False,True,False,False,False,True,True,False
16.07,8.71,30,5,66.31,0.61,95.1,0,824,62,1,0.5420037336652147,0.16666666666666666,66.92,2017,6,2018,9,2018,9,2022,5,2022,6,2022,7,False,False,False,False,False,False,False,True,False,False,False,False,False,False,False,False,False,False,False,False,False,False,False,False,False,False,False,False,False,False,False,False,False,False,False,False,False,False,False,False,False,False,False,False,False,False,False,False,False,False,False,True,True,False,False,False,False,False,True,True,False
19.59,13.95,39,6,61.24,2.68,100.0,0,936,54,0,0.7120980091883614,0.15384615384615385,63.92,2017,12,2018,2,2019,10,2021,1,2021,12,2022,1,False,False,False,False,True,False,False,False,False,False,False,False,False,False,False,False,False,True,False,False,False,False,False,False,False,False,False,False,False,False,False,False,False,False,False,False,False,False,False,False,False,False,False,False,False,False,False,False,False,False,False,False,False,True,False,False,False,True,False,False,False
86.32,53.27,170,31,202.51,6.71,93.5,1,1350,59,0,0.6171223354958295,0.18235294117647058,209.22,2024,5,2024,9,2025,7,2028,6,2029,12,2030,8,False,False,False,False,False,False,False,False,False,False,False,False,False,False,False,False,False,False,False,False,False,True,False,False,False,False,False,False,False,False,False,False,False,False,False,False,False,False,False,False,False,False,False,False,False,False,False,False,False,False,False,False,True,False,False,False,False,False,True,True,False
36.29,32.64,57,8,35.47,1.7,100.0,1,0,5,0,0.899421328189584,0.14035087719298245,37.17,2020,10,2022,3,2022,9,2022,2,2022,11,2023,6,False,False,False,False,False,False,False,False,True,False,False,False,False,False,False,False,False,False,False,False,False,False,False,False,False,True,False,False,False,False,False,False,False,False,False,False,False,False,False,False,False,False,False,False,False,False,False,False,False,False,False,False,False,False,True,False,False,True,False,False,False
99.34,89.64,166,28,299.01,12.17,100.0,3,0,3,0,0.9023555466076102,0.1686746987951807,311.18,2023,4,2023,10,2026,9,2025,1,2025,3,2025,5,False,True,False,False,False,False,False,False,False,False,False,False,False,False,True,False,False,False,False,False,False,False,False,False,False,False,False,False,False,False,False,False,False,False,False,False,False,False,False,False,False,False,False,False,False,False,False,False,False,False,False,False,False,True,False,False,False,False,False,False,True
66.56,61.55,111,20,139.63,10.48,76.4,2,2255,51,0,0.9247295673076922,0.18018018018018017,150.10999999999999,2020,8,2022,5,2023,4,2026,9,2028,2,2028,7,True,False,False,False,False,False,False,False,False,False,False,False,False,False,False,False,False,False,False,False,False,False,False,False,False,False,False,False,False,False,False,False,False,False,False,False,False,False,False,False,False,False,False,False,False,False,False,True,False,False,False,False,False,False,True,False,False,False,False,False,True
9.24,9.06,20,4,25.76,2.27,92.8,0,1995,46,0,0.9805194805194806,0.2,28.03,2019,3,2020,8,2020,6,2025,1,2026,8,2027,2,False,False,False,False,False,False,False,True,False,False,False,False,False,False,False,False,False,False,False,False,False,False,False,False,False,False,False,False,False,False,True,False,False,False,False,False,False,False,False,False,False,False,False,False,False,False,False,False,False,False,False,False,False,True,False,False,False,False,False,False,True
27.05,13.65,42,9,98.35,4.67,96.8,1,1689,62,1,0.5046210720887245,0.21428571428571427,103.02,2017,5,2017,11,2019,11,2022,4,2023,8,2024,4,False,False,False,False,False,False,True,False,False,False,False,False,False,False,False,False,False,False,True,False,False,False,False,False,False,False,False,False,False,False,False,False,False,False,False,False,False,False,False,False,False,False,False,False,False,False,False,False,False,False,False,False,False,False,True,False,False,False,True,True,False
80.64,59.65,144,22,304.32,8.63,84.5,1,952,58,0,0.7397073412698413,0.1527777777777778,312.95,2024,5,2026,6,2025,7,2026,11,2028,5,2029,2,False,False,False,False,False,False,False,False,True,False,False,False,False,False,False,False,False,False,False,False,False,False,False,False,False,False,False,False,False,False,False,True,False,False,False,False,False,False,False,False,False,False,False,False,False,False,False,False,False,False,False,False,True,False,False,False,False,False,True,False,False
8.83,8.34,16,5,35.3,1.45,96.5,1,643,48,0,0.9445073612684032,0.3125,36.75,2018,2,2020,2,2018,6,2020,9,2021,8,2022,5,True,False,False,False,False,False,False,False,False,False,False,False,False,False,False,False,False,False,False,False,False,False,False,False,False,False,False,False,False,False,False,False,False,False,False,False,False,False,False,False,False,False,False,False,True,False,False,False,False,False,False,False,True,False,False,False,False,False,False,False,True
45.59,19.8,77,12,143.76,6.9,100.0,1,2000,65,1,0.43430576880894933,0.15584415584415584,150.66,2021,3,2021,4,2024,9,2026,2,2027,8,2028,5,False,False,False,False,False,True,False,False,False,False,True,False,False,False,False,False,False,False,False,False,False,False,False,False,False,False,False,False,False,False,False,False,False,False,False,False,False,False,False,False,False,False,False,False,False,False,False,False,False,False,False,False,False,False,True,False,False,False,True,True,False
28.81,25.93,51,8,119.58,3.12,100.0,0,1461,49,0,0.9000347101700799,0.1568627450980392,122.7,2016,5,2017,6,2019,4,2020,8,2021,11,2023,6,False,True,False,False,False,False,False,False,False,False,False,False,False,False,False,False,False,False,False,False,False,False,False,False,False,False,False,False,False,False,False,False,False,False,False,True,False,False,False,False,False,False,False,False,False,False,False,False,False,False,False,False,False,True,False,False,False,True,False,False,True
5.18,4.96,9,2,17.38,0.27,100.0,0,1334,47,0,0.9575289575289576,0.2222222222222222,17.65,2025,5,2027,9,2029,2,2030,4,2031,1,2031,9,False,False,False,False,False,False,False,True,False,False,False,False,False,False,False,False,False,False,False,False,False,False,False,False,False,False,False,False,False,False,False,False,False,False,False,False,False,False,False,False,False,True,False,False,False,False,False,False,False,False,False,False,False,False,False,False,False,False,False,False,True
33.77,31.79,47,11,124.97,2.74,100.0,1,608,47,0,0.9413680781758956,0.23404255319148937,127.71,2020,3,2022,8,2023,4,2022,12,2023,5,2025,2,False,False,False,False,False,False,False,True,False,False,False,False,False,False,False,False,False,False,False,False,False,False,False,False,False,False,False,False,False,False,True,False,False,False,False,False,False,False,False,False,False,False,False,False,False,False,False,False,False,False,False,False,True,False,False,False,False,False,False,False,True
12.97,11.69,26,4,43.27,3.1,100.0,1,276,29,0,0.9013107170393214,0.15384615384615385,46.370000000000005,2018,4,2019,7,2019,11,2019,12,2020,2,2020,7,False,False,False,False,False,False,False,True,False,False,False,False,False,False,False,False,False,False,False,False,False,False,False,False,False,False,False,False,False,False,True,False,False,False,False,False,False,False,False,False,False,False,False,False,False,False,False,False,False,False,False,False,True,False,False,False,False,True,False,False,True
9.32,5.83,16,4,37.52,1.21,100.0,0,896,56,0,0.6255364806866953,0.25,38.730000000000004,2018,9,2018,11,2022,8,2021,8,2022,3,2022,9,False,False,False,False,False,True,False,False,False,False,False,False,False,False,False,False,False,False,False,False,False,False,False,False,False,False,False,False,True,False,False,False,False,False,False,False,False,False,False,False,False,False,False,False,False,False,False,False,False,False,False,False,False,False,False,True,False,True,False,True,False
30.24,14.09,61,15,49.13,3.3,89.3,0,1118,66,1,0.4659391534391535,0.2459016393442623,52.43,2019,9,2021,4,2023,5,2022,5,2023,8,2025,8,False,False,False,False,False,False,False,False,False,False,False,False,False,False,False,False,False,False,False,False,False,False,False,False,False,False,False,False,False,False,False,False,False,False,False,False,False,False,False,False,True,False,False,False,False,False,False,False,False,False,False,False,False,False,False,False,False,False,True,True,False
4.35,3.14,9,2,15.71,0.85,96.0,0,2566,56,0,0.7218390804597702,0.2222222222222222,16.560000000000002,2016,1,2017,11,2019,3,2021,12,2023,1,2025,1,False,False,False,False,False,False,True,False,False,False,False,False,False,False,False,False,False,False,False,False,False,False,False,False,False,False,False,False,False,False,False,False,False,False,True,False,False,False,False,False,False,False,False,False,False,False,False,False,False,False,False,False,False,False,True,False,False,True,False,False,False
15.27,12.34,27,2,18.84,2.39,100.0,0,1528,52,0,0.808120497707924,0.07407407407407407,21.23,2020,2,2020,7,2020,8,2025,5,2026,2,2026,5,False,False,False,False,False,True,False,False,False,False,True,False,False,False,False,False,False,False,False,False,False,False,False,False,False,False,False,False,False,False,False,False,False,False,False,False,False,False,False,False,False,False,False,False,False,False,False,False,False,False,False,False,False,True,False,False,False,True,False,False,False
384.2,244.84,637,136,438.13,49.61,100.0,18,2349,63,1,0.6372722540343572,0.21350078492935637,487.74,2019,8,2020,9,2023,8,2025,6,2026,7,2028,7,False,False,False,False,True,False,False,False,False,False,False,False,False,False,False,False,False,False,False,False,True,False,False,False,False,False,False,False,False,False,False,False,False,False,False,False,False,False,False,False,False,False,False,False,False,False,False,False,False,False,False,False,False,False,False,True,False,True,False,True,False
57.41,25.1,107,13,150.36,8.96,100.0,2,2081,67,1,0.4372060616617315,0.12149532710280374,159.32000000000002,2020,1,2020,5,2020,5,2025,7,2026,2,2027,8,False,False,False,False,False,False,True,False,False,False,False,False,False,False,False,False,False,False,False,False,False,False,False,False,False,False,False,False,False,False,False,False,False,False,False,False,False,False,False,False,False,False,False,False,False,True,False,False,False,False,False,False,False,False,True,False,False,False,True,True,False
12.41,10.37,13,2,23.71,1.02,100.0,0,1378,51,0,0.8356164383561643,0.15384615384615385,24.73,2021,1,2023,4,2023,2,2026,1,2026,3,2027,12,False,False,False,True,False,False,False,False,False,False,False,False,False,False,False,False,False,False,False,False,False,False,False,False,False,False,False,False,False,False,False,False,False,False,False,False,False,False,False,False,False,False,False,False,False,False,False,False,True,False,False,False,False,False,False,False,True,True,False,False,False
122.02,77.77,223,38,351.96,25.78,95.5,6,2146,60,0,0.6373545320439272,0.17040358744394618,377.74,2017,5,2017,7,2018,9,2023,10,2024,9,2026,1,False,True,False,False,False,False,False,False,False,False,False,False,False,False,True,False,False,False,False,False,False,False,False,False,False,False,False,False,False,False,False,False,False,False,False,False,False,False,False,False,False,False,False,False,False,False,False,False,False,False,False,False,True,False,False,False,False,True,False,True,False
11.11,7.27,14,3,36.75,0.99,88.7,0,1293,58,0,0.6543654365436543,0.21428571428571427,37.74,2025,6,2027,4,2029,5,2029,1,2030,3,2032,1,False,False,False,False,False,True,False,False,False,False,False,False,False,False,False,False,False,False,False,False,False,False,False,False,False,False,False,False,True,False,False,False,False,False,False,False,False,False,False,False,False,False,False,False,False,False,False,False,False,False,False,False,False,False,False,False,True,True,False,False,False
17.22,15.9,31,4,28.21,2.45,70.6,2,1184,51,0,0.9233449477351917,0.12903225806451613,30.66,2022,6,2024,6,2025,6,2026,7,2027,2,2027,11,True,False,False,False,False,False,False,False,False,False,False,False,False,False,False,False,False,False,False,False,False,False,False,False,False,False,False,False,False,False,False,False,False,False,False,False,False,False,False,False,False,False,False,False,False,False,False,False,False,False,True,False,True,False,False,False,False,False,False,False,True
9.5,7.45,17,4,32.2,1.14,100.0,2,2121,53,0,0.7842105263157895,0.23529411764705882,33.34,2020,8,2022,3,2022,1,2026,4,2026,12,2029,1,False,False,False,False,False,False,True,False,False,False,False,False,False,False,False,False,False,False,False,True,False,False,False,False,False,False,False,False,False,False,False,False,False,False,False,False,False,False,False,False,False,False,False,False,False,False,False,False,False,False,False,False,True,False,False,False,False,True,False,False,False
38.71,33.15,55,13,173.54,4.4,88.2,2,585,51,0,0.8563678636011366,0.23636363636363636,177.94,2024,6,2024,12,2027,7,2026,2,2026,4,2028,1,False,False,False,False,True,False,False,False,False,False,False,False,False,False,False,False,False,False,False,False,True,False,False,False,False,False,False,False,False,False,False,False,False,False,False,False,False,False,False,False,False,False,False,False,False,False,False,False,False,False,False,False,False,False,False,False,True,False,False,False,False
117.76,81.41,195,30,425.33,21.27,100.0,3,1069,57,0,0.691321331521739,0.15384615384615385,446.59999999999997,2025,10,2028,3,2026,6,2028,10,2029,10,2030,5,False,False,False,True,False,False,False,False,False,False,False,False,False,False,False,False,False,False,False,False,False,False,False,False,False,False,False,False,False,False,False,False,False,False,False,False,False,False,False,False,False,False,True,False,False,False,False,False,False,False,False,False,False,False,False,False,True,True,False,False,False
11.03,10.02,24,6,15.92,1.3,100.0,1,1996,48,0,0.9084315503173164,0.25,17.22,2019,2,2019,6,2020,3,2024,9,2025,1,2026,3,False,False,False,False,False,False,False,False,False,False,False,False,False,False,False,False,False,False,False,False,False,True,False,False,False,False,False,False,False,False,False,False,False,False,False,False,False,False,False,False,False,False,False,False,False,False,False,False,False,False,False,False,False,False,True,False,False,False,False,False,True
3.82,1.6,9,1,12.01,0.63,100.0,0,1190,66,1,0.41884816753926707,0.1111111111111111,12.64,2025,6,2027,1,2027,11,2028,2,2029,8,2031,1,True,False,False,False,False,False,False,False,False,True,False,False,False,False,False,False,False,False,False,False,False,False,False,False,False,False,False,False,False,False,False,False,False,False,False,False,False,False,False,False,False,False,False,False,False,False,False,False,False,False,False,False,False,False,False,True,False,False,True,True,False
89.21,70.91,166,27,74.5,10.77,96.3,4,340,38,0,0.7948660464073535,0.16265060240963855,85.27,2022,6,2023,2,2023,4,2024,6,2024,11,2026,9,False,False,False,False,False,False,True,False,False,False,False,False,False,False,False,False,False,False,False,False,False,False,False,False,False,False,False,False,False,False,False,False,False,False,False,False,False,False,False,False,False,False,False,False,False,True,False,False,False,False,False,False,False,False,False,True,False,True,False,False,False
141.71,111.37,260,45,359.65,15.55,100.0,3,1358,53,0,0.7859007832898173,0.17307692307692307,375.2,2024,11,2027,4,2026,1,2029,12,2030,2,2030,5,False,True,False,False,False,False,False,False,False,False,False,False,False,False,True,False,False,False,False,False,False,False,False,False,False,False,False,False,False,False,False,False,False,False,False,False,False,False,False,False,False,False,False,False,False,False,False,False,False,False,False,False,False,False,False,False,True,True,False,False,False
4.08,3.26,3,1,11.31,0.31,100.0,0,563,52,0,0.7990196078431372,0.3333333333333333,11.620000000000001,2023,2,2024,4,2026,2,2024,6,2025,11,2026,9,True,False,False,False,False,False,False,False,False,False,False,False,False,False,False,False,False,False,False,False,False,False,False,False,False,False,False,False,False,False,False,False,False,False,False,False,False,False,False,False,False,False,False,False,False,False,False,True,False,False,False,False,False,False,True,False,False,True,False,False,False
47.47,44.7,87,14,208.76,3.76,100.0,2,2034,48,0,0.9416473562249843,0.16091954022988506,212.51999999999998,2020,3,2020,5,2021,11,2023,11,2025,4,2027,7,False,False,False,True,False,False,False,False,False,False,False,False,False,False,False,False,False,False,False,False,False,False,False,False,False,False,False,False,False,False,False,False,False,False,False,False,False,False,False,False,False,False,True,False,False,False,False,False,False,False,False,False,False,False,False,True,False,True,False,False,True
37.58,28.53,72,14,132.57,5.04,100.0,0,450,44,0,0.7591804151144226,0.19444444444444445,137.60999999999999,2021,9,2023,10,2022,9,2023,8,2023,9,2025,9,True,False,False,False,False,False,False,False,False,False,False,False,False,False,False,False,False,False,False,False,False,False,False,False,False,False,False,False,False,False,False,False,False,False,False,False,False,False,False,False,False,False,False,False,False,False,False,False,False,False,True,False,False,False,True,False,False,True,False,False,False
13.63,11.0,21,2,46.51,2.36,100.0,0,88,16,0,0.8070432868672046,0.09523809523809523,48.87,2024,8,2025,5,2028,10,2025,4,2025,11,2026,12,False,False,True,False,False,False,False,False,False,False,False,False,False,False,False,False,False,False,False,False,False,False,False,True,False,False,False,False,False,False,False,False,False,False,False,False,False,False,False,False,False,False,False,False,False,False,False,False,False,False,False,False,False,False,True,False,False,True,False,False,False
7.43,6.34,20,3,20.58,0.72,100.0,1,1958,50,0,0.8532974427994616,0.15,21.299999999999997,2024,6,2025,1,2026,11,2029,1,2030,5,2031,12,False,False,False,False,False,False,False,False,True,False,False,False,False,False,False,False,False,False,False,False,False,False,False,False,True,False,False,False,False,False,False,False,False,False,False,False,False,False,False,False,False,False,False,False,False,False,False,False,False,False,False,False,True,False,False,False,False,True,False,False,False
80.78,54.5,152,43,218.01,3.11,97.0,4,1580,58,0,0.6746719485021044,0.28289473684210525,221.12,2022,4,2022,8,2025,4,2026,1,2026,11,2028,2,False,False,False,False,False,False,False,False,False,False,False,False,False,False,False,False,False,False,False,False,False,False,False,False,False,False,False,False,False,False,False,False,False,False,False,False,True,False,False,False,False,False,False,False,False,False,False,False,False,False,False,False,False,False,False,True,False,True,False,False,False
35.84,31.61,65,9,160.23,3.02,97.2,4,791,51,0,0.8819754464285713,0.13846153846153847,163.25,2022,6,2024,9,2025,4,2024,6,2025,7,2026,12,False,False,False,True,False,False,False,False,False,False,False,False,True,False,False,False,False,False,False,False,False,False,False,False,False,False,False,False,False,False,False,False,False,False,False,False,False,False,False,False,False,False,False,False,False,False,False,False,False,False,False,False,False,False,False,True,False,True,False,False,False
38.65,30.94,46,13,33.96,5.16,100.0,1,0,5,0,0.8005174644243209,0.2826086956521739,39.120000000000005,2018,9,2018,11,2022,8,2019,5,2020,10,2021,10,True,False,False,False,False,False,False,False,False,False,False,False,False,False,False,False,False,False,False,False,False,False,False,False,False,False,False,False,False,False,False,False,False,False,False,False,False,False,False,False,False,False,False,False,False,False,False,False,False,False,True,False,True,False,False,False,False,False,False,False,False
16.09,8.51,22,6,30.92,0.63,95.2,1,1936,61,1,0.528899937849596,0.2727272727272727,31.55,2022,4,2022,10,2023,5,2027,9,2028,8,2029,6,False,False,False,False,False,False,False,False,True,False,False,False,False,False,False,False,False,False,False,False,False,False,False,False,False,False,False,False,False,False,False,True,False,False,False,False,False,False,False,False,False,False,False,False,False,False,False,False,False,False,False,False,False,False,False,False,True,False,True,True,False
13.44,12.09,21,7,17.4,0.71,82.2,2,1326,52,0,0.8995535714285714,0.3333333333333333,18.11,2024,5,2025,1,2027,8,2027,12,2028,1,2029,8,False,False,False,False,False,False,False,False,True,False,False,False,False,False,False,False,False,False,False,False,False,False,False,False,True,False,False,False,False,False,False,False,False,False,False,False,False,False,False,False,False,False,False,False,False,False,False,False,False,False,False,False,True,False,False,False,False,True,False,False,False
2.57,2.47,5,0,5.05,0.26,99.7,0,6,2,0,0.9610894941634243,0.0,5.31,2023,2,2024,6,2024,3,2024,3,2024,8,2025,6,True,False,False,False,False,False,False,False,False,True,False,False,False,False,False,False,False,False,False,False,False,False,False,False,False,False,False,False,False,False,False,False,False,False,False,False,False,False,False,False,False,False,False,False,False,False,False,False,False,False,False,False,False,False,False,True,False,False,False,False,True
23.85,19.96,47,6,59.99,4.56,83.5,1,1227,54,0,0.8368972746331237,0.1276595744680851,64.55,2021,6,2022,3,2025,8,2023,12,2025,1,2026,11,False,True,False,False,False,False,False,False,False,False,False,False,False,False,False,False,False,False,False,False,False,False,False,False,False,False,False,False,False,False,False,False,False,False,False,False,False,True,False,False,False,False,False,False,False,False,False,False,False,False,False,False,False,False,False,True,False,True,False,False,False
126.32,82.92,237,35,260.87,22.55,70.6,5,2164,62,1,0.6564281190626979,0.14767932489451477,283.42,2023,5,2025,6,2024,10,2029,6,2030,11,2031,11,False,False,True,False,False,False,False,False,False,False,False,False,False,False,False,False,False,False,False,False,False,False,False,False,False,False,True,False,False,False,False,False,False,False,False,False,False,False,False,False,False,False,False,False,False,False,False,False,False,False,False,False,False,False,False,False,True,True,False,False,False
12.3,10.25,19,4,53.65,0.55,69.6,0,0,11,0,0.8333333333333333,0.21052631578947367,54.199999999999996,2021,1,2021,3,2024,2,2022,8,2022,12,2023,4,False,False,False,False,False,True,False,False,False,False,False,False,False,False,False,False,False,False,False,False,False,False,False,False,False,False,False,False,False,True,False,False,False,False,False,False,False,False,False,False,False,False,False,False,False,False,False,False,False,False,False,False,True,False,False,False,False,True,False,False,False
6.54,4.55,16,1,21.7,1.81,100.0,0,1798,55,0,0.6957186544342507,0.0625,23.509999999999998,2023,2,2023,9,2026,7,2026,11,2028,7,2030,2,False,False,True,False,False,False,False,False,False,False,False,False,False,False,False,False,False,False,False,False,False,False,False,False,False,False,False,False,False,False,False,False,False,False,False,False,False,False,False,False,False,False,False,False,False,False,False,False,False,True,False,False,False,True,False,False,False,True,False,False,False
46.32,36.05,77,17,161.83,3.38,100.0,1,2132,54,0,0.7782815198618307,0.22077922077922077,165.21,2022,11,2024,9,2026,2,2029,2,2029,8,2030,3,True,False,False,False,False,False,False,False,False,False,False,False,False,False,False,False,False,False,False,False,False,False,False,False,False,False,False,False,False,False,False,False,False,False,False,False,False,False,False,False,False,False,False,False,False,False,False,True,False,False,False,False,False,True,False,False,False,True,False,False,False
55.71,38.03,89,14,197.57,4.28,100.0,1,1221,55,0,0.6826422545323999,0.15730337078651685,201.85,2016,8,2018,8,2017,10,2019,4,2020,8,2022,4,False,False,False,False,False,False,False,False,False,False,False,False,False,False,False,False,False,False,False,False,False,True,False,False,False,False,False,False,False,False,False,False,False,False,False,False,False,False,False,False,False,False,False,False,False,False,False,False,False,False,False,False,False,False,False,False,True,True,False,False,False
16.68,6.02,40,5,68.84,2.35,97.5,2,688,68,1,0.3609112709832134,0.125,71.19,2021,11,2022,4,2024,12,2024,5,2025,10,2026,4,False,False,False,False,False,True,False,False,False,False,False,False,False,False,False,False,False,False,False,False,False,False,False,False,False,False,False,False,False,False,False,False,True,False,False,False,False,False,False,False,False,False,False,False,False,False,False,False,False,False,False,False,True,False,False,False,False,False,True,True,False
21.14,15.93,35,6,76.98,2.92,80.5,1,1186,55,0,0.7535477767265847,0.17142857142857143,79.9,2016,10,2019,1,2020,5,2019,12,2020,10,2021,5,False,False,False,True,False,False,False,False,False,False,False,False,True,False,False,False,False,False,False,False,False,False,False,False,False,False,False,False,False,False,False,False,False,False,False,False,False,False,False,False,False,False,False,False,False,False,False,False,False,False,False,False,True,False,False,False,False,True,False,False,False
39.01,36.97,72,9,33.55,5.19,91.5,2,587,49,0,0.9477057164829531,0.125,38.739999999999995,2019,4,2021,1,2019,11,2021,3,2022,6,2023,4,False,False,True,False,False,False,False,False,False,False,False,False,False,False,False,False,False,False,False,False,False,False,False,False,False,False,False,True,False,False,False,False,False,False,False,False,False,False,False,False,False,False,False,False,False,False,False,False,False,False,False,False,False,False,True,False,False,False,False,False,True
25.65,14.91,52,8,45.33,5.87,100.0,1,2120,59,0,0.5812865497076024,0.15384615384615385,51.199999999999996,2020,12,2021,7,2024,12,2027,6,2028,12,2029,8,True,False,False,False,False,False,False,False,False,True,False,False,False,False,False,False,False,False,False,False,False,False,False,False,False,False,False,False,False,False,False,False,False,False,False,False,False,False,False,False,False,False,False,False,False,False,False,False,False,False,False,False,False,False,False,True,False,True,False,True,False
81.46,70.6,127,21,363.29,9.71,100.0,3,925,50,0,0.8666830346182175,0.16535433070866143,373.0,2020,10,2022,1,2022,11,2024,4,2025,3,2025,4,False,False,True,False,False,False,False,False,False,False,False,False,False,False,False,False,False,False,False,False,False,False,False,True,False,False,False,False,False,False,False,False,False,False,False,False,False,False,False,False,False,False,False,False,False,False,False,False,False,False,False,False,False,False,False,False,False,True,False,False,False
342.83,271.46,624,113,1101.46,65.96,94.0,13,215,30,0,0.7918210191640171,0.18108974358974358,1167.42,2021,8,2022,3,2022,9,2023,7,2023,10,2024,4,False,False,False,False,False,True,False,False,False,False,True,False,False,False,False,False,False,False,False,False,False,False,False,False,False,False,False,False,False,False,False,False,False,False,False,False,False,False,False,False,False,False,False,False,False,False,False,False,False,False,False,False,False,False,False,False,True,True,False,False,False
5.42,4.73,6,1,5.7,0.17,100.0,1,2928,49,0,0.8726937269372694,0.16666666666666666,5.87,2016,9,2017,7,2019,7,2023,3,2024,1,2026,3,False,False,False,False,True,False,False,False,False,False,False,False,False,False,False,False,False,True,False,False,False,False,False,False,False,False,False,False,False,False,False,False,False,False,False,False,False,False,False,False,False,False,False,False,False,False,False,False,False,False,False,False,False,False,False,False,False,False,False,False,False
102.49,95.31,181,33,258.95,19.11,98.3,3,390,36,0,0.9299443848180311,0.18232044198895028,278.06,2019,10,2022,1,2024,2,2021,8,2022,3,2023,12,False,False,False,False,False,False,True,False,False,False,False,False,False,False,False,False,False,False,True,False,False,False,False,False,False,False,False,False,False,False,False,False,False,False,False,False,False,False,False,False,False,False,False,False,False,False,False,False,False,False,False,False,False,False,False,False,False,False,False,False,True
33.29,24.43,65,13,147.44,2.59,100.0,2,1213,53,0,0.7338540102132772,0.2,150.03,2019,10,2020,6,2022,1,2024,8,2024,11,2024,12,False,False,True,False,False,False,False,False,False,False,False,False,False,False,False,False,False,False,False,False,False,False,False,True,False,False,False,False,False,False,False,False,False,False,False,False,False,False,False,False,False,False,False,False,False,False,False,False,False,False,False,False,False,False,False,False,True,True,False,False,False
120.09,80.78,221,42,537.22,12.43,100.0,3,1476,55,0,0.6726621700391373,0.19004524886877827,549.65,2023,12,2024,3,2025,8,2027,11,2027,12,2030,2,False,False,False,True,False,False,False,False,False,False,False,False,True,False,False,False,False,False,False,False,False,False,False,False,False,False,False,False,False,False,False,False,False,False,False,False,False,False,False,False,False,False,False,False,False,False,False,False,False,False,False,False,True,False,False,False,False,True,False,False,False
61.83,47.4,128,28,148.4,6.65,100.0,2,2566,54,0,0.7666181465308103,0.21875,155.05,2025,8,2025,11,2026,5,2031,8,2032,4,2034,4,False,False,False,True,False,False,False,False,False,False,False,False,False,False,False,False,False,False,False,False,False,False,False,False,False,False,False,False,False,False,False,False,False,False,False,False,False,False,False,True,False,False,False,False,False,False,False,False,False,False,False,False,False,False,False,False,True,True,False,False,False
31.85,26.99,53,7,130.72,2.85,94.1,2,1195,50,0,0.8474097331240188,0.1320754716981132,133.57,2025,7,2027,2,2028,3,2030,11,2030,12,2031,6,False,False,False,False,False,False,False,True,False,False,False,False,False,False,False,False,False,False,False,False,False,False,False,False,False,False,False,False,False,False,True,False,False,False,False,False,False,False,False,False,False,False,False,False,False,False,False,False,False,False,False,False,False,False,False,False,False,False,False,False,False
64.07,25.55,128,28,191.59,14.32,93.2,4,668,67,1,0.3987825815514282,0.21875,205.91,2021,10,2023,12,2024,4,2024,6,2025,2,2026,2,False,False,True,False,False,False,False,False,False,False,False,False,False,False,False,False,False,False,False,False,False,False,False,False,False,False,False,True,False,False,False,False,False,False,False,False,False,False,False,False,False,False,False,False,False,False,False,False,False,False,False,False,False,False,False,True,False,False,True,True,False
20.2,12.54,32,5,54.23,2.05,98.8,0,1281,58,0,0.6207920792079208,0.15625,56.279999999999994,2022,11,2024,5,2024,1,2026,8,2027,1,2028,10,False,False,False,False,False,False,True,False,False,False,False,False,False,False,False,False,False,False,False,False,False,False,False,False,False,False,False,False,False,False,False,False,False,False,False,False,False,False,False,False,False,False,False,False,False,True,False,False,False,False,False,False,False,False,False,True,False,True,False,True,False
13.81,11.77,24,2,32.1,1.12,87.6,1,561,52,0,0.8522809558291092,0.08333333333333333,33.22,2023,3,2024,8,2025,6,2026,4,2026,9,2027,10,False,True,False,False,False,False,False,False,False,False,False,False,False,False,False,False,False,False,False,False,False,False,False,False,False,False,False,False,False,False,False,False,False,False,False,False,False,True,False,False,False,False,False,False,False,False,False,False,False,False,False,False,False,False,False,True,False,True,False,False,False
67.41,57.77,105,20,276.44,5.19,88.4,2,1416,51,0,0.8569945112001187,0.19047619047619047,281.63,2025,6,2026,9,2027,5,2029,2,2030,3,2031,1,False,False,False,False,False,False,False,False,True,False,False,False,False,False,False,False,False,False,False,False,False,False,False,False,False,False,False,False,False,False,False,True,False,False,False,False,False,False,False,False,False,False,False,False,False,False,False,False,False,False,False,False,True,False,False,False,False,False,False,False,False
12.88,8.79,22,3,39.9,2.21,96.5,2,721,58,0,0.6824534161490682,0.13636363636363635,42.11,2024,6,2026,7,2025,9,2026,12,2027,4,2027,11,False,False,False,False,False,False,True,False,False,False,False,False,False,False,False,False,False,False,False,False,False,False,False,False,False,False,False,False,False,False,False,False,False,False,False,False,False,False,False,False,False,False,False,False,False,True,False,False,False,False,False,False,False,True,False,False,False,False,True,False,False
56.96,31.51,110,23,115.92,8.13,98.2,2,1584,62,1,0.5531952247191011,0.20909090909090908,124.05,2016,2,2016,4,2018,9,2022,1,2022,5,2023,3,False,False,False,False,False,False,False,False,True,False,False,False,False,True,False,False,False,False,False,False,False,False,False,False,False,False,False,False,False,False,False,False,False,False,False,False,False,False,False,False,False,False,False,False,False,False,False,False,False,False,False,False,False,False,False,False,True,False,True,True,False
30.9,25.77,61,10,80.96,3.96,96.4,4,1116,51,0,0.8339805825242719,0.16393442622950818,84.91999999999999,2021,9,2023,5,2022,11,2024,7,2026,1,2027,7,False,False,False,False,False,False,False,False,True,False,False,False,False,False,False,False,False,False,False,False,False,False,False,False,False,True,False,False,False,False,False,False,False,False,False,False,False,False,False,False,False,False,False,False,False,False,False,False,False,False,False,False,False,False,False,True,False,False,False,False,False
2.92,1.87,2,0,7.13,0.23,100.0,0,280,35,0,0.6404109589041096,0.0,7.36,2017,2,2017,4,2018,11,2018,10,2019,6,2020,11,False,False,False,False,True,False,False,False,False,False,False,False,False,False,False,False,False,False,False,False,False,False,False,False,False,False,False,False,False,False,False,False,False,False,False,False,False,False,False,False,False,False,False,True,False,False,False,False,False,False,False,False,False,False,False,False,True,True,False,True,False
16.87,12.43,29,4,41.66,3.28,100.0,1,2190,56,0,0.7368109069353882,0.13793103448275862,44.94,2022,4,2022,11,2023,9,2027,10,2029,3,2029,11,False,False,False,False,False,False,False,True,False,False,False,False,False,False,False,False,False,False,False,False,False,False,False,False,False,False,False,False,False,False,True,False,False,False,False,False,False,False,False,False,False,False,False,False,False,False,False,False,False,False,False,False,False,False,False,True,False,True,False,False,False
41.88,40.07,73,10,81.79,6.98,86.4,0,1902,48,0,0.9567812798471824,0.136986301369863,88.77000000000001,2024,7,2024,11,2027,5,2028,12,2029,5,2031,6,False,False,False,False,False,False,True,False,False,False,False,False,False,False,False,False,False,False,False,True,False,False,False,False,False,False,False,False,False,False,False,False,False,False,False,False,False,False,False,False,False,False,False,False,False,False,False,False,False,False,False,False,True,False,False,False,False,False,False,False,True
19.97,19.08,33,5,62.74,2.37,94.7,1,256,24,0,0.9554331497245868,0.15151515151515152,65.11,2022,12,2023,12,2026,6,2024,5,2024,11,2026,11,False,False,False,False,False,False,True,False,False,False,False,False,False,False,False,False,False,False,False,True,False,False,False,False,False,False,False,False,False,False,False,False,False,False,False,False,False,False,False,False,False,False,False,False,False,False,False,False,False,False,False,False,False,True,False,False,False,False,False,False,True
2.35,1.66,4,1,2.33,0.13,100.0,0,1024,56,0,0.7063829787234042,0.25,2.46,2022,6,2022,12,2024,3,2026,8,2027,1,2027,11,False,False,False,False,True,False,False,False,False,False,False,False,False,False,False,False,False,True,False,False,False,False,False,False,False,False,False,False,False,False,False,False,False,False,False,False,False,False,False,False,False,False,False,False,False,False,False,False,False,False,False,False,False,True,False,False,False,False,True,False,False
112.25,94.37,215,37,457.85,19.52,81.4,3,2018,53,0,0.8407126948775057,0.17209302325581396,477.37,2019,6,2021,1,2021,2,2024,6,2025,12,2028,1,False,False,True,False,False,False,False,False,False,False,False,False,False,False,False,False,False,False,False,False,False,False,False,False,False,False,False,True,False,False,False,False,False,False,False,False,False,False,False,False,False,False,False,False,False,False,False,False,False,False,False,False,False,False,False,True,False,True,False,False,False
35.49,29.52,53,7,82.94,5.38,100.0,2,832,53,0,0.8317836010143702,0.1320754716981132,88.32,2022,11,2025,2,2026,5,2026,4,2026,8,2027,8,False,False,True,False,False,False,False,False,False,False,False,False,False,False,False,False,False,False,False,False,False,False,False,True,False,False,False,False,False,False,False,False,False,False,False,False,False,False,False,False,False,False,False,False,False,False,False,False,False,False,False,False,True,False,False,False,False,True,False,False,False
46.7,25.86,77,14,175.74,8.1,100.0,1,914,60,0,0.553747323340471,0.18181818181818182,183.84,2018,12,2019,5,2021,9,2022,1,2022,11,2024,6,False,False,True,False,False,False,False,False,False,False,False,False,False,False,False,False,False,False,False,False,False,False,False,False,False,False,False,False,False,False,False,False,False,False,False,False,False,False,False,False,False,False,False,False,False,False,False,False,False,True,False,False,False,False,True,False,False,True,False,True,False
18.67,11.9,31,6,65.33,2.42,87.7,0,0,11,0,0.6373861810391002,0.1935483870967742,67.75,2019,2,2019,9,2022,5,2019,11,2020,8,2021,2,False,False,False,False,False,False,False,False,False,False,False,False,False,False,False,False,False,False,False,False,False,False,False,False,False,False,False,False,False,False,False,False,False,False,False,False,False,False,False,False,True,False,False,False,False,False,False,False,False,False,False,False,False,False,False,False,True,True,False,True,False
50.98,29.8,79,15,129.79,6.45,95.9,3,1399,62,1,0.584542958022754,0.189873417721519,136.23999999999998,2016,3,2017,3,2019,6,2019,9,2021,3,2021,10,False,False,False,False,False,False,False,False,True,False,False,False,False,False,False,False,False,False,False,False,False,False,False,False,True,False,False,False,False,False,False,False,False,False,False,False,False,False,False,False,False,False,False,False,False,False,False,False,False,False,False,False,False,False,False,False,True,False,True,True,False
187.7,144.68,372,45,288.16,33.83,80.5,7,749,58,0,0.7708044752264253,0.12096774193548387,321.99,2021,10,2023,6,2023,7,2026,5,2026,8,2027,2,False,False,False,False,False,False,False,False,False,False,False,False,False,False,False,False,False,False,False,False,False,False,False,False,False,False,False,False,False,False,False,False,False,False,False,False,True,False,False,False,False,False,False,False,False,False,False,False,False,False,False,False,False,False,False,False,False,True,False,False,False
14.37,9.57,24,3,41.39,2.58,100.0,0,2193,57,0,0.6659707724425887,0.125,43.97,2016,8,2018,2,2020,2,2022,1,2023,6,2025,5,False,False,False,False,False,False,False,True,False,False,False,False,False,False,False,False,False,False,False,False,False,False,True,False,False,False,False,False,False,False,False,False,False,False,False,False,False,False,False,False,False,False,False,False,False,False,False,False,False,False,False,False,True,False,False,False,False,True,False,False,False
158.7,131.77,258,50,683.66,6.33,72.7,14,2164,58,0,0.8303087586641463,0.1937984496124031,689.99,2022,12,2023,6,2025,2,2027,10,2029,3,2031,2,False,False,False,False,True,False,False,False,False,False,False,False,False,False,False,False,False,False,False,False,True,False,False,False,False,False,False,False,False,False,False,False,False,False,False,False,False,False,False,False,False,False,False,False,False,False,False,False,False,False,False,False,False,False,False,False,False,False,False,False,False
44.64,24.78,80,15,66.4,6.11,100.0,1,1160,60,0,0.5551075268817205,0.1875,72.51,2021,1,2022,11,2023,5,2024,5,2025,3,2026,9,False,False,False,False,False,False,True,False,False,False,False,False,False,False,False,False,False,False,False,True,False,False,False,False,False,False,False,False,False,False,False,False,False,False,False,False,False,False,False,False,False,False,False,False,False,False,False,False,False,False,False,False,False,False,False,True,False,True,False,True,False
12.56,10.07,24,4,21.95,1.37,82.7,3,229,30,0,0.8017515923566879,0.16666666666666666,23.32,2017,9,2018,9,2020,8,2018,8,2019,4,2020,12,False,False,False,False,False,False,False,False,True,False,False,False,False,False,False,False,False,False,False,False,False,False,False,False,True,False,False,False,False,False,False,False,False,False,False,False,False,False,False,False,False,False,False,False,False,False,False,False,False,False,False,False,False,False,False,False,False,True,False,False,False
273.8,172.92,503,86,1225.01,51.97,100.0,11,800,62,1,0.6315558802045288,0.1709741550695825,1276.98,2025,4,2025,11,2025,11,2027,3,2027,6,2029,3,False,False,False,False,False,False,False,False,False,False,False,False,False,False,False,False,False,False,False,False,False,True,False,False,False,False,False,False,False,False,False,False,False,False,False,False,False,False,False,False,False,False,False,False,False,False,False,False,False,False,False,False,False,True,False,False,False,True,False,True,False
44.33,19.08,81,17,181.86,2.7,100.0,1,1186,65,1,0.4304083013760433,0.20987654320987653,184.56,2020,5,2021,6,2021,12,2024,1,2024,9,2025,7,False,False,False,False,False,False,False,False,False,False,False,False,False,False,False,True,False,False,False,False,False,False,False,False,False,False,False,False,False,False,False,False,False,False,False,False,False,False,False,False,False,False,False,False,False,False,False,False,False,False,False,False,False,False,False,False,True,False,True,True,False
58.94,43.69,96,10,167.0,10.65,94.9,3,197,27,0,0.7412623006447234,0.10416666666666667,177.65,2024,3,2024,7,2024,8,2027,3,2027,10,2027,12,True,False,False,False,False,False,False,False,False,False,False,False,False,False,False,False,False,False,False,False,False,False,False,False,False,False,False,False,False,False,False,False,False,False,False,False,False,False,False,False,False,False,False,False,True,False,False,False,False,False,False,False,False,False,False,False,False,True,False,False,False
22.89,10.63,37,6,77.15,1.2,100.0,0,1178,65,1,0.4643949322848406,0.16216216216216217,78.35000000000001,2017,4,2019,3,2018,4,2020,2,2021,1,2022,7,False,False,False,False,False,False,False,False,False,False,False,False,False,False,False,False,False,False,False,False,False,False,False,False,False,False,False,False,False,False,False,False,False,False,False,False,True,False,False,False,False,False,False,False,False,False,False,False,False,False,False,False,False,True,False,False,False,False,True,True,False
13.51,12.12,26,7,32.96,0.75,100.0,0,404,38,0,0.8971132494448556,0.2692307692307692,33.71,2023,11,2024,2,2027,5,2027,2,2027,5,2027,10,False,True,False,False,False,False,False,False,False,False,False,False,False,False,True,False,False,False,False,False,False,False,False,False,False,False,False,False,False,False,False,False,False,False,False,False,False,False,False,False,False,False,False,False,False,False,False,False,False,False,False,False,True,False,False,False,False,True,False,False,False
35.44,33.7,59,11,81.34,3.22,99.0,1,1822,47,0,0.9509029345372462,0.1864406779661017,84.56,2016,1,2016,3,2017,2,2021,12,2022,3,2024,1,False,False,False,False,False,False,True,False,False,False,False,False,False,False,False,False,False,False,False,False,False,False,False,False,False,False,False,False,False,False,False,False,False,False,True,False,False,False,False,False,False,False,False,False,False,False,False,False,False,False,False,False,False,False,False,False,False,False,False,False,True
145.69,130.97,274,55,355.45,32.74,100.0,8,1378,50,0,0.8989635527489875,0.20072992700729927,388.19,2020,12,2021,9,2023,11,2024,6,2025,2,2027,3,False,True,False,False,False,False,False,False,False,False,False,False,False,False,True,False,False,False,False,False,False,False,False,False,False,False,False,False,False,False,False,False,False,False,False,False,False,False,False,False,False,False,False,False,False,False,False,False,False,False,False,False,False,False,False,True,False,False,False,False,False
21.98,17.67,30,4,51.29,2.5,100.0,0,1465,52,0,0.8039126478616925,0.13333333333333333,53.79,2019,5,2021,9,2020,10,2024,10,2025,7,2025,9,False,False,False,False,False,False,True,False,False,False,False,False,False,False,False,False,False,False,False,True,False,False,False,False,False,False,False,False,False,False,False,False,False,False,False,False,False,False,False,False,False,False,False,False,False,False,False,False,False,False,False,False,False,False,False,True,False,True,False,False,False
29.17,17.6,70,9,96.25,1.59,96.2,2,791,59,0,0.6033596160438807,0.12857142857142856,97.84,2019,6,2020,4,2022,5,2022,3,2023,7,2024,3,False,False,False,False,True,False,False,False,False,False,False,False,False,False,False,False,False,True,False,False,False,False,False,False,False,False,False,False,False,False,False,False,False,False,False,False,False,False,False,False,False,False,False,False,False,False,False,False,False,False,False,False,False,False,False,True,False,True,False,True,False
128.55,122.16,224,23,260.02,10.06,100.0,5,1141,48,0,0.9502917152858809,0.10267857142857142,270.08,2018,2,2018,10,2019,3,2022,5,2022,7,2023,10,False,False,False,False,False,False,True,False,False,False,False,False,False,False,False,False,False,False,False,False,False,False,False,False,False,False,False,False,False,False,False,False,False,False,True,False,False,False,False,False,False,False,False,False,False,False,False,False,False,False,False,False,False,False,False,False,True,False,False,False,True
22.19,13.9,46,7,31.77,1.61,82.4,3,1318,62,1,0.626408292023434,0.15217391304347827,33.38,2025,10,2026,4,2026,5,2029,3,2029,5,2030,12,False,True,False,False,False,False,False,False,False,False,False,False,False,False,False,False,False,False,False,False,False,False,False,False,False,False,False,False,False,False,False,False,False,False,False,True,False,False,False,False,False,False,False,False,False,False,False,False,False,False,False,False,False,False,False,False,False,False,True,True,False
49.91,41.76,85,10,170.41,1.71,100.0,3,544,52,0,0.8367060709276698,0.11764705882352941,172.12,2018,7,2020,3,2019,2,2020,8,2020,12,2022,3,False,False,False,False,False,False,True,False,False,False,False,False,False,False,False,False,False,False,True,False,False,False,False,False,False,False,False,False,False,False,False,False,False,False,False,False,False,False,False,False,False,False,False,False,False,False,False,False,False,False,False,False,True,False,False,False,False,True,False,False,False
72.05,57.78,127,26,65.98,9.08,89.9,3,562,54,0,0.8019430950728661,0.2047244094488189,75.06,2023,10,2024,2,2026,12,2026,12,2027,2,2028,7,False,False,False,False,True,False,False,False,False,False,False,False,False,False,False,False,False,False,False,False,False,False,False,False,False,False,False,False,False,False,False,False,False,False,False,False,False,False,False,False,False,False,False,True,False,False,False,False,False,False,False,False,False,False,False,False,False,True,False,False,False
24.61,21.77,44,4,85.14,2.56,92.7,4,1711,50,0,0.884599756196668,0.09090909090909091,87.7,2020,5,2021,3,2021,4,2026,1,2026,8,2028,4,False,False,False,False,True,False,False,False,False,False,False,False,False,False,False,False,False,False,False,False,True,False,False,False,False,False,False,False,False,False,False,False,False,False,False,False,False,False,False,False,False,False,False,False,False,False,False,False,False,False,False,False,False,False,False,False,True,False,False,False,False
40.85,24.19,82,13,72.47,6.67,100.0,2,177,31,0,0.5921664626682986,0.15853658536585366,79.14,2020,5,2020,12,2022,5,2022,7,2023,1,2023,11,False,False,False,False,False,False,False,True,False,False,False,False,False,False,False,False,False,False,False,False,False,False,False,False,False,False,False,False,False,False,False,False,False,False,False,False,False,False,False,False,False,False,False,False,False,False,False,False,False,False,False,True,False,True,False,False,False,False,True,True,False
58.04,38.7,89,17,87.29,3.71,100.0,0,1433,57,0,0.6667815299793247,0.19101123595505617,91.0,2018,1,2020,6,2021,10,2024,1,2024,6,2024,10,False,False,False,False,False,False,True,False,False,False,False,False,False,False,False,False,False,False,False,False,False,False,False,False,False,False,False,False,False,False,False,False,False,False,True,False,False,False,False,False,False,False,False,False,False,False,False,False,False,False,False,False,False,False,False,False,True,False,True,False,False
20.07,11.91,28,4,44.2,2.89,85.3,1,378,47,0,0.593423019431988,0.14285714285714285,47.09,2020,9,2021,5,2024,11,2022,4,2022,11,2024,3,True,False,False,False,False,False,False,False,False,False,False,False,False,False,False,False,False,False,False,False,False,False,False,False,False,False,False,False,False,False,False,False,False,False,False,False,False,False,False,False,False,False,False,False,True,False,False,False,False,False,False,False,False,False,False,True,False,True,False,True,False
67.75,51.81,146,24,83.65,8.51,100.0,6,2086,55,0,0.7647232472324723,0.1643835616438356,92.16000000000001,2025,10,2027,1,2028,12,2031,1,2031,10,2033,4,False,False,True,False,False,False,False,False,False,False,False,False,False,False,False,False,False,False,False,False,False,False,False,False,False,False,False,False,False,False,False,False,False,False,False,False,False,False,False,False,False,False,False,False,False,False,False,False,False,True,False,False,False,True,False,False,False,True,False,False,False
17.34,9.56,32,4,38.54,2.19,100.0,2,694,61,1,0.5513264129181085,0.125,40.73,2024,11,2026,7,2028,6,2027,7,2028,7,2029,7,False,False,False,True,False,False,False,False,False,False,False,False,False,False,False,False,False,False,False,False,False,False,False,False,False,False,False,False,False,False,False,False,False,False,False,False,False,False,False,True,False,False,False,False,False,False,False,False,False,False,False,False,False,False,False,True,False,False,True,True,False
15.26,14.12,29,7,17.99,2.7,100.0,1,1372,47,0,0.9252948885976409,0.2413793103448276,20.689999999999998,2019,1,2019,5,2023,4,2024,8,2025,10,2025,12,False,False,False,False,True,False,False,False,False,False,False,False,False,False,False,False,False,False,False,False,False,False,False,False,False,False,False,False,False,False,False,False,False,False,False,False,False,False,False,False,False,False,False,True,False,False,False,False,False,False,False,False,False,False,True,False,False,False,False,False,True
6.51,4.85,9,4,16.85,0.33,100.0,0,416,45,0,0.7450076804915514,0.4444444444444444,17.18,2017,3,2018,5,2020,8,2019,2,2019,6,2021,4,False,False,False,False,False,True,False,False,False,False,True,False,False,False,False,False,False,False,False,False,False,False,False,False,False,False,False,False,False,False,False,False,False,False,False,False,False,False,False,False,False,False,False,False,False,False,False,False,False,False,False,False,False,False,False,False,True,False,True,False,False
18.11,14.82,37,6,26.29,1.71,88.5,0,1701,52,0,0.8183324130314744,0.16216216216216217,28.0,2024,8,2025,4,2028,7,2030,3,2031,8,2032,1,False,False,True,False,False,False,False,False,False,False,False,False,False,False,False,False,True,False,False,False,False,False,False,False,False,False,False,False,False,False,False,False,False,False,False,False,False,False,False,False,False,False,False,False,False,False,False,False,False,False,False,False,False,False,False,False,True,True,False,False,False
13.26,9.64,17,1,16.99,0.6,99.9,0,79,15,0,0.7269984917043741,0.058823529411764705,17.59,2017,10,2018,4,2019,10,2018,6,2019,10,2020,12,False,False,False,False,False,False,False,False,True,False,False,False,False,False,False,False,False,False,False,False,False,False,False,False,False,True,False,False,False,False,False,False,False,False,False,False,False,False,False,False,False,False,False,False,False,False,False,False,False,False,False,False,True,False,False,False,False,True,False,False,False
20.07,18.31,34,2,59.06,3.29,100.0,0,1126,50,0,0.9123069257598405,0.058823529411764705,62.35,2020,2,2020,12,2023,10,2024,8,2025,1,2026,4,False,False,False,False,False,False,True,False,False,False,False,False,False,False,False,False,False,False,False,False,False,False,False,False,False,False,False,False,False,False,False,False,False,False,True,False,False,False,False,False,False,False,False,False,False,False,False,False,False,False,False,False,False,False,False,False,False,True,False,False,True
55.26,17.27,105,22,172.05,3.12,86.8,2,1107,70,1,0.31252262034020994,0.20952380952380953,175.17000000000002,2023,6,2024,12,2027,1,2026,1,2027,1,2028,10,False,True,False,False,False,False,False,False,False,False,False,False,False,False,True,False,False,False,False,False,False,False,False,False,False,False,False,False,False,False,False,False,False,False,False,False,False,False,False,False,False,False,False,False,False,False,False,False,False,False,False,False,False,True,False,False,False,False,True,True,False
5.34,2.55,11,2,4.38,0.76,92.8,0,460,58,0,0.47752808988764045,0.18181818181818182,5.14,2017,6,2017,12,2020,5,2020,2,2021,1,2021,9,False,False,False,True,False,False,False,False,False,False,False,False,False,False,False,False,False,False,False,False,False,False,False,False,False,False,False,False,False,False,False,False,False,False,False,False,False,False,True,False,False,False,False,False,False,False,False,False,False,False,False,False,False,True,False,False,False,False,True,True,False
4.16,3.75,6,2,9.3,0.57,100.0,0,2047,49,0,0.9014423076923077,0.3333333333333333,9.870000000000001,2019,1,2019,9,2020,9,2024,10,2026,5,2027,2,False,False,False,False,False,True,False,False,False,False,True,False,False,False,False,False,False,False,False,False,False,False,False,False,False,False,False,False,False,False,False,False,False,False,False,False,False,False,False,False,False,False,False,False,False,False,False,False,False,False,False,False,True,False,False,False,False,True,False,False,True
14.17,11.64,28,6,15.42,1.98,100.0,3,523,51,0,0.821453775582216,0.21428571428571427,17.4,2024,2,2024,9,2026,9,2025,9,2026,2,2027,8,False,False,True,False,False,False,False,False,False,False,False,False,False,False,False,False,False,False,False,False,False,False,False,False,False,False,True,False,False,False,False,False,False,False,False,False,False,False,False,False,False,False,False,False,False,False,False,False,False,False,False,False,True,False,False,False,False,True,False,False,False
47.52,43.99,87,20,167.89,6.17,100.0,1,2201,47,0,0.9257154882154882,0.22988505747126436,174.05999999999997,2021,10,2023,11,2024,4,2027,11,2029,2,2029,9,False,False,False,False,False,False,True,False,False,False,False,False,False,False,False,False,False,False,False,True,False,False,False,False,False,False,False,False,False,False,False,False,False,False,False,False,False,False,False,False,False,False,False,False,False,False,False,False,False,False,False,False,False,False,False,False,False,False,False,False,True
40.0,31.82,64,15,132.87,1.69,99.6,2,545,53,0,0.7955,0.234375,134.56,2020,2,2020,6,2022,8,2021,8,2022,3,2023,7,False,False,False,False,False,False,False,True,False,False,False,False,False,False,False,False,False,False,False,False,False,False,False,False,False,False,False,False,False,False,False,False,False,False,False,False,False,False,False,False,False,False,False,False,False,False,False,False,False,False,False,False,False,False,False,True,False,True,False,False,False
13.94,10.74,19,5,13.72,1.87,100.0,0,1329,52,0,0.7704447632711622,0.2631578947368421,15.59,2025,1,2026,8,2027,7,2029,9,2030,7,2030,11,False,False,False,False,False,False,False,False,True,False,False,False,False,False,False,False,False,False,False,False,False,False,False,False,True,False,False,False,False,False,False,False,False,False,False,False,False,False,False,False,False,False,False,False,False,False,False,False,False,False,False,False,False,False,False,False,False,True,False,False,False
96.49,74.36,170,26,413.23,13.67,96.4,5,1125,55,0,0.7706498082702871,0.15294117647058825,426.90000000000003,2020,1,2022,1,2022,5,2023,3,2024,8,2026,1,False,False,False,True,False,False,False,False,False,False,False,False,False,False,False,False,False,False,False,False,False,False,False,False,False,False,False,False,False,False,False,False,False,False,False,False,False,False,False,False,False,False,False,False,False,False,False,False,True,False,False,False,False,False,False,False,True,True,False,False,False
15.51,10.97,35,6,67.5,3.04,100.0,2,1690,56,0,0.7072856221792393,0.17142857142857143,70.54,2020,10,2021,4,2024,10,2026,9,2027,2,2027,7,True,False,False,False,False,False,False,False,False,True,False,False,False,False,False,False,False,False,False,False,False,False,False,False,False,False,False,False,False,False,False,False,False,False,False,False,False,False,False,False,False,False,False,False,False,False,False,False,False,False,False,False,False,False,False,True,False,True,False,False,False
47.58,31.99,81,14,96.98,7.82,100.0,2,78,20,0,0.6723413198823035,0.1728395061728395,104.80000000000001,2020,11,2021,12,2021,12,2021,12,2023,4,2023,11,False,False,False,False,False,False,False,True,False,False,False,False,False,False,False,False,False,False,False,False,False,False,False,False,False,False,False,False,False,False,False,False,False,False,False,False,False,False,False,False,False,False,False,False,False,False,False,False,False,False,False,False,False,False,True,False,False,False,True,False,False
20.85,15.25,34,7,26.76,2.59,100.0,3,775,54,0,0.7314148681055156,0.20588235294117646,29.35,2022,6,2024,6,2023,1,2025,12,2027,7,2027,9,False,False,False,False,False,True,False,False,False,False,False,False,False,False,False,False,False,False,False,False,False,False,False,False,False,False,False,False,False,True,False,False,False,False,False,False,False,False,False,False,False,False,False,False,False,False,False,False,False,False,False,False,False,False,False,False,False,True,False,False,False
12.57,9.03,20,2,15.37,1.42,100.0,0,350,38,0,0.7183770883054892,0.1,16.79,2019,9,2020,3,2022,2,2021,3,2022,2,2023,11,False,False,False,True,False,False,False,False,False,False,False,False,False,False,False,False,False,False,False,False,False,False,False,False,False,False,False,False,False,False,False,False,False,False,False,False,False,False,False,False,False,False,False,False,False,False,False,False,True,False,False,False,True,False,False,False,False,True,False,False,False
16.36,9.15,34,7,63.98,2.93,100.0,1,2848,60,0,0.5592909535452323,0.20588235294117646,66.91,2022,3,2022,9,2026,7,2028,7,2030,2,2032,1,False,False,False,False,False,False,False,True,False,False,False,False,False,False,False,False,False,False,False,False,False,False,False,False,False,False,False,False,False,False,False,False,False,False,False,False,False,False,False,False,False,False,False,False,False,False,False,False,False,False,False,False,False,False,False,True,False,True,False,True,False
62.43,52.09,106,19,156.01,11.66,87.1,0,364,38,0,0.8343744994393721,0.1792452830188679,167.67,2019,10,2022,2,2022,12,2022,6,2022,8,2023,12,False,False,False,False,False,False,False,False,True,False,False,False,False,True,False,False,False,False,False,False,False,False,False,False,False,False,False,False,False,False,False,False,False,False,False,False,False,False,False,False,False,False,False,False,False,False,False,False,False,False,False,False,False,False,False,False,False,True,False,False,False
42.99,33.42,87,17,35.9,7.29,100.0,3,1169,52,0,0.7773900907187719,0.19540229885057472,43.19,2019,5,2021,9,2023,1,2022,8,2023,9,2025,8,True,False,False,False,False,False,False,False,False,False,False,False,False,False,False,False,False,False,False,False,False,False,False,False,False,False,False,False,False,False,False,False,False,False,False,False,False,False,False,False,False,False,False,False,True,False,False,False,False,False,False,False,False,True,False,False,False,True,False,False,False
78.89,44.32,121,19,333.22,11.96,100.0,5,209,33,0,0.5617949042971225,0.15702479338842976,345.18,2016,2,2016,11,2017,9,2017,10,2018,10,2018,12,False,False,False,False,False,False,False,True,False,False,False,False,False,False,False,False,False,False,False,False,False,False,False,False,False,False,False,False,False,False,False,False,False,False,False,False,False,False,False,False,False,True,False,False,False,False,False,False,False,False,False,False,False,False,True,False,False,True,False,True,False
42.99,34.24,81,14,128.67,5.51,100.0,3,1233,51,0,0.7964642940218656,0.1728395061728395,134.17999999999998,2020,12,2022,11,2023,6,2025,7,2026,2,2027,6,False,False,False,False,False,False,False,False,False,False,False,False,False,False,False,False,False,False,False,False,False,True,False,False,False,False,False,False,False,False,False,False,False,False,False,False,False,False,False,False,False,False,False,False,False,False,False,False,False,False,False,False,False,False,False,False,True,False,False,False,False
5.98,4.65,13,1,20.06,1.03,100.0,0,1015,51,0,0.7775919732441472,0.07692307692307693,21.09,2022,11,2024,9,2026,10,2026,8,2027,4,2027,8,True,False,False,False,False,False,False,False,False,False,False,False,False,False,False,False,False,False,False,False,False,False,False,False,False,False,False,False,False,False,False,False,False,False,False,False,False,False,False,False,False,False,False,False,False,False,False,True,False,False,False,False,False,True,False,False,False,True,False,False,False
248.24,137.8,484,101,955.02,18.4,100.0,13,0,19,0,0.5551079600386722,0.20867768595041322,973.42,2021,12,2024,5,2023,8,2023,1,2023,6,2023,7,False,False,False,False,False,True,False,False,False,False,False,False,False,False,False,False,False,False,False,False,False,False,False,False,False,False,False,False,False,False,False,False,True,False,False,False,False,False,False,False,False,False,False,False,False,False,False,False,False,False,False,False,False,True,False,False,False,True,False,True,False
43.6,34.06,85,13,166.93,5.85,92.5,2,1266,56,0,0.7811926605504588,0.15294117647058825,172.78,2021,10,2023,1,2025,4,2026,3,2026,8,2027,8,False,False,False,False,False,False,False,False,True,False,False,False,False,False,False,False,False,False,False,False,False,False,False,False,False,False,False,False,False,False,False,True,False,False,False,False,False,False,False,False,False,False,False,False,False,False,False,False,False,False,False,False,False,False,True,False,False,True,False,False,False
50.13,26.22,92,10,54.16,3.21,100.0,3,1701,63,1,0.5230400957510473,0.10869565217391304,57.37,2025,2,2026,2,2027,9,2029,1,2029,12,2032,2,False,False,False,False,False,False,True,False,False,False,False,False,False,False,False,False,False,False,False,False,False,False,False,False,False,False,False,False,False,False,False,False,False,False,False,False,False,False,False,False,False,False,False,False,False,True,False,False,False,False,False,False,False,False,False,False,True,False,True,True,False
20.56,13.32,35,7,60.11,2.33,100.0,0,2229,57,0,0.6478599221789884,0.2,62.44,2020,10,2021,11,2022,10,2026,12,2027,4,2029,4,False,True,False,False,False,False,False,False,False,False,False,False,False,False,False,False,False,False,False,False,False,False,False,False,False,False,False,False,False,False,False,False,False,False,False,False,False,True,False,False,False,False,False,False,False,False,False,False,False,False,False,False,True,False,False,False,False,True,False,True,False
91.21,77.35,153,24,307.93,4.05,100.0,3,1719,53,0,0.8480429777436684,0.1568627450980392,311.98,2017,5,2018,3,2020,6,2020,11,2021,11,2023,9,False,True,False,False,False,False,False,False,False,False,False,False,False,False,False,False,False,False,False,False,False,False,False,False,False,False,False,False,False,False,False,False,False,False,False,False,False,True,False,False,False,False,False,False,False,False,False,False,False,False,False,False,False,False,False,True,False,True,False,False,False
10.04,6.4,13,6,11.21,1.01,73.5,0,1428,61,1,0.6374501992031874,0.46153846153846156,12.22,2017,9,2019,4,2021,3,2023,6,2023,12,2024,7,False,True,False,False,False,False,False,False,False,False,False,False,False,False,False,False,False,False,False,False,False,False,False,False,False,False,False,False,False,False,False,False,False,False,False,True,False,False,False,False,False,False,False,False,False,False,False,False,False,False,False,False,False,False,False,False,True,True,False,True,False
55.14,33.43,106,19,89.49,5.16,86.5,0,1719,60,0,0.6062749365252086,0.1792452830188679,94.64999999999999,2023,11,2024,5,2025,9,2029,1,2029,2,2031,4,False,False,False,True,False,False,False,False,False,False,False,False,False,False,False,False,False,False,False,False,False,False,False,False,False,False,False,False,False,False,False,False,False,False,False,False,False,False,True,False,False,False,False,False,False,False,False,False,False,False,False,False,False,False,False,False,False,False,True,True,False
3.74,2.15,10,1,8.47,1.04,100.0,0,1536,59,0,0.5748663101604278,0.1,9.510000000000002,2017,8,2020,1,2021,8,2022,1,2022,11,2023,7,False,False,False,False,False,True,False,False,False,False,False,True,False,False,False,False,False,False,False,False,False,False,False,False,False,False,False,False,False,False,False,False,False,False,False,False,False,False,False,False,False,False,False,False,False,False,False,False,False,False,False,False,False,True,False,False,False,True,False,True,False
58.98,42.76,113,22,240.65,6.51,97.4,3,2114,55,0,0.724991522550017,0.19469026548672566,247.16,2023,9,2026,1,2025,5,2030,3,2030,6,2032,4,False,False,False,False,False,False,False,False,True,False,False,False,False,False,False,False,False,False,False,False,False,False,False,False,False,True,False,False,False,False,False,False,False,False,False,False,False,False,False,False,False,False,False,False,False,False,False,False,False,False,False,False,False,False,False,False,False,True,False,False,False
10.18,7.61,12,1,40.18,1.34,100.0,0,1676,52,0,0.7475442043222005,0.08333333333333333,41.52,2023,6,2025,2,2026,2,2029,11,2030,2,2030,9,True,False,False,False,False,False,False,False,False,True,False,False,False,False,False,False,False,False,False,False,False,False,False,False,False,False,False,False,False,False,False,False,False,False,False,False,False,False,False,False,False,False,False,False,False,False,False,False,False,False,False,False,True,False,False,False,False,True,False,False,False
39.53,25.7,79,17,146.02,5.32,93.4,1,408,46,0,0.6501391348343031,0.21518987341772153,151.34,2016,6,2017,12,2017,10,2017,2,2017,7,2019,8,False,False,False,True,False,False,False,False,False,False,False,False,True,False,False,False,False,False,False,False,False,False,False,False,False,False,False,False,False,False,False,False,False,False,False,False,False,False,False,False,False,False,False,False,False,False,False,False,False,False,False,False,False,False,False,False,False,True,False,False,False
116.44,79.17,209,35,519.79,21.92,100.0,12,732,60,0,0.6799209893507386,0.1674641148325359,541.7099999999999,2023,10,2024,7,2024,9,2027,1,2027,7,2028,3,False,False,False,False,False,True,False,False,False,False,False,False,False,False,False,False,False,False,False,False,False,False,False,False,False,False,False,False,False,False,False,False,True,False,False,False,False,False,False,False,False,False,False,False,False,False,False,False,False,False,False,False,False,False,False,False,True,True,False,False,False
