Project_ID,State,District,Project_Type,Land_Required_Hectare,Land_Acquired_Hectare,Affected_Families,Displaced_Families,Sanction_Date,3A_Notification_Date,3D_Notification_Date,Award_Date,Payment_Date,Possession_Date,Compensation_Amount_Crore,RR_Amount_Crore,Compensation_Status,R&R_Progress_Percent,Legal_Disputes_Count,Possession_Status,Historical_Delay_Days,Risk_Score_0_100,Delay_Label,Data_Basis
BHNV-00001,West Bengal,Hooghly,Irrigation,169.36,107.95,304,50,2019-05-03,2019-08-29,2021-08-24,2021-05-14,2022-12-12,2023-08-14,207.8,13.46,Partially paid,97.7,4,Pending,736,58,0,Synthetic prototype; fields modeled on public government land-acquisition systems
BHNV-00002,Madhya Pradesh,Ujjain,Urban Development,60.51,57.81,94,15,2021-04-29,2023-02-26,2022-06-10,2024-05-18,2025-12-25,2028-02-17,124.42,6.28,Mostly paid,93.8,4,Substantially complete,1745,49,0,Synthetic prototype; fields modeled on public government land-acquisition systems
BHNV-00003,Odisha,Sambalpur,Urban Development,84.41,33.67,164,26,2018-11-25,2019-12-18,2020-09-27,2024-05-18,2026-01-06,2026-05-28,214.35,10.61,Pending,100.0,4,Pending,2240,68,1,Synthetic prototype; fields modeled on public government land-acquisition systems
BHNV-00004,Gujarat,Ahmedabad,Railway,68.02,46.03,129,24,2018-07-05,2019-05-16,2022-03-08,2019-04-12,2020-02-27,2022-03-18,223.83,11.34,Partially paid,100.0,1,Partial possession,602,57,0,Synthetic prototype; fields modeled on public government land-acquisition systems
BHNV-00005,West Bengal,Kolkata,Irrigation,29.96,23.3,48,8,2022-03-02,2023-01-22,2024-08-15,2025-06-07,2025-08-22,2027-08-02,53.02,5.04,Partially paid,86.7,1,Partial possession,1438,56,0,Synthetic prototype; fields modeled on public government land-acquisition systems
BHNV-00006,Tamil Nadu,Madurai,National Highway,88.53,50.36,158,35,2020-08-01,2021-05-17,2023-08-06,2024-05-11,2025-03-26,2026-08-19,364.77,10.93,Pending,91.7,2,Pending,1284,61,1,Synthetic prototype; fields modeled on public government land-acquisition systems
BHNV-00007,Rajasthan,Ajmer,Renewable Energy,63.12,23.25,127,28,2018-02-14,2020-07-13,2020-06-23,2019-02-14,2019-08-26,2020-06-15,163.72,8.78,Pending,95.4,3,Pending,272,45,0,Synthetic prototype; fields modeled on public government land-acquisition systems
BHNV-00008,West Bengal,Hooghly,Industrial Corridor,126.4,76.31,239,36,2018-12-16,2020-05-03,2020-01-12,2025-03-05,2026-09-10,2028-03-18,290.61,19.32,Partially paid,100.0,3,Pending,2393,58,0,Synthetic prototype; fields modeled on public government land-acquisition systems
BHNV-00009,Odisha,Sambalpur,Railway,18.92,17.47,32,5,2019-02-07,2021-04-02,2020-06-30,2021-11-09,2023-02-10,2024-08-07,56.72,3.02,Mostly paid,100.0,0,Substantially complete,1247,48,0,Synthetic prototype; fields modeled on public government land-acquisition systems
BHNV-00010,Gujarat,Rajkot,Industrial Corridor,5.27,3.5,9,1,2017-11-16,2019-08-30,2018-09-09,2019-05-01,2020-10-15,2021-03-09,7.48,0.36,Partially paid,100.0,0,Partial possession,315,38,0,Synthetic prototype; fields modeled on public government land-acquisition systems
BHNV-00011,Madhya Pradesh,Indore,National Highway,85.22,76.39,156,29,2025-10-07,2027-04-25,2026-04-04,2030-08-27,2032-04-09,2033-07-28,101.78,18.13,Mostly paid,100.0,6,Partial possession,2104,50,0,Synthetic prototype; fields modeled on public government land-acquisition systems
BHNV-00012,Odisha,Cuttack,National Highway,42.51,19.81,83,18,2023-07-28,2025-03-10,2027-09-13,2028-04-26,2028-06-15,2029-03-25,88.51,2.42,Pending,90.4,1,Pending,1238,64,1,Synthetic prototype; fields modeled on public government land-acquisition systems
BHNV-00013,Odisha,Cuttack,Urban Development,22.29,19.25,42,6,2016-08-12,2016-10-17,2017-04-05,2021-08-02,2022-12-07,2024-08-30,21.13,0.94,Partially paid,91.4,0,Partial possession,1893,52,0,Synthetic prototype; fields modeled on public government land-acquisition systems
BHNV-00014,Rajasthan,Alwar,National Highway,23.57,11.23,50,7,2025-06-19,2026-01-15,2026-04-27,2026-07-04,2026-09-29,2028-08-12,51.78,2.79,Pending,94.3,1,Pending,36,22,0,Synthetic prototype; fields modeled on public government land-acquisition systems
BHNV-00015,Bihar,Gaya,Industrial Corridor,385.56,229.29,689,138,2016-03-04,2018-05-07,2018-02-20,2020-04-28,2020-06-11,2022-01-17,1266.37,62.11,Pending,76.5,22,Pending,1548,71,1,Synthetic prototype; fields modeled on public government land-acquisition systems
BHNV-00016,Gujarat,Rajkot,Irrigation,15.77,10.31,26,6,2020-11-22,2021-01-15,2023-10-17,2026-12-17,2027-10-30,2029-07-09,60.0,3.06,Partially paid,100.0,0,Partial possession,2507,56,0,Synthetic prototype; fields modeled on public government land-acquisition systems
BHNV-00017,Maharashtra,Aurangabad,Irrigation,12.76,8.63,16,3,2024-03-14,2025-03-27,2027-11-04,2027-10-11,2028-10-06,2029-07-07,37.58,1.81,Partially paid,100.0,0,Partial possession,1315,55,0,Synthetic prototype; fields modeled on public government land-acquisition systems
BHNV-00018,Odisha,Bhubaneswar,Urban Development,32.63,21.86,45,8,2018-08-18,2020-06-14,2022-01-25,2023-07-12,2024-12-18,2025-02-21,109.57,4.0,Pending,99.1,0,Partial possession,1576,57,0,Synthetic prototype; fields modeled on public government land-acquisition systems
BHNV-00019,Bihar,Bhagalpur,Renewable Energy,97.56,49.35,155,25,2019-10-07,2021-05-01,2020-06-28,2026-03-01,2027-08-14,2028-01-08,378.78,9.87,Pending,100.0,5,Pending,1937,64,1,Synthetic prototype; fields modeled on public government land-acquisition systems
BHNV-00020,Maharashtra,Nagpur,Industrial Corridor,292.48,166.14,510,105,2025-09-04,2027-10-22,2027-02-15,2030-12-25,2031-03-14,2033-02-04,1070.65,40.59,Partially paid,85.8,11,Pending,1832,65,1,Synthetic prototype; fields modeled on public government land-acquisition systems
BHNV-00021,Gujarat,Ahmedabad,Industrial Corridor,57.82,50.38,118,26,2022-06-25,2023-03-08,2026-01-18,2024-05-12,2025-08-22,2025-09-10,114.71,13.79,Mostly paid,100.0,4,Partial possession,527,49,0,Synthetic prototype; fields modeled on public government land-acquisition systems
BHNV-00022,Uttar Pradesh,Lucknow,National Highway,8.41,5.63,12,3,2016-12-22,2018-01-03,2017-07-30,2019-03-13,2020-09-06,2022-06-30,24.57,0.56,Partially paid,84.4,0,Partial possession,1436,58,0,Synthetic prototype; fields modeled on public government land-acquisition systems
BHNV-00023,Tamil Nadu,Madurai,Industrial Corridor,215.05,160.52,404,64,2016-04-02,2016-06-08,2019-10-21,2019-11-05,2020-11-22,2022-12-14,382.78,27.4,Partially paid,100.0,18,Partial possession,1706,61,1,Synthetic prototype; fields modeled on public government land-acquisition systems
BHNV-00024,Bihar,Gaya,Railway,29.39,17.69,54,11,2023-07-05,2024-08-20,2024-09-07,2027-11-18,2028-01-08,2029-06-07,86.18,4.82,Partially paid,74.4,0,Pending,1088,61,1,Synthetic prototype; fields modeled on public government land-acquisition systems
BHNV-00025,Karnataka,Bengaluru Urban,Renewable Energy,12.97,8.51,24,1,2019-08-16,2021-04-06,2022-11-19,2024-02-27,2025-03-28,2025-10-12,30.82,0.5,Pending,74.1,3,Partial possession,1167,62,1,Synthetic prototype; fields modeled on public government land-acquisition systems
BHNV-00026,Uttar Pradesh,Prayagraj,National Highway,10.18,6.95,15,1,2020-02-26,2020-11-17,2023-08-10,2026-09-15,2027-05-06,2028-07-02,22.19,0.87,Partially paid,100.0,0,Partial possession,2002,56,0,Synthetic prototype; fields modeled on public government land-acquisition systems
BHNV-00027,Tamil Nadu,Chennai,Railway,69.15,58.97,131,25,2020-08-04,2021-03-02,2024-07-05,2024-10-19,2025-07-06,2025-10-19,102.29,10.06,Mostly paid,84.7,3,Partial possession,1336,52,0,Synthetic prototype; fields modeled on public government land-acquisition systems
BHNV-00028,Rajasthan,Jaipur,Urban Development,38.05,34.32,68,13,2019-11-13,2020-04-04,2023-11-05,2021-04-22,2022-11-07,2024-01-31,109.53,7.49,Mostly paid,100.0,3,Substantially complete,446,41,0,Synthetic prototype; fields modeled on public government land-acquisition systems
BHNV-00029,West Bengal,Bardhaman,Irrigation,42.31,29.01,75,16,2020-06-22,2021-05-23,2024-03-14,2022-02-13,2022-11-05,2023-05-27,148.02,8.94,Partially paid,86.3,3,Partial possession,0,13,0,Synthetic prototype; fields modeled on public government land-acquisition systems
BHNV-00030,Madhya Pradesh,Indore,Urban Development,108.47,84.98,201,34,2022-10-17,2023-03-27,2026-01-28,2024-09-03,2026-04-05,2027-08-12,316.05,15.2,Partially paid,99.6,5,Partial possession,786,53,0,Synthetic prototype; fields modeled on public government land-acquisition systems
BHNV-00031,Karnataka,Bengaluru Urban,Irrigation,13.43,9.26,25,1,2019-01-30,2020-02-11,2022-07-27,2025-06-01,2026-05-27,2027-06-28,14.18,2.86,Partially paid,100.0,0,Partial possession,1993,55,0,Synthetic prototype; fields modeled on public government land-acquisition systems
BHNV-00032,Rajasthan,Ajmer,Urban Development,117.47,47.51,224,42,2018-04-20,2018-11-15,2020-04-08,2024-09-11,2026-01-10,2026-12-12,495.72,6.7,Pending,100.0,6,Pending,2049,69,1,Synthetic prototype; fields modeled on public government land-acquisition systems
BHNV-00033,Gujarat,Surat,Industrial Corridor,17.83,12.25,32,5,2019-11-02,2021-01-19,2023-10-11,2023-07-22,2025-02-16,2026-05-19,14.63,2.88,Partially paid,100.0,1,Partial possession,1458,56,0,Synthetic prototype; fields modeled on public government land-acquisition systems
BHNV-00034,Rajasthan,Alwar,Railway,260.87,194.32,418,75,2020-05-25,2022-02-03,2020-10-08,2024-03-27,2024-08-10,2025-12-27,1062.97,25.1,Partially paid,93.2,7,Partial possession,1241,56,0,Synthetic prototype; fields modeled on public government land-acquisition systems
BHNV-00035,West Bengal,Bardhaman,Irrigation,54.53,32.65,95,18,2025-05-02,2027-06-02,2028-03-30,2026-02-04,2027-01-10,2027-06-06,198.19,9.03,Pending,82.5,3,Pending,0,19,0,Synthetic prototype; fields modeled on public government land-acquisition systems
BHNV-00036,Gujarat,Vadodara,National Highway,11.94,6.65,31,10,2024-05-29,2026-04-12,2026-12-29,2029-05-23,2030-11-16,2032-10-14,13.82,3.31,Partially paid,99.6,0,Pending,1986,59,0,Synthetic prototype; fields modeled on public government land-acquisition systems
BHNV-00037,Karnataka,Mysuru,Railway,3.95,3.45,9,2,2018-06-16,2019-08-04,2021-11-16,2023-04-07,2023-08-20,2024-11-02,6.62,0.23,Mostly paid,88.0,0,Partial possession,1754,50,0,Synthetic prototype; fields modeled on public government land-acquisition systems
BHNV-00038,West Bengal,Howrah,National Highway,67.28,38.36,139,25,2024-01-10,2025-07-04,2026-06-24,2025-08-09,2026-01-09,2026-09-30,140.69,15.78,Pending,100.0,5,Pending,465,56,0,Synthetic prototype; fields modeled on public government land-acquisition systems
BHNV-00039,Maharashtra,Thane,Railway,20.61,11.14,47,7,2023-09-26,2023-12-07,2024-10-15,2024-09-24,2025-01-03,2025-03-19,85.9,1.26,Pending,100.0,2,Pending,0,17,0,Synthetic prototype; fields modeled on public government land-acquisition systems
BHNV-00040,Madhya Pradesh,Ujjain,Railway,25.65,22.25,40,6,2017-05-06,2018-09-27,2021-01-28,2022-03-04,2022-07-26,2024-02-22,113.52,3.81,Partially paid,86.9,1,Partial possession,1869,51,0,Synthetic prototype; fields modeled on public government land-acquisition systems
BHNV-00041,Karnataka,Mysuru,Urban Development,64.47,46.82,114,13,2024-07-28,2024-12-22,2027-04-10,2027-03-03,2027-11-24,2029-02-02,72.37,3.07,Partially paid,100.0,2,Partial possession,819,56,0,Synthetic prototype; fields modeled on public government land-acquisition systems
BHNV-00042,Maharashtra,Nagpur,Irrigation,82.3,61.01,174,33,2023-10-31,2025-06-22,2024-09-14,2029-02-01,2030-02-10,2031-06-15,186.71,18.47,Partially paid,97.8,4,Partial possession,1780,56,0,Synthetic prototype; fields modeled on public government land-acquisition systems
BHNV-00043,Tamil Nadu,Coimbatore,Irrigation,101.87,90.47,181,35,2020-03-12,2020-06-10,2023-04-16,2025-10-17,2027-01-04,2027-08-29,137.76,7.33,Mostly paid,100.0,4,Partial possession,2073,49,0,Synthetic prototype; fields modeled on public government land-acquisition systems
BHNV-00044,Karnataka,Mysuru,Railway,9.25,6.88,16,4,2022-09-05,2024-04-09,2023-07-17,2023-08-25,2023-10-25,2025-01-19,16.93,1.01,Mostly paid,83.2,1,Partial possession,0,9,0,Synthetic prototype; fields modeled on public government land-acquisition systems
BHNV-00045,Tamil Nadu,Coimbatore,Industrial Corridor,124.7,106.82,238,42,2021-05-31,2023-08-24,2023-07-20,2025-02-05,2026-07-05,2028-06-02,552.42,26.96,Mostly paid,100.0,8,Partial possession,1691,52,0,Synthetic prototype; fields modeled on public government land-acquisition systems
BHNV-00046,Gujarat,Surat,Industrial Corridor,16.79,10.01,28,6,2024-09-25,2025-04-30,2025-10-22,2028-03-11,2029-05-24,2030-06-26,74.59,2.78,Pending,93.3,1,Pending,941,61,1,Synthetic prototype; fields modeled on public government land-acquisition systems
BHNV-00047,Maharashtra,Thane,National Highway,3.14,1.66,7,0,2020-12-03,2022-03-30,2021-04-24,2025-03-05,2026-03-29,2027-02-25,8.0,0.69,Pending,88.9,0,Pending,1418,62,1,Synthetic prototype; fields modeled on public government land-acquisition systems
BHNV-00048,Madhya Pradesh,Indore,National Highway,9.22,6.01,13,3,2020-02-03,2022-06-28,2024-01-03,2024-08-23,2024-12-26,2025-08-22,13.62,1.25,Partially paid,100.0,0,Partial possession,1226,57,0,Synthetic prototype; fields modeled on public government land-acquisition systems
BHNV-00049,West Bengal,Hooghly,Urban Development,37.26,30.92,68,15,2019-09-13,2020-04-16,2023-01-11,2024-05-25,2025-01-21,2026-04-03,105.22,5.23,Partially paid,100.0,1,Partial possession,1224,51,0,Synthetic prototype; fields modeled on public government land-acquisition systems
BHNV-00050,Odisha,Bhubaneswar,Railway,11.26,10.58,22,5,2021-08-30,2023-01-05,2025-06-22,2023-02-08,2023-04-02,2023-10-24,22.37,2.53,Mostly paid,100.0,0,Substantially complete,0,1,0,Synthetic prototype; fields modeled on public government land-acquisition systems
BHNV-00051,Rajasthan,Kota,National Highway,27.44,15.36,48,13,2019-01-25,2021-03-04,2021-03-27,2023-10-17,2024-03-14,2026-05-14,116.25,4.95,Pending,87.1,3,Pending,1860,62,1,Synthetic prototype; fields modeled on public government land-acquisition systems
BHNV-00052,Uttar Pradesh,Varanasi,National Highway,42.02,27.9,74,15,2021-01-12,2021-07-24,2024-09-11,2023-09-27,2024-08-01,2026-09-10,160.83,4.74,Partially paid,91.4,1,Partial possession,889,58,0,Synthetic prototype; fields modeled on public government land-acquisition systems
BHNV-00053,Madhya Pradesh,Jabalpur,Renewable Energy,24.99,15.2,46,10,2023-01-04,2024-04-01,2025-11-27,2027-03-02,2027-04-19,2027-07-21,48.55,4.34,Partially paid,100.0,2,Pending,1097,58,0,Synthetic prototype; fields modeled on public government land-acquisition systems
BHNV-00054,Maharashtra,Thane,Railway,18.28,18.03,34,5,2024-02-03,2026-05-10,2024-09-03,2026-03-05,2027-05-21,2028-06-03,15.86,4.07,Mostly paid,100.0,0,Substantially complete,807,45,0,Synthetic prototype; fields modeled on public government land-acquisition systems
BHNV-00055,Odisha,Cuttack,Urban Development,8.58,4.11,15,5,2023-07-25,2023-12-03,2027-02-22,2025-07-06,2025-09-26,2025-11-01,38.55,1.61,Pending,87.5,0,Pending,0,20,0,Synthetic prototype; fields modeled on public government land-acquisition systems
BHNV-00056,Madhya Pradesh,Jabalpur,National Highway,30.63,13.8,46,6,2024-03-10,2024-12-31,2026-12-25,2026-02-23,2026-09-24,2028-04-08,101.95,0.93,Pending,98.8,4,Pending,456,58,0,Synthetic prototype; fields modeled on public government land-acquisition systems
BHNV-00057,Maharashtra,Aurangabad,Urban Development,3.8,3.54,9,3,2020-07-21,2022-05-17,2023-12-21,2025-04-25,2026-11-20,2027-10-30,9.03,0.84,Partially paid,100.0,0,Substantially complete,1771,48,0,Synthetic prototype; fields modeled on public government land-acquisition systems
BHNV-00058,Bihar,Patna,Irrigation,15.09,9.45,30,4,2022-07-25,2023-01-23,2025-12-04,2026-05-10,2027-02-07,2027-07-27,28.18,3.29,Pending,100.0,0,Pending,871,58,0,Synthetic prototype; fields modeled on public government land-acquisition systems
BHNV-00059,Bihar,Patna,Urban Development,11.85,8.52,23,2,2024-10-08,2026-01-09,2025-09-09,2027-02-21,2027-07-22,2027-09-30,9.67,1.21,Partially paid,94.7,0,Partial possession,180,24,0,Synthetic prototype; fields modeled on public government land-acquisition systems
BHNV-00060,Tamil Nadu,Madurai,Industrial Corridor,23.59,12.2,48,11,2017-06-29,2019-06-19,2019-07-21,2022-04-14,2023-05-14,2024-01-31,32.31,5.65,Pending,100.0,1,Pending,1522,61,1,Synthetic prototype; fields modeled on public government land-acquisition systems
BHNV-00061,Madhya Pradesh,Bhopal,Industrial Corridor,24.21,13.99,56,3,2017-08-21,2018-11-20,2018-05-05,2022-06-23,2023-12-13,2024-09-13,19.89,3.37,Pending,77.2,1,Pending,1691,62,1,Synthetic prototype; fields modeled on public government land-acquisition systems
BHNV-00062,Bihar,Muzaffarpur,Urban Development,78.25,65.01,148,31,2021-09-10,2023-05-10,2026-01-24,2026-03-16,2026-11-23,2029-01-17,235.62,9.19,Partially paid,100.0,3,Partial possession,1958,53,0,Synthetic prototype; fields modeled on public government land-acquisition systems
BHNV-00063,Maharashtra,Nashik,Industrial Corridor,145.98,99.51,311,52,2021-08-06,2023-05-08,2024-05-09,2024-10-15,2025-08-09,2026-11-01,475.07,11.22,Partially paid,96.0,8,Partial possession,1187,59,0,Synthetic prototype; fields modeled on public government land-acquisition systems
BHNV-00064,Tamil Nadu,Coimbatore,Irrigation,9.8,3.69,18,4,2016-09-15,2018-04-03,2019-08-11,2022-09-04,2023-12-20,2025-06-13,35.64,0.53,Pending,98.1,0,Pending,2367,65,1,Synthetic prototype; fields modeled on public government land-acquisition systems
BHNV-00065,Maharashtra,Pune,Railway,219.83,187.22,385,60,2017-04-20,2018-04-17,2021-02-15,2022-03-23,2022-08-19,2023-12-24,327.96,28.36,Partially paid,100.0,7,Partial possession,1605,53,0,Synthetic prototype; fields modeled on public government land-acquisition systems
BHNV-00066,Tamil Nadu,Madurai,Industrial Corridor,13.75,11.56,18,2,2023-11-12,2026-01-10,2026-06-21,2029-10-31,2030-02-04,2032-01-19,15.88,1.44,Mostly paid,100.0,1,Partial possession,2214,50,0,Synthetic prototype; fields modeled on public government land-acquisition systems
BHNV-00067,Madhya Pradesh,Jabalpur,Industrial Corridor,35.61,31.78,74,12,2021-03-20,2023-02-24,2024-08-11,2022-10-04,2023-05-15,2024-11-17,114.19,4.2,Mostly paid,96.7,2,Partial possession,609,49,0,Synthetic prototype; fields modeled on public government land-acquisition systems
BHNV-00068,Odisha,Bhubaneswar,Urban Development,49.94,32.58,85,16,2024-04-07,2025-07-20,2026-12-18,2025-02-08,2026-04-01,2027-10-02,132.32,6.86,Partially paid,100.0,0,Partial possession,617,57,0,Synthetic prototype; fields modeled on public government land-acquisition systems
BHNV-00069,West Bengal,Bardhaman,Irrigation,345.36,213.41,591,117,2018-07-08,2020-04-03,2018-12-14,2020-10-07,2021-04-27,2022-05-27,1395.27,35.15,Pending,94.1,9,Pending,907,63,1,Synthetic prototype; fields modeled on public government land-acquisition systems
BHNV-00070,Karnataka,Mangaluru,Railway,17.42,10.34,22,2,2021-09-11,2024-02-12,2023-01-24,2023-02-13,2024-07-04,2024-10-29,48.31,2.35,Partially paid,100.0,1,Pending,142,25,0,Synthetic prototype; fields modeled on public government land-acquisition systems
BHNV-00071,Odisha,Puri,Urban Development,4.97,4.14,6,0,2024-01-25,2024-06-26,2026-08-09,2026-01-03,2026-09-29,2026-11-11,12.16,0.69,Partially paid,96.8,0,Partial possession,325,34,0,Synthetic prototype; fields modeled on public government land-acquisition systems
BHNV-00072,Gujarat,Vadodara,Urban Development,133.0,86.49,269,45,2017-01-22,2017-12-19,2020-08-17,2020-07-09,2021-06-11,2022-10-21,346.56,21.35,Pending,76.8,9,Partial possession,976,63,1,Synthetic prototype; fields modeled on public government land-acquisition systems
BHNV-00073,Maharashtra,Aurangabad,Renewable Energy,13.02,8.36,27,2,2021-02-04,2023-01-02,2024-10-21,2022-06-22,2023-09-04,2023-11-14,48.1,2.81,Pending,100.0,0,Pending,0,13,0,Synthetic prototype; fields modeled on public government land-acquisition systems
BHNV-00074,Gujarat,Surat,Irrigation,20.87,13.4,39,8,2018-03-08,2019-03-21,2019-10-04,2021-05-19,2022-07-22,2022-10-06,18.11,4.11,Partially paid,100.0,1,Pending,1071,57,0,Synthetic prototype; fields modeled on public government land-acquisition systems
BHNV-00075,Odisha,Puri,Railway,9.8,5.78,13,4,2022-11-08,2023-08-13,2024-12-01,2027-05-04,2027-11-01,2028-01-02,41.13,1.19,Partially paid,100.0,1,Pending,1212,58,0,Synthetic prototype; fields modeled on public government land-acquisition systems
BHNV-00076,Tamil Nadu,Madurai,Irrigation,20.93,10.17,37,3,2020-06-05,2021-04-01,2023-01-05,2024-11-08,2026-03-22,2027-04-07,72.05,1.45,Pending,100.0,1,Pending,1889,62,1,Synthetic prototype; fields modeled on public government land-acquisition systems
BHNV-00077,Karnataka,Mysuru,Railway,12.93,12.28,26,6,2024-10-20,2026-01-21,2027-08-09,2028-01-21,2029-04-15,2030-10-28,52.7,0.92,Partially paid,93.6,3,Substantially complete,1324,49,0,Synthetic prototype; fields modeled on public government land-acquisition systems
BHNV-00078,Karnataka,Bengaluru Urban,Irrigation,58.94,47.38,82,14,2021-04-09,2022-11-29,2025-01-06,2027-11-03,2029-05-02,2030-11-25,256.42,9.18,Partially paid,100.0,0,Partial possession,2892,52,0,Synthetic prototype; fields modeled on public government land-acquisition systems
BHNV-00079,Uttar Pradesh,Prayagraj,Urban Development,32.49,27.34,56,7,2020-12-20,2022-12-26,2022-12-27,2022-03-23,2023-07-31,2025-02-09,53.16,2.6,Mostly paid,93.0,4,Partial possession,628,52,0,Synthetic prototype; fields modeled on public government land-acquisition systems
BHNV-00080,Karnataka,Bengaluru Urban,Urban Development,15.16,10.31,23,2,2020-06-15,2022-06-27,2022-07-03,2026-05-29,2026-12-09,2027-11-15,44.57,1.03,Pending,100.0,1,Partial possession,2062,58,0,Synthetic prototype; fields modeled on public government land-acquisition systems
BHNV-00081,West Bengal,Kolkata,National Highway,81.12,69.88,126,29,2022-03-21,2023-11-24,2023-01-27,2026-04-18,2026-07-12,2028-08-02,210.78,4.61,Mostly paid,100.0,3,Partial possession,1144,50,0,Synthetic prototype; fields modeled on public government land-acquisition systems
BHNV-00082,Karnataka,Mysuru,Industrial Corridor,38.67,32.85,75,9,2016-08-04,2017-05-07,2020-12-03,2017-10-07,2019-01-05,2019-10-12,107.86,5.46,Partially paid,93.8,5,Partial possession,664,54,0,Synthetic prototype; fields modeled on public government land-acquisition systems
BHNV-00083,Odisha,Bhubaneswar,Renewable Energy,4.73,2.52,14,4,2022-01-12,2023-06-06,2025-01-05,2022-12-27,2023-05-29,2025-06-09,4.61,1.23,Pending,100.0,2,Pending,193,34,0,Synthetic prototype; fields modeled on public government land-acquisition systems
BHNV-00084,Uttar Pradesh,Prayagraj,Irrigation,75.17,35.0,125,23,2018-02-27,2018-07-04,2020-08-18,2021-03-12,2021-07-06,2023-07-19,314.34,10.95,Pending,95.5,6,Pending,1462,66,1,Synthetic prototype; fields modeled on public government land-acquisition systems
BHNV-00085,Odisha,Cuttack,Renewable Energy,36.05,14.21,56,5,2020-03-23,2021-03-16,2020-11-05,2023-06-13,2024-10-07,2025-04-15,156.18,2.58,Pending,100.0,3,Pending,1187,66,1,Synthetic prototype; fields modeled on public government land-acquisition systems
BHNV-00086,Odisha,Cuttack,National Highway,120.39,82.19,207,46,2021-09-14,2023-05-29,2024-07-31,2023-12-27,2024-10-19,2024-12-16,401.5,6.1,Partially paid,100.0,3,Partial possession,254,32,0,Synthetic prototype; fields modeled on public government land-acquisition systems
BHNV-00087,Rajasthan,Jodhpur,Industrial Corridor,33.92,26.57,69,14,2023-05-07,2024-08-03,2024-03-18,2029-01-28,2029-03-12,2029-10-31,59.55,3.52,Partially paid,98.1,0,Partial possession,1436,52,0,Synthetic prototype; fields modeled on public government land-acquisition systems
BHNV-00088,Uttar Pradesh,Lucknow,Irrigation,13.58,6.06,19,5,2021-08-18,2023-04-16,2023-11-06,2023-11-17,2023-12-19,2024-05-07,50.42,1.34,Pending,100.0,0,Pending,169,34,0,Synthetic prototype; fields modeled on public government land-acquisition systems
BHNV-00089,Odisha,Bhubaneswar,Railway,24.43,20.01,26,5,2018-11-29,2020-02-25,2019-03-28,2025-06-15,2026-11-19,2027-12-17,85.61,2.11,Mostly paid,77.8,3,Partial possession,2649,54,0,Synthetic prototype; fields modeled on public government land-acquisition systems
BHNV-00090,Rajasthan,Ajmer,Industrial Corridor,66.95,40.2,115,22,2025-09-10,2025-10-14,2028-12-06,2028-10-31,2028-12-04,2029-11-02,195.89,5.41,Partially paid,88.9,3,Pending,901,59,0,Synthetic prototype; fields modeled on public government land-acquisition systems
BHNV-00091,Rajasthan,Ajmer,Urban Development,13.86,11.23,21,4,2022-02-04,2023-06-07,2024-03-19,2025-08-20,2026-07-26,2027-06-10,19.82,0.8,Partially paid,93.5,0,Partial possession,1341,53,0,Synthetic prototype; fields modeled on public government land-acquisition systems
BHNV-00092,Uttar Pradesh,Varanasi,National Highway,19.29,17.03,30,5,2020-07-22,2022-10-25,2022-10-13,2021-04-01,2022-04-06,2022-11-06,29.79,3.12,Partially paid,100.0,0,Partial possession,0,5,0,Synthetic prototype; fields modeled on public government land-acquisition systems
BHNV-00093,Gujarat,Ahmedabad,Industrial Corridor,24.01,15.89,43,8,2024-03-25,2026-07-08,2026-07-11,2027-02-01,2028-04-23,2028-07-31,71.57,4.55,Pending,100.0,1,Partial possession,1017,59,0,Synthetic prototype; fields modeled on public government land-acquisition systems
BHNV-00094,Tamil Nadu,Coimbatore,Industrial Corridor,9.49,6.67,16,2,2022-12-23,2024-09-05,2026-05-28,2028-08-18,2029-10-05,2029-11-29,12.12,0.77,Partially paid,100.0,0,Partial possession,1841,54,0,Synthetic prototype; fields modeled on public government land-acquisition systems
BHNV-00095,West Bengal,Bardhaman,Urban Development,14.06,12.63,24,4,2017-01-07,2018-06-18,2018-10-25,2018-05-20,2018-06-21,2020-06-27,48.91,1.82,Mostly paid,100.0,0,Partial possession,293,28,0,Synthetic prototype; fields modeled on public government land-acquisition systems
BHNV-00096,Tamil Nadu,Chennai,Irrigation,35.61,25.26,67,10,2024-08-05,2024-11-29,2025-05-28,2026-05-11,2027-11-26,2029-06-13,56.5,4.29,Partially paid,100.0,1,Partial possession,1001,56,0,Synthetic prototype; fields modeled on public government land-acquisition systems
BHNV-00097,Karnataka,Mangaluru,Railway,99.73,82.64,171,30,2018-08-27,2019-11-01,2021-06-27,2019-06-20,2020-07-14,2021-07-26,415.75,5.85,Partially paid,99.4,2,Partial possession,471,46,0,Synthetic prototype; fields modeled on public government land-acquisition systems
BHNV-00098,West Bengal,Hooghly,Urban Development,41.15,28.93,71,16,2020-08-16,2021-07-04,2022-10-02,2026-12-08,2027-11-27,2028-09-05,169.91,8.1,Partially paid,90.6,3,Partial possession,1761,57,0,Synthetic prototype; fields modeled on public government land-acquisition systems
BHNV-00099,Karnataka,Bengaluru Urban,Railway,28.62,21.85,54,9,2019-12-18,2020-10-23,2021-08-12,2020-12-28,2021-06-10,2022-06-21,53.99,1.13,Partially paid,96.7,0,Partial possession,0,9,0,Synthetic prototype; fields modeled on public government land-acquisition systems
BHNV-00100,Odisha,Cuttack,Irrigation,13.05,8.08,19,4,2017-05-29,2018-01-10,2021-02-27,2019-12-03,2020-08-06,2021-08-22,14.47,0.74,Partially paid,86.1,0,Pending,532,58,0,Synthetic prototype; fields modeled on public government land-acquisition systems
BHNV-00101,Maharashtra,Pune,Industrial Corridor,89.58,51.32,159,24,2016-12-29,2019-03-02,2019-04-15,2021-02-14,2021-06-12,2021-12-24,274.32,8.67,Pending,100.0,3,Pending,1102,61,1,Synthetic prototype; fields modeled on public government land-acquisition systems
BHNV-00102,Uttar Pradesh,Agra,Railway,46.22,43.79,76,13,2021-03-28,2021-07-18,2023-09-05,2027-05-14,2028-01-04,2028-09-05,113.66,8.03,Mostly paid,96.4,1,Substantially complete,2214,47,0,Synthetic prototype; fields modeled on public government land-acquisition systems
BHNV-00103,West Bengal,Hooghly,National Highway,14.78,8.73,35,4,2023-09-25,2023-11-20,2027-07-09,2025-02-28,2025-04-09,2025-07-02,19.68,3.46,Partially paid,94.9,2,Pending,0,14,0,Synthetic prototype; fields modeled on public government land-acquisition systems
BHNV-00104,West Bengal,Howrah,National Highway,73.6,42.1,121,17,2021-05-05,2023-09-26,2025-05-14,2026-08-10,2026-10-27,2028-06-20,203.61,9.44,Pending,95.1,4,Pending,2050,61,1,Synthetic prototype; fields modeled on public government land-acquisition systems
BHNV-00105,Odisha,Bhubaneswar,Urban Development,52.44,39.85,84,16,2020-01-14,2022-01-06,2020-11-05,2024-05-25,2025-02-17,2026-07-05,234.57,7.52,Mostly paid,83.6,2,Partial possession,1656,53,0,Synthetic prototype; fields modeled on public government land-acquisition systems
BHNV-00106,Gujarat,Ahmedabad,Irrigation,13.28,7.24,22,4,2020-03-19,2020-08-30,2023-08-01,2026-03-17,2026-12-05,2027-08-10,14.01,1.19,Pending,90.4,0,Pending,1613,62,1,Synthetic prototype; fields modeled on public government land-acquisition systems
BHNV-00107,Rajasthan,Jaipur,Urban Development,27.08,14.6,50,7,2018-02-12,2018-06-11,2020-07-11,2020-12-23,2021-05-17,2022-08-03,48.11,5.7,Partially paid,100.0,1,Pending,637,59,0,Synthetic prototype; fields modeled on public government land-acquisition systems
BHNV-00108,Odisha,Sambalpur,Urban Development,18.31,17.96,37,6,2016-11-24,2017-07-17,2019-03-17,2017-09-09,2017-10-23,2019-08-16,51.14,0.84,Mostly paid,100.0,0,Substantially complete,0,1,0,Synthetic prototype; fields modeled on public government land-acquisition systems
BHNV-00109,Bihar,Muzaffarpur,Renewable Energy,417.19,387.18,738,147,2018-03-04,2018-04-29,2021-09-07,2019-01-28,2019-02-21,2021-01-01,1558.39,22.21,Mostly paid,89.7,21,Substantially complete,80,18,0,Synthetic prototype; fields modeled on public government land-acquisition systems
BHNV-00110,Rajasthan,Ajmer,Urban Development,51.0,39.23,88,9,2018-08-19,2019-09-30,2020-01-22,2022-01-22,2022-05-05,2023-03-09,44.34,9.9,Partially paid,74.2,0,Partial possession,1084,56,0,Synthetic prototype; fields modeled on public government land-acquisition systems
BHNV-00111,Uttar Pradesh,Gorakhpur,Renewable Energy,36.12,30.73,66,13,2022-08-14,2024-04-05,2026-04-05,2028-12-05,2030-02-22,2031-02-19,126.82,7.56,Partially paid,100.0,4,Partial possession,1913,52,0,Synthetic prototype; fields modeled on public government land-acquisition systems
BHNV-00112,Rajasthan,Jodhpur,National Highway,48.07,33.53,70,8,2017-08-19,2019-04-24,2021-07-25,2021-02-19,2021-07-30,2021-11-20,63.34,4.83,Partially paid,100.0,2,Partial possession,1047,56,0,Synthetic prototype; fields modeled on public government land-acquisition systems
BHNV-00113,Gujarat,Rajkot,National Highway,119.0,111.62,184,29,2021-02-20,2022-05-10,2022-08-05,2024-05-28,2024-10-16,2025-10-26,460.95,14.29,Mostly paid,91.2,7,Substantially complete,1119,50,0,Synthetic prototype; fields modeled on public government land-acquisition systems
BHNV-00114,Rajasthan,Jodhpur,Urban Development,27.57,19.2,46,9,2019-11-11,2020-07-24,2022-09-01,2024-04-15,2024-08-31,2025-09-07,92.66,5.07,Pending,94.0,0,Partial possession,1282,58,0,Synthetic prototype; fields modeled on public government land-acquisition systems
BHNV-00115,Uttar Pradesh,Gorakhpur,National Highway,16.61,13.7,28,2,2019-02-11,2020-11-04,2020-01-11,2020-03-06,2021-02-24,2021-07-18,41.34,2.95,Partially paid,100.0,1,Partial possession,38,10,0,Synthetic prototype; fields modeled on public government land-acquisition systems
BHNV-00116,Gujarat,Surat,Irrigation,69.71,50.67,139,32,2017-07-24,2017-10-29,2018-09-23,2023-12-03,2025-05-18,2026-11-02,267.68,14.76,Partially paid,100.0,3,Partial possession,2679,56,0,Synthetic prototype; fields modeled on public government land-acquisition systems
BHNV-00117,Tamil Nadu,Coimbatore,Renewable Energy,25.15,24.19,48,9,2018-11-27,2019-12-23,2021-09-25,2021-11-29,2022-02-02,2023-03-06,88.33,2.74,Partially paid,88.1,1,Substantially complete,803,49,0,Synthetic prototype; fields modeled on public government land-acquisition systems
BHNV-00118,West Bengal,Howrah,Renewable Energy,10.28,7.51,18,2,2020-04-17,2021-01-31,2021-11-16,2025-08-29,2026-10-15,2028-07-07,37.1,1.85,Partially paid,100.0,1,Partial possession,2463,55,0,Synthetic prototype; fields modeled on public government land-acquisition systems
BHNV-00119,West Bengal,Howrah,Urban Development,8.46,8.15,16,3,2017-01-11,2018-11-29,2018-06-22,2018-12-17,2019-11-10,2021-06-08,15.85,0.43,Partially paid,100.0,1,Substantially complete,414,38,0,Synthetic prototype; fields modeled on public government land-acquisition systems
BHNV-00120,Karnataka,Mysuru,National Highway,138.28,107.63,245,47,2025-07-02,2025-10-02,2027-08-06,2031-06-07,2032-11-16,2034-12-06,427.54,16.83,Partially paid,100.0,7,Partial possession,2641,55,0,Synthetic prototype; fields modeled on public government land-acquisition systems
BHNV-00121,Tamil Nadu,Salem,Railway,34.18,26.68,49,10,2024-12-18,2027-05-21,2028-04-24,2026-01-04,2027-06-04,2027-08-21,45.19,2.14,Partially paid,86.4,1,Partial possession,236,29,0,Synthetic prototype; fields modeled on public government land-acquisition systems
BHNV-00122,Tamil Nadu,Chennai,Renewable Energy,16.62,14.12,23,5,2024-12-17,2026-12-08,2028-09-08,2025-12-05,2027-06-02,2028-07-16,63.77,0.54,Mostly paid,96.6,0,Partial possession,190,21,0,Synthetic prototype; fields modeled on public government land-acquisition systems
BHNV-00123,Rajasthan,Ajmer,Urban Development,23.7,22.2,43,8,2021-11-17,2023-08-31,2025-03-31,2025-12-18,2027-02-24,2027-09-07,65.15,3.51,Mostly paid,100.0,1,Substantially complete,1087,47,0,Synthetic prototype; fields modeled on public government land-acquisition systems
BHNV-00124,West Bengal,Hooghly,Urban Development,67.18,50.55,101,15,2025-07-01,2027-07-03,2028-02-13,2031-05-24,2031-12-18,2033-08-10,258.78,2.79,Partially paid,100.0,3,Partial possession,2218,54,0,Synthetic prototype; fields modeled on public government land-acquisition systems
BHNV-00125,Uttar Pradesh,Prayagraj,Irrigation,22.34,8.75,41,8,2025-08-22,2026-10-17,2029-09-17,2029-01-19,2029-12-11,2032-02-11,35.33,1.31,Pending,77.0,1,Pending,1274,69,1,Synthetic prototype; fields modeled on public government land-acquisition systems
BHNV-00126,Madhya Pradesh,Bhopal,Industrial Corridor,7.03,5.74,17,1,2021-01-10,2021-10-12,2023-01-21,2023-03-26,2024-02-02,2024-08-23,9.01,0.48,Partially paid,87.0,0,Partial possession,518,50,0,Synthetic prototype; fields modeled on public government land-acquisition systems
BHNV-00127,Madhya Pradesh,Indore,Industrial Corridor,41.51,25.64,71,14,2023-11-03,2024-09-05,2026-05-01,2028-02-16,2029-01-24,2029-08-09,139.02,8.34,Partially paid,88.4,3,Pending,1072,61,1,Synthetic prototype; fields modeled on public government land-acquisition systems
BHNV-00128,Gujarat,Vadodara,Renewable Energy,100.32,95.48,170,38,2021-05-17,2022-05-28,2024-07-26,2027-04-14,2028-08-16,2030-01-04,101.93,4.07,Mostly paid,96.9,6,Substantially complete,2544,50,0,Synthetic prototype; fields modeled on public government land-acquisition systems
BHNV-00129,West Bengal,Hooghly,Irrigation,93.83,71.68,173,32,2021-12-05,2023-01-10,2023-10-10,2025-05-22,2027-01-10,2028-08-26,159.77,8.13,Partially paid,79.4,5,Partial possession,1827,57,0,Synthetic prototype; fields modeled on public government land-acquisition systems
BHNV-00130,West Bengal,Kolkata,Irrigation,17.13,15.37,29,7,2022-10-04,2025-01-19,2026-01-12,2027-12-16,2028-04-25,2028-10-26,71.3,2.47,Mostly paid,100.0,1,Partial possession,1353,48,0,Synthetic prototype; fields modeled on public government land-acquisition systems
BHNV-00131,Madhya Pradesh,Gwalior,Irrigation,106.61,103.94,190,37,2019-06-20,2021-11-14,2022-07-12,2021-06-06,2022-03-11,2023-02-10,137.66,19.44,Mostly paid,89.0,4,Substantially complete,572,49,0,Synthetic prototype; fields modeled on public government land-acquisition systems
BHNV-00132,West Bengal,Hooghly,Renewable Energy,37.08,34.53,69,14,2017-06-24,2017-11-23,2021-05-21,2018-05-27,2019-11-09,2020-05-13,81.19,5.58,Mostly paid,100.0,1,Substantially complete,0,3,0,Synthetic prototype; fields modeled on public government land-acquisition systems
BHNV-00133,Rajasthan,Jodhpur,Industrial Corridor,103.66,54.79,184,37,2019-06-04,2019-08-29,2022-07-06,2023-01-16,2024-07-02,2025-04-26,445.6,21.65,Partially paid,100.0,5,Pending,1123,60,0,Synthetic prototype; fields modeled on public government land-acquisition systems
BHNV-00134,Bihar,Gaya,Irrigation,53.18,49.92,88,10,2025-10-12,2026-04-19,2028-04-01,2029-12-29,2030-02-02,2031-10-28,46.48,4.73,Mostly paid,90.8,1,Substantially complete,1147,48,0,Synthetic prototype; fields modeled on public government land-acquisition systems
BHNV-00135,Maharashtra,Nagpur,National Highway,6.54,5.59,12,0,2021-02-18,2021-07-24,2025-03-01,2024-09-12,2026-01-16,2027-01-31,16.01,0.81,Partially paid,100.0,0,Partial possession,1088,51,0,Synthetic prototype; fields modeled on public government land-acquisition systems
BHNV-00136,Tamil Nadu,Salem,Urban Development,171.87,166.16,300,45,2019-05-21,2021-06-25,2020-10-01,2021-11-02,2023-05-19,2023-09-21,637.62,30.64,Partially paid,97.2,16,Substantially complete,871,53,0,Synthetic prototype; fields modeled on public government land-acquisition systems
BHNV-00137,Karnataka,Mangaluru,Urban Development,31.56,29.38,62,9,2024-02-25,2025-11-22,2026-01-19,2026-12-01,2027-06-06,2027-09-06,131.39,5.47,Partially paid,100.0,1,Substantially complete,737,48,0,Synthetic prototype; fields modeled on public government land-acquisition systems
BHNV-00138,Gujarat,Rajkot,Railway,53.35,47.47,98,22,2023-07-09,2024-06-13,2027-10-12,2025-05-11,2025-07-26,2027-07-08,187.88,4.06,Partially paid,100.0,4,Partial possession,771,51,0,Synthetic prototype; fields modeled on public government land-acquisition systems
BHNV-00139,Bihar,Gaya,Railway,7.81,7.62,17,3,2016-04-22,2017-10-21,2019-09-04,2017-01-23,2017-08-31,2018-05-25,31.92,1.19,Mostly paid,90.8,0,Substantially complete,0,2,0,Synthetic prototype; fields modeled on public government land-acquisition systems
BHNV-00140,Madhya Pradesh,Bhopal,Renewable Energy,49.67,31.6,94,18,2017-01-07,2017-10-28,2017-08-11,2020-05-16,2020-11-25,2021-08-02,46.05,11.05,Partially paid,100.0,4,Pending,678,59,0,Synthetic prototype; fields modeled on public government land-acquisition systems
BHNV-00141,Tamil Nadu,Madurai,Renewable Energy,90.28,30.68,152,23,2022-06-04,2024-07-18,2023-09-29,2028-08-15,2029-08-06,2029-11-21,105.59,16.16,Pending,76.7,2,Pending,2084,72,1,Synthetic prototype; fields modeled on public government land-acquisition systems
BHNV-00142,West Bengal,Kolkata,Urban Development,207.54,146.34,375,71,2020-08-23,2021-07-06,2023-04-08,2022-02-17,2023-05-17,2025-03-03,732.53,14.69,Partially paid,95.0,17,Partial possession,974,62,1,Synthetic prototype; fields modeled on public government land-acquisition systems
BHNV-00143,Karnataka,Mangaluru,National Highway,121.56,68.45,208,42,2018-11-08,2020-01-31,2019-05-08,2021-12-21,2022-03-20,2024-02-27,436.07,7.9,Pending,81.3,6,Pending,919,64,1,Synthetic prototype; fields modeled on public government land-acquisition systems
BHNV-00144,West Bengal,Hooghly,Industrial Corridor,52.16,47.84,92,8,2018-02-14,2019-08-25,2020-09-02,2020-12-25,2021-10-25,2021-12-12,158.54,9.46,Mostly paid,100.0,4,Substantially complete,830,49,0,Synthetic prototype; fields modeled on public government land-acquisition systems
BHNV-00145,Uttar Pradesh,Kanpur Nagar,Industrial Corridor,6.4,4.45,9,0,2017-11-01,2018-04-19,2020-06-30,2021-03-15,2022-10-07,2024-02-14,22.41,0.36,Partially paid,91.2,0,Partial possession,1142,58,0,Synthetic prototype; fields modeled on public government land-acquisition systems
BHNV-00146,Uttar Pradesh,Varanasi,Renewable Energy,34.2,27.37,69,16,2016-01-11,2018-04-28,2018-02-01,2019-04-10,2019-09-15,2020-11-06,135.94,4.5,Partially paid,86.6,3,Partial possession,1154,56,0,Synthetic prototype; fields modeled on public government land-acquisition systems
BHNV-00147,Karnataka,Mangaluru,National Highway,16.57,15.58,26,3,2016-01-08,2018-01-13,2018-04-20,2017-01-15,2017-08-25,2018-04-18,46.7,0.99,Partially paid,84.4,0,Substantially complete,147,17,0,Synthetic prototype; fields modeled on public government land-acquisition systems
BHNV-00148,Karnataka,Mysuru,Renewable Energy,37.9,32.77,73,20,2024-10-29,2026-10-26,2029-01-09,2027-09-09,2028-06-21,2029-11-07,163.16,1.57,Partially paid,100.0,2,Partial possession,1185,50,0,Synthetic prototype; fields modeled on public government land-acquisition systems
BHNV-00149,Madhya Pradesh,Jabalpur,Industrial Corridor,8.88,6.67,18,4,2020-04-22,2021-09-08,2020-10-08,2022-10-01,2023-12-04,2024-11-22,29.91,1.94,Partially paid,100.0,1,Partial possession,586,53,0,Synthetic prototype; fields modeled on public government land-acquisition systems
BHNV-00150,Karnataka,Mysuru,Renewable Energy,24.28,16.41,42,6,2024-10-11,2026-08-08,2026-02-09,2028-02-01,2029-03-18,2030-08-27,61.82,4.11,Partially paid,92.6,1,Partial possession,1172,58,0,Synthetic prototype; fields modeled on public government land-acquisition systems
BHNV-00151,Rajasthan,Jodhpur,Irrigation,17.86,6.53,25,4,2019-10-28,2021-05-08,2021-07-12,2024-01-07,2025-02-08,2026-10-24,42.14,1.68,Pending,97.7,1,Pending,1952,66,1,Synthetic prototype; fields modeled on public government land-acquisition systems
BHNV-00152,West Bengal,Kolkata,Renewable Energy,17.32,9.17,40,5,2017-04-05,2018-05-28,2018-05-06,2018-06-15,2019-03-17,2020-11-19,61.93,1.44,Partially paid,95.5,2,Pending,686,61,1,Synthetic prototype; fields modeled on public government land-acquisition systems
BHNV-00153,Bihar,Gaya,Urban Development,17.49,16.01,38,12,2025-01-19,2026-07-13,2027-01-05,2029-02-01,2029-08-01,2030-04-24,54.79,3.82,Mostly paid,100.0,1,Substantially complete,1034,47,0,Synthetic prototype; fields modeled on public government land-acquisition systems
BHNV-00154,Odisha,Bhubaneswar,Renewable Energy,26.16,18.75,51,12,2022-04-21,2023-11-09,2024-07-17,2026-04-04,2026-05-06,2027-05-19,100.05,2.85,Partially paid,81.4,0,Partial possession,657,58,0,Synthetic prototype; fields modeled on public government land-acquisition systems
BHNV-00155,Karnataka,Bengaluru Urban,Urban Development,39.89,27.88,65,6,2023-03-18,2023-11-15,2026-06-18,2024-09-05,2025-05-24,2026-11-16,147.18,5.6,Partially paid,67.2,3,Partial possession,160,28,0,Synthetic prototype; fields modeled on public government land-acquisition systems
BHNV-00156,Gujarat,Vadodara,National Highway,2.46,1.93,2,1,2019-09-13,2021-03-08,2020-06-16,2023-08-17,2024-06-22,2024-11-25,6.74,0.1,Partially paid,98.8,0,Partial possession,912,53,0,Synthetic prototype; fields modeled on public government land-acquisition systems
BHNV-00157,Uttar Pradesh,Lucknow,Industrial Corridor,2.78,2.41,3,1,2016-12-27,2019-04-08,2020-02-01,2018-06-16,2019-08-18,2020-07-08,11.95,0.19,Partially paid,94.6,0,Partial possession,732,50,0,Synthetic prototype; fields modeled on public government land-acquisition systems
BHNV-00158,Rajasthan,Ajmer,Railway,21.36,18.42,32,3,2019-10-29,2020-08-18,2023-05-03,2023-07-17,2024-06-15,2025-07-19,72.75,2.35,Partially paid,98.8,1,Partial possession,960,53,0,Synthetic prototype; fields modeled on public government land-acquisition systems
BHNV-00159,Tamil Nadu,Madurai,Railway,24.59,22.48,39,8,2024-05-08,2025-05-15,2024-08-26,2030-01-04,2031-07-26,2033-03-13,37.94,3.75,Partially paid,84.1,1,Substantially complete,2644,51,0,Synthetic prototype; fields modeled on public government land-acquisition systems
BHNV-00160,Odisha,Cuttack,Industrial Corridor,36.2,32.26,67,13,2018-02-26,2018-05-04,2020-07-29,2020-01-21,2020-08-03,2021-06-25,111.8,6.91,Mostly paid,88.6,3,Partial possession,594,50,0,Synthetic prototype; fields modeled on public government land-acquisition systems
BHNV-00161,Bihar,Patna,Railway,14.47,3.5,24,3,2016-07-27,2017-04-15,2017-12-19,2018-08-12,2019-06-18,2020-04-06,22.38,1.54,Pending,100.0,0,Pending,606,72,1,Synthetic prototype; fields modeled on public government land-acquisition systems
BHNV-00162,Odisha,Cuttack,Renewable Energy,30.25,25.57,47,10,2016-09-23,2017-07-09,2019-06-11,2017-09-18,2017-12-02,2019-07-05,86.75,2.04,Partially paid,100.0,2,Partial possession,449,43,0,Synthetic prototype; fields modeled on public government land-acquisition systems
BHNV-00163,Karnataka,Mysuru,National Highway,34.01,25.33,57,6,2017-10-17,2018-09-19,2019-09-23,2023-12-01,2024-07-11,2025-07-06,126.61,2.02,Partially paid,100.0,2,Partial possession,2026,54,0,Synthetic prototype; fields modeled on public government land-acquisition systems
BHNV-00164,Madhya Pradesh,Ujjain,National Highway,14.37,10.16,26,5,2018-09-23,2019-11-29,2019-06-04,2024-01-16,2024-07-14,2025-08-19,54.7,1.41,Partially paid,67.2,1,Partial possession,1893,59,0,Synthetic prototype; fields modeled on public government land-acquisition systems
BHNV-00165,Uttar Pradesh,Prayagraj,Industrial Corridor,82.55,71.63,160,18,2017-07-07,2018-04-23,2021-02-25,2022-03-10,2023-01-18,2023-11-30,264.82,16.03,Partially paid,89.4,6,Partial possession,1798,53,0,Synthetic prototype; fields modeled on public government land-acquisition systems
BHNV-00166,Uttar Pradesh,Kanpur Nagar,Railway,35.77,26.13,63,17,2023-08-15,2025-01-01,2027-01-04,2028-05-05,2029-05-05,2031-06-22,132.29,2.99,Partially paid,100.0,1,Partial possession,2157,55,0,Synthetic prototype; fields modeled on public government land-acquisition systems
BHNV-00167,Tamil Nadu,Madurai,Renewable Energy,51.78,45.84,87,18,2020-03-09,2022-04-27,2024-04-19,2023-06-09,2023-08-23,2025-01-25,131.9,2.15,Mostly paid,100.0,5,Partial possession,1228,50,0,Synthetic prototype; fields modeled on public government land-acquisition systems
BHNV-00168,Madhya Pradesh,Bhopal,National Highway,32.1,28.75,49,6,2020-05-06,2020-09-18,2022-04-04,2024-08-28,2025-06-01,2026-02-17,91.08,3.74,Mostly paid,89.8,1,Partial possession,1323,50,0,Synthetic prototype; fields modeled on public government land-acquisition systems
BHNV-00169,West Bengal,Hooghly,National Highway,245.59,140.51,431,84,2017-02-24,2017-11-27,2019-09-05,2021-12-13,2022-04-30,2024-02-19,995.76,10.07,Pending,81.1,16,Pending,1433,68,1,Synthetic prototype; fields modeled on public government land-acquisition systems
BHNV-00170,Maharashtra,Pune,Irrigation,54.4,29.53,96,20,2022-06-13,2023-05-12,2023-09-05,2028-07-14,2029-03-23,2030-08-07,142.77,10.42,Partially paid,88.4,4,Pending,2126,61,1,Synthetic prototype; fields modeled on public government land-acquisition systems
BHNV-00171,Rajasthan,Alwar,Irrigation,18.39,9.86,25,2,2021-12-24,2022-12-31,2025-04-28,2027-10-11,2029-04-19,2031-05-29,38.59,2.2,Partially paid,100.0,0,Pending,2822,59,0,Synthetic prototype; fields modeled on public government land-acquisition systems
BHNV-00172,Uttar Pradesh,Agra,National Highway,68.1,66.72,138,29,2019-12-13,2021-04-02,2022-10-20,2025-08-11,2025-11-23,2026-08-03,255.3,6.3,Partially paid,94.3,4,Substantially complete,1831,49,0,Synthetic prototype; fields modeled on public government land-acquisition systems
BHNV-00173,Gujarat,Vadodara,Industrial Corridor,5.83,5.63,13,5,2022-02-20,2022-04-28,2022-06-18,2027-01-26,2027-06-28,2028-12-22,5.75,0.87,Mostly paid,98.7,0,Substantially complete,1570,47,0,Synthetic prototype; fields modeled on public government land-acquisition systems
BHNV-00174,Uttar Pradesh,Agra,Urban Development,33.77,23.13,59,12,2019-01-23,2021-05-21,2020-03-10,2023-03-02,2024-03-12,2025-03-10,146.76,5.54,Partially paid,100.0,2,Partial possession,1102,56,0,Synthetic prototype; fields modeled on public government land-acquisition systems
BHNV-00175,Odisha,Cuttack,Urban Development,41.23,27.85,71,10,2020-02-22,2022-07-25,2022-12-14,2022-08-20,2023-10-21,2025-11-18,84.86,7.92,Partially paid,100.0,2,Partial possession,1148,55,0,Synthetic prototype; fields modeled on public government land-acquisition systems
BHNV-00176,Uttar Pradesh,Prayagraj,Renewable Energy,34.16,25.53,58,9,2021-04-10,2021-06-24,2022-12-28,2025-11-11,2026-02-26,2027-02-27,106.91,6.23,Partially paid,94.6,1,Partial possession,1012,55,0,Synthetic prototype; fields modeled on public government land-acquisition systems
BHNV-00177,Uttar Pradesh,Lucknow,National Highway,21.46,13.28,30,5,2025-02-11,2027-03-04,2026-11-29,2028-07-06,2028-12-01,2029-05-18,71.59,0.81,Pending,97.1,1,Pending,714,60,0,Synthetic prototype; fields modeled on public government land-acquisition systems
BHNV-00178,Maharashtra,Thane,National Highway,10.89,9.67,19,4,2018-11-14,2020-08-09,2020-05-11,2019-08-12,2020-03-17,2021-08-23,14.24,0.53,Partially paid,93.4,0,Partial possession,0,7,0,Synthetic prototype; fields modeled on public government land-acquisition systems
BHNV-00179,Maharashtra,Aurangabad,National Highway,13.61,13.01,24,5,2019-06-09,2020-02-13,2020-05-04,2025-08-02,2025-09-23,2026-04-11,52.32,1.91,Partially paid,90.5,0,Substantially complete,1996,49,0,Synthetic prototype; fields modeled on public government land-acquisition systems
BHNV-00180,Bihar,Bhagalpur,Industrial Corridor,33.18,28.99,61,11,2025-04-26,2026-02-05,2027-04-20,2029-08-21,2030-12-05,2032-08-05,96.78,4.25,Mostly paid,81.5,1,Partial possession,2129,51,0,Synthetic prototype; fields modeled on public government land-acquisition systems
BHNV-00181,West Bengal,Bardhaman,Irrigation,9.84,8.6,25,4,2023-04-07,2023-09-20,2026-04-21,2028-10-14,2030-04-15,2031-11-17,19.81,1.23,Mostly paid,100.0,0,Partial possession,2392,49,0,Synthetic prototype; fields modeled on public government land-acquisition systems
BHNV-00182,Gujarat,Rajkot,National Highway,175.94,153.6,291,46,2024-05-19,2025-02-03,2027-02-01,2030-12-12,2032-03-08,2033-05-21,694.53,34.23,Mostly paid,89.9,5,Partial possession,2745,51,0,Synthetic prototype; fields modeled on public government land-acquisition systems
BHNV-00183,Uttar Pradesh,Prayagraj,National Highway,2.14,1.31,7,2,2023-12-19,2026-04-14,2025-03-21,2027-07-14,2028-03-08,2028-05-23,6.66,0.66,Partially paid,91.0,0,Pending,941,58,0,Synthetic prototype; fields modeled on public government land-acquisition systems
BHNV-00184,Uttar Pradesh,Agra,Railway,21.68,15.95,41,8,2016-08-08,2018-08-21,2020-09-22,2019-02-13,2019-08-14,2020-10-02,80.38,3.64,Partially paid,100.0,1,Partial possession,795,54,0,Synthetic prototype; fields modeled on public government land-acquisition systems
BHNV-00185,Rajasthan,Ajmer,Industrial Corridor,33.46,27.62,51,4,2022-06-02,2024-01-30,2022-10-23,2028-06-25,2028-10-24,2029-01-05,149.62,1.94,Partially paid,97.0,3,Partial possession,1285,52,0,Synthetic prototype; fields modeled on public government land-acquisition systems
BHNV-00186,Maharashtra,Nashik,Renewable Energy,49.77,44.94,94,13,2019-05-11,2019-07-17,2023-06-07,2025-03-11,2026-04-09,2026-09-12,63.81,4.55,Partially paid,100.0,0,Substantially complete,2060,50,0,Synthetic prototype; fields modeled on public government land-acquisition systems
BHNV-00187,Gujarat,Ahmedabad,National Highway,11.99,10.04,20,3,2024-05-16,2024-11-16,2027-01-17,2030-11-18,2030-12-26,2032-04-19,42.85,1.61,Mostly paid,74.7,0,Partial possession,2121,52,0,Synthetic prototype; fields modeled on public government land-acquisition systems
BHNV-00188,Tamil Nadu,Salem,Railway,93.16,79.69,181,29,2021-05-25,2022-11-08,2024-10-10,2025-03-19,2026-08-26,2027-02-05,335.69,18.02,Partially paid,97.7,2,Partial possession,1271,51,0,Synthetic prototype; fields modeled on public government land-acquisition systems
BHNV-00189,Bihar,Muzaffarpur,Urban Development,7.43,6.92,13,3,2016-12-08,2017-04-21,2017-10-26,2018-08-05,2019-06-22,2020-09-25,29.99,1.47,Mostly paid,94.6,0,Substantially complete,470,41,0,Synthetic prototype; fields modeled on public government land-acquisition systems
BHNV-00190,West Bengal,Hooghly,Renewable Energy,17.01,10.62,31,4,2017-08-15,2018-05-26,2021-10-02,2023-06-30,2024-07-06,2025-01-10,39.29,2.78,Pending,100.0,0,Pending,1877,58,0,Synthetic prototype; fields modeled on public government land-acquisition systems
BHNV-00191,Madhya Pradesh,Ujjain,National Highway,55.74,37.69,79,19,2019-05-13,2020-07-19,2022-02-07,2022-10-20,2023-11-08,2024-09-28,223.95,4.89,Partially paid,100.0,1,Partial possession,1363,55,0,Synthetic prototype; fields modeled on public government land-acquisition systems
BHNV-00192,West Bengal,Howrah,National Highway,84.79,39.87,133,27,2021-06-07,2022-11-06,2025-03-26,2023-06-12,2023-12-14,2024-02-28,268.58,11.85,Pending,100.0,5,Pending,0,21,0,Synthetic prototype; fields modeled on public government land-acquisition systems
BHNV-00193,Odisha,Cuttack,Railway,7.36,5.77,12,1,2018-06-10,2019-10-10,2019-06-15,2021-11-30,2023-07-18,2024-01-15,7.76,0.32,Partially paid,86.3,1,Partial possession,1264,54,0,Synthetic prototype; fields modeled on public government land-acquisition systems
BHNV-00194,Uttar Pradesh,Varanasi,Industrial Corridor,422.01,382.73,746,143,2021-10-25,2023-05-05,2022-09-01,2023-02-10,2023-10-04,2025-08-30,386.82,59.69,Mostly paid,78.3,25,Substantially complete,661,58,0,Synthetic prototype; fields modeled on public government land-acquisition systems
BHNV-00195,Bihar,Bhagalpur,National Highway,12.21,8.02,22,8,2020-04-22,2022-01-02,2024-03-29,2025-09-09,2026-12-10,2027-04-06,31.52,2.41,Partially paid,100.0,0,Partial possession,1908,55,0,Synthetic prototype; fields modeled on public government land-acquisition systems
BHNV-00196,Odisha,Sambalpur,Urban Development,8.07,7.11,16,3,2017-12-07,2019-06-14,2022-01-25,2018-11-04,2019-04-20,2019-06-01,29.92,1.34,Mostly paid,100.0,0,Partial possession,0,3,0,Synthetic prototype; fields modeled on public government land-acquisition systems
BHNV-00197,Gujarat,Surat,National Highway,49.54,24.63,97,22,2021-06-22,2022-07-26,2022-06-03,2022-09-28,2023-10-23,2025-06-24,110.06,2.01,Pending,96.8,2,Pending,623,63,1,Synthetic prototype; fields modeled on public government land-acquisition systems
BHNV-00198,Madhya Pradesh,Gwalior,Urban Development,21.15,14.22,38,6,2018-12-01,2019-04-11,2021-10-13,2020-06-19,2021-04-10,2022-09-14,83.58,3.4,Partially paid,100.0,0,Partial possession,862,57,0,Synthetic prototype; fields modeled on public government land-acquisition systems
BHNV-00199,Maharashtra,Aurangabad,Renewable Energy,18.25,16.96,42,10,2025-08-27,2027-07-21,2028-03-04,2031-10-27,2032-06-16,2032-11-11,47.83,3.89,Mostly paid,100.0,1,Substantially complete,1520,47,0,Synthetic prototype; fields modeled on public government land-acquisition systems
BHNV-00200,Bihar,Muzaffarpur,Renewable Energy,54.36,33.01,92,11,2019-04-20,2021-04-08,2023-05-02,2022-03-05,2023-07-18,2023-09-29,48.78,6.82,Pending,100.0,3,Pending,974,60,0,Synthetic prototype; fields modeled on public government land-acquisition systems
BHNV-00201,Bihar,Gaya,Irrigation,6.51,2.4,14,6,2018-01-26,2019-10-16,2018-07-16,2023-05-09,2024-10-14,2025-01-26,28.66,1.42,Pending,97.4,0,Pending,1489,66,1,Synthetic prototype; fields modeled on public government land-acquisition systems
BHNV-00202,Uttar Pradesh,Varanasi,Irrigation,5.46,3.73,12,4,2019-05-03,2021-01-21,2023-03-22,2023-11-02,2024-10-16,2025-01-08,14.26,0.48,Mostly paid,97.2,0,Partial possession,908,53,0,Synthetic prototype; fields modeled on public government land-acquisition systems
BHNV-00203,Karnataka,Bengaluru Urban,Urban Development,16.49,13.83,28,4,2023-03-22,2024-10-12,2026-11-17,2027-07-08,2028-09-04,2029-03-22,52.86,1.71,Partially paid,86.4,1,Partial possession,1526,53,0,Synthetic prototype; fields modeled on public government land-acquisition systems
BHNV-00204,Bihar,Gaya,Industrial Corridor,88.05,41.08,164,33,2021-01-29,2022-07-24,2022-02-27,2026-12-17,2027-02-23,2028-05-20,135.37,16.52,Pending,99.3,5,Pending,1824,66,1,Synthetic prototype; fields modeled on public government land-acquisition systems
BHNV-00205,Rajasthan,Kota,National Highway,17.22,14.15,33,7,2021-06-22,2022-08-14,2022-03-19,2027-10-25,2028-01-22,2029-08-30,32.72,2.65,Partially paid,100.0,0,Partial possession,2031,52,0,Synthetic prototype; fields modeled on public government land-acquisition systems
BHNV-00206,Madhya Pradesh,Indore,National Highway,148.29,121.99,250,52,2022-09-01,2023-09-28,2023-08-12,2024-03-11,2025-03-09,2026-07-10,384.35,29.86,Mostly paid,100.0,10,Partial possession,649,53,0,Synthetic prototype; fields modeled on public government land-acquisition systems
BHNV-00207,Madhya Pradesh,Ujjain,Irrigation,99.59,71.32,185,40,2024-02-22,2026-07-03,2027-08-09,2029-05-17,2030-06-28,2032-04-29,395.16,4.98,Partially paid,86.8,0,Partial possession,2290,56,0,Synthetic prototype; fields modeled on public government land-acquisition systems
BHNV-00208,Rajasthan,Jaipur,Urban Development,39.76,32.22,69,11,2023-05-08,2025-02-07,2025-04-23,2027-10-03,2029-04-23,2029-10-22,46.81,3.07,Partially paid,88.3,2,Partial possession,1855,54,0,Synthetic prototype; fields modeled on public government land-acquisition systems
BHNV-00209,Tamil Nadu,Madurai,National Highway,42.09,33.09,68,12,2021-12-28,2022-05-21,2022-12-02,2023-06-05,2023-11-23,2025-07-07,155.2,2.71,Partially paid,99.2,1,Partial possession,488,48,0,Synthetic prototype; fields modeled on public government land-acquisition systems
BHNV-00210,Rajasthan,Kota,National Highway,39.73,20.75,63,11,2024-06-25,2026-07-16,2025-08-09,2027-01-31,2027-05-06,2027-09-21,116.95,7.41,Pending,100.0,0,Pending,81,23,0,Synthetic prototype; fields modeled on public government land-acquisition systems
BHNV-00211,Rajasthan,Jaipur,Industrial Corridor,35.15,29.11,60,11,2025-04-09,2026-04-16,2029-06-26,2026-07-08,2027-02-15,2027-09-30,93.1,6.42,Partially paid,100.0,0,Partial possession,0,5,0,Synthetic prototype; fields modeled on public government land-acquisition systems
BHNV-00212,Madhya Pradesh,Gwalior,Railway,20.78,15.15,32,6,2019-09-06,2019-12-18,2021-01-15,2022-09-20,2022-12-29,2023-07-13,84.02,1.07,Partially paid,100.0,2,Partial possession,671,54,0,Synthetic prototype; fields modeled on public government land-acquisition systems
BHNV-00213,West Bengal,Kolkata,Irrigation,23.33,15.48,43,7,2017-03-23,2017-09-03,2020-01-09,2019-05-15,2020-08-18,2020-11-11,28.86,2.38,Partially paid,88.4,0,Partial possession,290,36,0,Synthetic prototype; fields modeled on public government land-acquisition systems
BHNV-00214,Madhya Pradesh,Bhopal,Irrigation,10.28,3.96,14,1,2020-12-21,2023-03-11,2023-05-31,2023-02-05,2023-08-15,2025-03-07,45.91,0.35,Pending,96.5,0,Pending,886,67,1,Synthetic prototype; fields modeled on public government land-acquisition systems
BHNV-00215,Karnataka,Mysuru,Railway,3.29,1.29,7,2,2022-05-29,2024-11-05,2022-09-27,2028-01-29,2029-07-07,2030-02-01,13.04,0.58,Pending,100.0,0,Pending,2060,66,1,Synthetic prototype; fields modeled on public government land-acquisition systems
BHNV-00216,Uttar Pradesh,Gorakhpur,National Highway,90.38,60.27,162,28,2020-11-12,2022-07-24,2024-02-26,2024-07-26,2024-12-26,2026-08-01,181.23,8.61,Pending,92.1,6,Partial possession,1584,61,1,Synthetic prototype; fields modeled on public government land-acquisition systems
BHNV-00217,Odisha,Sambalpur,Industrial Corridor,35.07,23.88,65,12,2025-01-20,2026-03-05,2027-07-21,2031-03-20,2031-07-14,2032-05-15,86.65,2.97,Partially paid,100.0,0,Partial possession,2160,56,0,Synthetic prototype; fields modeled on public government land-acquisition systems
BHNV-00218,West Bengal,Howrah,Industrial Corridor,30.15,25.36,45,9,2023-07-25,2024-12-25,2026-04-23,2026-07-23,2027-11-22,2028-02-01,26.91,3.25,Partially paid,100.0,2,Partial possession,586,53,0,Synthetic prototype; fields modeled on public government land-acquisition systems
BHNV-00219,Maharashtra,Thane,Irrigation,44.63,39.29,80,19,2022-11-09,2023-04-12,2027-03-26,2028-04-14,2029-10-22,2031-09-19,122.83,7.96,Partially paid,86.8,3,Partial possession,2272,52,0,Synthetic prototype; fields modeled on public government land-acquisition systems
BHNV-00220,Odisha,Bhubaneswar,Industrial Corridor,13.09,10.1,22,5,2024-01-18,2024-03-25,2026-08-06,2027-08-03,2028-02-27,2029-01-06,37.0,1.33,Partially paid,90.3,1,Partial possession,1030,55,0,Synthetic prototype; fields modeled on public government land-acquisition systems
BHNV-00221,Uttar Pradesh,Prayagraj,Renewable Energy,11.01,9.05,25,2,2018-04-18,2020-07-06,2022-05-03,2024-08-03,2025-12-16,2026-11-13,46.55,2.39,Partially paid,86.4,1,Partial possession,2018,53,0,Synthetic prototype; fields modeled on public government land-acquisition systems
BHNV-00222,Karnataka,Mangaluru,Railway,22.56,19.93,38,9,2023-05-25,2024-04-28,2027-06-27,2025-02-19,2026-01-13,2027-02-02,50.43,2.46,Partially paid,99.8,1,Partial possession,511,50,0,Synthetic prototype; fields modeled on public government land-acquisition systems
BHNV-00223,Karnataka,Bengaluru Urban,National Highway,117.7,81.6,218,33,2020-06-17,2020-10-30,2023-08-05,2023-10-21,2024-07-08,2024-10-13,342.66,9.04,Partially paid,87.4,4,Partial possession,866,58,0,Synthetic prototype; fields modeled on public government land-acquisition systems
BHNV-00224,Maharashtra,Aurangabad,Renewable Energy,9.31,6.94,22,5,2017-10-25,2019-06-02,2019-06-23,2024-03-23,2025-06-18,2025-10-04,32.96,1.42,Mostly paid,100.0,1,Partial possession,2289,52,0,Synthetic prototype; fields modeled on public government land-acquisition systems
BHNV-00225,West Bengal,Howrah,Railway,2.17,1.42,5,0,2018-02-03,2018-10-15,2018-10-20,2024-06-24,2024-09-19,2025-06-27,6.62,0.37,Partially paid,100.0,0,Partial possession,1864,57,0,Synthetic prototype; fields modeled on public government land-acquisition systems
BHNV-00226,Tamil Nadu,Salem,Urban Development,17.79,10.95,15,1,2024-08-04,2025-05-02,2026-11-25,2026-07-22,2026-10-13,2027-11-07,24.51,0.99,Partially paid,100.0,0,Pending,601,57,0,Synthetic prototype; fields modeled on public government land-acquisition systems
BHNV-00227,Rajasthan,Ajmer,Irrigation,93.94,68.62,165,21,2016-06-24,2017-08-24,2020-07-17,2019-01-21,2019-07-06,2019-12-28,134.87,7.83,Partially paid,98.2,3,Partial possession,307,37,0,Synthetic prototype; fields modeled on public government land-acquisition systems
BHNV-00228,West Bengal,Kolkata,Industrial Corridor,5.3,3.82,5,0,2017-05-24,2017-11-22,2019-11-22,2023-06-26,2023-10-12,2025-07-01,6.95,0.19,Partially paid,100.0,0,Partial possession,2431,55,0,Synthetic prototype; fields modeled on public government land-acquisition systems
BHNV-00229,Tamil Nadu,Salem,Urban Development,9.2,6.29,20,3,2024-08-28,2026-03-16,2028-07-18,2027-07-26,2028-10-17,2030-03-17,14.77,2.29,Partially paid,100.0,0,Partial possession,988,56,0,Synthetic prototype; fields modeled on public government land-acquisition systems
BHNV-00230,Karnataka,Mysuru,Industrial Corridor,39.0,34.9,81,15,2023-07-15,2025-05-10,2027-07-29,2029-09-02,2030-11-21,2031-12-17,78.58,4.03,Mostly paid,81.6,2,Partial possession,2110,51,0,Synthetic prototype; fields modeled on public government land-acquisition systems
BHNV-00231,Madhya Pradesh,Indore,Renewable Energy,391.47,342.39,682,113,2019-04-04,2021-07-08,2020-01-08,2019-12-02,2021-03-17,2021-07-21,1384.54,61.75,Partially paid,100.0,19,Partial possession,0,11,0,Synthetic prototype; fields modeled on public government land-acquisition systems
BHNV-00232,Uttar Pradesh,Agra,National Highway,7.7,5.74,16,2,2017-08-24,2018-10-29,2022-01-05,2023-04-02,2024-06-19,2026-02-01,7.9,0.87,Partially paid,100.0,0,Partial possession,2004,53,0,Synthetic prototype; fields modeled on public government land-acquisition systems
BHNV-00233,Maharashtra,Thane,National Highway,7.41,3.22,14,2,2018-04-17,2020-09-22,2022-06-13,2023-08-02,2024-04-01,2025-12-28,28.42,1.64,Pending,100.0,1,Pending,1956,65,1,Synthetic prototype; fields modeled on public government land-acquisition systems
BHNV-00234,Uttar Pradesh,Gorakhpur,National Highway,42.04,38.15,79,10,2018-09-28,2020-12-08,2019-08-06,2020-05-23,2020-07-06,2022-04-13,74.46,9.39,Partially paid,67.6,1,Substantially complete,139,20,0,Synthetic prototype; fields modeled on public government land-acquisition systems
BHNV-00235,Gujarat,Rajkot,Industrial Corridor,99.95,85.9,184,38,2025-08-10,2026-02-01,2027-05-01,2029-10-14,2030-09-28,2031-07-18,306.81,18.86,Partially paid,89.9,9,Partial possession,1123,57,0,Synthetic prototype; fields modeled on public government land-acquisition systems
BHNV-00236,Gujarat,Ahmedabad,Urban Development,16.05,12.8,39,7,2021-09-29,2022-05-07,2025-11-25,2025-08-04,2027-03-10,2029-04-16,45.67,3.05,Partially paid,100.0,0,Partial possession,1798,51,0,Synthetic prototype; fields modeled on public government land-acquisition systems
BHNV-00237,West Bengal,Howrah,National Highway,5.92,4.5,8,2,2023-06-26,2025-06-01,2023-10-30,2029-11-30,2030-06-09,2031-08-30,8.11,0.59,Partially paid,99.2,0,Partial possession,2017,53,0,Synthetic prototype; fields modeled on public government land-acquisition systems
BHNV-00238,Karnataka,Mangaluru,Urban Development,46.24,25.82,78,11,2022-05-02,2024-01-04,2025-03-05,2027-04-05,2028-11-07,2030-09-12,86.15,4.13,Pending,96.3,2,Pending,2329,61,1,Synthetic prototype; fields modeled on public government land-acquisition systems
BHNV-00239,Karnataka,Mangaluru,Industrial Corridor,55.41,40.17,101,17,2025-11-01,2026-06-19,2028-06-27,2027-08-04,2028-09-30,2029-06-13,105.0,3.25,Partially paid,100.0,1,Partial possession,248,30,0,Synthetic prototype; fields modeled on public government land-acquisition systems
BHNV-00240,Rajasthan,Ajmer,Renewable Energy,177.44,139.85,331,50,2019-01-15,2021-06-29,2023-05-06,2020-04-08,2020-12-15,2021-08-08,551.51,9.24,Partially paid,100.0,8,Partial possession,246,31,0,Synthetic prototype; fields modeled on public government land-acquisition systems
BHNV-00241,Rajasthan,Alwar,Urban Development,57.8,41.76,113,23,2023-04-07,2023-05-18,2024-09-25,2026-03-19,2027-01-05,2029-03-12,214.87,7.52,Partially paid,99.9,4,Partial possession,1665,56,0,Synthetic prototype; fields modeled on public government land-acquisition systems
BHNV-00242,Rajasthan,Alwar,Renewable Energy,68.58,40.38,133,17,2021-08-06,2021-10-26,2022-08-25,2027-04-23,2027-07-23,2028-05-18,307.67,15.68,Pending,100.0,4,Pending,1860,62,1,Synthetic prototype; fields modeled on public government land-acquisition systems
BHNV-00243,Madhya Pradesh,Ujjain,Industrial Corridor,23.05,14.65,45,7,2024-07-20,2026-09-25,2026-08-19,2028-08-31,2030-03-08,2030-03-26,26.62,2.01,Pending,100.0,0,Pending,1268,58,0,Synthetic prototype; fields modeled on public government land-acquisition systems
BHNV-00244,Odisha,Cuttack,Industrial Corridor,344.3,117.49,632,136,2024-11-24,2025-10-21,2026-12-12,2030-03-18,2030-09-06,2031-08-06,1471.22,38.61,Pending,89.3,13,Pending,1383,73,1,Synthetic prototype; fields modeled on public government land-acquisition systems
BHNV-00245,Bihar,Muzaffarpur,Irrigation,20.12,8.85,43,8,2025-03-03,2026-01-26,2025-12-16,2028-10-05,2029-04-04,2030-03-05,57.9,3.62,Pending,100.0,3,Pending,1314,64,1,Synthetic prototype; fields modeled on public government land-acquisition systems
BHNV-00246,Odisha,Cuttack,Industrial Corridor,16.25,15.72,23,3,2025-01-23,2026-07-27,2028-09-06,2030-12-07,2031-06-24,2031-07-16,34.45,1.27,Partially paid,68.7,0,Substantially complete,1442,51,0,Synthetic prototype; fields modeled on public government land-acquisition systems
BHNV-00247,Uttar Pradesh,Gorakhpur,Industrial Corridor,183.01,120.49,343,65,2017-08-07,2018-01-23,2020-12-14,2023-05-06,2024-06-12,2024-08-17,339.1,6.98,Partially paid,85.5,11,Partial possession,1589,62,1,Synthetic prototype; fields modeled on public government land-acquisition systems
BHNV-00248,Odisha,Sambalpur,Railway,6.86,6.45,13,2,2022-07-14,2022-11-20,2024-02-12,2028-08-13,2028-09-08,2029-02-11,10.79,0.78,Mostly paid,100.0,1,Substantially complete,1809,47,0,Synthetic prototype; fields modeled on public government land-acquisition systems
BHNV-00249,Madhya Pradesh,Ujjain,National Highway,4.72,2.82,11,5,2018-12-31,2020-05-28,2020-12-02,2020-03-22,2020-09-21,2022-11-23,13.5,1.11,Partially paid,100.0,0,Pending,314,39,0,Synthetic prototype; fields modeled on public government land-acquisition systems
BHNV-00250,Uttar Pradesh,Gorakhpur,Irrigation,33.77,28.55,63,13,2017-01-08,2017-06-23,2020-01-27,2023-06-04,2024-08-17,2025-06-07,145.22,7.21,Partially paid,100.0,2,Partial possession,2518,51,0,Synthetic prototype; fields modeled on public government land-acquisition systems
BHNV-00251,Odisha,Cuttack,Irrigation,29.91,18.74,59,10,2017-08-02,2018-09-01,2021-04-10,2019-09-08,2020-12-14,2021-03-26,44.09,2.8,Partially paid,91.8,0,Pending,555,58,0,Synthetic prototype; fields modeled on public government land-acquisition systems
BHNV-00252,Madhya Pradesh,Ujjain,Irrigation,23.86,17.32,24,1,2017-05-31,2018-12-15,2019-02-06,2023-01-29,2024-06-20,2024-12-11,57.59,2.69,Partially paid,94.1,0,Partial possession,1839,56,0,Synthetic prototype; fields modeled on public government land-acquisition systems
BHNV-00253,Bihar,Gaya,Railway,80.96,67.73,157,28,2019-06-15,2020-12-02,2023-09-26,2025-02-05,2026-05-14,2026-06-25,125.83,16.75,Partially paid,99.3,4,Partial possession,1823,53,0,Synthetic prototype; fields modeled on public government land-acquisition systems
BHNV-00254,Odisha,Sambalpur,Renewable Energy,12.08,4.71,23,8,2025-09-07,2027-07-25,2028-06-18,2029-06-26,2029-10-24,2031-04-19,17.51,1.4,Pending,100.0,3,Pending,1155,67,1,Synthetic prototype; fields modeled on public government land-acquisition systems
BHNV-00255,Madhya Pradesh,Indore,Industrial Corridor,31.95,26.97,52,9,2016-04-30,2016-11-06,2017-03-25,2020-07-31,2021-10-15,2022-07-28,128.02,1.06,Partially paid,100.0,4,Partial possession,1310,52,0,Synthetic prototype; fields modeled on public government land-acquisition systems
BHNV-00256,Rajasthan,Alwar,National Highway,20.9,12.5,38,5,2019-12-07,2022-02-04,2022-08-01,2026-04-21,2026-08-11,2026-12-03,36.98,3.97,Pending,100.0,2,Pending,2016,59,0,Synthetic prototype; fields modeled on public government land-acquisition systems
BHNV-00257,Karnataka,Bengaluru Urban,Urban Development,12.29,11.59,27,1,2020-10-12,2021-05-04,2024-03-02,2023-11-19,2024-07-16,2025-02-19,21.11,1.31,Mostly paid,100.0,0,Substantially complete,460,40,0,Synthetic prototype; fields modeled on public government land-acquisition systems
BHNV-00258,Rajasthan,Alwar,Renewable Energy,28.17,27.59,51,8,2023-11-24,2024-03-20,2027-06-23,2027-02-16,2028-05-22,2028-12-12,117.36,4.88,Mostly paid,100.0,0,Substantially complete,1206,45,0,Synthetic prototype; fields modeled on public government land-acquisition systems
BHNV-00259,Karnataka,Bengaluru Urban,Industrial Corridor,70.29,41.76,116,27,2023-03-02,2024-05-03,2025-07-07,2026-02-03,2027-06-08,2028-12-19,156.63,8.95,Partially paid,81.0,6,Pending,1437,61,1,Synthetic prototype; fields modeled on public government land-acquisition systems
BHNV-00260,Maharashtra,Nashik,Railway,249.78,168.55,474,76,2016-02-12,2017-07-05,2016-06-24,2017-02-14,2017-09-19,2018-07-24,207.88,19.99,Partially paid,100.0,10,Partial possession,181,29,0,Synthetic prototype; fields modeled on public government land-acquisition systems
BHNV-00261,Maharashtra,Nashik,Industrial Corridor,53.49,49.58,105,21,2020-03-07,2021-10-02,2021-04-06,2021-10-06,2022-08-13,2023-08-06,185.52,8.91,Mostly paid,92.7,0,Substantially complete,622,48,0,Synthetic prototype; fields modeled on public government land-acquisition systems
BHNV-00262,Maharashtra,Aurangabad,Industrial Corridor,2.43,2.03,6,1,2024-12-12,2026-05-02,2026-06-17,2028-11-13,2028-12-13,2031-02-06,6.59,0.58,Partially paid,90.8,0,Partial possession,1608,51,0,Synthetic prototype; fields modeled on public government land-acquisition systems
BHNV-00263,Bihar,Patna,Railway,28.84,20.92,63,13,2021-08-04,2023-10-25,2025-10-11,2027-06-06,2028-07-02,2030-08-24,105.68,4.25,Partially paid,100.0,4,Partial possession,2187,57,0,Synthetic prototype; fields modeled on public government land-acquisition systems
BHNV-00264,Rajasthan,Alwar,Irrigation,31.49,22.2,57,7,2021-10-20,2022-08-28,2025-03-23,2027-08-15,2028-07-30,2028-10-05,91.64,5.4,Partially paid,100.0,3,Partial possession,1564,56,0,Synthetic prototype; fields modeled on public government land-acquisition systems
BHNV-00265,Karnataka,Mysuru,Irrigation,76.42,22.2,158,25,2021-11-08,2023-12-15,2022-07-07,2022-12-06,2023-01-09,2024-12-27,160.46,9.56,Pending,85.2,4,Pending,125,40,0,Synthetic prototype; fields modeled on public government land-acquisition systems
BHNV-00266,Madhya Pradesh,Ujjain,National Highway,36.05,12.23,65,15,2017-05-05,2018-08-29,2019-05-22,2018-08-11,2019-11-08,2021-10-06,37.72,7.67,Pending,100.0,0,Pending,653,67,1,Synthetic prototype; fields modeled on public government land-acquisition systems
BHNV-00267,Uttar Pradesh,Agra,National Highway,104.91,52.98,176,41,2021-01-23,2022-11-07,2021-09-07,2025-02-01,2025-10-17,2025-12-17,420.06,7.74,Pending,98.7,4,Pending,1258,64,1,Synthetic prototype; fields modeled on public government land-acquisition systems
BHNV-00268,Madhya Pradesh,Jabalpur,Irrigation,44.33,27.86,72,7,2018-01-18,2018-05-09,2020-08-09,2023-02-14,2023-10-30,2025-01-08,69.43,7.04,Partially paid,75.5,0,Pending,1813,60,0,Synthetic prototype; fields modeled on public government land-acquisition systems
BHNV-00269,Uttar Pradesh,Lucknow,Renewable Energy,142.42,125.1,259,57,2024-05-03,2024-12-31,2027-02-21,2028-11-29,2030-01-09,2031-12-27,625.79,24.59,Partially paid,83.7,9,Partial possession,2222,55,0,Synthetic prototype; fields modeled on public government land-acquisition systems
BHNV-00270,Gujarat,Surat,Urban Development,19.32,17.85,43,7,2017-01-17,2019-05-12,2019-04-26,2023-02-10,2023-11-13,2025-03-06,33.03,3.14,Partially paid,98.5,1,Substantially complete,1999,49,0,Synthetic prototype; fields modeled on public government land-acquisition systems
BHNV-00271,Madhya Pradesh,Bhopal,Industrial Corridor,34.62,25.04,68,13,2018-03-15,2019-09-15,2022-03-27,2023-07-30,2024-03-20,2025-10-08,133.63,3.74,Partially paid,88.4,3,Partial possession,1617,57,0,Synthetic prototype; fields modeled on public government land-acquisition systems
BHNV-00272,Odisha,Puri,Urban Development,68.49,48.63,119,21,2020-01-29,2020-07-10,2021-08-13,2022-01-18,2022-02-09,2023-04-28,254.67,7.68,Partially paid,99.7,2,Partial possession,58,13,0,Synthetic prototype; fields modeled on public government land-acquisition systems
BHNV-00273,Odisha,Sambalpur,Industrial Corridor,16.91,10.2,39,7,2019-03-23,2020-07-11,2022-12-19,2022-04-14,2023-07-18,2024-09-01,42.48,3.24,Pending,87.3,1,Pending,822,61,1,Synthetic prototype; fields modeled on public government land-acquisition systems
BHNV-00274,West Bengal,Howrah,Irrigation,13.6,4.98,22,6,2022-01-26,2022-06-22,2023-11-20,2026-03-06,2026-04-03,2026-10-28,31.09,1.61,Pending,100.0,1,Pending,643,66,1,Synthetic prototype; fields modeled on public government land-acquisition systems
BHNV-00275,Rajasthan,Alwar,National Highway,15.97,13.82,28,3,2019-07-19,2021-04-04,2023-02-17,2021-08-30,2022-10-05,2022-12-24,54.33,2.69,Partially paid,100.0,1,Partial possession,136,16,0,Synthetic prototype; fields modeled on public government land-acquisition systems
BHNV-00276,Uttar Pradesh,Prayagraj,Renewable Energy,14.17,10.09,25,2,2018-07-06,2020-09-12,2022-03-23,2023-04-08,2023-05-14,2024-12-03,39.05,1.4,Partially paid,100.0,1,Partial possession,1551,56,0,Synthetic prototype; fields modeled on public government land-acquisition systems
BHNV-00277,Uttar Pradesh,Agra,National Highway,50.53,43.04,93,7,2024-09-16,2025-06-15,2026-05-22,2029-01-16,2029-09-12,2031-08-29,158.58,2.86,Mostly paid,97.1,2,Partial possession,1410,50,0,Synthetic prototype; fields modeled on public government land-acquisition systems
BHNV-00278,Rajasthan,Jodhpur,Urban Development,4.78,3.14,9,1,2016-05-30,2018-07-17,2016-09-07,2020-09-26,2021-06-02,2023-02-07,12.14,0.64,Pending,100.0,1,Partial possession,1657,58,0,Synthetic prototype; fields modeled on public government land-acquisition systems
BHNV-00279,Bihar,Gaya,National Highway,6.32,4.55,7,0,2017-03-06,2017-09-01,2020-11-27,2021-11-23,2022-11-13,2024-03-17,18.08,0.32,Partially paid,83.7,0,Partial possession,1856,56,0,Synthetic prototype; fields modeled on public government land-acquisition systems
BHNV-00280,West Bengal,Bardhaman,Irrigation,193.01,98.28,376,72,2022-11-03,2024-05-18,2026-01-24,2025-11-02,2026-03-30,2028-03-01,289.49,30.71,Pending,87.5,8,Pending,1279,68,1,Synthetic prototype; fields modeled on public government land-acquisition systems
BHNV-00281,Bihar,Gaya,Renewable Energy,14.51,10.58,29,4,2023-05-14,2025-03-19,2027-08-02,2026-12-10,2027-06-20,2027-07-30,14.58,2.09,Partially paid,100.0,0,Partial possession,990,54,0,Synthetic prototype; fields modeled on public government land-acquisition systems
BHNV-00282,Bihar,Bhagalpur,Urban Development,36.6,32.52,84,14,2023-09-28,2024-11-09,2028-01-16,2025-09-13,2027-04-06,2027-07-28,77.48,8.22,Partially paid,100.0,2,Partial possession,679,51,0,Synthetic prototype; fields modeled on public government land-acquisition systems
BHNV-00283,Bihar,Bhagalpur,Renewable Energy,6.76,3.8,6,0,2021-09-01,2023-05-31,2022-11-12,2025-01-06,2026-06-24,2027-10-27,17.06,0.47,Pending,95.4,0,Pending,1346,62,1,Synthetic prototype; fields modeled on public government land-acquisition systems
BHNV-00284,Rajasthan,Ajmer,Industrial Corridor,32.92,26.94,56,11,2022-08-11,2024-02-16,2025-05-14,2025-08-10,2027-02-14,2028-09-23,136.69,3.53,Partially paid,100.0,2,Partial possession,1447,51,0,Synthetic prototype; fields modeled on public government land-acquisition systems
BHNV-00285,Bihar,Gaya,National Highway,14.6,8.35,16,3,2017-10-12,2019-04-07,2020-04-16,2019-08-07,2020-10-31,2022-12-16,34.04,0.51,Partially paid,100.0,0,Pending,1213,58,0,Synthetic prototype; fields modeled on public government land-acquisition systems
BHNV-00286,Odisha,Puri,Renewable Energy,6.28,2.23,15,1,2018-03-30,2020-02-19,2022-01-28,2023-03-14,2023-05-18,2025-06-07,15.11,0.48,Pending,83.2,2,Pending,1956,70,1,Synthetic prototype; fields modeled on public government land-acquisition systems
BHNV-00287,Maharashtra,Nagpur,Railway,114.08,77.77,206,45,2022-04-05,2022-08-29,2025-05-12,2024-06-25,2025-09-25,2025-12-30,376.11,17.31,Partially paid,100.0,3,Partial possession,862,56,0,Synthetic prototype; fields modeled on public government land-acquisition systems
BHNV-00288,Gujarat,Ahmedabad,National Highway,97.76,82.34,158,21,2022-10-17,2024-09-09,2026-10-20,2024-12-29,2026-08-16,2027-10-02,153.01,17.08,Partially paid,100.0,3,Partial possession,976,53,0,Synthetic prototype; fields modeled on public government land-acquisition systems
BHNV-00289,Uttar Pradesh,Agra,Industrial Corridor,26.91,25.41,36,5,2023-07-14,2025-03-10,2026-11-22,2028-08-10,2029-06-01,2031-05-10,108.31,2.21,Mostly paid,100.0,2,Substantially complete,2163,47,0,Synthetic prototype; fields modeled on public government land-acquisition systems
BHNV-00290,Uttar Pradesh,Prayagraj,Renewable Energy,81.4,54.33,110,18,2024-10-03,2026-08-25,2025-12-21,2027-01-01,2027-02-28,2029-02-11,193.92,8.04,Partially paid,60.1,4,Partial possession,629,62,1,Synthetic prototype; fields modeled on public government land-acquisition systems
BHNV-00291,Gujarat,Ahmedabad,Urban Development,201.0,161.8,364,70,2018-07-30,2019-07-11,2022-08-31,2025-02-06,2026-02-20,2027-04-03,853.03,28.8,Mostly paid,88.7,8,Partial possession,2113,54,0,Synthetic prototype; fields modeled on public government land-acquisition systems
BHNV-00292,Rajasthan,Jodhpur,Industrial Corridor,63.69,52.72,127,21,2017-06-24,2017-08-04,2020-06-04,2018-06-14,2019-03-24,2019-05-21,114.88,8.6,Partially paid,84.9,3,Partial possession,0,9,0,Synthetic prototype; fields modeled on public government land-acquisition systems
BHNV-00293,Madhya Pradesh,Ujjain,Railway,48.41,36.75,75,12,2023-05-04,2023-08-31,2026-01-10,2024-07-20,2026-02-19,2027-06-26,122.12,1.95,Partially paid,88.3,5,Partial possession,671,55,0,Synthetic prototype; fields modeled on public government land-acquisition systems
BHNV-00294,Rajasthan,Jodhpur,Renewable Energy,36.56,27.4,70,11,2022-02-23,2023-04-16,2022-12-17,2023-12-04,2024-10-06,2026-11-30,134.51,5.52,Partially paid,90.0,0,Partial possession,1034,55,0,Synthetic prototype; fields modeled on public government land-acquisition systems
BHNV-00295,Uttar Pradesh,Agra,Irrigation,57.37,45.99,115,36,2020-09-05,2020-12-26,2023-10-17,2023-04-16,2023-11-10,2025-07-26,163.9,3.88,Partially paid,93.8,1,Partial possession,659,53,0,Synthetic prototype; fields modeled on public government land-acquisition systems
BHNV-00296,Uttar Pradesh,Lucknow,National Highway,20.82,11.44,42,9,2022-12-04,2025-02-02,2025-08-01,2024-07-31,2025-08-20,2025-12-03,67.59,3.17,Partially paid,94.6,2,Pending,93,24,0,Synthetic prototype; fields modeled on public government land-acquisition systems
BHNV-00297,Gujarat,Ahmedabad,Urban Development,22.72,21.22,44,13,2019-04-17,2020-06-15,2023-04-17,2022-10-07,2024-04-25,2025-04-03,41.77,4.29,Partially paid,100.0,2,Substantially complete,1549,49,0,Synthetic prototype; fields modeled on public government land-acquisition systems
BHNV-00298,Bihar,Bhagalpur,Irrigation,47.03,35.89,89,18,2018-05-18,2019-12-13,2020-02-18,2020-12-21,2021-03-23,2023-01-19,94.78,1.83,Partially paid,93.7,4,Partial possession,536,55,0,Synthetic prototype; fields modeled on public government land-acquisition systems
BHNV-00299,Rajasthan,Jaipur,Renewable Energy,18.66,17.89,31,5,2023-01-14,2024-12-04,2024-07-23,2027-02-16,2027-09-07,2028-11-08,49.97,1.95,Mostly paid,100.0,1,Substantially complete,1625,46,0,Synthetic prototype; fields modeled on public government land-acquisition systems
BHNV-00300,Karnataka,Bengaluru Urban,Renewable Energy,20.78,17.91,33,5,2017-10-12,2019-08-12,2020-02-08,2022-08-26,2023-10-04,2025-11-20,32.19,3.12,Partially paid,93.0,1,Partial possession,1975,52,0,Synthetic prototype; fields modeled on public government land-acquisition systems
BHNV-00301,Gujarat,Ahmedabad,Industrial Corridor,29.97,18.77,50,9,2024-03-25,2024-08-01,2028-07-01,2030-05-08,2030-06-16,2032-06-19,37.98,3.64,Partially paid,98.9,4,Pending,2061,58,0,Synthetic prototype; fields modeled on public government land-acquisition systems
BHNV-00302,Odisha,Bhubaneswar,Renewable Energy,94.69,86.97,168,26,2017-03-12,2018-07-11,2018-06-20,2020-12-31,2021-11-12,2023-10-18,371.38,7.31,Partially paid,87.8,6,Substantially complete,1240,52,0,Synthetic prototype; fields modeled on public government land-acquisition systems
BHNV-00303,Uttar Pradesh,Varanasi,Urban Development,9.65,8.67,19,5,2020-11-23,2021-11-15,2022-04-07,2025-04-10,2026-04-17,2028-03-30,35.39,1.71,Partially paid,88.2,1,Partial possession,1862,51,0,Synthetic prototype; fields modeled on public government land-acquisition systems
BHNV-00304,Gujarat,Rajkot,Irrigation,64.02,32.89,109,24,2023-12-14,2026-01-05,2025-10-17,2026-06-24,2026-10-10,2027-02-11,272.0,10.72,Pending,100.0,3,Pending,632,63,1,Synthetic prototype; fields modeled on public government land-acquisition systems
BHNV-00305,Rajasthan,Alwar,Urban Development,66.14,33.22,124,21,2016-11-09,2017-02-20,2018-06-13,2021-05-08,2022-11-24,2023-07-15,196.45,6.98,Pending,100.0,5,Pending,1563,64,1,Synthetic prototype; fields modeled on public government land-acquisition systems
BHNV-00306,Uttar Pradesh,Lucknow,Railway,65.75,23.85,135,26,2016-01-19,2016-05-23,2016-08-15,2019-10-27,2020-10-11,2022-01-31,154.84,6.71,Pending,100.0,1,Pending,1549,66,1,Synthetic prototype; fields modeled on public government land-acquisition systems
BHNV-00307,Madhya Pradesh,Indore,Railway,13.37,10.13,30,2,2019-03-29,2019-07-28,2022-04-20,2021-10-08,2022-04-04,2023-09-15,15.79,2.24,Partially paid,96.6,1,Partial possession,860,56,0,Synthetic prototype; fields modeled on public government land-acquisition systems
BHNV-00308,Gujarat,Vadodara,National Highway,5.51,3.26,12,2,2018-03-28,2019-03-22,2019-08-15,2019-01-08,2019-12-29,2021-07-18,21.75,0.68,Pending,100.0,0,Pending,616,60,0,Synthetic prototype; fields modeled on public government land-acquisition systems
BHNV-00309,West Bengal,Hooghly,National Highway,52.44,45.95,87,10,2016-05-01,2018-09-17,2017-06-13,2017-01-09,2018-08-13,2020-05-25,130.48,9.01,Partially paid,82.2,3,Partial possession,462,46,0,Synthetic prototype; fields modeled on public government land-acquisition systems
BHNV-00310,Uttar Pradesh,Prayagraj,Railway,36.15,33.6,68,7,2021-10-20,2022-05-12,2022-07-06,2027-02-22,2027-05-19,2028-02-14,103.97,6.66,Mostly paid,97.0,1,Substantially complete,1688,47,0,Synthetic prototype; fields modeled on public government land-acquisition systems
BHNV-00311,Rajasthan,Alwar,Renewable Energy,81.81,53.99,155,29,2018-12-14,2021-01-18,2021-07-14,2022-06-01,2022-07-27,2023-02-19,160.35,7.93,Partially paid,100.0,2,Partial possession,577,56,0,Synthetic prototype; fields modeled on public government land-acquisition systems
BHNV-00312,Maharashtra,Thane,Urban Development,14.87,9.41,17,2,2022-11-12,2023-10-22,2023-04-15,2026-11-04,2028-01-03,2029-10-05,40.72,1.12,Pending,88.7,0,Pending,1418,59,0,Synthetic prototype; fields modeled on public government land-acquisition systems
BHNV-00313,Karnataka,Mangaluru,Railway,64.08,40.23,136,27,2016-06-17,2018-06-03,2018-10-25,2019-01-14,2019-02-18,2019-05-13,236.61,14.82,Partially paid,100.0,3,Pending,0,12,0,Synthetic prototype; fields modeled on public government land-acquisition systems
BHNV-00314,Tamil Nadu,Madurai,National Highway,86.01,76.09,147,32,2023-03-14,2024-10-31,2024-03-03,2028-11-14,2028-11-29,2030-03-17,295.48,5.11,Partially paid,100.0,0,Partial possession,1739,49,0,Synthetic prototype; fields modeled on public government land-acquisition systems
BHNV-00315,Bihar,Gaya,Railway,27.24,23.51,48,6,2019-03-18,2020-08-25,2020-12-10,2025-01-31,2026-09-09,2027-10-10,121.46,4.58,Mostly paid,94.8,1,Partial possession,2598,49,0,Synthetic prototype; fields modeled on public government land-acquisition systems
BHNV-00316,Tamil Nadu,Salem,Renewable Energy,45.46,32.43,78,16,2017-09-20,2018-07-15,2019-02-23,2022-05-03,2022-08-01,2023-12-22,119.74,4.03,Partially paid,80.1,1,Partial possession,1351,57,0,Synthetic prototype; fields modeled on public government land-acquisition systems
BHNV-00317,Rajasthan,Kota,Railway,43.9,36.97,92,17,2016-01-26,2017-04-27,2018-12-06,2016-10-24,2017-12-10,2018-03-31,121.16,2.94,Mostly paid,88.8,2,Partial possession,0,6,0,Synthetic prototype; fields modeled on public government land-acquisition systems
BHNV-00318,Odisha,Cuttack,Urban Development,13.18,12.41,35,4,2019-06-25,2019-08-28,2022-05-21,2022-01-04,2022-04-16,2024-04-27,13.12,1.11,Mostly paid,93.2,0,Substantially complete,659,48,0,Synthetic prototype; fields modeled on public government land-acquisition systems
BHNV-00319,Odisha,Puri,Irrigation,50.96,40.21,111,21,2023-07-31,2023-12-26,2026-01-28,2024-11-11,2024-12-12,2025-08-07,114.19,5.29,Partially paid,66.0,2,Partial possession,110,22,0,Synthetic prototype; fields modeled on public government land-acquisition systems
BHNV-00320,Maharashtra,Pune,Renewable Energy,151.79,128.05,271,61,2025-01-11,2026-02-15,2027-09-24,2026-03-05,2027-02-11,2027-12-03,639.31,20.27,Partially paid,100.0,4,Partial possession,104,16,0,Synthetic prototype; fields modeled on public government land-acquisition systems
BHNV-00321,Bihar,Muzaffarpur,National Highway,30.64,26.8,59,18,2021-04-30,2022-12-18,2022-04-28,2023-05-16,2023-12-26,2024-12-07,64.24,6.54,Partially paid,100.0,1,Partial possession,382,37,0,Synthetic prototype; fields modeled on public government land-acquisition systems
BHNV-00322,West Bengal,Kolkata,Urban Development,6.95,6.62,15,3,2020-09-25,2022-01-18,2023-01-20,2024-04-18,2025-05-20,2027-03-06,25.26,0.75,Mostly paid,98.3,0,Substantially complete,1247,47,0,Synthetic prototype; fields modeled on public government land-acquisition systems
BHNV-00323,Maharashtra,Thane,Railway,15.07,12.16,26,2,2025-09-25,2026-08-29,2028-04-14,2031-03-06,2032-10-05,2034-06-22,66.57,1.04,Partially paid,81.8,0,Partial possession,2017,54,0,Synthetic prototype; fields modeled on public government land-acquisition systems
BHNV-00324,Tamil Nadu,Madurai,Railway,5.06,3.76,6,1,2021-01-30,2022-02-20,2021-12-28,2027-01-07,2027-06-16,2029-08-20,6.42,0.41,Partially paid,100.0,0,Partial possession,2118,54,0,Synthetic prototype; fields modeled on public government land-acquisition systems
BHNV-00325,Maharashtra,Aurangabad,Irrigation,108.88,82.75,160,24,2018-10-30,2019-12-09,2020-12-17,2024-08-26,2025-12-06,2027-01-29,221.66,5.71,Mostly paid,77.4,3,Partial possession,1862,54,0,Synthetic prototype; fields modeled on public government land-acquisition systems
BHNV-00326,Tamil Nadu,Madurai,National Highway,64.34,19.8,114,21,2019-01-23,2021-05-29,2019-12-21,2020-10-04,2021-11-15,2023-04-09,164.4,5.38,Pending,100.0,6,Pending,721,72,1,Synthetic prototype; fields modeled on public government land-acquisition systems
BHNV-00327,Uttar Pradesh,Agra,National Highway,18.15,14.51,28,6,2021-12-08,2022-04-21,2025-02-18,2025-12-06,2026-10-26,2028-12-07,30.46,3.32,Partially paid,100.0,1,Partial possession,1593,53,0,Synthetic prototype; fields modeled on public government land-acquisition systems
BHNV-00328,Odisha,Puri,Industrial Corridor,7.26,4.28,13,2,2016-05-05,2017-06-28,2018-02-21,2021-12-22,2023-05-12,2023-11-28,6.14,0.99,Partially paid,97.9,0,Pending,1936,59,0,Synthetic prototype; fields modeled on public government land-acquisition systems
BHNV-00329,Uttar Pradesh,Prayagraj,National Highway,13.02,11.51,23,2,2023-02-09,2023-09-02,2025-11-17,2025-04-03,2026-06-21,2028-07-30,32.99,2.26,Mostly paid,100.0,0,Partial possession,1390,48,0,Synthetic prototype; fields modeled on public government land-acquisition systems
BHNV-00330,Karnataka,Bengaluru Urban,Irrigation,15.83,13.59,39,7,2018-12-28,2019-05-12,2021-02-15,2023-10-25,2023-11-09,2023-12-31,44.09,1.61,Partially paid,100.0,0,Partial possession,804,50,0,Synthetic prototype; fields modeled on public government land-acquisition systems
BHNV-00331,Bihar,Muzaffarpur,Industrial Corridor,33.43,27.11,57,6,2022-06-02,2024-02-13,2026-09-08,2028-09-03,2028-10-28,2030-12-20,104.1,4.1,Partially paid,89.4,2,Partial possession,2149,54,0,Synthetic prototype; fields modeled on public government land-acquisition systems
BHNV-00332,West Bengal,Kolkata,Industrial Corridor,32.32,28.17,45,9,2017-11-16,2018-05-27,2019-01-24,2023-04-28,2024-12-17,2027-01-30,124.78,3.2,Mostly paid,81.7,2,Partial possession,2471,52,0,Synthetic prototype; fields modeled on public government land-acquisition systems
BHNV-00333,Tamil Nadu,Salem,Railway,114.6,81.57,205,36,2025-10-12,2026-08-04,2027-02-27,2031-07-05,2032-02-16,2033-12-06,198.98,20.76,Partially paid,100.0,4,Partial possession,1805,56,0,Synthetic prototype; fields modeled on public government land-acquisition systems
BHNV-00334,West Bengal,Kolkata,Railway,14.99,11.64,22,4,2018-08-30,2020-04-13,2022-03-09,2019-10-08,2020-09-19,2022-02-03,15.38,0.49,Partially paid,97.3,1,Partial possession,110,18,0,Synthetic prototype; fields modeled on public government land-acquisition systems
BHNV-00335,Tamil Nadu,Salem,National Highway,6.63,2.11,18,6,2024-07-13,2025-05-17,2025-07-03,2027-02-09,2028-05-14,2029-12-05,7.51,1.91,Pending,100.0,0,Pending,1359,70,1,Synthetic prototype; fields modeled on public government land-acquisition systems
BHNV-00336,Rajasthan,Jaipur,Industrial Corridor,9.42,6.69,20,4,2017-09-26,2018-08-24,2020-12-28,2021-07-31,2022-06-14,2024-06-02,24.87,0.56,Partially paid,98.7,0,Partial possession,1656,55,0,Synthetic prototype; fields modeled on public government land-acquisition systems
BHNV-00337,Maharashtra,Nagpur,Railway,29.28,25.39,56,7,2022-08-26,2024-05-03,2025-09-18,2028-11-29,2030-06-21,2031-11-23,123.34,6.25,Partially paid,100.0,2,Partial possession,2271,51,0,Synthetic prototype; fields modeled on public government land-acquisition systems
BHNV-00338,Karnataka,Bengaluru Urban,Irrigation,14.46,13.87,29,5,2021-06-30,2023-12-07,2024-05-05,2022-07-02,2022-12-17,2024-05-03,64.12,0.99,Mostly paid,100.0,1,Substantially complete,192,17,0,Synthetic prototype; fields modeled on public government land-acquisition systems
BHNV-00339,Odisha,Bhubaneswar,Railway,22.38,9.95,35,7,2018-11-16,2019-04-21,2021-04-05,2021-03-06,2022-08-25,2022-11-04,34.88,2.56,Pending,81.0,1,Pending,349,50,0,Synthetic prototype; fields modeled on public government land-acquisition systems
BHNV-00340,Tamil Nadu,Madurai,Renewable Energy,19.03,15.2,34,7,2017-12-05,2018-09-06,2020-10-15,2021-07-02,2021-08-10,2023-01-18,25.92,1.02,Partially paid,86.1,0,Partial possession,725,53,0,Synthetic prototype; fields modeled on public government land-acquisition systems
BHNV-00341,West Bengal,Bardhaman,Renewable Energy,80.66,77.52,157,34,2022-12-19,2025-04-20,2026-04-13,2028-07-03,2028-08-11,2029-04-30,170.02,10.16,Partially paid,100.0,2,Substantially complete,1564,48,0,Synthetic prototype; fields modeled on public government land-acquisition systems
BHNV-00342,Karnataka,Mangaluru,Railway,16.66,12.93,41,5,2023-12-09,2024-08-28,2027-09-02,2024-10-05,2025-02-02,2025-05-31,41.92,2.05,Partially paid,100.0,1,Partial possession,0,9,0,Synthetic prototype; fields modeled on public government land-acquisition systems
BHNV-00343,Madhya Pradesh,Bhopal,Industrial Corridor,20.55,17.75,40,11,2024-10-12,2026-09-08,2025-11-26,2025-07-27,2025-12-07,2027-07-01,77.88,2.48,Partially paid,100.0,1,Partial possession,459,45,0,Synthetic prototype; fields modeled on public government land-acquisition systems
BHNV-00344,Madhya Pradesh,Ujjain,Industrial Corridor,61.39,43.3,127,16,2017-12-07,2019-08-13,2020-01-27,2023-10-23,2024-02-22,2024-05-06,225.06,9.46,Partially paid,100.0,1,Partial possession,1674,54,0,Synthetic prototype; fields modeled on public government land-acquisition systems
BHNV-00345,Uttar Pradesh,Prayagraj,Urban Development,17.03,15.51,33,11,2024-07-17,2025-10-28,2028-04-28,2026-10-02,2027-09-11,2029-04-25,71.76,2.18,Mostly paid,95.3,1,Substantially complete,899,48,0,Synthetic prototype; fields modeled on public government land-acquisition systems
BHNV-00346,Odisha,Bhubaneswar,Renewable Energy,45.75,35.01,78,18,2020-06-19,2020-12-02,2024-09-23,2021-10-17,2022-04-29,2024-05-17,181.86,1.74,Partially paid,89.6,2,Partial possession,783,56,0,Synthetic prototype; fields modeled on public government land-acquisition systems
BHNV-00347,Rajasthan,Jodhpur,Irrigation,41.74,6.26,85,17,2025-10-18,2028-01-11,2026-06-03,2028-09-16,2029-02-08,2030-09-04,101.16,9.04,Pending,97.8,1,Pending,751,76,1,Synthetic prototype; fields modeled on public government land-acquisition systems
BHNV-00348,West Bengal,Howrah,Industrial Corridor,34.53,10.62,57,12,2021-07-20,2023-02-25,2023-12-17,2022-03-31,2022-09-29,2023-06-08,30.05,1.68,Pending,100.0,0,Pending,0,24,0,Synthetic prototype; fields modeled on public government land-acquisition systems
BHNV-00349,Maharashtra,Thane,National Highway,9.64,7.03,29,2,2021-12-08,2024-02-04,2023-02-06,2024-01-22,2024-09-15,2025-10-05,16.15,3.42,Mostly paid,97.9,1,Partial possession,250,27,0,Synthetic prototype; fields modeled on public government land-acquisition systems
BHNV-00350,Maharashtra,Nagpur,Renewable Energy,102.49,53.03,183,33,2021-07-01,2021-12-26,2023-12-07,2027-09-28,2029-01-23,2029-03-04,313.33,19.24,Pending,100.0,5,Pending,1766,62,1,Synthetic prototype; fields modeled on public government land-acquisition systems
BHNV-00351,West Bengal,Bardhaman,Irrigation,276.08,194.65,462,77,2025-01-01,2025-03-27,2025-04-27,2027-01-28,2027-11-16,2028-12-27,733.14,35.18,Partially paid,99.5,13,Partial possession,711,60,0,Synthetic prototype; fields modeled on public government land-acquisition systems
BHNV-00352,Bihar,Muzaffarpur,Irrigation,30.23,26.32,50,7,2017-09-17,2019-09-04,2019-11-24,2020-04-04,2020-10-25,2022-07-07,51.05,2.23,Mostly paid,100.0,1,Partial possession,914,49,0,Synthetic prototype; fields modeled on public government land-acquisition systems
BHNV-00353,Rajasthan,Kota,Industrial Corridor,10.52,9.15,21,6,2017-06-09,2018-06-29,2020-06-21,2020-09-13,2022-03-12,2022-07-14,13.54,0.6,Partially paid,91.1,1,Partial possession,695,51,0,Synthetic prototype; fields modeled on public government land-acquisition systems
BHNV-00354,Karnataka,Mangaluru,Irrigation,30.85,26.08,46,8,2020-05-16,2021-02-26,2021-07-31,2023-02-10,2024-08-03,2025-09-13,49.34,4.01,Partially paid,82.0,3,Partial possession,893,55,0,Synthetic prototype; fields modeled on public government land-acquisition systems
BHNV-00355,Tamil Nadu,Madurai,Industrial Corridor,80.63,52.29,151,30,2018-12-02,2021-03-23,2021-12-08,2020-01-01,2020-07-23,2022-09-18,141.99,6.06,Pending,100.0,4,Pending,197,31,0,Synthetic prototype; fields modeled on public government land-acquisition systems
BHNV-00356,Bihar,Bhagalpur,Railway,16.2,10.37,28,6,2021-04-30,2021-07-31,2023-11-23,2023-02-06,2023-09-26,2024-06-20,64.95,2.61,Pending,100.0,1,Pending,567,58,0,Synthetic prototype; fields modeled on public government land-acquisition systems
BHNV-00357,Tamil Nadu,Madurai,Renewable Energy,26.34,24.45,56,9,2023-08-31,2026-01-02,2025-08-27,2029-03-13,2030-01-20,2031-08-09,90.29,5.78,Mostly paid,99.1,1,Substantially complete,1712,48,0,Synthetic prototype; fields modeled on public government land-acquisition systems
BHNV-00358,Tamil Nadu,Madurai,Urban Development,42.13,35.53,73,11,2016-04-05,2016-07-06,2018-08-23,2021-03-24,2022-02-12,2024-04-02,119.8,8.68,Partially paid,74.9,2,Partial possession,2229,54,0,Synthetic prototype; fields modeled on public government land-acquisition systems
BHNV-00359,Bihar,Gaya,Railway,99.79,79.2,192,35,2021-09-05,2023-12-19,2024-05-09,2022-06-23,2023-02-28,2023-06-19,87.56,13.52,Partially paid,100.0,6,Partial possession,0,10,0,Synthetic prototype; fields modeled on public government land-acquisition systems
BHNV-00360,Uttar Pradesh,Agra,Renewable Energy,65.07,48.03,102,19,2018-04-15,2018-06-12,2022-01-16,2020-06-30,2020-12-29,2022-07-04,249.77,11.98,Partially paid,88.4,2,Partial possession,430,47,0,Synthetic prototype; fields modeled on public government land-acquisition systems
BHNV-00361,Madhya Pradesh,Ujjain,Industrial Corridor,67.82,66.48,155,25,2021-04-02,2022-11-04,2023-06-20,2025-03-23,2025-10-16,2026-02-11,192.89,5.41,Mostly paid,83.5,1,Substantially complete,788,48,0,Synthetic prototype; fields modeled on public government land-acquisition systems
BHNV-00362,Tamil Nadu,Coimbatore,Renewable Energy,19.56,15.81,26,6,2019-06-19,2021-05-07,2022-01-22,2020-10-16,2021-06-29,2023-03-20,61.05,2.69,Mostly paid,100.0,1,Partial possession,836,50,0,Synthetic prototype; fields modeled on public government land-acquisition systems
BHNV-00363,Bihar,Gaya,Industrial Corridor,44.79,27.51,87,10,2022-12-09,2024-08-29,2025-03-26,2023-10-06,2024-03-30,2025-11-21,46.71,4.87,Partially paid,100.0,5,Pending,285,38,0,Synthetic prototype; fields modeled on public government land-acquisition systems
BHNV-00364,Bihar,Bhagalpur,Railway,14.56,6.56,23,5,2021-06-17,2023-02-04,2022-03-20,2022-05-22,2023-05-10,2025-01-10,55.55,1.3,Pending,93.1,0,Pending,762,65,1,Synthetic prototype; fields modeled on public government land-acquisition systems
BHNV-00365,Gujarat,Rajkot,National Highway,69.79,45.81,119,21,2016-08-27,2017-07-22,2019-07-08,2019-06-27,2020-10-08,2022-03-02,270.68,5.58,Partially paid,93.8,4,Partial possession,1344,58,0,Synthetic prototype; fields modeled on public government land-acquisition systems
BHNV-00366,Uttar Pradesh,Varanasi,National Highway,94.75,35.3,183,39,2019-08-20,2021-08-23,2020-11-18,2024-10-10,2025-03-08,2025-10-22,385.48,6.83,Pending,88.7,6,Pending,1187,70,1,Synthetic prototype; fields modeled on public government land-acquisition systems
BHNV-00367,Odisha,Cuttack,Renewable Energy,52.11,33.24,89,12,2021-10-15,2023-07-18,2023-06-01,2023-10-19,2024-05-13,2024-09-17,143.51,5.72,Partially paid,74.1,2,Pending,3,17,0,Synthetic prototype; fields modeled on public government land-acquisition systems
BHNV-00368,Gujarat,Surat,National Highway,20.75,14.55,36,8,2025-03-06,2025-11-05,2025-07-18,2025-10-07,2026-11-27,2027-10-19,46.85,4.27,Partially paid,98.0,0,Partial possession,64,16,0,Synthetic prototype; fields modeled on public government land-acquisition systems
BHNV-00369,Gujarat,Rajkot,Industrial Corridor,24.44,19.18,52,9,2024-12-07,2025-05-26,2029-02-14,2027-01-06,2028-02-16,2029-09-21,26.16,2.76,Partially paid,100.0,1,Partial possession,1062,53,0,Synthetic prototype; fields modeled on public government land-acquisition systems
BHNV-00370,West Bengal,Bardhaman,Irrigation,182.46,138.81,348,56,2019-02-16,2020-08-05,2021-08-21,2022-03-01,2022-04-26,2022-08-19,276.86,23.01,Partially paid,96.2,6,Partial possession,485,52,0,Synthetic prototype; fields modeled on public government land-acquisition systems
BHNV-00371,Madhya Pradesh,Jabalpur,Industrial Corridor,21.1,10.41,40,6,2024-10-28,2026-06-10,2025-02-14,2029-03-29,2029-07-14,2031-08-29,34.49,1.71,Pending,97.1,0,Pending,1612,62,1,Synthetic prototype; fields modeled on public government land-acquisition systems
BHNV-00372,Bihar,Patna,Irrigation,85.63,74.8,155,20,2019-11-16,2021-04-27,2022-11-05,2022-12-02,2023-07-19,2025-05-10,88.37,8.33,Mostly paid,82.3,5,Partial possession,905,52,0,Synthetic prototype; fields modeled on public government land-acquisition systems
BHNV-00373,Madhya Pradesh,Bhopal,Railway,42.05,32.8,81,19,2022-03-28,2024-01-13,2023-12-18,2023-02-09,2024-02-07,2025-12-05,57.66,2.07,Partially paid,100.0,1,Partial possession,785,52,0,Synthetic prototype; fields modeled on public government land-acquisition systems
BHNV-00374,Rajasthan,Jaipur,Urban Development,21.45,16.03,40,7,2022-07-26,2024-01-08,2023-02-05,2028-09-29,2030-03-10,2030-06-16,87.54,4.62,Partially paid,100.0,1,Partial possession,2302,55,0,Synthetic prototype; fields modeled on public government land-acquisition systems
BHNV-00375,West Bengal,Hooghly,Irrigation,7.81,5.89,20,3,2018-01-30,2020-03-10,2019-12-06,2022-09-17,2023-09-01,2025-09-03,22.01,1.42,Partially paid,100.0,0,Partial possession,2089,52,0,Synthetic prototype; fields modeled on public government land-acquisition systems
BHNV-00376,Odisha,Sambalpur,National Highway,37.03,31.57,56,12,2020-04-01,2022-06-03,2021-10-02,2026-07-15,2027-09-01,2029-09-26,134.37,5.22,Mostly paid,93.4,0,Partial possession,2505,50,0,Synthetic prototype; fields modeled on public government land-acquisition systems
BHNV-00377,Madhya Pradesh,Indore,Industrial Corridor,32.82,28.56,47,12,2024-11-16,2026-07-25,2028-07-21,2026-10-30,2027-04-26,2028-03-07,59.65,3.35,Mostly paid,58.8,2,Partial possession,363,39,0,Synthetic prototype; fields modeled on public government land-acquisition systems
BHNV-00378,Maharashtra,Nagpur,Railway,182.46,109.41,298,46,2018-05-12,2018-12-18,2021-06-02,2024-05-27,2024-09-24,2026-05-04,236.84,28.91,Partially paid,97.7,10,Pending,1877,61,1,Synthetic prototype; fields modeled on public government land-acquisition systems
BHNV-00379,Tamil Nadu,Chennai,National Highway,12.68,9.34,32,7,2019-03-01,2021-03-10,2019-09-12,2023-02-01,2023-10-05,2024-05-23,27.66,2.35,Partially paid,94.1,1,Partial possession,1173,54,0,Synthetic prototype; fields modeled on public government land-acquisition systems
BHNV-00380,Rajasthan,Ajmer,Railway,297.31,195.24,494,88,2016-12-22,2018-11-26,2019-08-13,2020-09-14,2022-04-09,2023-11-12,1110.17,44.54,Pending,96.6,20,Partial possession,1721,65,1,Synthetic prototype; fields modeled on public government land-acquisition systems
BHNV-00381,Uttar Pradesh,Gorakhpur,Urban Development,43.76,33.6,83,10,2020-07-29,2022-06-09,2024-09-10,2021-03-22,2022-09-20,2024-03-28,83.15,7.34,Partially paid,100.0,4,Partial possession,352,38,0,Synthetic prototype; fields modeled on public government land-acquisition systems
BHNV-00382,Odisha,Puri,Industrial Corridor,43.72,36.24,80,17,2024-07-10,2024-09-26,2026-08-17,2029-02-13,2029-08-23,2031-05-22,68.06,5.87,Mostly paid,93.8,2,Partial possession,1639,51,0,Synthetic prototype; fields modeled on public government land-acquisition systems
BHNV-00383,Rajasthan,Jaipur,Renewable Energy,16.56,10.52,36,9,2019-08-21,2020-09-16,2020-06-22,2024-05-21,2025-03-25,2025-07-09,14.62,1.55,Partially paid,99.2,1,Pending,1351,57,0,Synthetic prototype; fields modeled on public government land-acquisition systems
BHNV-00384,Tamil Nadu,Chennai,Industrial Corridor,41.05,25.68,75,9,2018-10-26,2020-08-12,2021-06-01,2023-08-01,2024-05-06,2026-03-05,127.62,3.09,Pending,100.0,2,Pending,2098,59,0,Synthetic prototype; fields modeled on public government land-acquisition systems
BHNV-00385,West Bengal,Kolkata,Urban Development,48.09,35.46,82,18,2022-07-04,2024-06-12,2023-06-14,2023-05-29,2024-11-13,2026-02-22,116.02,8.81,Partially paid,78.7,4,Partial possession,390,44,0,Synthetic prototype; fields modeled on public government land-acquisition systems
BHNV-00386,Tamil Nadu,Coimbatore,Industrial Corridor,76.5,58.87,128,26,2024-11-15,2026-04-24,2027-07-26,2030-04-09,2031-01-18,2032-10-07,134.44,4.1,Partially paid,94.0,2,Partial possession,1855,55,0,Synthetic prototype; fields modeled on public government land-acquisition systems
BHNV-00387,Gujarat,Surat,Renewable Energy,11.26,7.67,18,3,2021-06-14,2022-04-16,2021-12-13,2022-12-24,2023-08-07,2023-10-31,30.66,1.37,Partially paid,99.1,0,Partial possession,282,33,0,Synthetic prototype; fields modeled on public government land-acquisition systems
BHNV-00388,Tamil Nadu,Coimbatore,Irrigation,122.34,107.28,245,47,2024-02-06,2024-04-22,2025-03-28,2029-02-01,2029-07-28,2031-01-18,415.02,17.21,Mostly paid,99.6,11,Partial possession,2015,53,0,Synthetic prototype; fields modeled on public government land-acquisition systems
BHNV-00389,Gujarat,Surat,Railway,43.01,38.49,81,20,2022-07-13,2024-09-20,2024-07-26,2027-05-29,2028-12-20,2030-02-08,73.79,8.09,Mostly paid,94.1,2,Partial possession,1936,50,0,Synthetic prototype; fields modeled on public government land-acquisition systems
BHNV-00390,West Bengal,Hooghly,Renewable Energy,55.05,27.5,115,21,2024-08-06,2025-04-08,2027-12-17,2028-05-14,2028-07-20,2030-06-03,168.04,3.86,Pending,93.6,2,Pending,1570,63,1,Synthetic prototype; fields modeled on public government land-acquisition systems
BHNV-00391,Karnataka,Mysuru,National Highway,24.02,13.42,49,10,2018-05-31,2019-02-14,2019-09-12,2020-05-05,2021-01-07,2021-04-12,42.34,4.35,Pending,95.2,0,Pending,84,23,0,Synthetic prototype; fields modeled on public government land-acquisition systems
BHNV-00392,Gujarat,Ahmedabad,Urban Development,11.84,9.68,18,4,2017-06-22,2019-04-21,2019-10-18,2022-03-20,2023-06-15,2023-10-07,52.7,1.45,Partially paid,87.2,0,Partial possession,1610,54,0,Synthetic prototype; fields modeled on public government land-acquisition systems
BHNV-00393,Uttar Pradesh,Prayagraj,Irrigation,32.22,29.65,78,14,2018-01-06,2018-12-24,2020-01-05,2020-10-19,2022-04-04,2023-12-04,113.09,7.03,Mostly paid,84.0,1,Substantially complete,1195,50,0,Synthetic prototype; fields modeled on public government land-acquisition systems
BHNV-00394,Tamil Nadu,Salem,National Highway,36.14,26.02,60,14,2021-01-31,2023-06-09,2021-11-06,2023-10-21,2023-12-18,2024-08-06,109.5,4.93,Partially paid,75.4,1,Partial possession,562,57,0,Synthetic prototype; fields modeled on public government land-acquisition systems
BHNV-00395,Tamil Nadu,Madurai,National Highway,7.5,4.35,20,4,2020-03-10,2021-06-03,2022-02-09,2023-01-12,2024-06-25,2026-07-28,10.78,1.53,Pending,100.0,4,Pending,1479,61,1,Synthetic prototype; fields modeled on public government land-acquisition systems
BHNV-00396,Uttar Pradesh,Varanasi,Urban Development,66.24,48.17,110,25,2020-11-04,2021-07-16,2022-10-04,2023-02-04,2024-09-15,2025-02-01,196.71,12.39,Partially paid,100.0,1,Partial possession,1000,55,0,Synthetic prototype; fields modeled on public government land-acquisition systems
BHNV-00397,Maharashtra,Aurangabad,Irrigation,81.17,68.61,160,30,2025-09-27,2027-08-19,2029-01-15,2026-07-20,2026-11-03,2027-06-06,305.34,8.78,Partially paid,93.7,4,Partial possession,30,9,0,Synthetic prototype; fields modeled on public government land-acquisition systems
BHNV-00398,Bihar,Patna,National Highway,14.44,9.81,24,3,2017-03-18,2018-01-28,2019-10-14,2023-02-18,2024-05-15,2024-05-31,50.93,0.92,Partially paid,100.0,0,Partial possession,1910,56,0,Synthetic prototype; fields modeled on public government land-acquisition systems
BHNV-00399,Karnataka,Mangaluru,National Highway,10.78,6.35,23,7,2018-07-12,2018-09-25,2019-10-02,2022-08-25,2023-08-11,2025-03-21,39.66,2.29,Partially paid,100.0,0,Pending,1457,58,0,Synthetic prototype; fields modeled on public government land-acquisition systems
BHNV-00400,Odisha,Puri,Irrigation,22.13,15.59,50,10,2024-02-15,2026-06-06,2027-12-11,2029-05-23,2030-03-27,2030-04-30,43.73,1.65,Partially paid,92.8,3,Partial possession,1600,56,0,Synthetic prototype; fields modeled on public government land-acquisition systems
BHNV-00401,Gujarat,Rajkot,Industrial Corridor,30.69,22.87,63,13,2021-09-29,2021-11-11,2022-12-03,2023-12-06,2024-09-09,2026-09-15,61.83,5.54,Partially paid,88.7,1,Partial possession,1212,56,0,Synthetic prototype; fields modeled on public government land-acquisition systems
BHNV-00402,Uttar Pradesh,Prayagraj,National Highway,23.01,18.57,44,14,2022-01-05,2023-10-29,2023-12-15,2023-09-25,2024-01-22,2024-08-03,64.29,3.3,Partially paid,84.7,0,Partial possession,18,10,0,Synthetic prototype; fields modeled on public government land-acquisition systems
BHNV-00403,West Bengal,Hooghly,Railway,28.19,21.82,62,7,2021-05-04,2022-06-12,2023-08-25,2026-03-05,2026-10-29,2027-12-26,51.62,1.25,Partially paid,100.0,1,Partial possession,1403,54,0,Synthetic prototype; fields modeled on public government land-acquisition systems
BHNV-00404,Gujarat,Surat,Irrigation,37.39,30.94,65,11,2020-05-29,2022-05-31,2022-03-28,2024-07-31,2025-10-07,2025-12-22,45.55,2.86,Partially paid,94.4,0,Partial possession,1387,52,0,Synthetic prototype; fields modeled on public government land-acquisition systems
BHNV-00405,Bihar,Gaya,National Highway,7.63,7.24,11,1,2021-01-15,2022-01-12,2022-05-18,2026-08-29,2027-01-05,2027-10-19,19.12,0.77,Mostly paid,97.1,0,Substantially complete,1707,46,0,Synthetic prototype; fields modeled on public government land-acquisition systems
BHNV-00406,West Bengal,Howrah,Urban Development,8.56,5.29,13,3,2024-08-29,2027-01-31,2027-08-04,2030-01-17,2030-09-23,2032-10-29,6.91,0.69,Pending,99.8,0,Pending,2338,59,0,Synthetic prototype; fields modeled on public government land-acquisition systems
BHNV-00407,Rajasthan,Jaipur,Renewable Energy,2.0,1.41,4,1,2017-01-02,2017-07-16,2019-04-28,2020-06-23,2021-04-07,2023-05-24,7.23,0.25,Partially paid,100.0,1,Partial possession,1346,55,0,Synthetic prototype; fields modeled on public government land-acquisition systems
BHNV-00408,Tamil Nadu,Salem,Railway,76.9,57.75,124,30,2017-08-02,2019-01-20,2018-03-26,2022-04-14,2022-12-14,2023-01-07,274.83,9.94,Partially paid,100.0,2,Partial possession,964,55,0,Synthetic prototype; fields modeled on public government land-acquisition systems
BHNV-00409,Rajasthan,Jodhpur,Renewable Energy,30.42,16.54,53,9,2020-11-05,2021-03-31,2024-11-28,2025-01-22,2025-03-11,2027-02-22,86.46,4.93,Pending,92.0,0,Pending,1720,61,1,Synthetic prototype; fields modeled on public government land-acquisition systems
BHNV-00410,Gujarat,Surat,Renewable Energy,85.44,72.17,164,33,2017-10-17,2019-08-13,2018-11-02,2024-02-02,2025-03-10,2026-12-06,304.7,5.76,Partially paid,100.0,3,Partial possession,2258,52,0,Synthetic prototype; fields modeled on public government land-acquisition systems
BHNV-00411,Bihar,Patna,National Highway,9.6,4.62,19,6,2021-10-24,2023-06-11,2025-06-10,2023-11-26,2025-04-24,2026-10-30,29.86,0.92,Pending,100.0,2,Pending,1207,64,1,Synthetic prototype; fields modeled on public government land-acquisition systems
BHNV-00412,Karnataka,Bengaluru Urban,Railway,30.7,29.01,57,12,2024-08-23,2025-12-04,2027-09-15,2027-11-12,2029-03-02,2030-06-19,103.78,4.77,Partially paid,99.4,2,Substantially complete,1065,48,0,Synthetic prototype; fields modeled on public government land-acquisition systems
BHNV-00413,Gujarat,Rajkot,Railway,37.14,32.31,75,11,2016-08-14,2017-07-13,2018-12-05,2020-11-02,2022-02-08,2022-04-24,38.6,5.91,Mostly paid,81.5,2,Partial possession,998,51,0,Synthetic prototype; fields modeled on public government land-acquisition systems
BHNV-00414,Uttar Pradesh,Kanpur Nagar,Industrial Corridor,17.09,8.13,32,6,2025-05-27,2026-09-25,2027-02-16,2029-11-15,2030-07-01,2030-09-11,69.4,3.0,Partially paid,100.0,0,Pending,1295,61,1,Synthetic prototype; fields modeled on public government land-acquisition systems
BHNV-00415,Madhya Pradesh,Jabalpur,Renewable Energy,6.34,4.03,15,6,2018-08-16,2021-01-30,2018-12-09,2023-08-04,2023-10-03,2024-08-12,20.18,1.26,Pending,100.0,1,Pending,1007,58,0,Synthetic prototype; fields modeled on public government land-acquisition systems
BHNV-00416,Gujarat,Vadodara,Railway,171.72,120.15,321,52,2017-08-14,2018-06-10,2020-08-22,2022-07-03,2023-08-26,2025-01-18,525.35,17.02,Partially paid,87.4,9,Partial possession,1613,60,0,Synthetic prototype; fields modeled on public government land-acquisition systems
BHNV-00417,Tamil Nadu,Chennai,Industrial Corridor,121.42,104.74,213,39,2016-01-24,2018-02-02,2017-11-21,2020-01-16,2020-12-28,2021-12-16,271.11,14.89,Mostly paid,100.0,5,Partial possession,1515,51,0,Synthetic prototype; fields modeled on public government land-acquisition systems
BHNV-00418,Tamil Nadu,Coimbatore,Irrigation,20.45,13.12,37,6,2020-10-28,2021-06-30,2024-03-18,2025-02-11,2025-10-23,2026-07-16,18.49,4.01,Partially paid,100.0,1,Pending,1516,58,0,Synthetic prototype; fields modeled on public government land-acquisition systems
BHNV-00419,Gujarat,Vadodara,Industrial Corridor,49.91,47.89,98,18,2021-09-06,2022-01-26,2024-12-10,2026-01-17,2026-10-12,2027-12-07,206.4,3.78,Mostly paid,100.0,1,Substantially complete,1539,46,0,Synthetic prototype; fields modeled on public government land-acquisition systems
BHNV-00420,West Bengal,Bardhaman,Urban Development,18.45,6.18,40,8,2021-12-08,2022-01-22,2022-04-16,2024-01-02,2024-08-31,2025-05-28,82.05,2.31,Pending,100.0,0,Pending,189,41,0,Synthetic prototype; fields modeled on public government land-acquisition systems
BHNV-00421,Madhya Pradesh,Jabalpur,National Highway,11.07,9.99,23,3,2020-02-22,2020-10-24,2022-03-26,2024-03-02,2024-08-29,2025-09-28,41.94,2.4,Partially paid,100.0,1,Substantially complete,904,50,0,Synthetic prototype; fields modeled on public government land-acquisition systems
BHNV-00422,Uttar Pradesh,Agra,Irrigation,186.28,177.98,338,66,2018-05-02,2019-08-01,2021-05-04,2019-06-24,2021-02-12,2021-07-21,779.7,19.07,Mostly paid,100.0,6,Substantially complete,467,43,0,Synthetic prototype; fields modeled on public government land-acquisition systems
BHNV-00423,Gujarat,Rajkot,Irrigation,5.72,3.7,14,3,2023-04-25,2023-10-06,2025-12-24,2025-04-27,2026-10-04,2028-05-31,7.14,0.86,Partially paid,100.0,2,Pending,1170,58,0,Synthetic prototype; fields modeled on public government land-acquisition systems
BHNV-00424,West Bengal,Bardhaman,Urban Development,22.52,21.03,39,8,2024-01-16,2024-03-28,2024-05-16,2028-09-06,2029-10-15,2030-10-05,28.74,2.02,Mostly paid,100.0,1,Substantially complete,1417,47,0,Synthetic prototype; fields modeled on public government land-acquisition systems
BHNV-00425,Tamil Nadu,Madurai,Industrial Corridor,32.6,28.44,57,9,2019-09-30,2021-12-01,2024-01-01,2024-01-20,2025-04-01,2026-05-23,132.18,6.27,Mostly paid,73.3,0,Partial possession,1596,51,0,Synthetic prototype; fields modeled on public government land-acquisition systems
BHNV-00426,Tamil Nadu,Coimbatore,National Highway,156.22,120.65,295,59,2021-07-15,2022-05-24,2024-09-10,2022-03-15,2023-05-14,2024-03-11,158.22,25.47,Partially paid,89.4,3,Partial possession,0,10,0,Synthetic prototype; fields modeled on public government land-acquisition systems
BHNV-00427,Bihar,Patna,Industrial Corridor,73.45,34.18,131,20,2021-09-09,2024-01-20,2024-07-30,2022-05-31,2024-01-16,2024-08-31,84.09,5.36,Pending,86.4,3,Pending,295,45,0,Synthetic prototype; fields modeled on public government land-acquisition systems
BHNV-00428,Gujarat,Rajkot,Railway,5.63,4.39,7,1,2020-08-05,2020-12-10,2022-09-03,2021-10-24,2023-01-28,2024-07-27,21.52,0.66,Partially paid,90.4,0,Partial possession,917,53,0,Synthetic prototype; fields modeled on public government land-acquisition systems
BHNV-00429,Madhya Pradesh,Ujjain,Industrial Corridor,29.88,23.04,46,9,2025-01-11,2025-04-10,2029-03-24,2028-04-11,2029-06-02,2031-06-28,85.48,1.1,Partially paid,100.0,0,Partial possession,1332,51,0,Synthetic prototype; fields modeled on public government land-acquisition systems
BHNV-00430,Maharashtra,Nagpur,Irrigation,30.6,23.67,52,11,2023-12-27,2024-09-11,2027-03-13,2028-12-08,2029-03-29,2030-11-09,68.83,3.1,Partially paid,95.8,1,Partial possession,1932,54,0,Synthetic prototype; fields modeled on public government land-acquisition systems
BHNV-00431,Madhya Pradesh,Indore,National Highway,23.85,22.72,35,8,2025-02-03,2026-12-07,2026-04-03,2030-05-12,2031-06-09,2032-12-22,67.92,3.88,Mostly paid,86.3,1,Substantially complete,2359,48,0,Synthetic prototype; fields modeled on public government land-acquisition systems
BHNV-00432,Tamil Nadu,Salem,Industrial Corridor,55.69,46.49,85,14,2016-02-19,2017-04-08,2020-01-10,2020-10-13,2021-05-01,2021-12-12,225.62,7.56,Partially paid,88.6,3,Partial possession,977,54,0,Synthetic prototype; fields modeled on public government land-acquisition systems
BHNV-00433,Tamil Nadu,Coimbatore,National Highway,7.32,4.29,14,3,2023-08-05,2024-02-09,2024-05-11,2027-01-04,2027-09-19,2028-03-22,26.36,1.39,Pending,97.7,0,Pending,947,60,0,Synthetic prototype; fields modeled on public government land-acquisition systems
BHNV-00434,Rajasthan,Jaipur,National Highway,19.91,16.48,34,1,2021-03-30,2023-07-31,2021-11-06,2022-03-24,2023-08-23,2025-02-25,66.88,3.85,Partially paid,92.8,2,Partial possession,534,52,0,Synthetic prototype; fields modeled on public government land-acquisition systems
BHNV-00435,Tamil Nadu,Salem,Railway,48.37,44.43,73,13,2022-09-02,2024-01-15,2023-04-13,2025-12-19,2026-10-17,2027-07-21,213.53,7.11,Partially paid,68.9,3,Substantially complete,588,55,0,Synthetic prototype; fields modeled on public government land-acquisition systems
BHNV-00436,Uttar Pradesh,Lucknow,Railway,59.12,34.72,107,22,2024-03-10,2025-11-25,2028-07-03,2030-07-19,2031-08-06,2033-06-26,161.33,3.09,Pending,87.9,4,Pending,2212,63,1,Synthetic prototype; fields modeled on public government land-acquisition systems
BHNV-00437,Odisha,Sambalpur,Irrigation,34.79,21.23,68,13,2020-12-09,2021-08-03,2021-12-09,2027-06-21,2027-09-08,2028-10-16,28.65,2.93,Partially paid,100.0,2,Pending,2315,58,0,Synthetic prototype; fields modeled on public government land-acquisition systems
BHNV-00438,Gujarat,Vadodara,Urban Development,22.46,14.74,45,8,2025-03-13,2025-10-02,2025-07-18,2031-01-22,2031-07-17,2032-09-24,53.62,3.15,Partially paid,100.0,0,Partial possession,2160,57,0,Synthetic prototype; fields modeled on public government land-acquisition systems
BHNV-00439,Madhya Pradesh,Ujjain,National Highway,26.58,16.2,50,10,2020-09-26,2023-01-03,2024-07-09,2022-08-05,2024-03-12,2024-05-27,30.76,1.07,Partially paid,100.0,1,Pending,547,59,0,Synthetic prototype; fields modeled on public government land-acquisition systems
BHNV-00440,Odisha,Bhubaneswar,Urban Development,62.83,54.42,119,27,2020-11-24,2021-03-14,2021-05-19,2025-01-28,2026-04-05,2026-07-14,77.34,9.81,Mostly paid,70.8,2,Partial possession,1183,52,0,Synthetic prototype; fields modeled on public government land-acquisition systems
BHNV-00441,West Bengal,Hooghly,Irrigation,31.0,27.0,46,9,2018-10-11,2018-11-27,2020-03-25,2020-05-19,2021-09-26,2023-05-18,54.04,3.94,Mostly paid,80.3,1,Partial possession,1005,51,0,Synthetic prototype; fields modeled on public government land-acquisition systems
BHNV-00442,Maharashtra,Aurangabad,National Highway,10.57,9.69,20,5,2022-11-27,2024-12-03,2025-08-01,2024-09-28,2025-07-08,2026-11-25,23.37,1.79,Partially paid,99.0,0,Substantially complete,770,48,0,Synthetic prototype; fields modeled on public government land-acquisition systems
BHNV-00443,Uttar Pradesh,Gorakhpur,National Highway,8.73,7.18,23,8,2023-09-04,2024-07-20,2026-05-24,2025-01-24,2026-08-28,2026-11-10,22.54,1.74,Partially paid,73.8,0,Partial possession,472,49,0,Synthetic prototype; fields modeled on public government land-acquisition systems
BHNV-00444,Madhya Pradesh,Jabalpur,Renewable Energy,6.76,4.54,23,5,2023-04-04,2024-04-27,2026-06-05,2025-09-20,2026-04-12,2027-08-16,9.66,1.5,Partially paid,92.4,0,Partial possession,480,51,0,Synthetic prototype; fields modeled on public government land-acquisition systems
BHNV-00445,Odisha,Puri,Urban Development,128.46,107.13,234,39,2024-02-21,2026-08-06,2025-08-09,2029-12-12,2031-02-05,2032-01-05,250.93,24.7,Partially paid,100.0,2,Partial possession,2308,52,0,Synthetic prototype; fields modeled on public government land-acquisition systems
BHNV-00446,Maharashtra,Nagpur,Industrial Corridor,67.19,58.19,122,21,2018-10-26,2019-08-30,2022-03-16,2024-06-08,2025-10-24,2027-09-28,122.5,11.8,Partially paid,88.1,2,Partial possession,2436,52,0,Synthetic prototype; fields modeled on public government land-acquisition systems
BHNV-00447,Rajasthan,Kota,Railway,26.94,16.39,50,9,2023-10-11,2024-12-10,2027-01-08,2029-11-05,2030-09-27,2030-12-02,57.96,4.06,Pending,94.2,2,Pending,1955,61,1,Synthetic prototype; fields modeled on public government land-acquisition systems
BHNV-00448,Uttar Pradesh,Lucknow,Industrial Corridor,19.03,13.31,38,9,2017-02-15,2019-04-21,2017-07-16,2020-08-16,2020-12-02,2022-10-04,22.83,0.93,Partially paid,89.9,0,Partial possession,1104,57,0,Synthetic prototype; fields modeled on public government land-acquisition systems
BHNV-00449,Uttar Pradesh,Gorakhpur,Urban Development,16.88,11.84,35,6,2021-06-04,2021-11-22,2022-01-05,2024-02-14,2025-03-24,2025-06-23,38.32,3.13,Partially paid,100.0,0,Partial possession,755,55,0,Synthetic prototype; fields modeled on public government land-acquisition systems
BHNV-00450,Rajasthan,Ajmer,Railway,89.41,71.47,149,35,2017-10-23,2019-09-29,2018-03-18,2022-05-28,2023-12-10,2024-04-21,254.92,11.3,Partially paid,100.0,5,Partial possession,1640,55,0,Synthetic prototype; fields modeled on public government land-acquisition systems
BHNV-00451,Gujarat,Ahmedabad,Industrial Corridor,201.23,160.92,329,57,2019-09-09,2021-03-08,2021-02-27,2020-07-06,2021-09-04,2023-09-09,233.17,29.4,Partially paid,78.1,8,Partial possession,454,49,0,Synthetic prototype; fields modeled on public government land-acquisition systems
BHNV-00452,Rajasthan,Alwar,Renewable Energy,16.36,14.36,26,4,2025-07-02,2026-04-08,2029-09-14,2028-03-02,2028-10-14,2029-04-28,44.61,1.33,Partially paid,79.7,0,Partial possession,793,54,0,Synthetic prototype; fields modeled on public government land-acquisition systems
BHNV-00453,Uttar Pradesh,Varanasi,Railway,93.54,52.72,169,35,2019-07-29,2021-06-19,2020-02-14,2023-06-29,2024-07-16,2025-12-18,336.45,16.51,Partially paid,81.5,3,Pending,1369,62,1,Synthetic prototype; fields modeled on public government land-acquisition systems
BHNV-00454,Uttar Pradesh,Varanasi,National Highway,30.82,17.58,48,9,2016-07-09,2018-01-29,2020-05-11,2020-09-24,2021-03-25,2023-01-18,25.6,2.97,Pending,72.4,2,Pending,1457,64,1,Synthetic prototype; fields modeled on public government land-acquisition systems
BHNV-00455,Odisha,Bhubaneswar,Industrial Corridor,24.23,20.09,42,8,2023-10-04,2024-06-26,2024-04-27,2025-11-13,2025-12-11,2027-09-23,23.64,4.6,Partially paid,93.1,0,Partial possession,509,49,0,Synthetic prototype; fields modeled on public government land-acquisition systems
BHNV-00456,Tamil Nadu,Chennai,Railway,134.86,126.48,246,40,2017-08-07,2018-01-15,2020-07-24,2018-07-20,2020-02-18,2020-08-03,340.65,7.48,Mostly paid,90.9,6,Substantially complete,467,44,0,Synthetic prototype; fields modeled on public government land-acquisition systems
BHNV-00457,Maharashtra,Thane,Renewable Energy,29.66,22.5,61,12,2018-08-16,2019-07-17,2021-10-17,2024-02-28,2024-10-06,2024-11-07,119.51,4.18,Pending,100.0,2,Partial possession,1141,57,0,Synthetic prototype; fields modeled on public government land-acquisition systems
BHNV-00458,Rajasthan,Kota,Railway,40.3,23.64,79,22,2021-01-27,2022-02-18,2024-02-01,2023-04-03,2023-05-30,2023-08-16,181.02,3.21,Partially paid,100.0,0,Pending,396,47,0,Synthetic prototype; fields modeled on public government land-acquisition systems
BHNV-00459,Maharashtra,Nashik,Railway,38.41,32.58,76,19,2017-05-14,2018-03-24,2018-08-15,2020-08-03,2021-11-02,2023-03-28,44.0,4.97,Partially paid,100.0,1,Partial possession,1407,51,0,Synthetic prototype; fields modeled on public government land-acquisition systems
BHNV-00460,Rajasthan,Kota,Renewable Energy,5.9,2.97,16,4,2017-08-02,2018-06-20,2020-04-14,2021-01-23,2022-07-06,2024-08-06,5.12,0.89,Pending,100.0,0,Pending,1820,62,1,Synthetic prototype; fields modeled on public government land-acquisition systems
BHNV-00461,West Bengal,Howrah,Industrial Corridor,39.98,16.75,67,12,2018-03-26,2018-10-04,2020-09-10,2019-03-15,2020-04-27,2020-07-29,65.83,6.72,Pending,100.0,1,Pending,224,40,0,Synthetic prototype; fields modeled on public government land-acquisition systems
BHNV-00462,Uttar Pradesh,Prayagraj,Irrigation,17.07,5.72,28,3,2025-08-06,2026-10-28,2028-09-04,2026-10-09,2027-06-18,2027-08-30,43.18,1.03,Pending,87.0,0,Pending,28,26,0,Synthetic prototype; fields modeled on public government land-acquisition systems
BHNV-00463,Tamil Nadu,Chennai,Industrial Corridor,7.23,5.37,13,2,2024-07-31,2026-09-07,2028-05-26,2025-07-23,2027-01-19,2028-03-19,21.08,1.04,Partially paid,95.3,0,Partial possession,425,45,0,Synthetic prototype; fields modeled on public government land-acquisition systems
BHNV-00464,Odisha,Cuttack,Urban Development,17.87,8.46,32,6,2020-01-16,2021-05-27,2023-07-06,2023-02-11,2024-04-04,2026-05-21,78.66,1.94,Pending,100.0,1,Pending,1422,64,1,Synthetic prototype; fields modeled on public government land-acquisition systems
BHNV-00465,Tamil Nadu,Madurai,Renewable Energy,17.72,11.0,27,6,2020-02-25,2021-12-27,2021-08-12,2023-11-30,2024-07-15,2024-09-28,72.43,1.94,Partially paid,100.0,1,Pending,1088,58,0,Synthetic prototype; fields modeled on public government land-acquisition systems
BHNV-00466,Tamil Nadu,Chennai,Industrial Corridor,83.92,68.01,152,29,2020-07-27,2022-03-18,2024-11-17,2024-07-12,2026-02-14,2027-06-10,241.67,13.9,Pending,73.4,6,Partial possession,1755,59,0,Synthetic prototype; fields modeled on public government land-acquisition systems
BHNV-00467,Tamil Nadu,Chennai,Railway,10.34,7.79,13,3,2025-08-14,2027-02-01,2027-07-18,2028-04-05,2029-04-28,2031-02-01,22.11,0.72,Partially paid,100.0,0,Partial possession,1415,54,0,Synthetic prototype; fields modeled on public government land-acquisition systems
BHNV-00468,Maharashtra,Pune,Renewable Energy,13.6,11.08,23,4,2021-07-30,2023-06-17,2023-05-26,2023-05-27,2023-10-20,2024-01-21,27.05,1.3,Partially paid,100.0,2,Partial possession,0,7,0,Synthetic prototype; fields modeled on public government land-acquisition systems
BHNV-00469,Rajasthan,Kota,National Highway,37.92,29.47,66,14,2019-08-23,2021-01-11,2022-06-03,2021-07-08,2021-07-31,2023-09-02,110.68,1.83,Partially paid,100.0,2,Partial possession,321,34,0,Synthetic prototype; fields modeled on public government land-acquisition systems
BHNV-00470,Karnataka,Mangaluru,Industrial Corridor,7.96,5.43,12,1,2018-02-18,2019-03-16,2019-01-11,2022-12-29,2023-06-14,2025-05-11,27.61,0.9,Partially paid,100.0,0,Partial possession,1831,56,0,Synthetic prototype; fields modeled on public government land-acquisition systems
BHNV-00471,West Bengal,Hooghly,Renewable Energy,15.5,14.41,30,3,2024-03-09,2025-02-13,2025-12-13,2025-12-12,2027-03-02,2028-07-16,40.02,1.85,Mostly paid,92.6,2,Substantially complete,559,48,0,Synthetic prototype; fields modeled on public government land-acquisition systems
BHNV-00472,Madhya Pradesh,Gwalior,Industrial Corridor,5.67,4.42,12,1,2019-02-23,2020-12-17,2022-10-22,2024-10-31,2026-03-12,2026-11-25,10.92,1.21,Partially paid,100.0,0,Partial possession,2249,54,0,Synthetic prototype; fields modeled on public government land-acquisition systems
BHNV-00473,Tamil Nadu,Madurai,Renewable Energy,75.19,65.82,133,29,2022-05-01,2024-05-03,2024-05-17,2025-05-09,2026-03-24,2026-11-01,230.74,8.5,Partially paid,100.0,2,Partial possession,1119,50,0,Synthetic prototype; fields modeled on public government land-acquisition systems
BHNV-00474,Gujarat,Ahmedabad,Railway,22.17,14.62,35,3,2016-01-07,2016-10-07,2016-12-19,2021-06-30,2022-04-24,2022-08-03,63.5,4.1,Partially paid,100.0,2,Partial possession,1331,57,0,Synthetic prototype; fields modeled on public government land-acquisition systems
BHNV-00475,Maharashtra,Thane,National Highway,29.49,16.53,54,12,2019-12-07,2021-04-26,2024-02-15,2023-01-05,2024-05-05,2026-03-01,70.22,2.01,Pending,100.0,2,Pending,1398,62,1,Synthetic prototype; fields modeled on public government land-acquisition systems
BHNV-00476,Odisha,Sambalpur,National Highway,74.89,62.96,150,24,2024-12-21,2026-09-26,2028-03-11,2030-12-07,2031-06-29,2033-03-04,267.28,7.01,Partially paid,100.0,3,Partial possession,2166,51,0,Synthetic prototype; fields modeled on public government land-acquisition systems
BHNV-00477,Madhya Pradesh,Bhopal,Urban Development,14.55,10.68,28,5,2024-11-24,2026-03-04,2026-01-11,2026-03-30,2027-09-23,2029-07-13,26.83,1.66,Partially paid,95.2,2,Partial possession,800,54,0,Synthetic prototype; fields modeled on public government land-acquisition systems
BHNV-00478,Karnataka,Bengaluru Urban,Renewable Energy,21.93,18.47,38,10,2025-09-09,2026-06-15,2029-10-15,2029-08-12,2031-01-20,2031-03-14,56.89,1.41,Partially paid,100.0,2,Partial possession,1296,51,0,Synthetic prototype; fields modeled on public government land-acquisition systems
BHNV-00479,Gujarat,Surat,Industrial Corridor,10.42,7.72,10,2,2025-10-07,2025-11-27,2026-02-20,2031-05-03,2032-04-24,2032-10-31,44.59,1.17,Partially paid,100.0,0,Partial possession,1701,54,0,Synthetic prototype; fields modeled on public government land-acquisition systems
BHNV-00480,Karnataka,Mysuru,National Highway,10.4,5.48,23,3,2017-11-25,2019-04-15,2020-02-26,2020-07-03,2021-09-20,2023-01-25,36.13,1.93,Pending,87.4,1,Pending,751,63,1,Synthetic prototype; fields modeled on public government land-acquisition systems
BHNV-00481,Madhya Pradesh,Indore,National Highway,11.93,9.32,16,2,2018-09-18,2020-05-11,2021-09-01,2022-08-22,2022-10-09,2024-06-06,26.67,0.34,Partially paid,95.5,0,Partial possession,1081,52,0,Synthetic prototype; fields modeled on public government land-acquisition systems
BHNV-00482,Tamil Nadu,Salem,Irrigation,18.31,8.27,34,9,2020-01-06,2022-02-23,2020-07-07,2022-05-17,2023-09-14,2023-10-18,51.65,2.65,Pending,91.8,0,Pending,599,64,1,Synthetic prototype; fields modeled on public government land-acquisition systems
BHNV-00483,Gujarat,Rajkot,Irrigation,20.39,4.42,42,7,2021-05-29,2023-10-27,2024-02-22,2025-11-03,2026-12-16,2027-08-08,46.9,4.12,Pending,73.2,2,Pending,1549,73,1,Synthetic prototype; fields modeled on public government land-acquisition systems
BHNV-00484,Karnataka,Bengaluru Urban,National Highway,39.99,36.34,72,14,2024-02-13,2025-08-06,2027-06-14,2029-01-01,2030-05-25,2031-03-10,48.64,1.81,Mostly paid,98.7,4,Substantially complete,1927,49,0,Synthetic prototype; fields modeled on public government land-acquisition systems
BHNV-00485,Odisha,Puri,Renewable Energy,12.29,9.48,22,4,2025-01-12,2026-01-12,2029-03-30,2028-02-05,2029-07-16,2031-06-30,25.06,1.71,Partially paid,99.7,0,Partial possession,1331,53,0,Synthetic prototype; fields modeled on public government land-acquisition systems
BHNV-00486,Rajasthan,Alwar,Urban Development,41.25,24.96,87,14,2018-01-17,2019-11-23,2022-01-21,2021-01-29,2021-12-31,2022-06-17,164.33,5.0,Pending,100.0,1,Pending,496,56,0,Synthetic prototype; fields modeled on public government land-acquisition systems
BHNV-00487,Uttar Pradesh,Kanpur Nagar,National Highway,48.67,42.26,84,12,2016-05-25,2018-10-20,2018-08-21,2017-04-13,2017-08-20,2018-12-10,121.99,6.56,Mostly paid,100.0,1,Partial possession,271,26,0,Synthetic prototype; fields modeled on public government land-acquisition systems
BHNV-00488,Rajasthan,Jaipur,Railway,18.77,12.6,36,8,2025-03-21,2027-06-02,2026-12-30,2025-12-13,2026-07-29,2027-09-25,55.62,1.63,Partially paid,100.0,0,Partial possession,378,42,0,Synthetic prototype; fields modeled on public government land-acquisition systems
BHNV-00489,Madhya Pradesh,Jabalpur,Industrial Corridor,13.4,8.73,24,5,2022-04-07,2023-04-13,2026-06-29,2024-02-10,2024-07-18,2026-05-18,19.72,2.08,Partially paid,98.5,1,Partial possession,498,54,0,Synthetic prototype; fields modeled on public government land-acquisition systems
BHNV-00490,Maharashtra,Nagpur,Urban Development,32.63,30.88,60,9,2018-05-06,2019-05-08,2022-05-16,2019-11-14,2021-06-09,2022-03-01,69.11,5.23,Partially paid,94.2,3,Substantially complete,377,36,0,Synthetic prototype; fields modeled on public government land-acquisition systems
BHNV-00491,Uttar Pradesh,Varanasi,Railway,24.46,23.6,50,11,2016-10-13,2018-03-06,2019-01-05,2022-03-02,2022-09-10,2023-04-24,103.66,3.7,Partially paid,95.1,0,Substantially complete,1880,48,0,Synthetic prototype; fields modeled on public government land-acquisition systems
BHNV-00492,West Bengal,Hooghly,Urban Development,37.35,28.18,73,17,2018-08-09,2018-10-19,2020-06-25,2023-03-15,2024-03-23,2025-07-28,73.31,8.2,Partially paid,98.2,2,Partial possession,2025,54,0,Synthetic prototype; fields modeled on public government land-acquisition systems
BHNV-00493,Odisha,Sambalpur,Railway,144.01,143.29,242,60,2016-01-26,2016-05-08,2019-06-30,2020-05-13,2021-03-08,2023-01-12,248.72,26.85,Mostly paid,85.4,7,Substantially complete,1398,49,0,Synthetic prototype; fields modeled on public government land-acquisition systems
BHNV-00494,West Bengal,Kolkata,Industrial Corridor,32.09,22.28,50,8,2017-03-27,2019-07-13,2017-12-03,2023-02-17,2023-11-03,2025-10-04,32.31,1.24,Partially paid,99.1,1,Partial possession,1982,54,0,Synthetic prototype; fields modeled on public government land-acquisition systems
BHNV-00495,Gujarat,Vadodara,Industrial Corridor,15.81,15.23,32,8,2021-11-23,2024-04-01,2025-01-27,2027-08-30,2028-04-06,2029-06-13,18.34,1.57,Mostly paid,100.0,1,Substantially complete,2018,47,0,Synthetic prototype; fields modeled on public government land-acquisition systems
BHNV-00496,Uttar Pradesh,Agra,Irrigation,12.29,11.89,27,3,2016-08-27,2016-10-17,2020-11-24,2019-06-25,2021-02-12,2021-08-17,36.42,1.52,Partially paid,100.0,0,Substantially complete,1211,48,0,Synthetic prototype; fields modeled on public government land-acquisition systems
BHNV-00497,West Bengal,Bardhaman,Renewable Energy,12.78,7.97,22,0,2025-07-21,2026-03-27,2028-11-30,2029-10-21,2030-10-12,2032-03-16,41.43,0.56,Pending,100.0,0,Pending,1588,59,0,Synthetic prototype; fields modeled on public government land-acquisition systems
BHNV-00498,West Bengal,Hooghly,Railway,6.94,4.87,12,4,2016-11-27,2017-03-15,2017-08-18,2020-03-19,2021-03-28,2023-01-17,22.03,0.87,Partially paid,81.5,2,Partial possession,1100,58,0,Synthetic prototype; fields modeled on public government land-acquisition systems
BHNV-00499,Karnataka,Mangaluru,Irrigation,76.15,70.52,142,23,2024-02-07,2024-10-28,2026-12-10,2025-11-10,2027-04-07,2029-01-08,213.02,3.19,Mostly paid,100.0,1,Substantially complete,881,48,0,Synthetic prototype; fields modeled on public government land-acquisition systems
BHNV-00500,Rajasthan,Kota,Railway,3.21,3.09,6,1,2021-03-29,2021-10-01,2022-02-03,2023-06-07,2023-11-09,2024-06-13,8.4,0.53,Mostly paid,100.0,2,Substantially complete,635,47,0,Synthetic prototype; fields modeled on public government land-acquisition systems
BHNV-00501,Karnataka,Mangaluru,Irrigation,48.82,21.97,80,14,2018-12-01,2019-11-22,2020-08-17,2023-07-02,2024-02-23,2025-07-13,52.09,1.62,Pending,100.0,1,Pending,1318,64,1,Synthetic prototype; fields modeled on public government land-acquisition systems
BHNV-00502,Uttar Pradesh,Varanasi,Industrial Corridor,12.58,11.46,25,6,2017-10-06,2018-02-26,2020-01-25,2019-08-23,2020-09-29,2021-08-04,49.2,0.58,Partially paid,100.0,0,Substantially complete,563,48,0,Synthetic prototype; fields modeled on public government land-acquisition systems
BHNV-00503,Uttar Pradesh,Lucknow,Urban Development,17.95,16.15,26,4,2021-01-26,2023-05-07,2021-09-14,2027-03-28,2028-03-06,2029-06-20,48.44,2.69,Partially paid,79.8,1,Partial possession,2095,51,0,Synthetic prototype; fields modeled on public government land-acquisition systems
BHNV-00504,Madhya Pradesh,Ujjain,Irrigation,12.21,11.27,18,5,2016-02-04,2017-11-02,2019-08-02,2018-05-15,2019-06-26,2019-12-03,15.73,0.81,Partially paid,100.0,1,Substantially complete,786,49,0,Synthetic prototype; fields modeled on public government land-acquisition systems
BHNV-00505,Karnataka,Bengaluru Urban,Railway,127.21,99.5,221,44,2024-01-02,2025-11-03,2024-07-15,2029-05-09,2030-05-16,2031-01-23,165.71,6.22,Partially paid,62.9,11,Partial possession,1828,62,1,Synthetic prototype; fields modeled on public government land-acquisition systems
BHNV-00506,Bihar,Bhagalpur,Railway,30.46,26.65,59,11,2025-05-11,2027-02-20,2028-05-27,2030-03-24,2031-05-06,2033-05-29,82.18,3.54,Partially paid,97.7,3,Partial possession,2096,51,0,Synthetic prototype; fields modeled on public government land-acquisition systems
BHNV-00507,Rajasthan,Ajmer,Renewable Energy,66.05,44.24,130,23,2022-08-28,2024-05-05,2024-05-10,2026-07-09,2026-09-01,2028-10-21,112.61,3.26,Partially paid,73.3,4,Partial possession,1676,60,0,Synthetic prototype; fields modeled on public government land-acquisition systems
BHNV-00508,Uttar Pradesh,Gorakhpur,Industrial Corridor,110.01,84.77,197,46,2025-10-24,2026-08-24,2027-02-09,2026-06-06,2027-03-20,2028-05-31,463.28,18.72,Partially paid,87.8,3,Partial possession,187,25,0,Synthetic prototype; fields modeled on public government land-acquisition systems
BHNV-00509,Madhya Pradesh,Indore,Railway,35.28,29.23,57,10,2018-03-21,2019-05-05,2021-05-03,2023-04-27,2024-07-04,2025-05-06,93.35,3.96,Partially paid,93.2,5,Partial possession,1523,53,0,Synthetic prototype; fields modeled on public government land-acquisition systems
BHNV-00510,Karnataka,Mysuru,National Highway,9.06,3.92,20,3,2019-08-04,2019-09-22,2021-07-11,2023-02-20,2023-05-15,2023-11-01,40.05,1.5,Pending,80.6,1,Pending,667,67,1,Synthetic prototype; fields modeled on public government land-acquisition systems
BHNV-00511,Rajasthan,Jodhpur,Urban Development,24.03,19.8,43,10,2023-08-27,2025-07-29,2023-12-22,2027-08-22,2028-12-06,2029-12-05,84.5,4.1,Mostly paid,86.5,0,Partial possession,1402,51,0,Synthetic prototype; fields modeled on public government land-acquisition systems
BHNV-00512,Karnataka,Mysuru,Irrigation,14.26,12.0,30,5,2021-03-09,2021-11-02,2025-05-19,2024-10-28,2025-07-03,2026-10-02,54.18,2.95,Partially paid,92.4,0,Partial possession,936,51,0,Synthetic prototype; fields modeled on public government land-acquisition systems
BHNV-00513,West Bengal,Bardhaman,Renewable Energy,18.11,10.79,32,4,2024-03-25,2025-12-20,2027-04-29,2027-03-30,2027-10-27,2028-07-10,40.55,1.08,Pending,71.7,1,Pending,507,61,1,Synthetic prototype; fields modeled on public government land-acquisition systems
BHNV-00514,Madhya Pradesh,Bhopal,Urban Development,27.26,25.88,43,10,2018-11-22,2020-08-06,2022-08-21,2019-06-18,2020-11-22,2021-07-01,35.33,2.07,Partially paid,100.0,0,Substantially complete,0,2,0,Synthetic prototype; fields modeled on public government land-acquisition systems
BHNV-00515,Rajasthan,Jaipur,Industrial Corridor,26.2,20.61,53,10,2021-11-12,2024-04-23,2024-10-24,2022-07-19,2024-01-20,2025-04-06,87.82,1.99,Partially paid,100.0,3,Partial possession,231,27,0,Synthetic prototype; fields modeled on public government land-acquisition systems
BHNV-00516,Tamil Nadu,Coimbatore,Renewable Energy,45.25,33.82,85,16,2024-05-25,2026-03-01,2027-01-28,2029-03-05,2029-08-13,2031-10-02,104.35,2.16,Partially paid,100.0,1,Partial possession,2053,53,0,Synthetic prototype; fields modeled on public government land-acquisition systems
BHNV-00517,Gujarat,Ahmedabad,Irrigation,52.32,45.19,102,19,2016-07-23,2018-09-09,2018-06-16,2018-04-25,2019-12-04,2020-09-01,225.54,7.52,Partially paid,79.0,0,Partial possession,613,53,0,Synthetic prototype; fields modeled on public government land-acquisition systems
BHNV-00518,Gujarat,Ahmedabad,Irrigation,26.2,19.87,53,11,2023-11-21,2026-01-30,2025-12-02,2029-05-14,2030-08-30,2032-04-20,39.73,2.38,Partially paid,82.1,1,Partial possession,2513,56,0,Synthetic prototype; fields modeled on public government land-acquisition systems
BHNV-00519,Rajasthan,Ajmer,National Highway,44.86,41.83,85,13,2021-09-08,2022-03-16,2022-04-24,2026-08-26,2026-11-15,2027-01-03,139.88,3.01,Mostly paid,100.0,0,Substantially complete,974,47,0,Synthetic prototype; fields modeled on public government land-acquisition systems
BHNV-00520,Karnataka,Mangaluru,Industrial Corridor,17.3,14.71,31,2,2022-05-02,2024-10-07,2024-10-18,2028-08-01,2028-09-14,2029-02-04,69.28,2.2,Partially paid,100.0,1,Partial possession,1620,50,0,Synthetic prototype; fields modeled on public government land-acquisition systems
BHNV-00521,Madhya Pradesh,Gwalior,Renewable Energy,111.58,81.53,200,44,2021-09-01,2023-04-26,2023-03-09,2028-02-22,2028-06-22,2029-09-09,255.57,16.68,Partially paid,99.0,7,Partial possession,2373,57,0,Synthetic prototype; fields modeled on public government land-acquisition systems
BHNV-00522,Gujarat,Surat,Renewable Energy,17.02,10.96,28,6,2023-04-10,2023-06-16,2025-12-10,2025-09-27,2026-11-05,2028-10-19,73.67,2.72,Partially paid,100.0,0,Pending,1335,57,0,Synthetic prototype; fields modeled on public government land-acquisition systems
BHNV-00523,Madhya Pradesh,Gwalior,Railway,99.2,83.76,167,29,2016-02-08,2016-07-04,2017-12-09,2018-09-18,2019-11-12,2020-10-10,107.48,3.63,Partially paid,100.0,0,Partial possession,1004,51,0,Synthetic prototype; fields modeled on public government land-acquisition systems
BHNV-00524,Gujarat,Ahmedabad,National Highway,6.85,3.11,18,1,2016-06-21,2017-08-14,2019-09-29,2022-01-09,2022-05-24,2022-09-10,20.36,1.31,Pending,100.0,1,Pending,1741,65,1,Synthetic prototype; fields modeled on public government land-acquisition systems
BHNV-00525,West Bengal,Hooghly,National Highway,20.48,18.48,35,6,2018-01-29,2020-05-31,2021-02-15,2022-10-30,2022-11-24,2023-07-16,75.29,1.63,Mostly paid,100.0,5,Substantially complete,838,49,0,Synthetic prototype; fields modeled on public government land-acquisition systems
BHNV-00526,Karnataka,Mangaluru,Renewable Energy,21.52,19.41,41,8,2021-03-29,2023-03-08,2024-10-02,2022-06-01,2024-01-20,2024-11-30,33.28,4.89,Mostly paid,77.4,0,Substantially complete,674,50,0,Synthetic prototype; fields modeled on public government land-acquisition systems
BHNV-00527,West Bengal,Kolkata,Renewable Energy,39.61,25.82,62,8,2025-07-16,2026-08-26,2028-11-07,2027-08-14,2028-08-09,2030-05-22,40.17,2.21,Pending,100.0,2,Partial possession,1250,59,0,Synthetic prototype; fields modeled on public government land-acquisition systems
BHNV-00528,Gujarat,Rajkot,Urban Development,70.94,35.77,120,20,2017-02-17,2019-07-15,2018-07-02,2020-11-21,2021-08-15,2022-03-02,77.72,7.65,Pending,82.0,2,Pending,1261,65,1,Synthetic prototype; fields modeled on public government land-acquisition systems
BHNV-00529,Tamil Nadu,Salem,Urban Development,8.59,6.85,15,5,2017-11-22,2019-01-01,2019-06-06,2023-08-01,2023-12-12,2024-02-01,17.02,1.76,Partially paid,100.0,0,Partial possession,1627,51,0,Synthetic prototype; fields modeled on public government land-acquisition systems
BHNV-00530,Tamil Nadu,Coimbatore,Urban Development,9.89,3.11,19,3,2023-04-16,2024-12-16,2023-10-21,2026-10-21,2028-04-07,2030-06-05,16.08,0.78,Pending,100.0,1,Pending,1806,70,1,Synthetic prototype; fields modeled on public government land-acquisition systems
BHNV-00531,West Bengal,Bardhaman,National Highway,7.37,6.21,20,5,2022-03-06,2023-11-20,2024-09-13,2025-11-05,2026-06-22,2028-03-19,12.0,2.01,Partially paid,93.4,1,Partial possession,1018,52,0,Synthetic prototype; fields modeled on public government land-acquisition systems
BHNV-00532,Tamil Nadu,Coimbatore,Railway,112.19,96.86,210,46,2016-01-22,2018-03-08,2016-05-06,2017-04-04,2017-07-07,2018-08-25,280.09,9.3,Partially paid,100.0,7,Partial possession,60,14,0,Synthetic prototype; fields modeled on public government land-acquisition systems
BHNV-00533,Gujarat,Surat,Irrigation,40.35,24.8,62,15,2021-08-14,2021-10-24,2024-06-23,2027-11-26,2029-02-01,2031-01-06,44.96,1.71,Partially paid,100.0,0,Pending,2344,58,0,Synthetic prototype; fields modeled on public government land-acquisition systems
BHNV-00534,Rajasthan,Jodhpur,Urban Development,10.13,7.34,12,1,2023-05-22,2025-02-20,2023-11-21,2027-12-18,2029-08-07,2030-01-10,45.42,0.29,Partially paid,98.3,0,Partial possession,1384,56,0,Synthetic prototype; fields modeled on public government land-acquisition systems
BHNV-00535,West Bengal,Kolkata,Railway,19.24,14.44,35,11,2016-08-01,2017-12-13,2020-05-05,2021-03-19,2022-01-16,2022-06-13,64.93,4.02,Partially paid,100.0,2,Partial possession,1359,53,0,Synthetic prototype; fields modeled on public government land-acquisition systems
BHNV-00536,Maharashtra,Aurangabad,Industrial Corridor,97.69,70.61,173,23,2020-08-22,2021-12-22,2024-11-08,2024-10-16,2025-06-21,2026-09-23,89.1,7.14,Partially paid,100.0,6,Partial possession,1395,58,0,Synthetic prototype; fields modeled on public government land-acquisition systems
BHNV-00537,Karnataka,Mysuru,Urban Development,22.69,18.04,33,2,2018-07-08,2018-12-14,2021-10-15,2024-08-30,2025-06-01,2027-04-07,76.24,1.62,Partially paid,100.0,1,Partial possession,2236,53,0,Synthetic prototype; fields modeled on public government land-acquisition systems
BHNV-00538,Tamil Nadu,Salem,Irrigation,21.39,16.54,29,9,2018-06-25,2018-08-21,2020-06-14,2020-06-10,2020-07-16,2021-05-14,79.78,3.38,Partially paid,88.4,0,Partial possession,402,44,0,Synthetic prototype; fields modeled on public government land-acquisition systems
BHNV-00539,Tamil Nadu,Madurai,Industrial Corridor,13.72,7.71,25,6,2024-10-15,2026-11-28,2028-03-03,2025-11-23,2026-02-23,2026-11-22,20.66,2.14,Pending,100.0,1,Pending,0,16,0,Synthetic prototype; fields modeled on public government land-acquisition systems
BHNV-00540,Uttar Pradesh,Agra,Industrial Corridor,10.75,7.28,18,4,2023-06-12,2025-07-21,2024-03-09,2029-11-04,2029-12-02,2030-01-24,42.02,1.24,Partially paid,97.7,1,Partial possession,1432,57,0,Synthetic prototype; fields modeled on public government land-acquisition systems
BHNV-00541,Bihar,Gaya,Irrigation,97.84,67.46,172,31,2023-06-07,2025-03-26,2025-08-13,2027-01-28,2027-07-09,2028-05-23,299.74,10.93,Partially paid,77.9,8,Partial possession,718,60,0,Synthetic prototype; fields modeled on public government land-acquisition systems
BHNV-00542,West Bengal,Hooghly,Urban Development,159.8,114.57,273,62,2018-03-10,2019-02-28,2019-03-17,2022-01-21,2022-03-06,2022-12-28,613.18,6.79,Partially paid,96.1,10,Partial possession,614,58,0,Synthetic prototype; fields modeled on public government land-acquisition systems
BHNV-00543,Odisha,Cuttack,National Highway,11.19,7.97,12,2,2022-06-22,2023-12-12,2024-03-12,2027-11-27,2029-02-21,2030-08-15,38.63,1.25,Partially paid,98.5,1,Partial possession,2286,54,0,Synthetic prototype; fields modeled on public government land-acquisition systems
BHNV-00544,Tamil Nadu,Salem,Irrigation,122.11,116.3,224,32,2018-03-03,2019-12-11,2019-04-25,2022-07-02,2023-12-28,2025-02-21,416.04,21.55,Mostly paid,96.8,5,Substantially complete,1996,48,0,Synthetic prototype; fields modeled on public government land-acquisition systems
BHNV-00545,Karnataka,Bengaluru Urban,Irrigation,18.4,15.65,31,5,2017-07-29,2018-07-18,2020-11-15,2022-12-07,2023-02-22,2024-03-01,25.49,0.9,Partially paid,100.0,1,Partial possession,1313,51,0,Synthetic prototype; fields modeled on public government land-acquisition systems
BHNV-00546,Maharashtra,Aurangabad,Irrigation,51.09,39.84,87,14,2020-09-23,2023-01-07,2024-01-04,2025-11-15,2027-02-02,2028-02-29,100.57,4.82,Partially paid,100.0,2,Partial possession,1875,53,0,Synthetic prototype; fields modeled on public government land-acquisition systems
BHNV-00547,Tamil Nadu,Salem,Industrial Corridor,122.76,87.96,216,42,2024-11-01,2025-05-09,2026-04-13,2025-05-26,2025-10-22,2027-02-17,335.87,23.44,Partially paid,100.0,5,Partial possession,0,11,0,Synthetic prototype; fields modeled on public government land-acquisition systems
BHNV-00548,Maharashtra,Pune,Railway,25.92,21.33,56,11,2019-12-18,2021-06-15,2024-04-18,2025-09-02,2026-02-20,2026-12-12,31.53,2.44,Partially paid,95.1,1,Partial possession,1527,51,0,Synthetic prototype; fields modeled on public government land-acquisition systems
BHNV-00549,Gujarat,Surat,National Highway,21.59,17.58,31,9,2025-10-11,2027-09-01,2028-05-14,2027-02-18,2028-09-23,2030-04-25,55.5,2.51,Mostly paid,90.9,0,Partial possession,1141,51,0,Synthetic prototype; fields modeled on public government land-acquisition systems
BHNV-00550,Gujarat,Surat,Urban Development,66.76,43.85,136,24,2016-03-31,2018-05-15,2020-04-08,2020-08-27,2021-05-22,2021-06-16,163.41,9.36,Partially paid,89.8,1,Partial possession,1162,58,0,Synthetic prototype; fields modeled on public government land-acquisition systems
BHNV-00551,Bihar,Bhagalpur,Urban Development,9.88,6.98,13,2,2018-12-01,2019-09-10,2019-11-14,2020-03-08,2020-09-25,2022-08-15,16.38,1.32,Partially paid,100.0,0,Partial possession,514,53,0,Synthetic prototype; fields modeled on public government land-acquisition systems
BHNV-00552,Rajasthan,Alwar,Railway,94.35,42.75,162,24,2018-01-30,2018-11-03,2019-05-31,2024-06-24,2025-07-22,2027-07-01,145.2,3.82,Pending,84.9,4,Pending,2270,66,1,Synthetic prototype; fields modeled on public government land-acquisition systems
BHNV-00553,Odisha,Cuttack,Irrigation,34.56,28.29,63,14,2025-03-20,2027-08-16,2026-06-25,2028-02-05,2029-01-11,2029-07-30,59.28,6.4,Partially paid,94.3,4,Partial possession,416,42,0,Synthetic prototype; fields modeled on public government land-acquisition systems
BHNV-00554,Uttar Pradesh,Kanpur Nagar,National Highway,16.81,13.81,18,7,2018-02-08,2019-02-25,2021-12-28,2022-05-22,2022-12-21,2024-07-06,51.08,0.6,Partially paid,99.2,0,Partial possession,1190,53,0,Synthetic prototype; fields modeled on public government land-acquisition systems
BHNV-00555,Bihar,Bhagalpur,Urban Development,16.38,9.38,30,4,2019-09-22,2020-11-22,2020-03-07,2023-12-22,2024-06-24,2024-07-17,38.25,0.65,Pending,100.0,1,Pending,850,61,1,Synthetic prototype; fields modeled on public government land-acquisition systems
BHNV-00556,Madhya Pradesh,Ujjain,Renewable Energy,7.51,4.32,15,2,2021-08-10,2023-04-13,2023-01-29,2023-04-02,2024-02-25,2024-04-07,17.51,1.19,Partially paid,100.0,0,Pending,178,28,0,Synthetic prototype; fields modeled on public government land-acquisition systems
BHNV-00557,Uttar Pradesh,Varanasi,Urban Development,17.53,6.62,42,8,2021-11-26,2022-07-16,2024-12-15,2023-06-05,2023-06-25,2025-05-25,25.81,1.93,Pending,100.0,1,Pending,749,66,1,Synthetic prototype; fields modeled on public government land-acquisition systems
BHNV-00558,West Bengal,Howrah,Irrigation,23.01,17.25,37,8,2024-02-23,2025-01-19,2027-08-02,2026-12-22,2027-09-18,2029-01-08,85.44,3.36,Partially paid,92.0,1,Partial possession,872,56,0,Synthetic prototype; fields modeled on public government land-acquisition systems
BHNV-00559,Karnataka,Mysuru,Renewable Energy,10.37,9.01,11,2,2021-06-25,2021-12-19,2025-05-13,2023-03-21,2024-02-18,2025-12-02,35.17,0.74,Partially paid,98.9,0,Partial possession,763,49,0,Synthetic prototype; fields modeled on public government land-acquisition systems
BHNV-00560,Madhya Pradesh,Indore,Railway,28.63,10.8,55,11,2024-10-01,2025-06-08,2025-10-31,2025-08-15,2026-05-04,2027-10-11,68.36,4.43,Pending,100.0,4,Pending,0,22,0,Synthetic prototype; fields modeled on public government land-acquisition systems
BHNV-00561,Madhya Pradesh,Indore,National Highway,48.08,34.99,92,19,2018-12-23,2020-12-19,2021-01-07,2022-04-28,2022-05-16,2023-10-14,63.76,8.19,Partially paid,95.8,1,Partial possession,841,56,0,Synthetic prototype; fields modeled on public government land-acquisition systems
BHNV-00562,Bihar,Muzaffarpur,Railway,24.2,17.59,52,14,2016-07-24,2019-01-06,2016-12-03,2021-04-25,2022-10-04,2024-05-22,83.35,5.86,Partially paid,100.0,2,Partial possession,2178,56,0,Synthetic prototype; fields modeled on public government land-acquisition systems
BHNV-00563,Rajasthan,Ajmer,Railway,58.13,37.66,102,15,2025-07-18,2027-12-12,2029-08-23,2029-12-22,2031-05-26,2033-07-26,239.83,10.44,Pending,100.0,1,Pending,1764,58,0,Synthetic prototype; fields modeled on public government land-acquisition systems
BHNV-00564,Bihar,Bhagalpur,National Highway,13.37,11.11,25,10,2023-12-07,2025-07-18,2024-04-16,2029-02-20,2029-04-06,2031-02-12,19.51,1.74,Partially paid,100.0,0,Partial possession,1785,50,0,Synthetic prototype; fields modeled on public government land-acquisition systems
BHNV-00565,West Bengal,Howrah,National Highway,81.73,36.36,172,30,2025-01-28,2025-11-16,2026-11-13,2027-01-27,2027-11-12,2029-09-17,247.63,10.97,Pending,91.5,4,Pending,841,67,1,Synthetic prototype; fields modeled on public government land-acquisition systems
BHNV-00566,Tamil Nadu,Chennai,Urban Development,33.85,26.54,62,11,2023-03-22,2024-02-10,2024-04-29,2024-08-05,2025-07-10,2026-02-27,80.22,5.3,Partially paid,83.2,0,Partial possession,505,53,0,Synthetic prototype; fields modeled on public government land-acquisition systems
BHNV-00567,Tamil Nadu,Madurai,Urban Development,140.51,60.8,252,41,2017-09-14,2018-08-24,2020-02-23,2018-09-04,2019-03-14,2020-05-30,157.98,23.53,Pending,100.0,7,Pending,13,23,0,Synthetic prototype; fields modeled on public government land-acquisition systems
BHNV-00568,Rajasthan,Kota,National Highway,335.03,282.64,610,109,2020-08-04,2021-06-21,2023-12-18,2021-03-05,2021-12-31,2023-10-14,1167.77,22.73,Partially paid,75.1,18,Partial possession,342,43,0,Synthetic prototype; fields modeled on public government land-acquisition systems
BHNV-00569,West Bengal,Hooghly,Renewable Energy,18.72,11.1,40,5,2024-12-31,2026-12-14,2025-07-14,2027-12-24,2028-03-26,2028-04-12,19.9,0.93,Pending,98.9,1,Pending,205,33,0,Synthetic prototype; fields modeled on public government land-acquisition systems
BHNV-00570,Rajasthan,Alwar,Industrial Corridor,19.51,7.82,36,7,2024-03-31,2024-05-30,2027-07-03,2028-01-26,2028-10-09,2029-04-28,66.3,2.36,Pending,97.2,0,Pending,1060,68,1,Synthetic prototype; fields modeled on public government land-acquisition systems
BHNV-00571,Maharashtra,Thane,Urban Development,23.42,12.72,52,8,2020-03-31,2022-03-12,2021-12-11,2022-01-04,2023-06-03,2023-07-30,43.1,1.56,Pending,100.0,0,Pending,508,60,0,Synthetic prototype; fields modeled on public government land-acquisition systems
BHNV-00572,Tamil Nadu,Coimbatore,Industrial Corridor,54.36,47.52,98,17,2024-03-31,2024-06-12,2025-02-23,2030-09-25,2031-05-02,2033-01-16,157.26,4.63,Mostly paid,100.0,4,Partial possession,2557,50,0,Synthetic prototype; fields modeled on public government land-acquisition systems
BHNV-00573,Madhya Pradesh,Indore,Renewable Energy,112.84,76.36,199,40,2023-05-24,2024-12-28,2025-09-02,2028-12-26,2030-04-14,2032-06-11,157.26,15.62,Partially paid,91.2,7,Partial possession,2732,59,0,Synthetic prototype; fields modeled on public government land-acquisition systems
BHNV-00574,Odisha,Cuttack,National Highway,15.6,12.14,36,8,2025-06-13,2025-11-23,2026-09-13,2026-02-16,2027-03-20,2028-05-18,33.89,1.27,Partially paid,91.1,0,Partial possession,284,31,0,Synthetic prototype; fields modeled on public government land-acquisition systems
BHNV-00575,Karnataka,Bengaluru Urban,Renewable Energy,43.87,13.25,92,18,2021-02-14,2022-02-27,2022-06-30,2022-03-01,2023-02-11,2023-09-03,51.99,2.1,Pending,100.0,0,Pending,201,41,0,Synthetic prototype; fields modeled on public government land-acquisition systems
BHNV-00576,West Bengal,Howrah,Urban Development,26.16,16.53,44,7,2016-03-19,2016-11-22,2018-08-25,2020-08-22,2021-02-18,2021-04-15,66.16,3.32,Partially paid,100.0,1,Pending,777,57,0,Synthetic prototype; fields modeled on public government land-acquisition systems
BHNV-00577,Uttar Pradesh,Prayagraj,Railway,55.6,38.69,109,13,2022-09-28,2024-01-20,2023-04-14,2029-04-12,2029-10-04,2030-01-23,88.36,7.26,Partially paid,77.5,5,Partial possession,1904,59,0,Synthetic prototype; fields modeled on public government land-acquisition systems
BHNV-00578,Rajasthan,Kota,National Highway,135.57,83.78,254,58,2020-01-16,2021-07-02,2021-01-20,2022-01-14,2022-02-03,2024-03-30,202.72,12.86,Pending,92.9,10,Pending,953,63,1,Synthetic prototype; fields modeled on public government land-acquisition systems
BHNV-00579,Karnataka,Bengaluru Urban,Irrigation,23.56,17.56,42,6,2019-03-18,2019-07-11,2020-06-21,2024-05-05,2024-12-10,2026-12-24,28.19,2.81,Partially paid,96.6,0,Partial possession,1753,54,0,Synthetic prototype; fields modeled on public government land-acquisition systems
BHNV-00580,Uttar Pradesh,Prayagraj,Industrial Corridor,5.64,5.15,11,3,2017-09-30,2018-07-07,2021-04-09,2019-11-22,2021-05-21,2023-03-14,20.49,0.97,Mostly paid,86.0,0,Substantially complete,1227,49,0,Synthetic prototype; fields modeled on public government land-acquisition systems
BHNV-00581,Karnataka,Mysuru,Renewable Energy,63.05,34.37,98,22,2020-08-20,2021-06-10,2022-05-09,2026-01-18,2026-05-12,2028-03-13,199.63,3.03,Pending,100.0,3,Pending,1994,63,1,Synthetic prototype; fields modeled on public government land-acquisition systems
BHNV-00582,Odisha,Sambalpur,National Highway,13.03,8.76,20,3,2023-10-09,2025-04-13,2027-04-23,2027-11-03,2028-01-01,2029-06-15,17.99,0.91,Partially paid,100.0,0,Partial possession,1276,55,0,Synthetic prototype; fields modeled on public government land-acquisition systems
BHNV-00583,Uttar Pradesh,Lucknow,Renewable Energy,25.97,13.08,39,6,2018-11-27,2019-03-16,2022-01-14,2025-06-13,2026-09-27,2027-02-24,66.17,3.88,Pending,89.7,1,Pending,2422,63,1,Synthetic prototype; fields modeled on public government land-acquisition systems
BHNV-00584,Bihar,Muzaffarpur,National Highway,65.83,38.28,122,21,2024-11-02,2026-08-14,2026-08-03,2027-04-27,2027-12-24,2029-05-31,213.64,10.62,Partially paid,84.1,2,Pending,812,61,1,Synthetic prototype; fields modeled on public government land-acquisition systems
BHNV-00585,Gujarat,Ahmedabad,Urban Development,40.34,27.65,59,15,2022-07-08,2023-11-10,2024-06-01,2023-11-13,2024-10-07,2026-03-24,163.33,2.75,Partially paid,100.0,1,Partial possession,556,55,0,Synthetic prototype; fields modeled on public government land-acquisition systems
BHNV-00586,Bihar,Gaya,Urban Development,27.07,24.86,51,10,2022-05-24,2024-03-13,2024-12-11,2027-03-20,2027-05-25,2027-07-15,27.62,3.05,Mostly paid,100.0,2,Substantially complete,1377,48,0,Synthetic prototype; fields modeled on public government land-acquisition systems
BHNV-00587,Tamil Nadu,Madurai,Urban Development,16.85,3.79,22,3,2024-09-18,2025-06-26,2026-01-27,2029-06-16,2029-11-23,2031-07-09,36.07,0.7,Pending,100.0,1,Pending,1573,71,1,Synthetic prototype; fields modeled on public government land-acquisition systems
BHNV-00588,Gujarat,Rajkot,Renewable Energy,2.0,1.62,1,0,2020-09-21,2020-11-07,2023-11-24,2022-06-04,2023-03-26,2024-09-07,6.16,0.05,Mostly paid,100.0,1,Partial possession,772,50,0,Synthetic prototype; fields modeled on public government land-acquisition systems
BHNV-00589,Bihar,Patna,Irrigation,60.24,52.65,87,13,2020-06-29,2021-04-10,2022-02-13,2025-05-28,2025-10-12,2027-12-20,51.67,9.06,Partially paid,100.0,2,Partial possession,2106,50,0,Synthetic prototype; fields modeled on public government land-acquisition systems
BHNV-00590,Gujarat,Surat,Urban Development,23.27,17.49,46,7,2019-01-19,2019-10-20,2020-03-07,2021-05-28,2022-09-25,2022-12-06,39.58,2.95,Partially paid,92.0,0,Partial possession,339,38,0,Synthetic prototype; fields modeled on public government land-acquisition systems
BHNV-00591,Gujarat,Rajkot,National Highway,136.09,80.86,239,42,2021-03-04,2021-09-02,2022-10-14,2027-06-27,2028-05-03,2028-10-19,483.95,20.08,Pending,94.9,6,Pending,2109,64,1,Synthetic prototype; fields modeled on public government land-acquisition systems
BHNV-00592,Madhya Pradesh,Gwalior,Urban Development,44.61,9.96,87,11,2024-07-17,2026-04-16,2028-05-16,2030-06-14,2031-11-22,2032-03-28,94.4,3.13,Pending,89.3,0,Pending,2307,73,1,Synthetic prototype; fields modeled on public government land-acquisition systems
BHNV-00593,Rajasthan,Kota,Railway,17.44,15.71,27,4,2016-06-09,2017-11-20,2017-05-07,2022-08-08,2024-01-06,2025-04-24,19.4,1.03,Mostly paid,88.6,0,Substantially complete,2625,49,0,Synthetic prototype; fields modeled on public government land-acquisition systems
BHNV-00594,Rajasthan,Jaipur,Urban Development,87.08,66.0,159,30,2025-10-27,2027-02-26,2030-02-02,2031-12-25,2032-07-28,2034-04-07,271.55,18.14,Partially paid,90.9,2,Partial possession,2154,54,0,Synthetic prototype; fields modeled on public government land-acquisition systems
BHNV-00595,Madhya Pradesh,Jabalpur,Renewable Energy,94.74,84.7,176,36,2019-11-26,2021-11-22,2022-12-29,2021-06-16,2022-08-19,2024-09-27,163.45,18.33,Mostly paid,100.0,4,Partial possession,878,50,0,Synthetic prototype; fields modeled on public government land-acquisition systems
BHNV-00596,Karnataka,Mysuru,Irrigation,24.07,18.54,50,5,2020-09-29,2022-04-23,2022-11-01,2022-10-07,2024-05-26,2026-01-31,81.74,4.95,Partially paid,97.7,2,Partial possession,972,54,0,Synthetic prototype; fields modeled on public government land-acquisition systems
BHNV-00597,Maharashtra,Aurangabad,Railway,98.85,82.97,163,24,2016-11-15,2017-04-08,2017-10-24,2019-06-03,2020-08-12,2021-11-11,408.31,8.63,Partially paid,100.0,1,Partial possession,852,50,0,Synthetic prototype; fields modeled on public government land-acquisition systems
BHNV-00598,Karnataka,Bengaluru Urban,Renewable Energy,17.2,7.51,34,8,2024-02-19,2026-04-11,2025-01-24,2027-02-19,2028-08-06,2030-07-11,47.35,2.59,Pending,100.0,1,Pending,1485,65,1,Synthetic prototype; fields modeled on public government land-acquisition systems
BHNV-00599,Uttar Pradesh,Lucknow,Renewable Energy,35.15,19.81,52,10,2022-08-08,2024-10-14,2024-05-26,2026-01-26,2026-04-23,2026-12-21,106.04,3.6,Pending,87.6,2,Pending,1013,64,1,Synthetic prototype; fields modeled on public government land-acquisition systems
BHNV-00600,Uttar Pradesh,Gorakhpur,Renewable Energy,53.06,46.96,104,13,2025-08-14,2026-12-03,2029-06-10,2027-09-16,2028-09-09,2030-04-25,143.44,12.02,Mostly paid,100.0,0,Partial possession,615,49,0,Synthetic prototype; fields modeled on public government land-acquisition systems
BHNV-00601,Gujarat,Rajkot,National Highway,65.68,61.09,123,21,2022-11-27,2023-12-14,2023-05-20,2024-09-20,2024-10-31,2025-03-16,251.2,5.41,Mostly paid,100.0,5,Substantially complete,114,13,0,Synthetic prototype; fields modeled on public government land-acquisition systems
BHNV-00602,Bihar,Bhagalpur,Renewable Energy,55.79,46.78,101,16,2024-05-28,2026-03-13,2025-06-14,2027-10-14,2028-04-14,2030-02-28,94.53,11.59,Partially paid,92.1,3,Partial possession,1150,53,0,Synthetic prototype; fields modeled on public government land-acquisition systems
BHNV-00603,Bihar,Bhagalpur,National Highway,21.48,12.96,37,7,2018-02-04,2020-06-29,2018-08-09,2018-09-06,2020-04-27,2021-05-03,49.1,3.36,Pending,100.0,2,Pending,238,34,0,Synthetic prototype; fields modeled on public government land-acquisition systems
BHNV-00604,Rajasthan,Kota,Renewable Energy,89.45,66.79,160,29,2017-08-24,2019-03-17,2020-04-30,2021-11-24,2022-07-05,2023-04-13,367.78,9.82,Partially paid,100.0,6,Partial possession,1448,54,0,Synthetic prototype; fields modeled on public government land-acquisition systems
BHNV-00605,West Bengal,Howrah,Industrial Corridor,26.46,15.91,46,8,2022-06-17,2023-06-03,2025-04-11,2023-01-13,2024-07-23,2026-07-02,92.01,2.15,Pending,100.0,0,Pending,654,59,0,Synthetic prototype; fields modeled on public government land-acquisition systems
BHNV-00606,Karnataka,Mysuru,Railway,16.96,16.05,28,4,2020-04-04,2021-08-05,2023-09-28,2025-05-04,2026-11-14,2028-03-27,33.65,2.68,Mostly paid,100.0,2,Substantially complete,1891,47,0,Synthetic prototype; fields modeled on public government land-acquisition systems
BHNV-00607,Tamil Nadu,Madurai,Industrial Corridor,17.21,16.8,29,3,2017-08-11,2018-04-23,2021-02-04,2021-07-28,2022-06-17,2022-07-05,66.79,2.97,Mostly paid,97.5,0,Substantially complete,751,47,0,Synthetic prototype; fields modeled on public government land-acquisition systems
BHNV-00608,Odisha,Cuttack,Renewable Energy,208.51,188.13,368,85,2019-05-28,2021-07-21,2020-02-11,2024-10-08,2025-04-20,2026-08-25,351.06,20.52,Partially paid,88.0,5,Substantially complete,2042,53,0,Synthetic prototype; fields modeled on public government land-acquisition systems
BHNV-00609,Bihar,Bhagalpur,Railway,14.27,11.32,18,4,2020-08-24,2021-09-18,2022-02-20,2025-09-27,2026-12-23,2027-05-07,44.9,0.67,Partially paid,91.0,0,Partial possession,1862,53,0,Synthetic prototype; fields modeled on public government land-acquisition systems
BHNV-00610,Odisha,Sambalpur,Railway,109.03,58.39,201,32,2020-02-29,2021-09-11,2020-08-28,2025-07-15,2026-11-18,2028-12-13,473.07,13.91,Pending,91.3,3,Pending,2208,64,1,Synthetic prototype; fields modeled on public government land-acquisition systems
BHNV-00611,Gujarat,Surat,Irrigation,9.63,6.34,17,2,2022-07-18,2024-11-27,2025-08-21,2024-07-28,2025-09-10,2027-01-23,28.18,1.14,Partially paid,100.0,0,Partial possession,645,55,0,Synthetic prototype; fields modeled on public government land-acquisition systems
BHNV-00612,Odisha,Bhubaneswar,Industrial Corridor,48.81,44.1,89,19,2018-06-24,2018-11-12,2019-04-01,2023-03-19,2024-09-25,2025-05-16,183.43,8.24,Mostly paid,78.3,2,Substantially complete,1863,50,0,Synthetic prototype; fields modeled on public government land-acquisition systems
BHNV-00613,Tamil Nadu,Coimbatore,Irrigation,40.33,24.71,84,19,2020-07-08,2021-03-06,2023-03-04,2025-11-01,2026-01-11,2027-12-20,142.01,9.85,Pending,90.1,3,Pending,1726,62,1,Synthetic prototype; fields modeled on public government land-acquisition systems
BHNV-00614,Madhya Pradesh,Ujjain,Railway,151.6,75.84,273,52,2019-01-22,2019-10-11,2021-12-22,2022-11-02,2023-05-09,2024-02-25,606.88,19.96,Pending,92.8,9,Pending,975,66,1,Synthetic prototype; fields modeled on public government land-acquisition systems
BHNV-00615,Tamil Nadu,Chennai,National Highway,15.57,11.92,30,3,2024-10-09,2025-04-15,2026-05-09,2029-03-19,2030-02-22,2030-11-20,68.27,2.8,Partially paid,93.2,0,Partial possession,1085,54,0,Synthetic prototype; fields modeled on public government land-acquisition systems
BHNV-00616,Odisha,Puri,Railway,11.81,9.7,21,3,2020-03-04,2021-10-26,2020-12-11,2023-04-06,2024-03-07,2025-01-19,10.42,1.16,Partially paid,100.0,1,Partial possession,820,53,0,Synthetic prototype; fields modeled on public government land-acquisition systems
BHNV-00617,Tamil Nadu,Chennai,Irrigation,26.67,16.71,40,6,2016-06-20,2017-06-08,2020-05-27,2020-12-02,2021-06-17,2021-08-13,24.09,3.2,Partially paid,100.0,1,Pending,838,58,0,Synthetic prototype; fields modeled on public government land-acquisition systems
BHNV-00618,Maharashtra,Nashik,Industrial Corridor,158.35,147.73,303,49,2017-09-17,2018-01-17,2018-06-17,2021-04-21,2021-12-26,2023-06-23,474.95,9.55,Partially paid,100.0,8,Substantially complete,930,51,0,Synthetic prototype; fields modeled on public government land-acquisition systems
BHNV-00619,Gujarat,Vadodara,Renewable Energy,12.38,6.54,23,2,2021-08-07,2022-05-11,2021-11-28,2027-04-27,2027-11-13,2029-11-06,53.61,2.33,Pending,100.0,0,Pending,2401,62,1,Synthetic prototype; fields modeled on public government land-acquisition systems
BHNV-00620,Karnataka,Mangaluru,Renewable Energy,2.25,1.24,3,1,2024-06-07,2026-05-07,2028-04-30,2027-06-06,2028-03-12,2030-02-13,5.84,0.16,Partially paid,78.9,0,Pending,1132,62,1,Synthetic prototype; fields modeled on public government land-acquisition systems
BHNV-00621,Madhya Pradesh,Ujjain,Industrial Corridor,31.81,25.74,62,15,2017-11-12,2018-05-01,2018-05-03,2024-03-26,2025-03-04,2026-10-27,124.29,1.74,Partially paid,97.7,1,Partial possession,2485,54,0,Synthetic prototype; fields modeled on public government land-acquisition systems
BHNV-00622,Bihar,Muzaffarpur,Renewable Energy,77.44,52.35,130,29,2019-09-06,2020-11-12,2021-05-11,2026-03-25,2027-04-08,2029-03-15,281.98,15.48,Pending,96.2,5,Partial possession,2778,59,0,Synthetic prototype; fields modeled on public government land-acquisition systems
BHNV-00623,Uttar Pradesh,Lucknow,Renewable Energy,10.87,9.3,25,6,2024-09-04,2026-10-05,2026-08-06,2030-11-13,2030-12-21,2031-06-03,28.74,2.75,Mostly paid,88.0,0,Partial possession,1585,50,0,Synthetic prototype; fields modeled on public government land-acquisition systems
BHNV-00624,Karnataka,Mysuru,Irrigation,69.96,57.31,133,20,2024-11-14,2026-01-21,2026-01-30,2029-12-12,2030-09-13,2032-05-13,188.8,5.29,Partially paid,95.2,1,Partial possession,1725,52,0,Synthetic prototype; fields modeled on public government land-acquisition systems
BHNV-00625,Uttar Pradesh,Gorakhpur,Industrial Corridor,10.63,10.14,27,7,2021-06-06,2023-10-01,2025-08-03,2021-12-24,2022-12-28,2023-01-21,25.65,1.52,Mostly paid,100.0,2,Substantially complete,0,2,0,Synthetic prototype; fields modeled on public government land-acquisition systems
BHNV-00626,Gujarat,Vadodara,Urban Development,25.88,13.28,58,9,2016-11-06,2018-07-29,2018-01-12,2023-03-08,2023-10-04,2024-05-17,44.85,6.59,Pending,99.2,1,Pending,2062,63,1,Synthetic prototype; fields modeled on public government land-acquisition systems
BHNV-00627,Madhya Pradesh,Ujjain,National Highway,63.6,51.03,113,26,2024-02-09,2026-01-05,2025-05-08,2029-02-07,2030-06-26,2032-04-22,252.95,11.26,Mostly paid,100.0,4,Partial possession,2139,52,0,Synthetic prototype; fields modeled on public government land-acquisition systems
BHNV-00628,Rajasthan,Jaipur,National Highway,9.14,7.42,11,3,2021-04-19,2022-07-06,2023-11-21,2026-07-15,2027-06-27,2028-03-27,14.4,1.22,Pending,97.8,0,Partial possession,1794,55,0,Synthetic prototype; fields modeled on public government land-acquisition systems
BHNV-00629,Bihar,Muzaffarpur,Renewable Energy,35.93,21.73,65,14,2025-05-07,2026-08-19,2026-01-24,2027-06-17,2028-05-17,2029-06-17,149.31,4.96,Partially paid,100.0,0,Pending,810,58,0,Synthetic prototype; fields modeled on public government land-acquisition systems
BHNV-00630,Maharashtra,Aurangabad,National Highway,100.99,52.72,184,30,2022-10-13,2023-07-02,2023-05-16,2024-07-09,2025-10-13,2026-11-20,215.21,8.15,Pending,87.9,2,Pending,890,64,1,Synthetic prototype; fields modeled on public government land-acquisition systems
BHNV-00631,Rajasthan,Kota,Industrial Corridor,48.13,33.16,93,20,2023-12-15,2024-07-24,2028-02-18,2029-03-09,2030-04-04,2032-04-27,43.22,3.97,Pending,100.0,1,Partial possession,2058,57,0,Synthetic prototype; fields modeled on public government land-acquisition systems
BHNV-00632,Gujarat,Ahmedabad,Industrial Corridor,14.58,10.78,19,5,2021-06-08,2021-10-14,2024-09-22,2023-01-11,2023-08-16,2024-07-31,20.75,1.38,Partially paid,100.0,1,Partial possession,27,11,0,Synthetic prototype; fields modeled on public government land-acquisition systems
BHNV-00633,Karnataka,Mangaluru,Railway,136.83,80.74,249,37,2020-03-03,2020-07-23,2024-06-20,2025-06-18,2025-09-30,2025-10-19,558.94,27.99,Pending,98.9,5,Pending,1492,61,1,Synthetic prototype; fields modeled on public government land-acquisition systems
BHNV-00634,Maharashtra,Nashik,Railway,57.88,41.24,87,10,2016-10-11,2018-07-21,2019-11-16,2020-04-16,2020-10-24,2021-01-29,73.81,7.23,Partially paid,93.6,4,Partial possession,1007,56,0,Synthetic prototype; fields modeled on public government land-acquisition systems
BHNV-00635,Tamil Nadu,Madurai,National Highway,4.66,3.11,11,2,2019-07-07,2021-01-22,2022-08-26,2025-05-25,2025-07-10,2025-07-30,16.47,0.26,Partially paid,100.0,0,Partial possession,1399,55,0,Synthetic prototype; fields modeled on public government land-acquisition systems
BHNV-00636,Odisha,Cuttack,Urban Development,71.11,46.72,121,24,2022-12-17,2023-10-23,2025-05-25,2027-06-08,2028-02-20,2028-08-04,104.99,9.2,Partially paid,100.0,4,Partial possession,1463,58,0,Synthetic prototype; fields modeled on public government land-acquisition systems
BHNV-00637,Maharashtra,Nashik,Railway,16.92,15.2,28,3,2016-12-20,2019-01-04,2018-09-23,2020-07-18,2020-10-10,2022-10-29,44.77,2.26,Mostly paid,98.7,0,Partial possession,1181,48,0,Synthetic prototype; fields modeled on public government land-acquisition systems
BHNV-00638,Gujarat,Surat,Railway,36.47,16.02,68,7,2022-03-11,2023-09-14,2023-08-06,2022-12-09,2023-03-04,2023-09-15,56.87,5.31,Pending,83.9,0,Pending,0,21,0,Synthetic prototype; fields modeled on public government land-acquisition systems
BHNV-00639,West Bengal,Kolkata,Industrial Corridor,82.11,56.23,159,32,2023-11-04,2024-11-17,2025-12-24,2028-01-16,2028-07-06,2030-09-03,166.91,14.17,Partially paid,100.0,1,Partial possession,1800,56,0,Synthetic prototype; fields modeled on public government land-acquisition systems
BHNV-00640,Odisha,Bhubaneswar,Urban Development,17.29,7.47,23,3,2016-07-18,2017-06-28,2018-07-29,2022-10-08,2024-04-23,2026-06-24,21.82,1.14,Pending,92.6,0,Pending,2579,66,1,Synthetic prototype; fields modeled on public government land-acquisition systems
BHNV-00641,Uttar Pradesh,Agra,Renewable Energy,5.78,4.53,13,1,2025-01-20,2027-02-05,2029-04-01,2029-06-08,2030-05-14,2030-11-11,16.51,0.45,Partially paid,100.0,0,Partial possession,1583,52,0,Synthetic prototype; fields modeled on public government land-acquisition systems
BHNV-00642,Bihar,Bhagalpur,National Highway,135.04,63.9,219,33,2023-12-10,2025-05-22,2026-01-16,2026-10-09,2026-11-27,2028-03-25,290.82,20.81,Pending,100.0,4,Pending,919,64,1,Synthetic prototype; fields modeled on public government land-acquisition systems
BHNV-00643,Uttar Pradesh,Lucknow,Railway,96.02,70.58,182,22,2021-12-23,2023-07-12,2022-04-23,2025-10-26,2027-03-04,2027-06-04,206.66,7.21,Partially paid,100.0,5,Partial possession,1114,57,0,Synthetic prototype; fields modeled on public government land-acquisition systems
BHNV-00644,Maharashtra,Aurangabad,Urban Development,27.46,22.51,50,6,2021-03-28,2023-02-07,2025-06-01,2023-11-26,2025-03-14,2026-05-14,25.89,1.57,Partially paid,100.0,1,Partial possession,698,52,0,Synthetic prototype; fields modeled on public government land-acquisition systems
BHNV-00645,Uttar Pradesh,Varanasi,Urban Development,70.35,65.48,122,29,2018-08-05,2020-05-30,2021-07-08,2022-12-25,2024-02-28,2025-09-18,91.71,6.82,Mostly paid,90.6,4,Substantially complete,1736,49,0,Synthetic prototype; fields modeled on public government land-acquisition systems
BHNV-00646,Gujarat,Rajkot,National Highway,20.71,18.85,34,6,2023-04-29,2024-08-06,2026-10-30,2024-01-30,2025-09-06,2027-04-17,70.78,3.51,Mostly paid,100.0,1,Substantially complete,494,45,0,Synthetic prototype; fields modeled on public government land-acquisition systems
BHNV-00647,Tamil Nadu,Chennai,Urban Development,33.02,26.4,62,12,2018-07-05,2020-01-08,2019-09-07,2021-12-28,2023-03-06,2024-04-04,62.13,1.75,Partially paid,79.6,1,Partial possession,1325,55,0,Synthetic prototype; fields modeled on public government land-acquisition systems
BHNV-00648,Karnataka,Mysuru,Urban Development,25.94,23.37,43,12,2025-07-25,2027-10-10,2028-09-12,2029-12-14,2031-05-23,2032-04-14,63.18,1.7,Partially paid,91.5,2,Substantially complete,1401,51,0,Synthetic prototype; fields modeled on public government land-acquisition systems
BHNV-00649,Bihar,Gaya,Urban Development,21.56,8.59,46,12,2019-09-26,2021-06-09,2024-02-07,2025-01-09,2026-01-26,2027-03-11,78.12,3.11,Pending,97.6,0,Pending,1714,65,1,Synthetic prototype; fields modeled on public government land-acquisition systems
BHNV-00650,Uttar Pradesh,Prayagraj,Railway,42.92,33.1,94,17,2021-01-26,2022-05-14,2024-11-13,2023-12-31,2024-08-08,2026-02-16,104.97,4.58,Partially paid,99.5,5,Partial possession,1110,54,0,Synthetic prototype; fields modeled on public government land-acquisition systems
BHNV-00651,Uttar Pradesh,Gorakhpur,National Highway,8.95,8.65,11,1,2016-12-07,2019-04-07,2020-11-02,2020-06-12,2021-06-22,2021-07-10,14.63,1.01,Mostly paid,85.7,0,Substantially complete,772,47,0,Synthetic prototype; fields modeled on public government land-acquisition systems
BHNV-00652,Maharashtra,Nashik,Urban Development,23.3,13.17,44,16,2017-01-22,2018-11-03,2019-10-20,2021-05-21,2022-08-14,2022-12-15,66.04,3.85,Partially paid,83.0,2,Pending,1491,62,1,Synthetic prototype; fields modeled on public government land-acquisition systems
BHNV-00653,Karnataka,Mangaluru,Urban Development,41.04,34.62,76,15,2016-01-04,2016-08-28,2018-04-06,2019-03-22,2020-11-03,2021-02-18,154.49,7.92,Partially paid,100.0,5,Partial possession,1053,52,0,Synthetic prototype; fields modeled on public government land-acquisition systems
BHNV-00654,Rajasthan,Jaipur,Railway,188.31,94.45,338,64,2017-11-07,2020-03-16,2022-03-14,2021-10-02,2022-07-13,2022-11-03,568.45,13.65,Pending,100.0,6,Pending,704,65,1,Synthetic prototype; fields modeled on public government land-acquisition systems
BHNV-00655,Uttar Pradesh,Lucknow,National Highway,9.32,6.49,16,2,2020-07-20,2022-09-13,2024-01-28,2026-01-12,2026-09-16,2027-04-10,21.95,1.36,Partially paid,92.4,0,Partial possession,1339,57,0,Synthetic prototype; fields modeled on public government land-acquisition systems
BHNV-00656,Gujarat,Rajkot,Industrial Corridor,50.43,25.11,89,20,2022-09-12,2023-07-14,2026-02-22,2028-02-23,2028-06-22,2029-06-04,63.78,8.68,Pending,86.8,4,Pending,1889,65,1,Synthetic prototype; fields modeled on public government land-acquisition systems
BHNV-00657,West Bengal,Hooghly,Railway,56.27,34.62,95,17,2025-07-25,2027-01-02,2026-07-11,2030-05-18,2030-06-19,2031-01-31,96.8,2.5,Partially paid,100.0,1,Pending,1408,57,0,Synthetic prototype; fields modeled on public government land-acquisition systems
BHNV-00658,Bihar,Patna,National Highway,4.59,2.72,4,1,2022-09-24,2024-12-04,2023-07-25,2026-07-13,2027-12-04,2029-08-04,19.74,0.09,Pending,100.0,0,Pending,1827,59,0,Synthetic prototype; fields modeled on public government land-acquisition systems
BHNV-00659,Uttar Pradesh,Gorakhpur,Urban Development,45.17,25.33,69,16,2016-07-31,2017-06-22,2020-06-25,2020-01-03,2020-10-03,2021-05-12,165.13,5.24,Pending,97.6,3,Pending,1115,61,1,Synthetic prototype; fields modeled on public government land-acquisition systems
BHNV-00660,Gujarat,Vadodara,National Highway,72.26,51.35,138,29,2017-07-13,2018-08-20,2021-04-08,2018-12-08,2020-04-20,2022-01-21,81.22,10.87,Partially paid,79.8,5,Partial possession,635,59,0,Synthetic prototype; fields modeled on public government land-acquisition systems
BHNV-00661,Gujarat,Rajkot,National Highway,53.98,32.44,99,20,2017-07-11,2019-03-07,2020-01-28,2022-06-03,2023-04-26,2025-06-12,44.29,5.87,Partially paid,98.5,2,Pending,1939,58,0,Synthetic prototype; fields modeled on public government land-acquisition systems
BHNV-00662,Bihar,Bhagalpur,Renewable Energy,27.55,21.16,40,10,2023-02-18,2023-09-19,2025-07-27,2027-04-05,2027-07-30,2029-03-08,39.92,0.94,Partially paid,100.0,1,Partial possession,1303,53,0,Synthetic prototype; fields modeled on public government land-acquisition systems
BHNV-00663,Rajasthan,Ajmer,National Highway,41.81,19.53,81,13,2024-07-16,2024-09-15,2027-10-13,2028-09-14,2030-03-19,2031-03-24,179.47,4.88,Pending,97.7,2,Pending,1282,63,1,Synthetic prototype; fields modeled on public government land-acquisition systems
BHNV-00664,Gujarat,Ahmedabad,Industrial Corridor,35.51,26.41,53,6,2024-12-02,2025-10-10,2026-06-19,2031-01-03,2031-07-16,2032-04-08,104.62,4.46,Partially paid,90.6,0,Partial possession,2000,55,0,Synthetic prototype; fields modeled on public government land-acquisition systems
BHNV-00665,West Bengal,Howrah,National Highway,5.53,2.54,8,3,2022-12-24,2025-05-07,2026-11-18,2027-04-14,2028-09-19,2030-05-17,21.58,0.72,Pending,100.0,1,Pending,1745,63,1,Synthetic prototype; fields modeled on public government land-acquisition systems
BHNV-00666,Gujarat,Rajkot,Industrial Corridor,36.35,22.98,74,13,2023-05-15,2024-08-18,2027-09-26,2025-08-27,2026-12-31,2027-07-29,91.65,5.13,Partially paid,84.4,1,Pending,532,59,0,Synthetic prototype; fields modeled on public government land-acquisition systems
BHNV-00667,Gujarat,Rajkot,Urban Development,20.76,11.26,44,5,2021-06-17,2022-12-17,2022-10-23,2025-05-17,2026-07-05,2027-04-07,80.1,3.19,Partially paid,89.1,1,Pending,953,61,1,Synthetic prototype; fields modeled on public government land-acquisition systems
BHNV-00668,Gujarat,Ahmedabad,Industrial Corridor,14.81,11.53,30,3,2023-01-22,2025-01-06,2026-02-15,2024-09-29,2025-09-28,2026-08-30,13.71,2.62,Partially paid,100.0,0,Partial possession,307,34,0,Synthetic prototype; fields modeled on public government land-acquisition systems
BHNV-00669,Tamil Nadu,Salem,Urban Development,359.59,254.73,666,112,2018-08-10,2019-12-14,2020-09-07,2020-05-09,2020-12-24,2022-03-03,855.55,43.24,Partially paid,91.5,16,Partial possession,512,59,0,Synthetic prototype; fields modeled on public government land-acquisition systems
BHNV-00670,Tamil Nadu,Chennai,Urban Development,104.86,47.29,191,39,2023-10-05,2024-11-05,2026-07-12,2024-10-03,2025-11-04,2027-03-31,230.39,8.85,Pending,100.0,2,Pending,529,64,1,Synthetic prototype; fields modeled on public government land-acquisition systems
BHNV-00671,Rajasthan,Ajmer,Industrial Corridor,9.49,8.69,14,4,2017-04-19,2019-03-07,2021-01-30,2022-03-06,2022-07-22,2023-07-03,42.06,0.59,Mostly paid,84.5,2,Substantially complete,1729,50,0,Synthetic prototype; fields modeled on public government land-acquisition systems
BHNV-00672,Uttar Pradesh,Varanasi,Railway,42.38,34.86,80,12,2020-11-02,2021-08-10,2022-07-24,2024-02-02,2024-12-04,2025-10-10,81.02,7.62,Mostly paid,100.0,2,Partial possession,1189,50,0,Synthetic prototype; fields modeled on public government land-acquisition systems
BHNV-00673,Gujarat,Vadodara,Irrigation,128.77,101.92,221,47,2016-02-11,2016-08-24,2019-09-13,2018-01-27,2019-01-04,2019-09-11,301.66,15.19,Partially paid,99.8,10,Partial possession,311,36,0,Synthetic prototype; fields modeled on public government land-acquisition systems
BHNV-00674,Karnataka,Mysuru,National Highway,6.71,4.22,12,3,2023-04-05,2025-01-08,2026-11-30,2024-01-11,2025-08-12,2027-07-08,24.21,0.99,Partially paid,100.0,0,Pending,719,57,0,Synthetic prototype; fields modeled on public government land-acquisition systems
BHNV-00675,Uttar Pradesh,Prayagraj,Renewable Energy,32.36,20.16,61,10,2025-02-14,2027-02-18,2028-04-17,2025-12-29,2026-04-20,2026-05-11,131.34,4.09,Pending,93.0,3,Pending,0,15,0,Synthetic prototype; fields modeled on public government land-acquisition systems
BHNV-00676,Rajasthan,Kota,Irrigation,33.92,27.05,77,12,2021-09-26,2023-04-07,2025-03-19,2026-10-30,2027-09-09,2029-03-10,137.38,7.85,Partially paid,100.0,3,Partial possession,2104,53,0,Synthetic prototype; fields modeled on public government land-acquisition systems
BHNV-00677,Madhya Pradesh,Jabalpur,National Highway,8.38,5.04,15,4,2021-06-09,2023-03-02,2025-04-14,2025-08-13,2025-09-26,2025-12-21,18.94,1.05,Partially paid,100.0,0,Pending,513,56,0,Synthetic prototype; fields modeled on public government land-acquisition systems
BHNV-00678,Uttar Pradesh,Gorakhpur,National Highway,43.8,39.76,84,9,2017-12-28,2019-02-01,2021-09-30,2018-08-12,2018-11-08,2020-04-05,188.76,9.98,Mostly paid,98.6,4,Substantially complete,274,26,0,Synthetic prototype; fields modeled on public government land-acquisition systems
BHNV-00679,Uttar Pradesh,Varanasi,Urban Development,91.49,57.13,155,38,2025-08-18,2027-05-07,2026-01-21,2031-09-20,2032-03-24,2033-12-16,294.41,6.86,Partially paid,100.0,4,Pending,2119,59,0,Synthetic prototype; fields modeled on public government land-acquisition systems
BHNV-00680,Odisha,Puri,National Highway,135.37,94.42,226,41,2022-03-18,2022-07-28,2026-02-13,2024-02-13,2024-05-21,2024-10-21,534.6,7.65,Partially paid,94.5,3,Partial possession,329,39,0,Synthetic prototype; fields modeled on public government land-acquisition systems
BHNV-00681,Maharashtra,Nashik,Renewable Energy,23.35,13.53,37,7,2020-07-02,2022-03-17,2022-03-15,2021-07-30,2023-03-21,2024-04-24,98.71,2.12,Pending,100.0,1,Pending,843,61,1,Synthetic prototype; fields modeled on public government land-acquisition systems
BHNV-00682,Odisha,Bhubaneswar,National Highway,365.64,119.95,624,104,2018-07-28,2018-12-30,2019-10-31,2020-09-26,2021-07-27,2023-02-03,608.54,69.8,Pending,72.4,17,Pending,787,77,1,Synthetic prototype; fields modeled on public government land-acquisition systems
BHNV-00683,West Bengal,Kolkata,Industrial Corridor,3.83,2.43,7,1,2016-12-08,2017-02-13,2020-08-29,2022-07-27,2022-11-03,2023-10-07,10.14,0.74,Pending,91.7,0,Pending,1622,59,0,Synthetic prototype; fields modeled on public government land-acquisition systems
BHNV-00684,Tamil Nadu,Coimbatore,Irrigation,42.79,32.21,83,22,2025-01-22,2026-02-03,2025-12-21,2028-07-04,2029-03-29,2030-12-04,127.29,3.71,Partially paid,90.3,3,Partial possession,1281,55,0,Synthetic prototype; fields modeled on public government land-acquisition systems
BHNV-00685,Tamil Nadu,Salem,Industrial Corridor,7.3,4.32,9,1,2022-01-11,2022-09-10,2022-11-29,2022-11-19,2024-05-05,2026-03-15,27.51,0.72,Pending,100.0,0,Pending,943,59,0,Synthetic prototype; fields modeled on public government land-acquisition systems
BHNV-00686,Maharashtra,Pune,Renewable Energy,32.79,11.23,62,12,2024-03-04,2025-02-15,2025-05-04,2028-04-29,2029-08-08,2029-11-03,74.9,4.89,Pending,69.6,3,Pending,1010,71,1,Synthetic prototype; fields modeled on public government land-acquisition systems
BHNV-00687,Bihar,Patna,National Highway,17.78,17.06,26,5,2018-04-20,2020-05-25,2021-08-23,2023-08-09,2024-06-25,2025-08-02,28.07,1.28,Mostly paid,100.0,0,Substantially complete,2114,46,0,Synthetic prototype; fields modeled on public government land-acquisition systems
BHNV-00688,Bihar,Bhagalpur,Renewable Energy,49.74,34.32,89,17,2021-07-20,2023-08-22,2025-03-30,2027-09-28,2028-04-13,2028-12-21,176.58,3.87,Partially paid,100.0,0,Partial possession,1566,56,0,Synthetic prototype; fields modeled on public government land-acquisition systems
BHNV-00689,Rajasthan,Kota,Urban Development,26.39,21.6,42,8,2024-07-24,2025-10-22,2027-02-14,2029-09-26,2030-08-20,2031-07-22,78.95,2.48,Partially paid,90.5,2,Partial possession,1817,54,0,Synthetic prototype; fields modeled on public government land-acquisition systems
BHNV-00690,Maharashtra,Thane,Industrial Corridor,13.12,7.49,23,4,2022-08-31,2023-06-03,2024-04-10,2029-03-14,2030-03-04,2031-02-22,54.1,2.27,Partially paid,97.7,0,Pending,2216,58,0,Synthetic prototype; fields modeled on public government land-acquisition systems
BHNV-00691,Uttar Pradesh,Varanasi,Industrial Corridor,14.01,4.99,21,1,2018-06-12,2020-04-19,2020-01-10,2022-10-23,2023-06-21,2025-08-06,45.16,0.82,Pending,100.0,0,Pending,1724,66,1,Synthetic prototype; fields modeled on public government land-acquisition systems
BHNV-00692,Bihar,Gaya,Railway,206.95,101.18,364,52,2021-04-16,2022-02-25,2024-04-04,2025-10-22,2026-07-27,2027-06-11,178.44,23.5,Pending,66.1,15,Pending,1413,73,1,Synthetic prototype; fields modeled on public government land-acquisition systems
BHNV-00693,Gujarat,Surat,National Highway,46.69,35.1,95,14,2019-08-31,2020-05-17,2023-08-27,2023-12-13,2025-03-21,2025-04-12,204.34,6.48,Partially paid,85.8,5,Partial possession,867,57,0,Synthetic prototype; fields modeled on public government land-acquisition systems
BHNV-00694,Karnataka,Bengaluru Urban,Urban Development,5.46,4.99,12,2,2016-02-07,2017-01-21,2018-07-17,2022-06-24,2023-03-16,2023-10-23,16.35,1.37,Partially paid,100.0,0,Substantially complete,1659,49,0,Synthetic prototype; fields modeled on public government land-acquisition systems
BHNV-00695,Uttar Pradesh,Agra,Industrial Corridor,51.98,35.91,103,21,2019-09-26,2021-03-20,2021-05-29,2022-11-26,2024-01-22,2025-03-22,156.19,5.19,Partially paid,70.2,2,Partial possession,1318,59,0,Synthetic prototype; fields modeled on public government land-acquisition systems
BHNV-00696,West Bengal,Bardhaman,Industrial Corridor,24.66,18.33,33,11,2018-04-30,2019-11-01,2021-05-16,2021-12-18,2022-06-20,2023-03-19,102.69,0.72,Partially paid,89.3,2,Partial possession,1165,55,0,Synthetic prototype; fields modeled on public government land-acquisition systems
BHNV-00697,Gujarat,Vadodara,Urban Development,30.1,20.88,54,15,2023-08-08,2024-04-18,2024-12-01,2029-12-13,2031-07-16,2033-05-11,98.01,4.83,Partially paid,100.0,0,Partial possession,2369,56,0,Synthetic prototype; fields modeled on public government land-acquisition systems
BHNV-00698,Gujarat,Ahmedabad,Renewable Energy,68.03,58.14,148,33,2016-08-18,2018-02-04,2020-11-11,2021-10-27,2022-03-22,2022-05-21,175.07,14.15,Partially paid,71.6,2,Partial possession,1246,55,0,Synthetic prototype; fields modeled on public government land-acquisition systems
BHNV-00699,Maharashtra,Nagpur,Renewable Energy,97.83,29.92,185,29,2022-11-04,2025-03-07,2026-11-14,2023-10-02,2023-12-01,2024-04-19,117.1,16.71,Pending,90.1,4,Pending,0,26,0,Synthetic prototype; fields modeled on public government land-acquisition systems
BHNV-00700,Rajasthan,Jodhpur,National Highway,12.69,8.03,19,5,2019-09-27,2020-02-10,2023-03-26,2021-11-04,2022-11-03,2022-12-08,55.33,1.71,Partially paid,92.6,0,Pending,78,19,0,Synthetic prototype; fields modeled on public government land-acquisition systems
BHNV-00701,West Bengal,Bardhaman,Railway,29.09,13.9,52,8,2025-08-25,2027-08-23,2027-02-27,2026-07-15,2026-11-05,2027-05-08,31.72,3.55,Pending,100.0,5,Pending,0,21,0,Synthetic prototype; fields modeled on public government land-acquisition systems
BHNV-00702,Bihar,Bhagalpur,Industrial Corridor,17.36,13.29,28,4,2022-04-23,2024-05-24,2026-03-06,2025-09-08,2025-10-29,2027-05-10,24.83,0.61,Pending,99.4,0,Partial possession,1336,55,0,Synthetic prototype; fields modeled on public government land-acquisition systems
BHNV-00703,Maharashtra,Nagpur,Railway,54.43,47.2,97,17,2022-10-17,2024-07-14,2026-03-12,2029-01-07,2030-04-04,2031-06-08,208.59,9.02,Mostly paid,100.0,1,Partial possession,2046,48,0,Synthetic prototype; fields modeled on public government land-acquisition systems
BHNV-00704,Bihar,Bhagalpur,Renewable Energy,23.75,10.16,36,7,2016-07-27,2018-08-02,2017-06-05,2017-09-06,2017-12-04,2019-03-18,62.09,4.09,Pending,82.7,0,Pending,148,35,0,Synthetic prototype; fields modeled on public government land-acquisition systems
BHNV-00705,Maharashtra,Aurangabad,Renewable Energy,30.85,29.22,51,7,2019-05-09,2021-06-30,2021-03-03,2020-10-01,2020-12-12,2022-10-19,45.03,1.82,Mostly paid,100.0,1,Substantially complete,733,47,0,Synthetic prototype; fields modeled on public government land-acquisition systems
BHNV-00706,Maharashtra,Nashik,Irrigation,22.87,8.56,47,4,2021-12-24,2024-02-03,2024-04-03,2027-06-01,2027-07-04,2028-02-09,42.51,1.26,Pending,82.1,3,Pending,1463,69,1,Synthetic prototype; fields modeled on public government land-acquisition systems
BHNV-00707,Maharashtra,Nashik,National Highway,26.95,24.39,45,5,2023-02-25,2024-02-20,2024-08-16,2027-05-13,2028-07-02,2029-06-14,120.68,2.09,Partially paid,100.0,0,Substantially complete,1330,48,0,Synthetic prototype; fields modeled on public government land-acquisition systems
BHNV-00708,Rajasthan,Ajmer,Irrigation,164.79,153.86,332,67,2023-12-13,2024-01-16,2026-04-15,2025-04-21,2025-11-09,2025-12-14,487.92,34.85,Mostly paid,94.2,13,Substantially complete,0,7,0,Synthetic prototype; fields modeled on public government land-acquisition systems
BHNV-00709,Maharashtra,Pune,Irrigation,327.26,93.17,560,104,2025-06-27,2027-12-06,2027-06-25,2027-02-18,2027-07-21,2029-05-15,748.11,17.14,Pending,97.5,12,Pending,442,66,1,Synthetic prototype; fields modeled on public government land-acquisition systems
BHNV-00710,Madhya Pradesh,Ujjain,Irrigation,43.69,36.03,79,19,2023-07-31,2024-12-09,2026-04-28,2028-02-13,2028-07-19,2028-10-06,176.6,7.23,Mostly paid,100.0,1,Partial possession,1217,50,0,Synthetic prototype; fields modeled on public government land-acquisition systems
BHNV-00711,Karnataka,Mysuru,National Highway,27.11,22.46,34,9,2023-12-02,2025-05-30,2028-03-20,2028-11-01,2029-03-03,2030-10-15,69.8,0.89,Partially paid,91.7,0,Partial possession,1458,52,0,Synthetic prototype; fields modeled on public government land-acquisition systems
BHNV-00712,Bihar,Patna,National Highway,6.08,2.18,16,5,2021-09-14,2023-11-28,2024-11-22,2022-08-01,2023-03-24,2023-07-04,11.79,0.37,Pending,99.1,2,Pending,0,25,0,Synthetic prototype; fields modeled on public government land-acquisition systems
BHNV-00713,Uttar Pradesh,Varanasi,Urban Development,14.01,5.42,25,6,2019-05-23,2021-07-25,2020-09-28,2021-12-28,2022-06-05,2023-10-11,19.72,2.73,Pending,100.0,2,Pending,867,66,1,Synthetic prototype; fields modeled on public government land-acquisition systems
BHNV-00714,Odisha,Bhubaneswar,Railway,26.4,13.54,45,5,2021-09-05,2022-03-16,2022-08-17,2022-07-07,2023-12-13,2024-02-08,93.84,4.37,Pending,97.7,1,Pending,354,47,0,Synthetic prototype; fields modeled on public government land-acquisition systems
BHNV-00715,West Bengal,Howrah,Railway,14.66,10.18,28,5,2021-08-27,2023-07-10,2024-05-27,2025-02-06,2026-03-03,2026-08-05,44.07,2.24,Partially paid,100.0,3,Partial possession,764,56,0,Synthetic prototype; fields modeled on public government land-acquisition systems
BHNV-00716,Tamil Nadu,Madurai,Urban Development,16.28,10.33,23,2,2017-09-21,2020-01-06,2021-08-05,2022-07-30,2022-08-18,2023-09-10,18.59,0.86,Pending,100.0,2,Pending,1136,59,0,Synthetic prototype; fields modeled on public government land-acquisition systems
BHNV-00717,Rajasthan,Jodhpur,Urban Development,144.81,104.59,266,59,2024-10-13,2026-04-26,2025-09-25,2025-07-11,2026-08-17,2028-01-29,432.85,12.74,Partially paid,100.0,6,Partial possession,604,57,0,Synthetic prototype; fields modeled on public government land-acquisition systems
BHNV-00718,Uttar Pradesh,Agra,Renewable Energy,30.84,22.97,44,9,2017-08-01,2017-11-20,2019-06-30,2019-09-07,2021-04-11,2022-09-07,42.87,1.09,Partially paid,100.0,0,Partial possession,707,55,0,Synthetic prototype; fields modeled on public government land-acquisition systems
BHNV-00719,Gujarat,Rajkot,Irrigation,33.72,24.94,58,10,2018-06-21,2019-11-13,2021-02-09,2022-06-04,2023-12-30,2024-10-18,149.46,4.9,Partially paid,93.1,2,Partial possession,1482,55,0,Synthetic prototype; fields modeled on public government land-acquisition systems
BHNV-00720,Madhya Pradesh,Bhopal,Urban Development,15.27,11.3,24,5,2021-01-23,2022-07-22,2025-05-14,2021-10-25,2022-04-20,2023-03-26,26.89,2.13,Partially paid,98.6,2,Partial possession,228,29,0,Synthetic prototype; fields modeled on public government land-acquisition systems
BHNV-00721,Tamil Nadu,Madurai,Industrial Corridor,97.28,63.33,177,27,2024-04-10,2026-02-08,2024-10-10,2027-08-02,2028-08-15,2029-10-21,328.35,9.32,Mostly paid,77.2,2,Partial possession,1399,57,0,Synthetic prototype; fields modeled on public government land-acquisition systems
BHNV-00722,Odisha,Sambalpur,Railway,24.23,15.86,41,8,2018-11-19,2019-06-23,2021-04-09,2020-09-01,2021-11-06,2023-05-27,78.2,2.21,Partially paid,68.6,0,Partial possession,596,61,1,Synthetic prototype; fields modeled on public government land-acquisition systems
BHNV-00723,Uttar Pradesh,Lucknow,Urban Development,17.8,14.75,26,2,2024-08-10,2025-02-01,2028-04-15,2027-04-02,2028-09-06,2030-05-15,59.77,2.16,Mostly paid,100.0,0,Partial possession,1129,50,0,Synthetic prototype; fields modeled on public government land-acquisition systems
BHNV-00724,Tamil Nadu,Chennai,Industrial Corridor,6.17,5.47,10,4,2016-05-02,2016-10-30,2016-09-29,2018-03-19,2018-04-23,2020-06-13,14.75,1.15,Mostly paid,100.0,0,Partial possession,877,49,0,Synthetic prototype; fields modeled on public government land-acquisition systems
BHNV-00725,Uttar Pradesh,Prayagraj,Industrial Corridor,28.19,18.58,56,10,2018-08-14,2019-09-10,2020-05-24,2023-04-07,2024-09-19,2025-08-07,30.31,3.33,Pending,85.4,2,Partial possession,1865,60,0,Synthetic prototype; fields modeled on public government land-acquisition systems
BHNV-00726,Madhya Pradesh,Bhopal,Industrial Corridor,17.25,15.33,32,8,2018-09-27,2019-01-27,2021-02-13,2021-07-22,2022-02-18,2023-12-21,76.35,2.22,Mostly paid,95.5,1,Partial possession,1321,48,0,Synthetic prototype; fields modeled on public government land-acquisition systems
BHNV-00727,Odisha,Bhubaneswar,Renewable Energy,161.51,124.23,310,54,2018-09-13,2018-11-12,2021-08-28,2024-07-23,2025-07-17,2026-06-03,243.66,27.85,Partially paid,85.4,2,Partial possession,1766,56,0,Synthetic prototype; fields modeled on public government land-acquisition systems
BHNV-00728,Gujarat,Ahmedabad,Renewable Energy,189.41,142.45,349,51,2019-06-05,2021-10-07,2023-01-05,2022-08-18,2023-07-28,2024-11-23,690.96,18.93,Partially paid,91.7,7,Partial possession,1453,57,0,Synthetic prototype; fields modeled on public government land-acquisition systems
BHNV-00729,Maharashtra,Pune,Industrial Corridor,8.71,4.3,17,3,2016-12-03,2018-06-25,2020-08-10,2018-10-23,2019-11-19,2020-06-04,11.4,1.82,Pending,100.0,0,Pending,755,64,1,Synthetic prototype; fields modeled on public government land-acquisition systems
BHNV-00730,Bihar,Gaya,Renewable Energy,9.76,6.02,19,3,2018-09-17,2020-07-26,2020-04-03,2024-07-22,2025-03-04,2026-12-09,17.96,1.99,Partially paid,100.0,0,Pending,2157,57,0,Synthetic prototype; fields modeled on public government land-acquisition systems
BHNV-00731,Gujarat,Ahmedabad,Irrigation,22.73,17.29,39,5,2022-05-09,2024-01-30,2023-10-09,2024-03-13,2024-09-03,2026-06-04,65.27,3.41,Mostly paid,94.3,1,Partial possession,377,39,0,Synthetic prototype; fields modeled on public government land-acquisition systems
BHNV-00732,Maharashtra,Thane,Industrial Corridor,13.25,9.19,22,8,2019-12-31,2020-03-18,2020-07-04,2023-07-26,2025-03-01,2025-12-31,30.87,1.62,Partially paid,100.0,0,Partial possession,1258,55,0,Synthetic prototype; fields modeled on public government land-acquisition systems
BHNV-00733,Rajasthan,Jodhpur,Irrigation,37.24,25.57,65,9,2018-06-20,2019-04-03,2019-06-13,2023-09-11,2024-09-13,2025-06-03,161.83,7.69,Partially paid,84.9,1,Partial possession,1711,58,0,Synthetic prototype; fields modeled on public government land-acquisition systems
BHNV-00734,Karnataka,Bengaluru Urban,Irrigation,21.61,19.15,44,6,2021-09-17,2023-03-18,2025-04-13,2026-08-21,2027-05-02,2028-04-04,85.07,3.97,Partially paid,100.0,0,Partial possession,1598,50,0,Synthetic prototype; fields modeled on public government land-acquisition systems
BHNV-00735,West Bengal,Howrah,Industrial Corridor,39.67,34.04,55,11,2023-06-22,2025-01-12,2024-08-05,2027-04-17,2027-07-19,2028-10-18,167.04,4.64,Mostly paid,85.4,0,Partial possession,1200,50,0,Synthetic prototype; fields modeled on public government land-acquisition systems
BHNV-00736,West Bengal,Hooghly,Railway,82.77,80.13,166,26,2017-03-01,2018-05-14,2017-11-28,2018-04-30,2018-10-13,2020-06-22,262.43,17.88,Mostly paid,100.0,4,Substantially complete,544,47,0,Synthetic prototype; fields modeled on public government land-acquisition systems
BHNV-00737,Bihar,Muzaffarpur,Industrial Corridor,10.34,7.72,15,5,2022-06-20,2022-12-22,2026-06-04,2029-01-04,2030-06-19,2030-08-31,16.65,1.13,Partially paid,98.3,0,Partial possession,2238,54,0,Synthetic prototype; fields modeled on public government land-acquisition systems
BHNV-00738,Odisha,Bhubaneswar,Industrial Corridor,81.06,65.17,144,16,2017-09-05,2019-11-18,2021-09-07,2020-02-29,2021-04-01,2022-01-09,220.36,6.38,Partially paid,100.0,3,Partial possession,736,53,0,Synthetic prototype; fields modeled on public government land-acquisition systems
BHNV-00739,Madhya Pradesh,Bhopal,Renewable Energy,14.46,11.61,27,1,2025-10-20,2027-05-18,2029-07-19,2031-01-16,2032-01-17,2032-12-14,52.53,0.91,Partially paid,100.0,0,Partial possession,1924,52,0,Synthetic prototype; fields modeled on public government land-acquisition systems
BHNV-00740,Odisha,Puri,Industrial Corridor,256.85,165.11,487,94,2023-09-03,2024-12-15,2026-07-08,2024-05-13,2024-12-14,2025-04-01,266.98,32.68,Pending,100.0,10,Pending,0,17,0,Synthetic prototype; fields modeled on public government land-acquisition systems
BHNV-00741,Madhya Pradesh,Ujjain,Railway,151.56,93.2,269,47,2022-01-13,2022-10-06,2023-09-09,2027-05-19,2027-10-13,2028-07-07,605.26,19.25,Partially paid,100.0,6,Pending,1174,60,0,Synthetic prototype; fields modeled on public government land-acquisition systems
BHNV-00742,Odisha,Bhubaneswar,Renewable Energy,26.76,21.77,35,6,2018-05-21,2020-03-30,2019-07-23,2022-11-29,2023-05-31,2025-05-01,83.92,3.6,Mostly paid,99.5,0,Partial possession,1763,50,0,Synthetic prototype; fields modeled on public government land-acquisition systems
BHNV-00743,Karnataka,Mysuru,National Highway,11.43,6.09,21,6,2023-09-25,2024-10-26,2024-07-16,2025-11-11,2026-12-21,2028-04-08,39.74,0.71,Pending,100.0,0,Pending,1124,62,1,Synthetic prototype; fields modeled on public government land-acquisition systems
BHNV-00744,Rajasthan,Ajmer,National Highway,9.44,8.76,17,0,2022-04-23,2022-07-18,2022-10-01,2027-07-04,2028-08-06,2030-01-17,31.8,1.5,Mostly paid,100.0,1,Substantially complete,1771,48,0,Synthetic prototype; fields modeled on public government land-acquisition systems
BHNV-00745,Rajasthan,Jodhpur,Irrigation,71.78,39.38,127,32,2021-06-22,2022-01-12,2024-08-13,2023-05-22,2023-09-11,2025-03-11,282.58,6.4,Pending,82.3,3,Pending,369,50,0,Synthetic prototype; fields modeled on public government land-acquisition systems
BHNV-00746,Maharashtra,Nagpur,Irrigation,29.07,23.43,51,10,2021-03-08,2021-11-06,2022-12-29,2022-04-17,2023-05-13,2023-09-08,32.67,5.81,Partially paid,100.0,2,Partial possession,0,8,0,Synthetic prototype; fields modeled on public government land-acquisition systems
BHNV-00747,Tamil Nadu,Chennai,Railway,75.71,53.05,144,21,2023-12-12,2024-02-06,2028-01-21,2029-10-22,2030-10-11,2031-12-01,166.19,9.65,Pending,90.4,3,Partial possession,2167,59,0,Synthetic prototype; fields modeled on public government land-acquisition systems
BHNV-00748,Rajasthan,Jaipur,Urban Development,271.57,226.55,505,84,2017-09-26,2020-01-10,2020-06-18,2021-06-17,2022-12-14,2025-02-16,722.29,41.53,Partially paid,100.0,16,Partial possession,1947,56,0,Synthetic prototype; fields modeled on public government land-acquisition systems
BHNV-00749,Rajasthan,Jaipur,National Highway,13.87,9.07,24,3,2022-11-08,2023-04-05,2026-09-26,2024-02-29,2024-07-24,2025-07-06,39.15,2.04,Pending,100.0,0,Partial possession,363,43,0,Synthetic prototype; fields modeled on public government land-acquisition systems
BHNV-00750,Gujarat,Vadodara,Irrigation,8.76,5.01,18,2,2021-09-25,2022-03-20,2024-12-13,2026-04-20,2026-11-30,2028-12-04,37.56,0.52,Pending,100.0,1,Pending,1805,60,0,Synthetic prototype; fields modeled on public government land-acquisition systems
BHNV-00751,Gujarat,Vadodara,National Highway,36.33,29.79,60,9,2025-04-26,2027-10-10,2027-11-25,2027-09-19,2027-10-08,2029-06-21,34.77,6.31,Partially paid,92.1,1,Partial possession,904,52,0,Synthetic prototype; fields modeled on public government land-acquisition systems
BHNV-00752,Maharashtra,Nashik,Railway,94.14,91.29,178,30,2021-08-19,2022-06-09,2022-01-05,2024-10-02,2025-10-28,2026-02-12,377.09,6.48,Mostly paid,100.0,5,Substantially complete,654,48,0,Synthetic prototype; fields modeled on public government land-acquisition systems
BHNV-00753,Tamil Nadu,Chennai,Railway,11.7,10.42,25,6,2021-12-31,2023-03-08,2024-04-06,2023-10-02,2023-12-09,2025-07-02,33.25,1.49,Partially paid,96.1,1,Partial possession,502,47,0,Synthetic prototype; fields modeled on public government land-acquisition systems
BHNV-00754,Bihar,Gaya,Urban Development,31.02,29.27,60,7,2019-12-25,2020-10-07,2021-07-03,2023-12-15,2025-05-10,2026-12-19,88.47,5.24,Mostly paid,100.0,2,Substantially complete,2023,47,0,Synthetic prototype; fields modeled on public government land-acquisition systems
BHNV-00755,Gujarat,Ahmedabad,Urban Development,117.92,65.01,218,32,2024-10-28,2027-04-05,2027-07-02,2031-04-29,2031-11-27,2033-06-05,234.1,5.56,Pending,100.0,6,Pending,2245,63,1,Synthetic prototype; fields modeled on public government land-acquisition systems
BHNV-00756,Bihar,Patna,Renewable Energy,5.85,4.83,10,2,2017-05-01,2017-12-05,2019-10-05,2021-06-02,2022-08-31,2024-11-04,18.61,0.78,Partially paid,95.2,0,Partial possession,2023,52,0,Synthetic prototype; fields modeled on public government land-acquisition systems
BHNV-00757,Uttar Pradesh,Varanasi,Railway,37.91,33.53,79,10,2024-10-12,2027-02-15,2025-01-21,2030-05-17,2030-11-27,2032-02-21,121.0,4.82,Partially paid,71.9,4,Partial possession,1871,54,0,Synthetic prototype; fields modeled on public government land-acquisition systems
BHNV-00758,Gujarat,Vadodara,Irrigation,17.46,11.4,29,1,2021-03-11,2023-04-22,2025-07-20,2026-08-15,2027-04-27,2027-05-21,26.2,0.77,Pending,100.0,1,Partial possession,1492,59,0,Synthetic prototype; fields modeled on public government land-acquisition systems
BHNV-00759,Karnataka,Bengaluru Urban,National Highway,33.93,18.85,63,7,2024-06-24,2025-12-04,2027-11-05,2030-02-28,2031-01-28,2032-05-12,112.14,5.84,Pending,91.4,0,Pending,1982,61,1,Synthetic prototype; fields modeled on public government land-acquisition systems
BHNV-00760,Tamil Nadu,Coimbatore,Industrial Corridor,60.93,50.37,121,23,2024-06-05,2026-06-14,2025-04-16,2026-06-22,2027-11-19,2029-01-21,108.87,8.49,Partially paid,100.0,1,Partial possession,741,51,0,Synthetic prototype; fields modeled on public government land-acquisition systems
BHNV-00761,Maharashtra,Nashik,Urban Development,37.37,32.21,60,12,2023-03-23,2023-12-16,2025-08-15,2026-06-20,2026-07-27,2028-01-10,125.13,3.02,Partially paid,100.0,0,Partial possession,646,50,0,Synthetic prototype; fields modeled on public government land-acquisition systems
BHNV-00762,Uttar Pradesh,Varanasi,Industrial Corridor,10.91,8.15,20,3,2024-06-13,2025-06-04,2026-07-31,2030-08-27,2031-03-09,2032-04-01,33.43,0.57,Partially paid,86.6,1,Partial possession,2007,55,0,Synthetic prototype; fields modeled on public government land-acquisition systems
BHNV-00763,Tamil Nadu,Salem,Irrigation,18.15,14.24,30,4,2019-12-26,2020-04-03,2021-05-22,2021-09-10,2022-03-18,2023-09-14,62.6,2.24,Partially paid,100.0,1,Partial possession,478,48,0,Synthetic prototype; fields modeled on public government land-acquisition systems
BHNV-00764,Karnataka,Mangaluru,Urban Development,124.79,120.26,224,38,2024-01-25,2026-03-28,2024-11-29,2030-05-18,2030-12-16,2032-06-06,108.93,11.33,Partially paid,100.0,5,Substantially complete,2180,49,0,Synthetic prototype; fields modeled on public government land-acquisition systems
BHNV-00765,Tamil Nadu,Chennai,Industrial Corridor,41.63,33.87,80,9,2025-07-03,2027-07-07,2028-09-26,2030-12-22,2032-06-26,2033-07-18,52.61,9.17,Partially paid,93.0,3,Partial possession,2098,53,0,Synthetic prototype; fields modeled on public government land-acquisition systems
BHNV-00766,Karnataka,Mangaluru,Irrigation,69.43,65.56,123,28,2016-07-25,2016-09-17,2016-12-14,2021-09-20,2023-01-01,2024-12-19,271.38,9.74,Mostly paid,79.9,2,Substantially complete,2563,49,0,Synthetic prototype; fields modeled on public government land-acquisition systems
BHNV-00767,Karnataka,Mysuru,National Highway,38.49,32.66,79,16,2020-06-12,2022-02-13,2021-02-04,2026-04-30,2026-08-21,2028-05-11,85.01,3.83,Partially paid,90.0,2,Partial possession,2118,53,0,Synthetic prototype; fields modeled on public government land-acquisition systems
BHNV-00768,Bihar,Bhagalpur,Irrigation,67.3,58.21,121,34,2024-02-05,2024-08-08,2026-02-11,2024-10-27,2026-01-11,2028-02-26,262.19,8.82,Mostly paid,100.0,2,Partial possession,695,50,0,Synthetic prototype; fields modeled on public government land-acquisition systems
BHNV-00769,Odisha,Puri,Renewable Energy,20.16,18.51,40,6,2024-12-31,2026-11-18,2026-07-22,2027-10-11,2029-01-20,2031-03-01,20.8,2.96,Mostly paid,100.0,1,Substantially complete,1568,48,0,Synthetic prototype; fields modeled on public government land-acquisition systems
BHNV-00770,Uttar Pradesh,Gorakhpur,Urban Development,13.91,11.24,24,7,2020-03-05,2022-07-13,2022-06-08,2023-12-09,2024-07-01,2025-09-27,50.73,2.22,Partially paid,87.7,1,Partial possession,963,53,0,Synthetic prototype; fields modeled on public government land-acquisition systems
BHNV-00771,Tamil Nadu,Salem,Railway,64.31,52.47,124,23,2020-01-22,2020-09-26,2024-03-13,2025-07-23,2027-03-07,2027-10-02,71.38,13.67,Mostly paid,80.5,1,Partial possession,1688,52,0,Synthetic prototype; fields modeled on public government land-acquisition systems
BHNV-00772,Madhya Pradesh,Gwalior,National Highway,92.52,61.73,168,25,2016-09-15,2018-04-28,2020-04-28,2018-06-13,2019-11-08,2020-08-13,234.34,19.53,Partially paid,95.3,4,Partial possession,743,58,0,Synthetic prototype; fields modeled on public government land-acquisition systems
BHNV-00773,Uttar Pradesh,Varanasi,Industrial Corridor,12.01,9.82,21,5,2019-09-14,2020-10-26,2020-07-11,2022-05-30,2022-12-21,2024-05-25,51.27,1.93,Partially paid,100.0,1,Partial possession,573,53,0,Synthetic prototype; fields modeled on public government land-acquisition systems
BHNV-00774,Odisha,Sambalpur,Urban Development,16.85,10.93,37,10,2017-03-29,2017-11-07,2018-01-14,2023-04-27,2023-09-29,2025-07-20,18.32,2.76,Partially paid,78.7,3,Pending,1935,60,0,Synthetic prototype; fields modeled on public government land-acquisition systems
BHNV-00775,Uttar Pradesh,Kanpur Nagar,Railway,25.45,23.03,54,8,2018-03-09,2018-05-17,2018-10-01,2019-05-17,2019-11-22,2021-02-04,53.38,2.29,Mostly paid,99.9,2,Substantially complete,84,10,0,Synthetic prototype; fields modeled on public government land-acquisition systems
BHNV-00776,Rajasthan,Jaipur,Irrigation,151.38,121.86,253,42,2017-01-09,2018-09-27,2018-03-11,2022-05-01,2023-07-09,2025-06-11,411.43,15.26,Partially paid,100.0,9,Partial possession,1946,55,0,Synthetic prototype; fields modeled on public government land-acquisition systems
BHNV-00777,Madhya Pradesh,Ujjain,Railway,52.62,45.03,105,27,2022-11-16,2023-11-23,2025-03-14,2025-04-08,2026-06-30,2026-10-21,217.21,7.23,Mostly paid,100.0,1,Partial possession,679,50,0,Synthetic prototype; fields modeled on public government land-acquisition systems
BHNV-00778,Odisha,Puri,Urban Development,7.97,7.12,9,2,2016-03-15,2017-08-29,2018-03-28,2022-08-16,2023-11-13,2023-12-27,16.18,0.3,Mostly paid,100.0,0,Partial possession,1840,47,0,Synthetic prototype; fields modeled on public government land-acquisition systems
BHNV-00779,Bihar,Gaya,Urban Development,27.3,11.5,59,9,2016-08-29,2017-12-21,2017-11-28,2020-01-13,2021-07-11,2022-05-12,103.36,2.69,Pending,65.5,1,Pending,1473,69,1,Synthetic prototype; fields modeled on public government land-acquisition systems
BHNV-00780,Tamil Nadu,Madurai,Renewable Energy,23.43,16.8,40,7,2018-11-06,2019-11-06,2020-09-30,2021-12-06,2023-06-05,2025-01-14,81.0,4.74,Partially paid,80.4,5,Partial possession,1183,59,0,Synthetic prototype; fields modeled on public government land-acquisition systems
BHNV-00781,West Bengal,Bardhaman,Renewable Energy,9.27,6.4,10,1,2020-09-08,2020-10-11,2022-05-01,2023-04-26,2024-05-05,2025-09-18,17.95,0.96,Pending,100.0,0,Partial possession,1189,57,0,Synthetic prototype; fields modeled on public government land-acquisition systems
BHNV-00782,Odisha,Cuttack,Railway,26.98,19.97,50,12,2025-02-12,2027-05-24,2028-12-20,2026-04-14,2027-07-18,2028-09-10,55.61,3.41,Pending,78.2,2,Partial possession,593,59,0,Synthetic prototype; fields modeled on public government land-acquisition systems
BHNV-00783,Maharashtra,Thane,Irrigation,22.42,17.41,34,8,2016-05-02,2018-06-29,2017-11-20,2021-09-29,2023-04-22,2023-06-03,33.78,1.45,Partially paid,93.6,0,Partial possession,1515,54,0,Synthetic prototype; fields modeled on public government land-acquisition systems
BHNV-00784,Tamil Nadu,Coimbatore,Railway,20.87,18.83,40,8,2021-06-25,2022-12-23,2023-02-22,2027-09-06,2028-09-11,2029-02-18,70.21,3.09,Partially paid,93.3,2,Substantially complete,1728,51,0,Synthetic prototype; fields modeled on public government land-acquisition systems
BHNV-00785,Odisha,Sambalpur,Urban Development,19.94,18.02,38,5,2025-04-05,2026-09-13,2025-10-27,2027-09-27,2029-04-24,2030-02-20,57.5,1.64,Mostly paid,100.0,2,Substantially complete,846,48,0,Synthetic prototype; fields modeled on public government land-acquisition systems
BHNV-00786,Rajasthan,Alwar,Urban Development,130.5,87.7,203,46,2021-11-28,2022-08-10,2025-10-15,2027-06-05,2027-08-17,2029-04-03,179.22,7.98,Pending,100.0,6,Partial possession,1850,60,0,Synthetic prototype; fields modeled on public government land-acquisition systems
BHNV-00787,West Bengal,Howrah,Industrial Corridor,20.83,11.55,34,11,2025-02-09,2025-08-07,2028-05-13,2029-02-09,2029-08-09,2030-05-02,64.45,1.0,Pending,100.0,1,Pending,980,62,1,Synthetic prototype; fields modeled on public government land-acquisition systems
BHNV-00788,Rajasthan,Ajmer,Renewable Energy,31.49,22.69,65,12,2022-03-31,2022-12-23,2023-01-19,2026-08-27,2027-05-31,2027-11-23,83.29,3.55,Partially paid,100.0,2,Partial possession,1468,55,0,Synthetic prototype; fields modeled on public government land-acquisition systems
BHNV-00789,West Bengal,Bardhaman,Industrial Corridor,28.25,16.32,48,11,2024-04-03,2026-02-21,2027-11-05,2026-08-19,2027-11-07,2028-03-10,32.28,3.56,Pending,100.0,0,Pending,280,38,0,Synthetic prototype; fields modeled on public government land-acquisition systems
BHNV-00790,Maharashtra,Nagpur,National Highway,18.08,5.63,30,7,2017-05-11,2017-09-20,2017-10-04,2022-12-16,2023-07-14,2025-05-02,78.26,1.08,Pending,99.9,0,Pending,2366,69,1,Synthetic prototype; fields modeled on public government land-acquisition systems
BHNV-00791,Tamil Nadu,Chennai,Urban Development,32.44,23.92,48,7,2024-07-08,2025-01-28,2028-08-01,2028-09-22,2029-09-25,2030-11-11,126.15,1.92,Partially paid,83.3,2,Partial possession,1540,58,0,Synthetic prototype; fields modeled on public government land-acquisition systems
BHNV-00792,Bihar,Patna,Industrial Corridor,31.99,29.0,59,16,2019-02-19,2020-06-23,2022-03-03,2023-04-23,2023-06-23,2024-04-03,34.0,3.49,Mostly paid,100.0,3,Substantially complete,1168,49,0,Synthetic prototype; fields modeled on public government land-acquisition systems
BHNV-00793,Rajasthan,Jodhpur,Railway,32.45,17.24,53,4,2020-01-13,2022-02-28,2021-10-10,2020-11-25,2021-10-14,2022-05-04,137.77,3.65,Pending,89.8,1,Pending,144,29,0,Synthetic prototype; fields modeled on public government land-acquisition systems
BHNV-00794,Rajasthan,Ajmer,Renewable Energy,12.69,11.68,14,4,2017-12-27,2018-02-28,2020-07-30,2023-08-26,2024-04-26,2025-10-24,53.19,1.35,Mostly paid,100.0,0,Substantially complete,1851,47,0,Synthetic prototype; fields modeled on public government land-acquisition systems
BHNV-00795,Karnataka,Mysuru,Renewable Energy,24.38,19.91,35,11,2021-01-05,2022-12-19,2023-03-24,2027-04-21,2028-06-19,2029-04-05,23.31,2.68,Partially paid,86.0,0,Partial possession,2184,54,0,Synthetic prototype; fields modeled on public government land-acquisition systems
BHNV-00796,West Bengal,Kolkata,Irrigation,64.09,34.01,112,18,2020-12-26,2022-06-26,2024-09-25,2026-07-01,2027-05-27,2029-04-29,99.05,9.16,Partially paid,100.0,1,Pending,2423,59,0,Synthetic prototype; fields modeled on public government land-acquisition systems
BHNV-00797,Gujarat,Surat,Railway,25.03,21.95,35,7,2020-12-21,2022-04-04,2023-06-16,2025-11-12,2026-02-11,2027-10-29,85.07,3.14,Mostly paid,97.9,1,Partial possession,1804,48,0,Synthetic prototype; fields modeled on public government land-acquisition systems
BHNV-00798,Tamil Nadu,Coimbatore,Irrigation,35.23,29.58,61,11,2025-10-30,2026-09-09,2027-10-11,2027-11-11,2028-01-26,2028-10-13,150.01,3.97,Partially paid,95.1,0,Partial possession,505,49,0,Synthetic prototype; fields modeled on public government land-acquisition systems
BHNV-00799,West Bengal,Kolkata,Industrial Corridor,35.41,14.28,64,14,2016-04-01,2016-12-11,2019-10-24,2020-12-22,2022-07-30,2023-07-03,136.17,3.48,Pending,95.5,4,Pending,1993,67,1,Synthetic prototype; fields modeled on public government land-acquisition systems
BHNV-00800,Karnataka,Mysuru,National Highway,45.49,35.48,61,14,2025-05-25,2027-01-09,2025-12-25,2029-06-02,2030-02-09,2030-03-13,83.84,6.1,Partially paid,100.0,0,Partial possession,1120,52,0,Synthetic prototype; fields modeled on public government land-acquisition systems
BHNV-00801,Uttar Pradesh,Kanpur Nagar,Railway,52.39,49.78,87,16,2021-05-23,2022-03-05,2023-07-11,2023-08-02,2025-03-06,2026-05-02,48.39,8.95,Mostly paid,100.0,1,Substantially complete,994,46,0,Synthetic prototype; fields modeled on public government land-acquisition systems
BHNV-00802,West Bengal,Bardhaman,Railway,25.17,20.21,44,10,2024-09-29,2024-12-26,2026-09-29,2031-03-06,2031-06-06,2032-08-04,64.18,1.56,Mostly paid,100.0,4,Partial possession,2247,51,0,Synthetic prototype; fields modeled on public government land-acquisition systems
BHNV-00803,Bihar,Bhagalpur,Railway,12.05,7.17,26,4,2022-07-12,2023-04-13,2026-01-20,2024-02-19,2025-09-14,2026-01-31,13.74,3.0,Partially paid,87.0,2,Pending,788,60,0,Synthetic prototype; fields modeled on public government land-acquisition systems
BHNV-00804,Tamil Nadu,Chennai,Irrigation,8.86,5.68,14,1,2017-05-27,2018-11-26,2018-04-10,2022-05-03,2023-07-07,2024-06-05,15.13,1.58,Partially paid,100.0,0,Pending,1447,58,0,Synthetic prototype; fields modeled on public government land-acquisition systems
BHNV-00805,Karnataka,Mysuru,Industrial Corridor,82.9,61.94,148,26,2017-08-25,2018-04-25,2018-06-17,2022-12-04,2023-01-11,2023-06-27,262.66,15.85,Partially paid,99.2,4,Partial possession,1088,55,0,Synthetic prototype; fields modeled on public government land-acquisition systems
BHNV-00806,Uttar Pradesh,Prayagraj,Railway,64.73,21.59,116,23,2017-03-03,2018-11-12,2018-07-16,2018-08-23,2018-10-05,2020-05-22,170.34,7.22,Pending,100.0,1,Pending,557,69,1,Synthetic prototype; fields modeled on public government land-acquisition systems
BHNV-00807,Madhya Pradesh,Gwalior,Railway,57.36,40.27,101,15,2021-07-12,2023-07-12,2023-11-07,2022-03-24,2023-08-11,2025-06-13,125.84,10.53,Partially paid,88.2,3,Partial possession,850,57,0,Synthetic prototype; fields modeled on public government land-acquisition systems
BHNV-00808,Karnataka,Mysuru,Renewable Energy,67.44,56.39,117,23,2019-12-27,2022-04-23,2022-02-14,2024-02-09,2024-07-07,2026-01-29,286.0,9.69,Partially paid,100.0,7,Partial possession,1033,53,0,Synthetic prototype; fields modeled on public government land-acquisition systems
BHNV-00809,Madhya Pradesh,Jabalpur,National Highway,25.49,15.98,40,6,2016-01-07,2016-09-08,2016-06-30,2019-09-19,2020-09-18,2020-10-22,38.59,1.62,Pending,88.5,1,Pending,1023,60,0,Synthetic prototype; fields modeled on public government land-acquisition systems
BHNV-00810,Tamil Nadu,Madurai,Renewable Energy,16.04,11.6,26,6,2021-12-07,2023-02-12,2026-03-05,2024-06-10,2025-06-09,2026-02-25,41.76,2.53,Partially paid,100.0,1,Partial possession,856,54,0,Synthetic prototype; fields modeled on public government land-acquisition systems
BHNV-00811,Rajasthan,Jaipur,Renewable Energy,11.24,8.16,23,1,2022-08-31,2023-07-09,2023-09-21,2028-01-01,2028-10-22,2029-11-30,32.84,1.39,Partially paid,87.3,1,Partial possession,1938,56,0,Synthetic prototype; fields modeled on public government land-acquisition systems
BHNV-00812,Karnataka,Mangaluru,National Highway,10.08,4.18,9,2,2019-10-05,2022-02-11,2023-08-27,2024-11-09,2026-03-14,2027-03-10,20.07,0.44,Pending,99.9,0,Pending,2171,64,1,Synthetic prototype; fields modeled on public government land-acquisition systems
BHNV-00813,Maharashtra,Nashik,Industrial Corridor,100.7,59.63,190,43,2017-10-02,2019-05-27,2020-05-19,2019-02-27,2019-12-30,2021-05-03,343.35,20.49,Partially paid,100.0,7,Pending,301,41,0,Synthetic prototype; fields modeled on public government land-acquisition systems
BHNV-00814,Madhya Pradesh,Gwalior,Renewable Energy,18.3,16.7,35,5,2019-01-26,2020-09-19,2021-05-16,2022-01-17,2022-08-08,2023-03-13,73.36,3.72,Partially paid,80.8,0,Substantially complete,935,51,0,Synthetic prototype; fields modeled on public government land-acquisition systems
BHNV-00815,Bihar,Muzaffarpur,Industrial Corridor,86.04,30.26,152,33,2018-12-02,2019-08-03,2019-12-30,2020-02-21,2021-10-10,2021-11-02,241.21,16.18,Pending,98.8,4,Pending,548,69,1,Synthetic prototype; fields modeled on public government land-acquisition systems
BHNV-00816,Maharashtra,Aurangabad,Renewable Energy,24.86,21.35,41,9,2022-02-08,2023-03-26,2024-08-04,2027-12-01,2029-02-06,2031-01-13,91.76,4.34,Partially paid,100.0,3,Partial possession,2597,51,0,Synthetic prototype; fields modeled on public government land-acquisition systems
BHNV-00817,Odisha,Sambalpur,Urban Development,15.24,12.62,31,5,2023-07-07,2023-09-19,2026-03-18,2030-01-13,2031-05-10,2033-03-22,15.63,2.34,Partially paid,88.1,2,Partial possession,2780,52,0,Synthetic prototype; fields modeled on public government land-acquisition systems
BHNV-00818,Odisha,Sambalpur,National Highway,10.03,7.22,16,4,2017-07-18,2018-02-04,2021-11-04,2020-11-24,2021-07-02,2022-12-29,13.73,1.31,Partially paid,100.0,2,Partial possession,1051,55,0,Synthetic prototype; fields modeled on public government land-acquisition systems
BHNV-00819,Uttar Pradesh,Prayagraj,Renewable Energy,16.64,11.06,33,8,2020-08-23,2021-04-30,2022-01-18,2021-08-18,2022-05-01,2022-08-26,41.76,3.79,Pending,100.0,2,Partial possession,106,22,0,Synthetic prototype; fields modeled on public government land-acquisition systems
BHNV-00820,Rajasthan,Jodhpur,Urban Development,123.75,109.9,238,46,2025-01-19,2026-03-09,2026-07-03,2031-08-03,2032-06-18,2033-03-05,520.71,7.84,Mostly paid,82.1,8,Partial possession,2015,52,0,Synthetic prototype; fields modeled on public government land-acquisition systems
BHNV-00821,Tamil Nadu,Salem,Irrigation,10.13,4.13,21,2,2017-03-21,2017-07-23,2020-12-03,2021-10-29,2022-05-15,2024-01-16,28.03,2.11,Pending,100.0,0,Pending,1692,67,1,Synthetic prototype; fields modeled on public government land-acquisition systems
BHNV-00822,Karnataka,Bengaluru Urban,Urban Development,248.82,219.27,428,72,2021-04-14,2023-09-19,2024-08-15,2026-08-03,2027-12-08,2028-11-05,597.05,31.08,Partially paid,84.6,10,Partial possession,1945,54,0,Synthetic prototype; fields modeled on public government land-acquisition systems
BHNV-00823,Gujarat,Rajkot,Railway,12.93,10.92,18,3,2016-07-18,2016-09-29,2020-10-27,2017-06-07,2018-11-07,2019-11-07,39.05,2.12,Partially paid,98.9,1,Partial possession,54,10,0,Synthetic prototype; fields modeled on public government land-acquisition systems
BHNV-00824,Bihar,Patna,Renewable Energy,63.43,24.46,107,20,2024-03-14,2024-11-26,2024-12-09,2029-12-21,2030-05-12,2031-01-15,79.96,8.98,Pending,100.0,1,Pending,1965,67,1,Synthetic prototype; fields modeled on public government land-acquisition systems
BHNV-00825,Madhya Pradesh,Ujjain,Urban Development,25.91,22.98,50,10,2017-05-27,2019-01-20,2021-05-06,2021-09-13,2022-12-20,2024-10-11,83.39,1.81,Mostly paid,92.7,0,Partial possession,2097,48,0,Synthetic prototype; fields modeled on public government land-acquisition systems
BHNV-00826,Tamil Nadu,Salem,Industrial Corridor,21.75,10.87,48,11,2025-11-06,2026-10-18,2027-08-11,2030-10-28,2031-06-29,2031-08-19,24.97,4.87,Pending,100.0,1,Pending,1403,64,1,Synthetic prototype; fields modeled on public government land-acquisition systems
BHNV-00827,Maharashtra,Pune,Irrigation,8.4,6.79,5,0,2018-09-16,2020-10-15,2022-11-05,2024-09-01,2024-10-26,2025-10-20,24.65,0.44,Partially paid,100.0,0,Partial possession,1776,53,0,Synthetic prototype; fields modeled on public government land-acquisition systems
BHNV-00828,Odisha,Sambalpur,Renewable Energy,27.16,22.54,44,7,2022-03-10,2023-03-09,2025-03-02,2023-03-08,2024-04-17,2025-12-26,93.52,1.54,Partially paid,100.0,5,Partial possession,568,54,0,Synthetic prototype; fields modeled on public government land-acquisition systems
BHNV-00829,Bihar,Muzaffarpur,Railway,9.41,8.12,15,2,2019-11-02,2021-07-24,2020-04-21,2022-09-28,2023-09-17,2024-07-19,21.86,0.31,Mostly paid,100.0,1,Partial possession,787,48,0,Synthetic prototype; fields modeled on public government land-acquisition systems
BHNV-00830,Gujarat,Rajkot,Urban Development,5.58,4.23,7,1,2020-12-17,2022-10-01,2024-01-13,2024-11-22,2024-12-27,2025-01-27,23.27,0.52,Partially paid,94.7,1,Partial possession,747,55,0,Synthetic prototype; fields modeled on public government land-acquisition systems
BHNV-00831,Karnataka,Mysuru,Irrigation,33.77,26.88,62,18,2017-06-29,2019-07-17,2019-03-22,2024-01-20,2025-01-15,2025-04-29,46.01,2.74,Partially paid,100.0,1,Partial possession,1808,54,0,Synthetic prototype; fields modeled on public government land-acquisition systems
BHNV-00832,Uttar Pradesh,Varanasi,Renewable Energy,15.87,14.02,33,8,2022-12-08,2024-04-17,2023-11-11,2026-10-14,2026-11-07,2027-11-04,22.73,3.52,Partially paid,98.9,3,Partial possession,888,52,0,Synthetic prototype; fields modeled on public government land-acquisition systems
BHNV-00833,Gujarat,Vadodara,Irrigation,161.47,126.68,299,54,2021-07-02,2023-10-27,2023-09-20,2023-06-06,2023-09-15,2025-08-06,438.0,13.48,Partially paid,98.7,7,Partial possession,381,40,0,Synthetic prototype; fields modeled on public government land-acquisition systems
BHNV-00834,Bihar,Bhagalpur,Railway,81.45,45.91,164,26,2025-05-25,2027-06-08,2027-04-01,2027-05-19,2028-11-28,2030-03-01,345.93,14.15,Pending,100.0,4,Pending,788,62,1,Synthetic prototype; fields modeled on public government land-acquisition systems
BHNV-00835,Gujarat,Rajkot,Urban Development,163.6,120.76,253,52,2020-12-10,2021-11-01,2024-04-05,2025-05-01,2026-04-19,2027-01-11,367.38,13.79,Pending,100.0,9,Partial possession,1535,59,0,Synthetic prototype; fields modeled on public government land-acquisition systems
BHNV-00836,Bihar,Gaya,Irrigation,15.17,10.87,28,3,2022-01-24,2023-08-21,2024-04-15,2027-06-14,2027-07-02,2029-02-28,64.13,1.54,Partially paid,69.6,0,Partial possession,1519,58,0,Synthetic prototype; fields modeled on public government land-acquisition systems
BHNV-00837,Bihar,Bhagalpur,Irrigation,34.33,28.35,63,9,2018-06-08,2019-11-08,2020-06-18,2020-11-24,2020-12-31,2021-07-17,115.55,2.41,Mostly paid,100.0,1,Partial possession,248,26,0,Synthetic prototype; fields modeled on public government land-acquisition systems
BHNV-00838,West Bengal,Hooghly,National Highway,2.18,1.12,2,0,2018-07-19,2019-03-20,2022-01-16,2021-11-17,2022-06-16,2023-04-16,8.06,0.14,Pending,78.1,0,Pending,1090,65,1,Synthetic prototype; fields modeled on public government land-acquisition systems
BHNV-00839,Madhya Pradesh,Gwalior,Irrigation,22.61,11.91,42,9,2025-07-07,2027-01-11,2027-05-27,2026-03-13,2027-08-07,2029-09-20,96.55,3.27,Pending,85.5,1,Pending,815,64,1,Synthetic prototype; fields modeled on public government land-acquisition systems
BHNV-00840,Odisha,Bhubaneswar,National Highway,33.07,24.11,55,6,2018-04-07,2018-05-08,2019-01-21,2020-09-17,2021-07-01,2022-02-15,96.49,4.3,Partially paid,100.0,2,Partial possession,471,49,0,Synthetic prototype; fields modeled on public government land-acquisition systems
BHNV-00841,West Bengal,Howrah,Urban Development,34.95,11.27,45,9,2021-12-24,2023-11-14,2024-06-22,2022-08-06,2023-11-14,2024-05-04,110.94,4.75,Pending,97.3,1,Pending,0,23,0,Synthetic prototype; fields modeled on public government land-acquisition systems
BHNV-00842,Karnataka,Mangaluru,Renewable Energy,28.72,14.81,56,12,2025-01-17,2026-12-01,2029-04-04,2025-08-15,2025-12-14,2027-11-19,84.5,4.77,Pending,97.2,2,Pending,257,40,0,Synthetic prototype; fields modeled on public government land-acquisition systems
BHNV-00843,West Bengal,Hooghly,Renewable Energy,32.03,19.16,61,12,2021-12-02,2024-03-12,2025-06-01,2024-09-04,2025-10-01,2026-11-12,118.64,5.74,Partially paid,77.4,1,Pending,1059,61,1,Synthetic prototype; fields modeled on public government land-acquisition systems
BHNV-00844,Rajasthan,Kota,Urban Development,2.0,1.19,6,2,2019-06-29,2020-02-20,2022-07-17,2023-02-13,2023-09-15,2023-10-19,3.62,0.31,Pending,90.0,0,Pending,958,60,0,Synthetic prototype; fields modeled on public government land-acquisition systems
BHNV-00845,Rajasthan,Jaipur,Urban Development,38.71,26.66,61,8,2020-02-25,2021-03-01,2022-02-18,2026-05-02,2026-05-18,2027-09-15,143.84,3.79,Pending,100.0,2,Partial possession,1855,58,0,Synthetic prototype; fields modeled on public government land-acquisition systems
BHNV-00846,Odisha,Puri,Industrial Corridor,48.59,29.55,94,18,2019-08-05,2021-08-07,2023-08-06,2022-10-20,2023-03-04,2024-05-22,167.16,2.05,Partially paid,95.3,1,Pending,998,58,0,Synthetic prototype; fields modeled on public government land-acquisition systems
BHNV-00847,Gujarat,Ahmedabad,Urban Development,114.21,90.79,184,42,2018-12-08,2020-02-17,2020-12-05,2022-05-29,2022-11-08,2024-09-11,345.79,5.14,Partially paid,88.8,3,Partial possession,1308,55,0,Synthetic prototype; fields modeled on public government land-acquisition systems
BHNV-00848,Madhya Pradesh,Ujjain,Irrigation,43.33,37.03,73,14,2025-08-24,2028-01-23,2028-05-08,2028-06-30,2028-12-13,2029-03-05,40.88,4.27,Partially paid,100.0,4,Partial possession,265,28,0,Synthetic prototype; fields modeled on public government land-acquisition systems
BHNV-00849,Odisha,Puri,Renewable Energy,26.29,19.86,39,8,2017-05-30,2018-04-30,2020-07-31,2018-12-09,2020-07-10,2020-10-09,96.37,1.6,Partially paid,93.6,1,Partial possession,171,24,0,Synthetic prototype; fields modeled on public government land-acquisition systems
BHNV-00850,Bihar,Bhagalpur,Railway,90.46,70.41,166,28,2021-03-29,2022-09-16,2023-08-29,2022-07-26,2023-06-11,2023-10-05,116.69,16.82,Partially paid,82.9,2,Partial possession,87,18,0,Synthetic prototype; fields modeled on public government land-acquisition systems
BHNV-00851,Maharashtra,Nagpur,Renewable Energy,2.84,2.36,1,0,2017-11-18,2019-03-31,2019-12-28,2022-06-19,2023-10-21,2025-08-17,12.38,0.09,Partially paid,100.0,0,Partial possession,2259,50,0,Synthetic prototype; fields modeled on public government land-acquisition systems
BHNV-00852,Madhya Pradesh,Ujjain,National Highway,17.9,12.37,28,8,2018-10-16,2020-12-17,2021-01-14,2023-10-25,2024-11-06,2026-06-28,19.72,3.28,Partially paid,100.0,0,Partial possession,2254,54,0,Synthetic prototype; fields modeled on public government land-acquisition systems
BHNV-00853,Madhya Pradesh,Jabalpur,Renewable Energy,13.93,8.11,17,0,2019-07-19,2021-08-02,2021-04-04,2021-04-03,2021-06-27,2022-02-03,48.27,1.85,Partially paid,85.6,1,Pending,380,46,0,Synthetic prototype; fields modeled on public government land-acquisition systems
BHNV-00854,Bihar,Gaya,Industrial Corridor,28.95,21.67,42,10,2025-08-03,2027-03-13,2027-05-01,2028-12-14,2029-01-30,2029-09-14,61.77,4.95,Partially paid,100.0,1,Partial possession,988,55,0,Synthetic prototype; fields modeled on public government land-acquisition systems
BHNV-00855,Bihar,Gaya,Urban Development,3.32,1.0,5,0,2018-11-15,2020-04-22,2021-06-18,2024-09-03,2025-02-21,2025-05-25,11.69,0.28,Pending,100.0,1,Pending,1380,69,1,Synthetic prototype; fields modeled on public government land-acquisition systems
BHNV-00856,Uttar Pradesh,Gorakhpur,Urban Development,112.13,22.9,184,25,2018-12-29,2019-10-15,2022-08-31,2020-07-06,2021-06-15,2021-10-20,305.01,12.59,Pending,88.4,2,Pending,476,69,1,Synthetic prototype; fields modeled on public government land-acquisition systems
BHNV-00857,Odisha,Cuttack,Renewable Energy,23.34,22.37,47,13,2022-05-29,2024-01-26,2026-03-06,2024-06-20,2025-07-26,2027-09-13,73.03,2.69,Mostly paid,93.1,0,Substantially complete,1306,47,0,Synthetic prototype; fields modeled on public government land-acquisition systems
BHNV-00858,Bihar,Muzaffarpur,Railway,41.21,37.45,72,12,2025-07-09,2027-05-31,2028-07-08,2031-03-26,2031-09-15,2032-02-09,44.47,8.38,Mostly paid,97.4,3,Substantially complete,1737,48,0,Synthetic prototype; fields modeled on public government land-acquisition systems
BHNV-00859,Rajasthan,Jaipur,Railway,37.45,29.03,68,13,2019-06-11,2021-02-11,2023-01-27,2020-09-20,2022-03-27,2022-10-24,163.88,4.1,Partially paid,86.5,0,Partial possession,152,23,0,Synthetic prototype; fields modeled on public government land-acquisition systems
BHNV-00860,Karnataka,Mangaluru,Industrial Corridor,105.9,77.18,197,40,2022-03-28,2023-04-25,2025-08-03,2028-01-11,2028-09-08,2028-10-17,86.23,6.24,Partially paid,84.2,3,Partial possession,1263,57,0,Synthetic prototype; fields modeled on public government land-acquisition systems
BHNV-00861,Maharashtra,Pune,National Highway,4.66,4.4,8,1,2025-02-16,2026-08-13,2029-03-11,2029-01-26,2029-10-19,2031-02-17,19.96,0.36,Mostly paid,100.0,0,Substantially complete,1513,47,0,Synthetic prototype; fields modeled on public government land-acquisition systems
BHNV-00862,Odisha,Sambalpur,Renewable Energy,33.53,14.69,57,12,2024-03-04,2025-09-25,2026-12-12,2024-11-22,2025-12-08,2027-08-27,97.32,3.56,Pending,75.8,1,Pending,444,60,0,Synthetic prototype; fields modeled on public government land-acquisition systems
BHNV-00863,Tamil Nadu,Chennai,Urban Development,94.27,84.92,160,29,2020-05-28,2022-08-03,2021-03-01,2024-07-04,2025-04-06,2027-05-17,165.5,12.85,Mostly paid,78.5,5,Substantially complete,1745,52,0,Synthetic prototype; fields modeled on public government land-acquisition systems
BHNV-00864,Rajasthan,Alwar,Renewable Energy,27.17,21.18,48,11,2019-02-18,2020-10-12,2020-02-28,2020-12-18,2022-06-23,2024-01-01,85.85,3.93,Partially paid,100.0,0,Partial possession,1028,54,0,Synthetic prototype; fields modeled on public government land-acquisition systems
BHNV-00865,Gujarat,Ahmedabad,Industrial Corridor,11.57,10.05,21,5,2025-09-04,2027-06-07,2026-10-20,2031-10-02,2031-11-28,2032-09-27,38.06,2.01,Partially paid,100.0,1,Partial possession,1563,51,0,Synthetic prototype; fields modeled on public government land-acquisition systems
BHNV-00866,Bihar,Gaya,Irrigation,16.38,10.45,29,1,2017-06-01,2018-09-28,2021-08-12,2022-12-28,2024-06-25,2025-03-22,57.37,2.46,Pending,100.0,1,Pending,2090,58,0,Synthetic prototype; fields modeled on public government land-acquisition systems
BHNV-00867,Tamil Nadu,Chennai,Irrigation,20.23,14.45,36,7,2024-06-22,2024-12-12,2026-11-29,2030-07-24,2030-08-23,2031-03-31,17.41,2.49,Partially paid,100.0,1,Partial possession,1883,55,0,Synthetic prototype; fields modeled on public government land-acquisition systems
BHNV-00868,Bihar,Gaya,Industrial Corridor,14.57,12.82,29,5,2017-12-06,2018-07-15,2021-10-17,2022-10-30,2023-02-26,2024-06-29,64.64,0.67,Partially paid,100.0,1,Partial possession,1704,49,0,Synthetic prototype; fields modeled on public government land-acquisition systems
BHNV-00869,Madhya Pradesh,Jabalpur,Urban Development,25.72,23.57,63,11,2022-08-21,2025-01-31,2026-10-23,2025-08-02,2026-03-07,2026-05-28,79.38,5.64,Partially paid,100.0,0,Substantially complete,548,49,0,Synthetic prototype; fields modeled on public government land-acquisition systems
BHNV-00870,Rajasthan,Ajmer,Industrial Corridor,135.4,90.46,255,55,2025-10-11,2026-10-28,2029-06-12,2029-08-28,2029-11-09,2030-06-26,297.46,7.28,Pending,83.4,7,Partial possession,1156,62,1,Synthetic prototype; fields modeled on public government land-acquisition systems
BHNV-00871,Madhya Pradesh,Indore,Urban Development,16.49,10.27,24,7,2021-04-18,2023-07-08,2023-06-24,2027-06-26,2027-08-27,2029-06-05,48.01,1.61,Pending,100.0,2,Pending,2177,60,0,Synthetic prototype; fields modeled on public government land-acquisition systems
BHNV-00872,Uttar Pradesh,Kanpur Nagar,Railway,18.4,12.67,41,9,2022-10-20,2023-09-13,2027-03-01,2023-12-15,2024-10-01,2025-12-11,26.87,4.5,Partially paid,97.4,2,Partial possession,423,46,0,Synthetic prototype; fields modeled on public government land-acquisition systems
BHNV-00873,Madhya Pradesh,Gwalior,Industrial Corridor,47.45,41.26,90,17,2023-12-10,2025-04-12,2024-04-14,2029-03-21,2030-05-21,2031-12-14,81.37,7.17,Mostly paid,98.5,0,Partial possession,1982,49,0,Synthetic prototype; fields modeled on public government land-acquisition systems
BHNV-00874,Uttar Pradesh,Agra,Urban Development,25.16,19.13,50,11,2020-10-11,2022-01-10,2023-07-20,2025-03-18,2025-09-26,2027-05-14,28.11,1.99,Partially paid,100.0,2,Partial possession,1573,54,0,Synthetic prototype; fields modeled on public government land-acquisition systems
BHNV-00875,Uttar Pradesh,Lucknow,Industrial Corridor,7.93,1.5,12,0,2020-07-26,2022-12-10,2021-12-29,2023-07-11,2023-11-16,2025-05-22,32.14,1.21,Pending,97.9,1,Pending,1199,74,1,Synthetic prototype; fields modeled on public government land-acquisition systems
BHNV-00876,Tamil Nadu,Madurai,Industrial Corridor,28.19,15.66,60,5,2018-08-27,2020-12-26,2021-10-07,2021-06-30,2022-05-06,2024-04-02,48.79,3.0,Pending,100.0,1,Pending,1049,60,0,Synthetic prototype; fields modeled on public government land-acquisition systems
BHNV-00877,Bihar,Patna,Urban Development,27.14,15.05,55,6,2022-12-21,2025-01-04,2024-08-12,2025-07-29,2026-10-24,2028-12-03,95.99,4.27,Pending,100.0,0,Pending,1092,60,0,Synthetic prototype; fields modeled on public government land-acquisition systems
BHNV-00878,Gujarat,Rajkot,Urban Development,79.49,42.0,129,22,2019-04-12,2021-06-06,2022-01-13,2020-07-24,2021-04-30,2022-08-19,144.24,10.78,Pending,80.0,3,Pending,194,37,0,Synthetic prototype; fields modeled on public government land-acquisition systems
BHNV-00879,Madhya Pradesh,Bhopal,National Highway,11.33,8.16,23,3,2020-08-13,2020-10-12,2021-10-11,2025-08-21,2026-02-13,2027-05-28,15.18,2.14,Partially paid,100.0,1,Partial possession,1521,55,0,Synthetic prototype; fields modeled on public government land-acquisition systems
BHNV-00880,Rajasthan,Ajmer,Industrial Corridor,80.02,69.3,134,34,2023-04-01,2024-03-27,2027-03-18,2025-10-18,2027-03-20,2028-01-29,96.03,3.55,Mostly paid,78.0,4,Partial possession,932,52,0,Synthetic prototype; fields modeled on public government land-acquisition systems
BHNV-00881,Uttar Pradesh,Varanasi,Irrigation,27.17,26.3,45,8,2020-03-12,2021-05-26,2021-03-31,2022-06-05,2022-07-25,2023-05-23,108.22,4.74,Mostly paid,100.0,0,Substantially complete,423,36,0,Synthetic prototype; fields modeled on public government land-acquisition systems
BHNV-00882,Bihar,Gaya,Industrial Corridor,9.9,4.0,13,3,2018-02-16,2018-05-08,2021-06-12,2022-08-05,2023-11-20,2026-01-03,12.31,0.41,Pending,100.0,0,Pending,2315,65,1,Synthetic prototype; fields modeled on public government land-acquisition systems
BHNV-00883,Maharashtra,Aurangabad,Industrial Corridor,8.09,5.75,15,2,2019-08-26,2020-10-12,2022-11-06,2025-12-24,2027-01-13,2027-01-29,9.08,0.44,Pending,100.0,1,Partial possession,1948,58,0,Synthetic prototype; fields modeled on public government land-acquisition systems
BHNV-00884,Odisha,Sambalpur,Urban Development,207.35,166.22,369,70,2021-10-18,2022-07-17,2023-06-07,2028-01-10,2029-05-24,2029-06-27,173.06,24.24,Partially paid,82.5,8,Partial possession,2148,56,0,Synthetic prototype; fields modeled on public government land-acquisition systems
BHNV-00885,Tamil Nadu,Chennai,Industrial Corridor,25.54,22.62,40,8,2022-03-02,2024-05-14,2024-12-07,2026-04-22,2027-02-02,2028-06-07,55.06,2.29,Mostly paid,100.0,0,Partial possession,1745,49,0,Synthetic prototype; fields modeled on public government land-acquisition systems
BHNV-00886,Gujarat,Rajkot,Renewable Energy,76.44,57.3,139,25,2022-07-16,2024-06-30,2023-03-17,2028-04-17,2028-10-27,2030-03-16,327.77,3.54,Pending,93.9,4,Partial possession,2276,58,0,Synthetic prototype; fields modeled on public government land-acquisition systems
BHNV-00887,West Bengal,Kolkata,Industrial Corridor,5.43,4.86,15,3,2024-06-30,2026-04-02,2027-05-13,2026-02-03,2027-06-12,2028-03-09,22.6,0.55,Mostly paid,98.6,1,Partial possession,549,49,0,Synthetic prototype; fields modeled on public government land-acquisition systems
BHNV-00888,Tamil Nadu,Chennai,Renewable Energy,418.93,331.19,754,123,2024-07-11,2025-09-30,2025-01-08,2025-04-21,2025-10-11,2027-01-21,513.48,48.2,Partially paid,93.7,14,Partial possession,200,30,0,Synthetic prototype; fields modeled on public government land-acquisition systems
BHNV-00889,Maharashtra,Thane,Irrigation,73.2,52.94,117,22,2016-04-27,2017-09-13,2019-04-11,2017-07-16,2018-02-19,2019-05-17,61.94,12.04,Pending,83.7,2,Partial possession,542,59,0,Synthetic prototype; fields modeled on public government land-acquisition systems
BHNV-00890,Odisha,Cuttack,Urban Development,23.21,15.36,44,9,2024-01-15,2025-03-11,2027-07-28,2026-10-14,2027-08-02,2029-09-15,83.06,1.41,Partially paid,90.2,1,Partial possession,1455,57,0,Synthetic prototype; fields modeled on public government land-acquisition systems
BHNV-00891,Maharashtra,Nashik,Industrial Corridor,22.06,11.54,30,4,2016-01-15,2017-03-08,2019-05-27,2017-03-29,2017-09-02,2018-10-19,42.66,0.91,Pending,100.0,1,Pending,357,46,0,Synthetic prototype; fields modeled on public government land-acquisition systems
BHNV-00892,Madhya Pradesh,Gwalior,Renewable Energy,62.46,53.87,107,18,2019-09-07,2021-05-01,2021-04-16,2023-03-26,2024-09-10,2025-02-24,242.86,10.75,Mostly paid,100.0,2,Partial possession,917,50,0,Synthetic prototype; fields modeled on public government land-acquisition systems
BHNV-00893,Uttar Pradesh,Prayagraj,Renewable Energy,58.98,30.99,118,18,2021-08-03,2023-08-02,2025-07-06,2023-03-13,2024-08-20,2026-06-14,94.2,8.17,Partially paid,77.1,4,Pending,1186,64,1,Synthetic prototype; fields modeled on public government land-acquisition systems
BHNV-00894,Gujarat,Rajkot,Renewable Energy,35.96,33.84,70,19,2021-08-04,2022-12-15,2022-02-01,2023-12-27,2024-05-05,2024-12-27,94.26,3.92,Partially paid,94.7,3,Substantially complete,180,20,0,Synthetic prototype; fields modeled on public government land-acquisition systems
BHNV-00895,Karnataka,Bengaluru Urban,Railway,30.29,19.64,70,12,2018-06-29,2019-09-09,2019-01-08,2019-07-04,2020-08-13,2022-08-20,27.92,4.63,Partially paid,100.0,3,Pending,725,57,0,Synthetic prototype; fields modeled on public government land-acquisition systems
BHNV-00896,Uttar Pradesh,Kanpur Nagar,National Highway,52.51,43.43,97,28,2023-04-28,2024-10-27,2027-04-11,2027-02-01,2028-01-24,2030-01-08,215.84,5.93,Partially paid,100.0,6,Partial possession,1856,52,0,Synthetic prototype; fields modeled on public government land-acquisition systems
BHNV-00897,Karnataka,Mysuru,Irrigation,5.25,3.16,8,1,2025-05-01,2025-12-05,2026-07-17,2030-07-14,2031-08-05,2032-10-28,7.66,0.79,Partially paid,89.3,0,Pending,1851,59,0,Synthetic prototype; fields modeled on public government land-acquisition systems
BHNV-00898,Odisha,Sambalpur,Industrial Corridor,20.67,17.21,42,6,2020-04-04,2021-12-19,2022-09-17,2023-01-07,2024-01-25,2026-02-21,39.07,0.88,Partially paid,91.1,1,Partial possession,1235,53,0,Synthetic prototype; fields modeled on public government land-acquisition systems
BHNV-00899,Bihar,Bhagalpur,Railway,5.77,3.0,7,1,2017-11-20,2018-12-05,2019-02-23,2024-04-28,2024-12-13,2025-05-12,14.86,0.44,Pending,100.0,1,Pending,1690,62,1,Synthetic prototype; fields modeled on public government land-acquisition systems
BHNV-00900,West Bengal,Bardhaman,Industrial Corridor,54.85,43.8,85,9,2018-02-12,2018-12-21,2021-05-16,2022-03-28,2023-09-04,2025-02-27,98.93,3.05,Partially paid,90.5,1,Partial possession,1901,53,0,Synthetic prototype; fields modeled on public government land-acquisition systems
BHNV-00901,Rajasthan,Jaipur,Industrial Corridor,15.24,10.86,25,7,2020-06-02,2022-03-29,2022-05-26,2021-04-26,2022-11-30,2024-08-31,14.46,1.27,Partially paid,80.8,0,Partial possession,367,43,0,Synthetic prototype; fields modeled on public government land-acquisition systems
BHNV-00902,Uttar Pradesh,Agra,Urban Development,6.22,3.18,15,4,2025-06-14,2025-12-17,2028-02-06,2029-04-10,2030-03-17,2032-05-15,5.65,0.47,Pending,82.5,0,Pending,1656,64,1,Synthetic prototype; fields modeled on public government land-acquisition systems
BHNV-00903,Gujarat,Rajkot,Urban Development,13.55,8.16,29,6,2020-03-14,2021-12-02,2021-08-24,2022-01-14,2022-03-06,2022-12-24,58.73,1.82,Partially paid,79.7,2,Pending,18,18,0,Synthetic prototype; fields modeled on public government land-acquisition systems
BHNV-00904,Maharashtra,Nashik,Urban Development,34.79,32.68,46,9,2024-02-08,2024-08-03,2028-04-11,2029-10-22,2030-11-20,2032-07-11,69.73,3.88,Mostly paid,93.3,0,Substantially complete,2341,48,0,Synthetic prototype; fields modeled on public government land-acquisition systems
BHNV-00905,Gujarat,Vadodara,Railway,24.4,15.17,53,10,2016-04-29,2016-08-06,2017-01-24,2021-01-18,2022-06-28,2024-07-17,49.71,4.57,Pending,100.0,2,Pending,2460,60,0,Synthetic prototype; fields modeled on public government land-acquisition systems
BHNV-00906,Odisha,Sambalpur,Industrial Corridor,9.27,3.92,15,7,2021-09-04,2022-10-08,2023-07-13,2028-02-01,2029-01-04,2030-05-18,39.07,1.5,Pending,100.0,0,Pending,2530,64,1,Synthetic prototype; fields modeled on public government land-acquisition systems
BHNV-00907,Karnataka,Mysuru,National Highway,5.45,4.73,16,2,2020-10-02,2022-06-11,2021-03-18,2025-09-05,2026-09-23,2028-04-05,21.22,1.62,Partially paid,99.7,1,Partial possession,1556,51,0,Synthetic prototype; fields modeled on public government land-acquisition systems
BHNV-00908,Maharashtra,Nashik,Irrigation,32.26,30.92,55,12,2016-03-04,2017-12-19,2019-05-05,2019-07-31,2020-03-25,2020-12-09,107.8,4.39,Mostly paid,100.0,1,Substantially complete,631,46,0,Synthetic prototype; fields modeled on public government land-acquisition systems
BHNV-00909,Rajasthan,Alwar,Urban Development,16.76,12.53,34,6,2017-04-04,2018-09-30,2017-07-13,2023-09-13,2024-01-05,2026-02-07,54.24,1.88,Partially paid,100.0,1,Partial possession,2254,53,0,Synthetic prototype; fields modeled on public government land-acquisition systems
BHNV-00910,Rajasthan,Ajmer,Urban Development,23.15,18.17,47,14,2020-10-15,2021-07-05,2021-06-22,2026-06-17,2026-09-14,2026-10-16,87.14,1.18,Partially paid,83.7,2,Partial possession,1573,54,0,Synthetic prototype; fields modeled on public government land-acquisition systems
BHNV-00911,Uttar Pradesh,Varanasi,Industrial Corridor,25.54,21.61,48,11,2022-06-19,2024-05-27,2025-03-16,2026-05-12,2027-08-06,2029-02-26,36.39,1.13,Partially paid,100.0,0,Partial possession,1416,50,0,Synthetic prototype; fields modeled on public government land-acquisition systems
BHNV-00912,Odisha,Cuttack,Industrial Corridor,46.07,20.83,91,28,2023-10-23,2025-07-24,2024-10-14,2029-06-20,2030-07-07,2030-12-11,150.09,2.85,Pending,100.0,1,Pending,1566,64,1,Synthetic prototype; fields modeled on public government land-acquisition systems
BHNV-00913,Bihar,Patna,Railway,69.89,65.47,117,22,2020-06-01,2022-03-28,2022-09-28,2024-09-23,2024-12-09,2026-05-08,81.36,13.85,Mostly paid,88.5,3,Substantially complete,1620,49,0,Synthetic prototype; fields modeled on public government land-acquisition systems
BHNV-00914,Odisha,Bhubaneswar,Railway,34.69,25.56,53,7,2024-12-31,2026-05-11,2026-12-28,2029-02-13,2029-06-06,2030-11-29,43.99,5.23,Partially paid,100.0,3,Partial possession,1274,55,0,Synthetic prototype; fields modeled on public government land-acquisition systems
BHNV-00915,Karnataka,Mangaluru,Urban Development,21.75,19.05,38,7,2025-08-28,2027-04-06,2028-02-08,2027-11-17,2028-07-13,2028-10-28,36.94,2.3,Partially paid,100.0,1,Partial possession,530,49,0,Synthetic prototype; fields modeled on public government land-acquisition systems
BHNV-00916,Gujarat,Rajkot,Industrial Corridor,30.72,20.73,54,11,2024-04-21,2026-09-03,2024-08-17,2029-02-16,2029-05-16,2030-06-17,105.26,3.6,Partially paid,100.0,0,Partial possession,1247,55,0,Synthetic prototype; fields modeled on public government land-acquisition systems
BHNV-00917,Rajasthan,Jodhpur,National Highway,21.34,18.75,39,9,2023-08-15,2024-06-26,2023-12-27,2026-10-05,2027-04-21,2028-02-08,87.55,3.66,Mostly paid,100.0,1,Partial possession,692,49,0,Synthetic prototype; fields modeled on public government land-acquisition systems
BHNV-00918,Gujarat,Ahmedabad,Irrigation,5.8,4.23,7,0,2024-01-15,2025-10-23,2025-04-29,2028-12-17,2029-10-20,2031-10-31,19.46,0.5,Partially paid,100.0,0,Partial possession,1767,55,0,Synthetic prototype; fields modeled on public government land-acquisition systems
BHNV-00919,Gujarat,Surat,Industrial Corridor,89.3,73.89,167,27,2020-04-12,2021-03-01,2021-11-23,2023-03-01,2023-05-11,2024-08-16,209.1,9.36,Mostly paid,90.3,3,Partial possession,1049,52,0,Synthetic prototype; fields modeled on public government land-acquisition systems
BHNV-00920,Gujarat,Surat,Industrial Corridor,73.95,63.86,133,29,2018-09-08,2020-01-31,2021-03-12,2024-06-17,2025-03-07,2027-04-21,199.71,7.31,Partially paid,100.0,3,Partial possession,2175,50,0,Synthetic prototype; fields modeled on public government land-acquisition systems
BHNV-00921,Rajasthan,Jodhpur,Renewable Energy,218.84,152.73,413,69,2023-03-11,2023-08-21,2026-12-04,2029-02-24,2030-06-22,2032-02-09,751.85,16.92,Partially paid,94.8,10,Partial possession,2625,60,0,Synthetic prototype; fields modeled on public government land-acquisition systems
BHNV-00922,Tamil Nadu,Coimbatore,Railway,293.1,126.39,498,91,2025-09-14,2025-10-21,2025-12-29,2029-02-26,2029-07-30,2031-04-26,899.57,54.06,Pending,94.5,16,Pending,1432,72,1,Synthetic prototype; fields modeled on public government land-acquisition systems
BHNV-00923,Madhya Pradesh,Gwalior,Irrigation,9.24,5.99,21,7,2025-05-23,2025-07-19,2027-03-02,2029-11-20,2030-11-28,2031-09-26,25.49,1.29,Partially paid,99.5,0,Pending,1494,57,0,Synthetic prototype; fields modeled on public government land-acquisition systems
BHNV-00924,Karnataka,Bengaluru Urban,Urban Development,21.43,17.94,29,4,2019-02-23,2021-05-15,2020-06-07,2020-07-08,2022-01-26,2023-05-31,35.92,2.76,Partially paid,100.0,2,Partial possession,1007,51,0,Synthetic prototype; fields modeled on public government land-acquisition systems
BHNV-00925,Tamil Nadu,Madurai,Industrial Corridor,369.27,273.73,644,118,2018-08-29,2020-10-01,2021-01-01,2020-12-14,2022-02-09,2023-12-27,1138.37,49.83,Partially paid,96.8,19,Partial possession,1311,60,0,Synthetic prototype; fields modeled on public government land-acquisition systems
BHNV-00926,Karnataka,Mysuru,Urban Development,28.77,16.94,60,11,2023-12-18,2025-06-19,2027-09-21,2024-09-13,2026-01-14,2026-07-18,25.0,5.72,Pending,99.8,0,Pending,40,18,0,Synthetic prototype; fields modeled on public government land-acquisition systems
BHNV-00927,Maharashtra,Pune,Industrial Corridor,38.25,26.58,67,13,2017-12-07,2018-11-11,2021-04-28,2023-09-29,2025-01-01,2026-06-24,109.86,3.49,Partially paid,93.0,1,Partial possession,2453,58,0,Synthetic prototype; fields modeled on public government land-acquisition systems
BHNV-00928,Odisha,Bhubaneswar,Urban Development,6.55,5.74,13,2,2020-09-05,2022-07-12,2024-09-04,2022-12-29,2023-09-01,2024-09-21,25.13,1.24,Mostly paid,77.8,0,Partial possession,396,39,0,Synthetic prototype; fields modeled on public government land-acquisition systems
BHNV-00929,Odisha,Puri,Irrigation,34.82,26.81,57,12,2024-08-24,2026-03-17,2026-06-28,2030-02-02,2030-12-13,2032-12-28,51.01,5.64,Partially paid,89.3,2,Partial possession,2001,56,0,Synthetic prototype; fields modeled on public government land-acquisition systems
BHNV-00930,West Bengal,Howrah,Railway,206.84,123.22,376,58,2019-09-28,2021-07-15,2021-11-16,2020-10-05,2021-12-19,2023-01-30,252.88,11.44,Partially paid,90.5,8,Pending,204,34,0,Synthetic prototype; fields modeled on public government land-acquisition systems
BHNV-00931,Odisha,Cuttack,Irrigation,108.49,81.21,206,49,2021-01-20,2022-06-27,2024-07-08,2027-01-27,2027-07-21,2028-02-05,476.26,6.0,Partially paid,82.7,4,Partial possession,1713,56,0,Synthetic prototype; fields modeled on public government land-acquisition systems
BHNV-00932,Rajasthan,Kota,Renewable Energy,16.28,13.47,29,5,2017-01-29,2017-04-02,2021-05-09,2017-11-14,2019-01-03,2020-06-10,63.83,3.44,Partially paid,100.0,0,Partial possession,69,11,0,Synthetic prototype; fields modeled on public government land-acquisition systems
BHNV-00933,Bihar,Muzaffarpur,National Highway,20.16,12.42,33,7,2017-04-28,2017-06-03,2017-11-01,2020-02-15,2021-03-13,2022-06-02,38.65,1.05,Pending,81.4,0,Pending,1125,61,1,Synthetic prototype; fields modeled on public government land-acquisition systems
BHNV-00934,Uttar Pradesh,Lucknow,Railway,9.67,5.51,17,1,2017-10-27,2018-01-04,2019-05-12,2019-11-16,2020-08-13,2021-03-24,15.2,1.5,Pending,86.6,0,Pending,677,62,1,Synthetic prototype; fields modeled on public government land-acquisition systems
BHNV-00935,West Bengal,Bardhaman,Irrigation,12.79,10.75,17,2,2017-03-31,2018-03-25,2020-06-14,2017-12-15,2019-05-07,2020-04-14,26.04,1.61,Partially paid,100.0,1,Partial possession,461,44,0,Synthetic prototype; fields modeled on public government land-acquisition systems
BHNV-00936,Uttar Pradesh,Agra,Renewable Energy,4.44,3.19,8,0,2025-09-17,2025-12-17,2027-04-20,2029-05-07,2030-09-22,2031-10-02,10.64,0.21,Partially paid,76.9,0,Partial possession,1226,58,0,Synthetic prototype; fields modeled on public government land-acquisition systems
BHNV-00937,Karnataka,Mysuru,National Highway,27.53,21.42,55,9,2016-07-28,2016-11-20,2019-02-05,2020-07-29,2021-02-10,2022-05-14,105.66,5.21,Partially paid,94.6,0,Partial possession,1202,54,0,Synthetic prototype; fields modeled on public government land-acquisition systems
BHNV-00938,Uttar Pradesh,Varanasi,Renewable Energy,135.65,101.17,250,41,2017-06-08,2019-07-02,2019-02-21,2022-01-18,2023-07-12,2024-10-09,228.58,15.49,Partially paid,70.7,6,Partial possession,1960,59,0,Synthetic prototype; fields modeled on public government land-acquisition systems
BHNV-00939,Uttar Pradesh,Kanpur Nagar,Industrial Corridor,42.75,37.82,78,8,2017-11-06,2018-03-31,2018-09-12,2018-09-28,2019-01-20,2020-02-07,148.22,3.7,Partially paid,94.4,4,Partial possession,63,12,0,Synthetic prototype; fields modeled on public government land-acquisition systems
BHNV-00940,West Bengal,Bardhaman,Industrial Corridor,117.48,103.11,188,39,2018-09-28,2020-05-26,2019-09-06,2019-07-07,2020-07-13,2020-11-10,497.92,16.27,Mostly paid,100.0,3,Partial possession,9,5,0,Synthetic prototype; fields modeled on public government land-acquisition systems
BHNV-00941,Maharashtra,Thane,Urban Development,87.64,84.23,159,38,2018-06-14,2019-05-06,2019-05-18,2022-05-27,2023-01-27,2025-02-03,193.18,16.43,Mostly paid,100.0,4,Substantially complete,1468,48,0,Synthetic prototype; fields modeled on public government land-acquisition systems
BHNV-00942,Gujarat,Surat,Railway,17.34,12.21,37,5,2018-09-30,2019-11-12,2022-05-12,2021-11-18,2023-06-20,2024-05-24,15.54,2.86,Partially paid,100.0,0,Partial possession,938,56,0,Synthetic prototype; fields modeled on public government land-acquisition systems
BHNV-00943,Odisha,Sambalpur,Industrial Corridor,14.02,13.58,29,6,2020-05-18,2022-04-29,2022-10-03,2025-06-01,2025-06-21,2026-02-22,54.15,3.1,Mostly paid,100.0,2,Substantially complete,930,47,0,Synthetic prototype; fields modeled on public government land-acquisition systems
BHNV-00944,Odisha,Cuttack,Renewable Energy,14.57,8.74,22,4,2022-06-12,2024-03-30,2023-05-12,2028-05-03,2028-08-15,2030-08-24,49.85,0.49,Pending,83.7,2,Pending,2440,62,1,Synthetic prototype; fields modeled on public government land-acquisition systems
BHNV-00945,Rajasthan,Jaipur,Railway,5.38,1.49,9,0,2024-08-13,2025-07-30,2025-05-26,2030-08-17,2030-11-03,2032-10-25,7.27,0.84,Pending,100.0,0,Pending,2088,70,1,Synthetic prototype; fields modeled on public government land-acquisition systems
BHNV-00946,West Bengal,Bardhaman,Industrial Corridor,30.95,27.29,38,7,2024-06-20,2026-04-08,2026-09-10,2027-06-14,2027-09-24,2028-06-13,93.11,1.4,Partially paid,100.0,0,Partial possession,486,46,0,Synthetic prototype; fields modeled on public government land-acquisition systems
BHNV-00947,Rajasthan,Ajmer,Urban Development,2.0,1.65,4,1,2016-02-29,2018-04-01,2020-01-12,2018-04-12,2018-05-29,2019-04-25,7.7,0.19,Mostly paid,97.4,0,Partial possession,409,38,0,Synthetic prototype; fields modeled on public government land-acquisition systems
BHNV-00948,Bihar,Patna,Irrigation,54.13,40.76,112,24,2017-01-20,2018-03-20,2020-09-25,2019-01-02,2019-03-29,2020-01-01,79.56,8.65,Partially paid,98.5,0,Partial possession,63,15,0,Synthetic prototype; fields modeled on public government land-acquisition systems
BHNV-00949,Bihar,Bhagalpur,Urban Development,32.2,30.83,63,13,2021-10-04,2022-10-25,2023-05-23,2027-07-14,2029-02-03,2031-02-16,52.32,2.99,Partially paid,100.0,2,Substantially complete,2268,49,0,Synthetic prototype; fields modeled on public government land-acquisition systems
BHNV-00950,Rajasthan,Kota,National Highway,48.01,32.38,111,14,2022-01-24,2023-09-07,2025-12-19,2022-10-15,2023-07-09,2024-12-07,74.25,4.09,Partially paid,94.3,5,Partial possession,380,45,0,Synthetic prototype; fields modeled on public government land-acquisition systems
BHNV-00951,West Bengal,Bardhaman,Industrial Corridor,86.23,60.17,159,25,2019-12-06,2022-04-22,2020-09-17,2025-11-08,2026-03-09,2026-12-11,387.24,17.26,Partially paid,98.5,4,Partial possession,1488,56,0,Synthetic prototype; fields modeled on public government land-acquisition systems
BHNV-00952,Rajasthan,Jodhpur,National Highway,36.55,28.63,70,11,2023-07-27,2024-10-17,2027-11-16,2027-02-05,2028-07-17,2030-06-13,60.28,7.75,Partially paid,90.9,3,Partial possession,1581,56,0,Synthetic prototype; fields modeled on public government land-acquisition systems
BHNV-00953,Odisha,Bhubaneswar,National Highway,153.17,100.53,273,47,2023-12-22,2025-05-12,2028-03-05,2030-04-10,2030-09-07,2031-11-11,273.81,6.45,Partially paid,91.6,3,Partial possession,1716,58,0,Synthetic prototype; fields modeled on public government land-acquisition systems
BHNV-00954,Tamil Nadu,Madurai,Renewable Energy,55.81,37.69,112,29,2020-11-29,2021-11-29,2023-09-30,2024-11-12,2026-01-09,2027-11-22,54.54,7.84,Partially paid,94.1,3,Partial possession,1472,57,0,Synthetic prototype; fields modeled on public government land-acquisition systems
BHNV-00955,Madhya Pradesh,Ujjain,Railway,14.05,11.6,25,4,2024-12-06,2026-08-18,2028-09-04,2027-11-29,2028-04-12,2028-07-05,62.36,1.01,Partially paid,100.0,0,Partial possession,523,50,0,Synthetic prototype; fields modeled on public government land-acquisition systems
BHNV-00956,Uttar Pradesh,Kanpur Nagar,Renewable Energy,23.62,10.98,44,10,2022-12-04,2023-01-22,2024-01-20,2025-02-22,2026-06-29,2027-03-04,40.46,4.68,Pending,74.6,0,Pending,598,65,1,Synthetic prototype; fields modeled on public government land-acquisition systems
BHNV-00957,Madhya Pradesh,Bhopal,Industrial Corridor,3.12,2.25,5,1,2021-04-26,2022-07-11,2023-10-31,2023-01-23,2023-05-11,2024-07-30,10.87,0.33,Partially paid,100.0,0,Partial possession,504,52,0,Synthetic prototype; fields modeled on public government land-acquisition systems
BHNV-00958,West Bengal,Kolkata,National Highway,12.16,8.38,28,7,2020-05-09,2021-12-08,2020-09-07,2023-12-26,2025-05-28,2025-08-04,10.91,1.9,Partially paid,100.0,0,Partial possession,1118,55,0,Synthetic prototype; fields modeled on public government land-acquisition systems
BHNV-00959,Madhya Pradesh,Ujjain,Irrigation,20.47,16.92,42,6,2025-07-19,2026-05-03,2026-01-02,2030-02-02,2030-02-23,2030-08-26,75.71,3.48,Partially paid,100.0,1,Partial possession,842,52,0,Synthetic prototype; fields modeled on public government land-acquisition systems
BHNV-00960,Bihar,Gaya,National Highway,51.74,43.1,93,19,2022-07-15,2024-04-09,2023-11-18,2027-01-14,2027-08-07,2027-09-26,185.09,2.38,Partially paid,94.2,2,Partial possession,708,52,0,Synthetic prototype; fields modeled on public government land-acquisition systems
BHNV-00961,Karnataka,Mysuru,Irrigation,14.15,13.71,23,6,2018-03-06,2020-03-03,2022-02-12,2020-02-27,2021-06-12,2022-03-12,15.73,0.75,Partially paid,98.3,0,Substantially complete,586,48,0,Synthetic prototype; fields modeled on public government land-acquisition systems
BHNV-00962,Uttar Pradesh,Prayagraj,Renewable Energy,8.62,6.81,18,2,2018-06-10,2019-07-01,2021-09-10,2023-01-01,2024-02-05,2024-10-27,10.81,1.26,Partially paid,100.0,1,Partial possession,1489,54,0,Synthetic prototype; fields modeled on public government land-acquisition systems
BHNV-00963,Gujarat,Rajkot,Renewable Energy,4.54,4.02,7,1,2023-09-24,2024-05-11,2025-12-30,2026-06-19,2027-04-07,2027-05-04,8.59,0.82,Mostly paid,81.8,0,Partial possession,217,24,0,Synthetic prototype; fields modeled on public government land-acquisition systems
BHNV-00964,West Bengal,Kolkata,Railway,16.5,14.58,24,8,2019-07-06,2020-09-18,2021-04-06,2022-11-10,2024-02-15,2025-12-31,34.85,2.5,Mostly paid,86.7,0,Partial possession,1648,49,0,Synthetic prototype; fields modeled on public government land-acquisition systems
BHNV-00965,Uttar Pradesh,Lucknow,National Highway,210.79,174.62,389,77,2025-05-14,2026-03-27,2027-03-12,2030-03-28,2030-06-02,2031-12-09,779.7,42.38,Partially paid,99.4,9,Partial possession,1566,55,0,Synthetic prototype; fields modeled on public government land-acquisition systems
BHNV-00966,Madhya Pradesh,Gwalior,Urban Development,39.3,20.77,62,12,2017-08-23,2017-11-08,2020-05-18,2019-01-26,2020-03-20,2020-05-30,40.34,2.09,Pending,89.9,1,Pending,55,22,0,Synthetic prototype; fields modeled on public government land-acquisition systems
BHNV-00967,Bihar,Bhagalpur,Renewable Energy,76.68,43.79,128,22,2022-10-20,2024-12-22,2023-08-27,2023-11-03,2024-12-17,2025-06-10,245.83,14.83,Pending,80.7,1,Pending,17,18,0,Synthetic prototype; fields modeled on public government land-acquisition systems
BHNV-00968,Maharashtra,Aurangabad,Renewable Energy,12.18,11.3,26,5,2019-05-30,2021-01-06,2020-03-24,2024-08-15,2025-03-28,2026-06-22,20.04,2.42,Mostly paid,86.3,1,Substantially complete,1466,49,0,Synthetic prototype; fields modeled on public government land-acquisition systems
BHNV-00969,Tamil Nadu,Madurai,Railway,6.21,5.3,17,2,2019-12-07,2021-01-09,2022-11-27,2021-09-16,2022-06-27,2024-08-27,13.76,0.89,Partially paid,100.0,0,Partial possession,889,51,0,Synthetic prototype; fields modeled on public government land-acquisition systems
BHNV-00970,Gujarat,Vadodara,Irrigation,8.84,5.04,13,1,2019-10-05,2020-06-21,2020-07-08,2023-10-28,2025-05-09,2026-01-08,7.14,1.38,Partially paid,100.0,0,Pending,1433,59,0,Synthetic prototype; fields modeled on public government land-acquisition systems
BHNV-00971,Tamil Nadu,Madurai,Railway,27.19,12.2,50,10,2025-09-23,2026-01-25,2029-12-17,2030-10-27,2031-08-19,2032-03-13,51.04,4.74,Pending,96.1,0,Pending,1508,64,1,Synthetic prototype; fields modeled on public government land-acquisition systems
BHNV-00972,Uttar Pradesh,Lucknow,National Highway,4.08,2.21,10,3,2018-12-18,2019-11-15,2021-10-13,2025-06-22,2026-08-08,2028-05-03,5.85,0.94,Pending,92.0,0,Pending,2693,62,1,Synthetic prototype; fields modeled on public government land-acquisition systems
BHNV-00973,Bihar,Gaya,Industrial Corridor,10.95,9.61,24,6,2016-05-31,2017-02-02,2020-10-02,2020-05-27,2021-01-12,2022-01-18,29.18,2.24,Partially paid,100.0,0,Partial possession,1292,49,0,Synthetic prototype; fields modeled on public government land-acquisition systems
BHNV-00974,Bihar,Muzaffarpur,Industrial Corridor,16.67,12.87,30,3,2018-07-22,2020-02-23,2018-12-12,2021-07-29,2022-10-18,2023-10-19,23.09,3.0,Partially paid,98.7,2,Partial possession,1226,54,0,Synthetic prototype; fields modeled on public government land-acquisition systems
BHNV-00975,Madhya Pradesh,Gwalior,Irrigation,8.0,5.55,13,4,2023-01-31,2024-03-22,2027-05-04,2026-11-08,2027-10-09,2028-07-07,31.14,1.49,Partially paid,100.0,0,Partial possession,1437,55,0,Synthetic prototype; fields modeled on public government land-acquisition systems
BHNV-00976,Odisha,Sambalpur,Renewable Energy,3.58,2.7,7,1,2022-03-22,2024-04-04,2022-12-14,2023-09-02,2025-01-21,2026-10-19,14.56,0.24,Partially paid,83.3,0,Partial possession,889,55,0,Synthetic prototype; fields modeled on public government land-acquisition systems
BHNV-00977,Madhya Pradesh,Gwalior,Irrigation,40.03,24.49,86,15,2019-09-03,2021-06-21,2020-09-23,2021-12-17,2022-05-08,2024-02-23,157.22,10.32,Partially paid,76.8,2,Pending,1080,60,0,Synthetic prototype; fields modeled on public government land-acquisition systems
BHNV-00978,Odisha,Sambalpur,Renewable Energy,31.37,27.5,62,15,2023-02-23,2023-06-23,2025-05-11,2028-11-12,2029-02-08,2030-11-19,139.05,6.65,Partially paid,84.9,2,Partial possession,1988,52,0,Synthetic prototype; fields modeled on public government land-acquisition systems
BHNV-00979,Odisha,Cuttack,Renewable Energy,65.3,51.57,111,19,2025-03-04,2025-05-30,2026-05-14,2030-12-17,2032-04-20,2034-01-22,273.23,7.12,Partially paid,100.0,2,Partial possession,2628,53,0,Synthetic prototype; fields modeled on public government land-acquisition systems
BHNV-00980,Gujarat,Rajkot,Industrial Corridor,9.87,8.13,19,2,2017-07-11,2018-10-17,2019-05-27,2023-10-28,2025-02-05,2027-03-03,18.11,0.68,Partially paid,86.2,0,Partial possession,3021,52,0,Synthetic prototype; fields modeled on public government land-acquisition systems
BHNV-00981,Madhya Pradesh,Jabalpur,Irrigation,64.07,49.06,127,19,2020-02-06,2021-08-10,2023-08-23,2025-10-04,2027-01-23,2027-11-26,125.8,8.3,Partially paid,91.7,1,Partial possession,2127,54,0,Synthetic prototype; fields modeled on public government land-acquisition systems
BHNV-00982,Maharashtra,Aurangabad,Railway,138.28,113.81,268,36,2021-02-12,2023-04-20,2021-11-21,2022-10-17,2024-01-12,2025-02-15,383.15,26.23,Partially paid,94.4,13,Partial possession,762,57,0,Synthetic prototype; fields modeled on public government land-acquisition systems
BHNV-00983,Rajasthan,Kota,Renewable Energy,38.95,33.2,70,17,2017-09-09,2020-01-15,2018-01-02,2022-06-15,2023-03-12,2025-04-09,86.64,5.62,Partially paid,74.9,0,Partial possession,1614,54,0,Synthetic prototype; fields modeled on public government land-acquisition systems
BHNV-00984,Rajasthan,Kota,Urban Development,16.28,11.05,35,3,2020-12-24,2023-02-22,2023-09-06,2025-07-26,2026-10-31,2027-07-06,71.45,1.68,Partially paid,100.0,1,Partial possession,1875,55,0,Synthetic prototype; fields modeled on public government land-acquisition systems
BHNV-00985,Madhya Pradesh,Gwalior,Urban Development,34.64,19.85,56,14,2016-01-24,2017-06-19,2018-08-17,2020-11-22,2021-03-18,2022-01-22,71.23,3.4,Partially paid,92.8,0,Pending,1432,60,0,Synthetic prototype; fields modeled on public government land-acquisition systems
BHNV-00986,Madhya Pradesh,Jabalpur,Railway,15.52,7.69,21,3,2020-03-22,2021-04-22,2020-10-17,2022-03-06,2023-09-30,2025-09-16,54.91,2.42,Pending,89.9,0,Pending,1207,64,1,Synthetic prototype; fields modeled on public government land-acquisition systems
BHNV-00987,Tamil Nadu,Chennai,Urban Development,13.14,11.46,21,6,2022-08-12,2024-12-17,2023-09-21,2024-06-22,2025-04-15,2026-10-18,38.48,2.11,Partially paid,100.0,1,Partial possession,360,36,0,Synthetic prototype; fields modeled on public government land-acquisition systems
BHNV-00988,Gujarat,Ahmedabad,National Highway,59.34,50.75,116,15,2021-07-12,2022-09-21,2024-06-25,2028-01-21,2028-08-26,2029-09-23,257.47,3.76,Mostly paid,91.8,3,Partial possession,2299,51,0,Synthetic prototype; fields modeled on public government land-acquisition systems
BHNV-00989,Madhya Pradesh,Indore,Renewable Energy,26.07,20.16,55,11,2018-09-25,2020-03-25,2019-01-08,2020-09-11,2020-12-20,2022-11-12,92.67,4.1,Partially paid,88.2,1,Partial possession,406,45,0,Synthetic prototype; fields modeled on public government land-acquisition systems
BHNV-00990,Tamil Nadu,Coimbatore,Railway,99.99,88.51,184,40,2022-07-10,2023-07-05,2025-02-06,2027-02-18,2028-01-22,2028-09-02,192.33,20.81,Mostly paid,95.1,4,Partial possession,1332,50,0,Synthetic prototype; fields modeled on public government land-acquisition systems
BHNV-00991,Odisha,Sambalpur,Irrigation,19.25,7.5,33,6,2019-12-27,2021-12-25,2023-10-23,2021-05-14,2021-11-08,2023-05-15,29.44,0.77,Pending,93.8,1,Pending,403,57,0,Synthetic prototype; fields modeled on public government land-acquisition systems
BHNV-00992,Bihar,Gaya,Renewable Energy,21.3,10.73,30,5,2016-01-03,2016-09-23,2017-04-07,2018-05-06,2018-07-16,2019-01-24,84.39,0.73,Pending,98.7,0,Pending,465,56,0,Synthetic prototype; fields modeled on public government land-acquisition systems
BHNV-00993,Bihar,Bhagalpur,Railway,17.0,12.97,30,4,2018-10-04,2019-12-18,2022-05-04,2024-09-19,2025-04-27,2026-11-18,70.9,2.75,Partially paid,89.9,1,Partial possession,2092,56,0,Synthetic prototype; fields modeled on public government land-acquisition systems
BHNV-00994,Odisha,Bhubaneswar,Industrial Corridor,9.77,4.8,14,1,2019-07-05,2020-02-02,2021-07-29,2020-07-19,2021-10-05,2021-12-30,37.86,1.09,Pending,100.0,0,Pending,276,40,0,Synthetic prototype; fields modeled on public government land-acquisition systems
BHNV-00995,West Bengal,Howrah,Irrigation,67.66,35.54,128,20,2016-09-19,2017-08-01,2020-01-25,2017-05-06,2017-10-15,2019-03-21,238.74,3.15,Pending,100.0,3,Pending,298,42,0,Synthetic prototype; fields modeled on public government land-acquisition systems
BHNV-00996,Tamil Nadu,Coimbatore,Industrial Corridor,266.59,156.46,457,81,2016-04-30,2016-09-29,2019-08-26,2018-12-20,2019-10-31,2020-06-23,530.62,54.66,Pending,94.3,11,Pending,949,63,1,Synthetic prototype; fields modeled on public government land-acquisition systems
BHNV-00997,Tamil Nadu,Madurai,Renewable Energy,20.45,13.56,39,5,2020-10-09,2021-04-14,2023-09-27,2021-06-05,2022-04-05,2022-12-03,54.6,3.04,Partially paid,85.3,1,Partial possession,0,12,0,Synthetic prototype; fields modeled on public government land-acquisition systems
BHNV-00998,Odisha,Sambalpur,Irrigation,15.17,14.22,20,1,2016-01-21,2017-01-07,2019-10-21,2019-01-16,2019-02-20,2019-10-25,63.53,1.38,Mostly paid,100.0,1,Substantially complete,618,47,0,Synthetic prototype; fields modeled on public government land-acquisition systems
BHNV-00999,Maharashtra,Nashik,Urban Development,14.22,8.12,29,5,2018-06-23,2018-08-04,2022-03-16,2024-04-18,2024-09-16,2025-06-25,18.47,1.88,Pending,100.0,1,Pending,1507,60,0,Synthetic prototype; fields modeled on public government land-acquisition systems
BHNV-01000,Karnataka,Mangaluru,Railway,15.18,12.08,27,5,2016-05-19,2018-09-22,2018-08-20,2019-07-05,2020-07-22,2021-04-16,39.94,2.43,Partially paid,72.7,0,Partial possession,601,56,0,Synthetic prototype; fields modeled on public government land-acquisition systems
BHNV-01001,Uttar Pradesh,Lucknow,Renewable Energy,155.99,135.13,283,52,2025-09-18,2027-05-06,2029-01-04,2029-03-07,2030-08-25,2032-07-14,329.98,18.63,Partially paid,92.7,8,Partial possession,1804,54,0,Synthetic prototype; fields modeled on public government land-acquisition systems
BHNV-01002,Odisha,Puri,National Highway,14.61,11.08,29,7,2020-12-20,2023-03-18,2021-07-22,2026-05-25,2027-12-17,2028-01-06,48.31,2.49,Partially paid,100.0,0,Partial possession,2035,52,0,Synthetic prototype; fields modeled on public government land-acquisition systems
BHNV-01003,Madhya Pradesh,Jabalpur,Irrigation,16.69,13.02,29,4,2019-08-05,2021-03-11,2020-08-14,2022-01-05,2023-03-31,2023-05-31,52.51,2.0,Partially paid,90.0,1,Partial possession,416,44,0,Synthetic prototype; fields modeled on public government land-acquisition systems
BHNV-01004,Madhya Pradesh,Ujjain,Irrigation,8.67,6.2,21,1,2016-07-24,2018-10-10,2017-01-19,2020-01-09,2020-02-22,2021-04-18,24.9,1.7,Partially paid,100.0,1,Partial possession,903,54,0,Synthetic prototype; fields modeled on public government land-acquisition systems
BHNV-01005,Gujarat,Surat,Renewable Energy,40.19,35.43,66,10,2016-02-12,2017-11-23,2016-11-16,2021-01-01,2022-04-08,2023-11-23,73.73,6.63,Partially paid,100.0,2,Partial possession,2212,50,0,Synthetic prototype; fields modeled on public government land-acquisition systems
BHNV-01006,Odisha,Cuttack,Renewable Energy,28.02,12.04,47,6,2023-12-07,2026-04-19,2027-11-08,2028-03-01,2028-10-26,2029-07-21,38.96,4.78,Pending,93.2,5,Pending,928,68,1,Synthetic prototype; fields modeled on public government land-acquisition systems
BHNV-01007,Gujarat,Surat,Industrial Corridor,9.61,8.35,15,2,2024-09-24,2026-09-01,2026-07-16,2028-07-07,2029-08-11,2030-11-17,35.58,1.57,Partially paid,100.0,0,Partial possession,1683,50,0,Synthetic prototype; fields modeled on public government land-acquisition systems
BHNV-01008,Odisha,Bhubaneswar,Urban Development,12.27,10.77,11,1,2018-10-25,2021-04-04,2020-06-24,2019-06-18,2020-09-03,2020-11-15,54.84,0.44,Partially paid,98.8,0,Partial possession,156,19,0,Synthetic prototype; fields modeled on public government land-acquisition systems
BHNV-01009,Tamil Nadu,Madurai,Industrial Corridor,138.79,124.3,242,35,2022-03-04,2023-12-11,2023-02-26,2024-03-11,2025-09-05,2026-10-17,197.87,6.32,Mostly paid,91.5,9,Partial possession,777,53,0,Synthetic prototype; fields modeled on public government land-acquisition systems
BHNV-01010,Uttar Pradesh,Prayagraj,Industrial Corridor,30.96,13.84,64,13,2023-05-06,2024-12-18,2024-05-31,2029-02-24,2029-04-07,2031-01-12,33.45,6.63,Pending,98.3,0,Pending,1779,64,1,Synthetic prototype; fields modeled on public government land-acquisition systems
BHNV-01011,Tamil Nadu,Madurai,Urban Development,33.17,24.17,46,4,2021-02-05,2021-09-26,2023-10-17,2022-04-29,2022-09-16,2024-08-28,118.06,1.11,Partially paid,100.0,2,Partial possession,355,40,0,Synthetic prototype; fields modeled on public government land-acquisition systems
BHNV-01012,Karnataka,Bengaluru Urban,National Highway,33.3,25.64,61,11,2016-12-10,2017-11-06,2018-01-04,2019-05-21,2020-10-15,2022-05-12,69.01,2.52,Partially paid,99.2,1,Partial possession,871,52,0,Synthetic prototype; fields modeled on public government land-acquisition systems
BHNV-01013,Bihar,Bhagalpur,Industrial Corridor,120.86,50.37,244,48,2019-03-11,2019-05-22,2020-12-11,2022-08-02,2023-02-19,2023-09-12,191.94,17.72,Pending,89.7,10,Pending,911,69,1,Synthetic prototype; fields modeled on public government land-acquisition systems
BHNV-01014,Rajasthan,Kota,Industrial Corridor,10.54,8.72,15,4,2022-08-16,2024-11-17,2024-12-26,2026-12-24,2028-01-14,2028-10-19,28.91,1.58,Partially paid,100.0,0,Partial possession,1077,51,0,Synthetic prototype; fields modeled on public government land-acquisition systems
BHNV-01015,Odisha,Sambalpur,Irrigation,20.16,10.56,38,8,2025-01-16,2026-10-04,2028-04-16,2031-07-16,2031-12-15,2033-11-12,66.49,4.17,Pending,100.0,0,Pending,2151,61,1,Synthetic prototype; fields modeled on public government land-acquisition systems
BHNV-01016,Karnataka,Mysuru,Urban Development,25.31,17.24,45,5,2024-11-09,2026-12-07,2026-10-03,2029-01-22,2030-01-08,2031-08-03,40.37,3.73,Partially paid,100.0,1,Partial possession,1874,56,0,Synthetic prototype; fields modeled on public government land-acquisition systems
BHNV-01017,Bihar,Bhagalpur,Railway,5.36,4.54,10,2,2023-02-07,2025-01-06,2027-04-15,2027-08-03,2028-03-18,2028-08-22,24.01,1.17,Mostly paid,91.0,0,Partial possession,1169,50,0,Synthetic prototype; fields modeled on public government land-acquisition systems
BHNV-01018,West Bengal,Hooghly,National Highway,11.99,10.73,20,4,2019-10-19,2022-03-28,2022-08-31,2021-09-17,2022-07-19,2023-04-05,24.15,1.86,Mostly paid,100.0,2,Partial possession,363,33,0,Synthetic prototype; fields modeled on public government land-acquisition systems
BHNV-01019,Uttar Pradesh,Agra,National Highway,85.34,69.5,163,29,2018-09-10,2020-02-27,2020-04-11,2021-06-16,2023-01-21,2023-09-08,167.72,11.86,Partially paid,88.0,4,Partial possession,1159,55,0,Synthetic prototype; fields modeled on public government land-acquisition systems
BHNV-01020,Gujarat,Ahmedabad,Urban Development,64.09,38.29,117,20,2016-11-30,2018-09-29,2020-11-17,2022-03-19,2023-04-08,2024-07-02,151.58,3.91,Partially paid,94.3,2,Pending,2044,58,0,Synthetic prototype; fields modeled on public government land-acquisition systems
BHNV-01021,Gujarat,Rajkot,Renewable Energy,76.48,64.74,123,27,2021-08-20,2022-03-28,2022-12-13,2024-08-12,2026-02-07,2028-01-10,272.01,7.73,Partially paid,100.0,4,Partial possession,1468,52,0,Synthetic prototype; fields modeled on public government land-acquisition systems
BHNV-01022,Tamil Nadu,Salem,Renewable Energy,16.63,8.41,25,3,2025-07-11,2027-09-26,2026-08-24,2029-05-21,2030-12-05,2032-04-08,67.04,2.56,Pending,100.0,0,Pending,1554,61,1,Synthetic prototype; fields modeled on public government land-acquisition systems
BHNV-01023,Madhya Pradesh,Bhopal,Irrigation,18.81,13.24,30,5,2021-10-23,2022-01-20,2025-10-28,2027-08-16,2028-06-21,2029-07-24,37.6,1.45,Partially paid,100.0,2,Partial possession,2272,56,0,Synthetic prototype; fields modeled on public government land-acquisition systems
BHNV-01024,Bihar,Gaya,Irrigation,5.01,3.87,8,1,2019-08-16,2021-11-17,2023-12-31,2025-08-10,2026-10-17,2028-08-18,6.21,0.62,Partially paid,90.6,0,Partial possession,2627,55,0,Synthetic prototype; fields modeled on public government land-acquisition systems
BHNV-01025,West Bengal,Kolkata,Urban Development,76.09,58.43,144,29,2024-03-13,2025-07-21,2027-06-05,2028-10-29,2029-11-08,2031-05-23,132.98,17.04,Partially paid,83.9,2,Partial possession,1898,55,0,Synthetic prototype; fields modeled on public government land-acquisition systems
BHNV-01026,Karnataka,Bengaluru Urban,Irrigation,89.72,63.42,165,37,2024-02-08,2025-03-22,2026-09-11,2025-02-16,2025-08-07,2026-10-10,99.75,6.18,Partially paid,100.0,3,Partial possession,0,12,0,Synthetic prototype; fields modeled on public government land-acquisition systems
BHNV-01027,Uttar Pradesh,Prayagraj,National Highway,88.58,53.42,169,25,2025-06-14,2026-09-15,2026-11-20,2028-04-02,2028-06-30,2028-11-23,277.46,5.09,Pending,84.8,3,Pending,602,61,1,Synthetic prototype; fields modeled on public government land-acquisition systems
BHNV-01028,Bihar,Patna,National Highway,149.02,118.35,259,58,2023-07-20,2023-10-19,2027-01-05,2026-08-23,2027-09-13,2028-10-29,527.62,25.79,Partially paid,89.8,4,Partial possession,1055,55,0,Synthetic prototype; fields modeled on public government land-acquisition systems
BHNV-01029,West Bengal,Hooghly,Railway,45.7,25.18,74,6,2023-12-10,2024-11-05,2026-01-08,2030-01-01,2031-08-05,2033-01-07,109.14,1.66,Pending,98.1,4,Pending,2575,62,1,Synthetic prototype; fields modeled on public government land-acquisition systems
BHNV-01030,Rajasthan,Kota,Renewable Energy,142.15,117.72,271,43,2018-02-14,2019-12-13,2022-03-24,2019-05-28,2020-11-13,2021-04-29,614.85,22.85,Partially paid,100.0,9,Partial possession,503,52,0,Synthetic prototype; fields modeled on public government land-acquisition systems
BHNV-01031,Odisha,Bhubaneswar,Urban Development,24.52,16.76,44,7,2018-06-04,2018-12-22,2019-04-25,2023-12-12,2024-04-10,2025-11-05,85.62,2.36,Partially paid,100.0,0,Partial possession,2091,55,0,Synthetic prototype; fields modeled on public government land-acquisition systems
BHNV-01032,Gujarat,Surat,Industrial Corridor,5.12,4.25,12,2,2021-07-28,2023-01-13,2025-12-11,2022-09-24,2023-10-10,2024-04-09,11.29,1.11,Mostly paid,77.6,1,Partial possession,485,48,0,Synthetic prototype; fields modeled on public government land-acquisition systems
BHNV-01033,Karnataka,Bengaluru Urban,Renewable Energy,70.86,35.28,130,22,2018-01-05,2018-04-07,2018-05-09,2022-01-19,2023-03-11,2025-02-12,83.49,4.16,Pending,97.4,1,Pending,1978,63,1,Synthetic prototype; fields modeled on public government land-acquisition systems
BHNV-01034,Gujarat,Surat,Industrial Corridor,4.93,3.44,13,4,2023-05-05,2025-07-14,2027-06-01,2027-01-11,2027-05-08,2029-07-05,12.95,0.69,Partially paid,84.0,0,Partial possession,1106,57,0,Synthetic prototype; fields modeled on public government land-acquisition systems
BHNV-01035,Karnataka,Mysuru,Railway,35.52,32.01,84,14,2018-11-17,2019-01-01,2019-05-30,2020-01-28,2021-01-01,2022-09-14,94.63,1.82,Mostly paid,96.1,2,Substantially complete,259,25,0,Synthetic prototype; fields modeled on public government land-acquisition systems
BHNV-01036,Tamil Nadu,Coimbatore,Railway,77.89,51.29,118,26,2020-01-26,2022-01-15,2021-09-24,2026-06-05,2027-06-27,2028-02-26,220.99,5.13,Partially paid,100.0,0,Partial possession,1947,57,0,Synthetic prototype; fields modeled on public government land-acquisition systems
BHNV-01037,Madhya Pradesh,Bhopal,Irrigation,41.44,34.89,60,15,2017-01-30,2019-06-20,2018-11-25,2018-12-30,2019-12-17,2021-12-03,137.79,4.1,Mostly paid,93.0,0,Partial possession,895,50,0,Synthetic prototype; fields modeled on public government land-acquisition systems
BHNV-01038,Karnataka,Mangaluru,Railway,292.44,228.13,496,97,2017-11-13,2018-03-23,2021-06-04,2022-08-24,2022-10-10,2023-12-02,520.02,18.73,Partially paid,69.1,10,Partial possession,1603,60,0,Synthetic prototype; fields modeled on public government land-acquisition systems
BHNV-01039,Gujarat,Rajkot,Railway,4.2,1.42,13,3,2021-06-24,2022-01-15,2023-07-07,2022-10-04,2023-02-03,2023-07-11,3.4,1.04,Pending,100.0,0,Pending,0,21,0,Synthetic prototype; fields modeled on public government land-acquisition systems
BHNV-01040,Tamil Nadu,Salem,Industrial Corridor,27.58,18.06,59,12,2025-06-09,2026-01-17,2029-08-18,2030-02-13,2031-04-25,2033-03-15,105.01,1.88,Pending,88.0,2,Partial possession,1904,61,1,Synthetic prototype; fields modeled on public government land-acquisition systems
BHNV-01041,Karnataka,Mysuru,Irrigation,30.49,25.82,67,11,2022-10-04,2025-01-23,2024-05-15,2026-01-02,2026-10-12,2028-04-09,117.3,6.33,Partially paid,96.2,3,Partial possession,1403,51,0,Synthetic prototype; fields modeled on public government land-acquisition systems
BHNV-01042,Rajasthan,Jaipur,Railway,7.81,4.49,13,1,2016-12-29,2017-10-27,2018-07-10,2021-12-26,2022-03-23,2022-06-13,32.59,1.46,Partially paid,100.0,0,Pending,1087,59,0,Synthetic prototype; fields modeled on public government land-acquisition systems
BHNV-01043,Madhya Pradesh,Ujjain,Renewable Energy,9.45,8.06,14,2,2024-12-31,2026-05-11,2029-03-16,2027-07-11,2028-01-22,2028-05-13,41.44,0.82,Partially paid,100.0,0,Partial possession,230,24,0,Synthetic prototype; fields modeled on public government land-acquisition systems
BHNV-01044,Karnataka,Mysuru,Railway,12.87,11.2,24,2,2021-01-28,2023-04-10,2023-10-25,2024-08-15,2025-01-28,2025-02-18,17.88,1.75,Partially paid,100.0,0,Partial possession,308,31,0,Synthetic prototype; fields modeled on public government land-acquisition systems
BHNV-01045,Tamil Nadu,Coimbatore,Irrigation,9.98,7.84,9,1,2024-09-07,2025-03-30,2025-11-18,2025-10-01,2027-03-11,2027-09-18,21.05,0.62,Partially paid,95.8,0,Partial possession,588,54,0,Synthetic prototype; fields modeled on public government land-acquisition systems
BHNV-01046,Bihar,Patna,Urban Development,26.9,17.33,47,7,2020-11-16,2021-08-06,2023-10-14,2024-02-24,2024-05-16,2024-12-22,106.26,4.63,Partially paid,89.5,0,Pending,978,58,0,Synthetic prototype; fields modeled on public government land-acquisition systems
BHNV-01047,Maharashtra,Aurangabad,Irrigation,16.4,10.39,34,7,2016-04-02,2018-07-22,2020-03-26,2021-02-20,2022-03-13,2023-01-20,69.8,4.06,Partially paid,100.0,1,Pending,1424,56,0,Synthetic prototype; fields modeled on public government land-acquisition systems
BHNV-01048,West Bengal,Hooghly,Industrial Corridor,41.18,32.64,72,19,2020-05-17,2021-01-17,2024-01-13,2022-06-21,2023-06-18,2024-02-16,35.16,6.74,Partially paid,92.2,0,Partial possession,365,37,0,Synthetic prototype; fields modeled on public government land-acquisition systems
BHNV-01049,Maharashtra,Pune,Urban Development,57.36,37.36,106,21,2016-09-22,2018-02-24,2017-12-10,2019-12-28,2020-02-12,2021-11-18,128.14,4.39,Partially paid,99.9,3,Partial possession,1230,58,0,Synthetic prototype; fields modeled on public government land-acquisition systems
BHNV-01050,Maharashtra,Thane,Renewable Energy,53.61,45.55,85,21,2022-03-03,2023-05-23,2024-01-07,2023-02-21,2023-05-25,2024-03-04,65.38,7.62,Partially paid,99.0,2,Partial possession,0,7,0,Synthetic prototype; fields modeled on public government land-acquisition systems
BHNV-01051,Uttar Pradesh,Kanpur Nagar,National Highway,19.88,16.97,30,7,2024-08-17,2026-10-14,2027-06-25,2030-05-13,2031-02-10,2031-05-16,73.9,2.45,Partially paid,92.4,1,Partial possession,1486,52,0,Synthetic prototype; fields modeled on public government land-acquisition systems
BHNV-01052,Rajasthan,Kota,Irrigation,39.82,26.37,80,16,2021-09-15,2023-03-31,2022-12-04,2026-08-06,2027-12-30,2029-11-15,141.93,3.28,Partially paid,77.0,4,Partial possession,2100,61,1,Synthetic prototype; fields modeled on public government land-acquisition systems
BHNV-01053,Bihar,Bhagalpur,Industrial Corridor,84.36,53.97,150,26,2018-10-31,2020-02-23,2022-08-02,2024-03-29,2024-10-04,2025-04-24,302.93,6.61,Pending,95.4,2,Pending,1187,59,0,Synthetic prototype; fields modeled on public government land-acquisition systems
BHNV-01054,Odisha,Cuttack,Renewable Energy,46.79,28.29,80,13,2019-01-18,2021-06-01,2020-03-17,2024-09-13,2025-09-29,2027-09-13,104.99,6.82,Pending,100.0,2,Pending,2463,61,1,Synthetic prototype; fields modeled on public government land-acquisition systems
BHNV-01055,Karnataka,Mysuru,Urban Development,192.28,166.16,316,68,2018-01-13,2020-03-07,2019-08-02,2020-06-03,2020-07-02,2021-11-29,442.84,31.85,Partially paid,96.7,11,Partial possession,738,55,0,Synthetic prototype; fields modeled on public government land-acquisition systems
BHNV-01056,West Bengal,Kolkata,Renewable Energy,80.01,63.34,163,33,2021-08-28,2023-12-05,2022-03-06,2026-10-05,2026-12-09,2028-11-28,141.53,15.69,Partially paid,88.8,2,Partial possession,1535,55,0,Synthetic prototype; fields modeled on public government land-acquisition systems
BHNV-01057,Madhya Pradesh,Ujjain,Irrigation,167.07,125.51,272,56,2017-01-08,2017-11-13,2018-02-05,2020-08-08,2020-12-07,2022-04-22,356.75,21.93,Partially paid,85.9,7,Partial possession,903,57,0,Synthetic prototype; fields modeled on public government land-acquisition systems
BHNV-01058,Bihar,Patna,Railway,2.48,1.92,8,2,2020-12-14,2021-09-13,2022-08-29,2027-04-18,2028-08-13,2030-10-08,11.0,0.91,Partially paid,92.0,0,Partial possession,3039,55,0,Synthetic prototype; fields modeled on public government land-acquisition systems
BHNV-01059,Gujarat,Rajkot,Irrigation,33.01,23.95,55,10,2016-04-03,2018-03-08,2018-11-08,2016-12-13,2017-07-17,2018-12-01,32.1,5.12,Partially paid,100.0,2,Partial possession,0,10,0,Synthetic prototype; fields modeled on public government land-acquisition systems
BHNV-01060,Odisha,Puri,National Highway,21.67,17.68,39,8,2016-02-01,2016-07-25,2017-01-24,2016-11-11,2017-07-01,2018-11-05,43.31,2.89,Partially paid,100.0,0,Partial possession,0,7,0,Synthetic prototype; fields modeled on public government land-acquisition systems
BHNV-01061,Uttar Pradesh,Agra,Irrigation,26.44,21.06,43,11,2016-05-19,2016-08-23,2019-09-11,2022-01-28,2022-03-24,2024-03-10,98.43,4.37,Partially paid,92.9,0,Partial possession,2170,54,0,Synthetic prototype; fields modeled on public government land-acquisition systems
BHNV-01062,Uttar Pradesh,Kanpur Nagar,Urban Development,13.4,12.68,26,5,2020-05-12,2020-09-21,2023-11-14,2022-07-12,2023-08-15,2024-06-13,29.68,1.28,Mostly paid,100.0,0,Substantially complete,640,47,0,Synthetic prototype; fields modeled on public government land-acquisition systems
BHNV-01063,Bihar,Bhagalpur,Urban Development,44.53,30.21,67,12,2024-04-08,2025-03-13,2025-01-18,2030-03-07,2031-02-20,2031-06-20,192.14,3.11,Partially paid,90.7,2,Partial possession,1643,58,0,Synthetic prototype; fields modeled on public government land-acquisition systems
BHNV-01064,Tamil Nadu,Chennai,Irrigation,4.91,2.81,9,1,2024-06-19,2026-04-16,2025-09-05,2027-10-10,2028-02-06,2029-11-22,9.96,1.05,Partially paid,91.7,0,Pending,1267,60,0,Synthetic prototype; fields modeled on public government land-acquisition systems
BHNV-01065,Maharashtra,Aurangabad,Urban Development,44.86,23.51,80,13,2024-10-25,2025-03-20,2027-05-03,2026-01-19,2026-08-24,2028-05-08,176.93,9.2,Pending,100.0,1,Pending,369,47,0,Synthetic prototype; fields modeled on public government land-acquisition systems
BHNV-01066,Gujarat,Ahmedabad,Railway,13.85,11.96,28,7,2025-01-05,2026-05-21,2027-04-25,2031-08-01,2033-01-06,2034-08-19,52.85,3.03,Partially paid,100.0,2,Partial possession,2368,51,0,Synthetic prototype; fields modeled on public government land-acquisition systems
BHNV-01067,Uttar Pradesh,Lucknow,Renewable Energy,18.17,15.16,30,5,2023-08-12,2025-10-12,2025-06-10,2027-11-18,2028-03-06,2029-12-20,15.16,1.24,Partially paid,97.6,0,Partial possession,1814,51,0,Synthetic prototype; fields modeled on public government land-acquisition systems
BHNV-01068,West Bengal,Kolkata,Irrigation,46.46,38.95,82,11,2023-09-02,2024-08-17,2026-07-17,2026-09-15,2027-03-25,2027-11-17,106.44,6.46,Partially paid,100.0,1,Partial possession,825,51,0,Synthetic prototype; fields modeled on public government land-acquisition systems
BHNV-01069,Uttar Pradesh,Lucknow,Railway,32.42,21.69,62,7,2019-05-27,2020-09-02,2021-01-24,2024-11-02,2025-01-20,2026-02-20,59.6,4.56,Pending,100.0,3,Partial possession,1823,58,0,Synthetic prototype; fields modeled on public government land-acquisition systems
BHNV-01070,Madhya Pradesh,Jabalpur,Renewable Energy,85.96,69.56,145,26,2020-04-13,2021-05-17,2020-08-06,2022-06-21,2024-01-09,2024-05-06,221.31,5.85,Partially paid,99.5,2,Partial possession,664,53,0,Synthetic prototype; fields modeled on public government land-acquisition systems
BHNV-01071,Karnataka,Mangaluru,Renewable Energy,11.36,7.93,24,4,2020-05-01,2022-06-07,2022-01-15,2023-08-20,2024-04-14,2026-02-21,28.54,1.55,Partially paid,99.2,0,Partial possession,1532,55,0,Synthetic prototype; fields modeled on public government land-acquisition systems
BHNV-01072,Uttar Pradesh,Lucknow,Railway,27.64,18.03,48,10,2021-04-15,2023-04-14,2022-02-08,2024-11-28,2026-07-14,2026-11-19,114.72,3.19,Partially paid,82.2,3,Partial possession,1230,59,0,Synthetic prototype; fields modeled on public government land-acquisition systems
BHNV-01073,Madhya Pradesh,Indore,Industrial Corridor,72.88,57.15,131,23,2016-02-27,2016-09-30,2019-09-26,2019-11-01,2020-11-29,2022-05-05,107.81,5.77,Partially paid,100.0,3,Partial possession,1648,54,0,Synthetic prototype; fields modeled on public government land-acquisition systems
BHNV-01074,Bihar,Bhagalpur,Irrigation,43.0,35.87,69,9,2025-07-28,2027-04-06,2026-09-09,2026-12-12,2027-09-07,2027-11-15,63.39,7.97,Partially paid,87.2,0,Partial possession,228,28,0,Synthetic prototype; fields modeled on public government land-acquisition systems
BHNV-01075,Bihar,Bhagalpur,Renewable Energy,45.86,34.79,87,16,2019-07-22,2021-10-13,2023-05-26,2024-11-11,2025-09-19,2026-02-01,55.02,6.03,Partially paid,100.0,0,Partial possession,1513,54,0,Synthetic prototype; fields modeled on public government land-acquisition systems
BHNV-01076,Odisha,Bhubaneswar,Renewable Energy,90.74,61.3,160,35,2021-12-27,2023-05-09,2025-06-30,2025-11-20,2027-07-08,2028-02-24,320.59,11.6,Partially paid,100.0,7,Partial possession,1488,58,0,Synthetic prototype; fields modeled on public government land-acquisition systems
BHNV-01077,Uttar Pradesh,Agra,Urban Development,19.96,8.66,37,4,2018-11-12,2020-10-02,2022-12-04,2022-03-22,2022-09-23,2024-07-03,83.75,2.95,Pending,100.0,0,Pending,1193,65,1,Synthetic prototype; fields modeled on public government land-acquisition systems
BHNV-01078,West Bengal,Howrah,Renewable Energy,16.17,11.09,46,9,2024-01-27,2026-02-01,2025-01-19,2025-09-17,2026-09-30,2026-10-17,34.98,5.0,Partially paid,100.0,1,Partial possession,117,21,0,Synthetic prototype; fields modeled on public government land-acquisition systems
BHNV-01079,Uttar Pradesh,Prayagraj,Railway,53.3,33.76,110,21,2017-01-12,2019-04-17,2020-07-15,2017-10-06,2018-01-01,2018-04-17,54.83,8.07,Pending,100.0,3,Pending,0,14,0,Synthetic prototype; fields modeled on public government land-acquisition systems
BHNV-01080,West Bengal,Hooghly,Renewable Energy,25.81,19.52,45,10,2018-07-10,2019-11-24,2019-12-16,2019-06-28,2019-09-10,2020-11-04,35.55,3.33,Partially paid,75.7,2,Partial possession,0,13,0,Synthetic prototype; fields modeled on public government land-acquisition systems
BHNV-01081,Rajasthan,Ajmer,Industrial Corridor,92.04,71.76,161,24,2017-01-07,2018-08-15,2019-06-04,2020-05-05,2021-08-17,2023-07-08,108.5,7.09,Partially paid,100.0,2,Partial possession,1317,54,0,Synthetic prototype; fields modeled on public government land-acquisition systems
BHNV-01082,Odisha,Cuttack,Irrigation,43.37,28.77,82,20,2024-07-31,2025-11-26,2027-09-18,2029-04-13,2030-03-29,2031-06-27,129.75,6.58,Pending,71.3,2,Partial possession,1978,62,1,Synthetic prototype; fields modeled on public government land-acquisition systems
BHNV-01083,Rajasthan,Jaipur,Irrigation,16.07,7.63,31,6,2020-05-06,2021-08-24,2022-05-14,2021-05-22,2021-10-07,2023-07-14,29.64,1.8,Pending,100.0,0,Pending,394,51,0,Synthetic prototype; fields modeled on public government land-acquisition systems
BHNV-01084,Uttar Pradesh,Kanpur Nagar,Renewable Energy,42.03,23.69,73,17,2018-02-16,2020-01-28,2022-02-25,2020-02-10,2021-05-24,2022-08-13,173.19,6.18,Pending,100.0,1,Pending,645,62,1,Synthetic prototype; fields modeled on public government land-acquisition systems
BHNV-01085,Odisha,Cuttack,National Highway,12.15,8.04,22,3,2019-09-27,2020-01-28,2022-07-12,2020-05-03,2020-05-31,2020-08-14,17.02,1.1,Pending,84.5,0,Partial possession,0,15,0,Synthetic prototype; fields modeled on public government land-acquisition systems
BHNV-01086,Rajasthan,Ajmer,National Highway,77.24,64.89,139,28,2016-06-15,2018-07-20,2019-07-01,2019-05-01,2020-07-04,2022-07-14,327.62,12.73,Partially paid,100.0,4,Partial possession,1474,53,0,Synthetic prototype; fields modeled on public government land-acquisition systems
BHNV-01087,Maharashtra,Aurangabad,Railway,7.41,4.91,15,4,2024-10-27,2027-01-24,2026-01-19,2031-01-01,2031-02-11,2032-06-12,15.05,1.23,Pending,98.3,0,Partial possession,2112,57,0,Synthetic prototype; fields modeled on public government land-acquisition systems
BHNV-01088,Uttar Pradesh,Gorakhpur,National Highway,101.7,73.62,177,25,2023-01-14,2023-03-22,2025-12-09,2028-09-24,2028-11-27,2029-08-15,407.72,11.94,Pending,100.0,4,Partial possession,1870,58,0,Synthetic prototype; fields modeled on public government land-acquisition systems
BHNV-01089,Rajasthan,Alwar,Railway,41.3,27.41,78,15,2021-07-04,2023-09-23,2025-08-20,2023-11-05,2024-05-24,2026-06-24,178.06,2.31,Pending,100.0,1,Partial possession,1015,58,0,Synthetic prototype; fields modeled on public government land-acquisition systems
BHNV-01090,Maharashtra,Nagpur,Urban Development,25.42,18.15,41,4,2017-08-06,2018-12-30,2019-01-25,2021-10-10,2021-12-20,2023-01-10,113.11,3.39,Partially paid,100.0,0,Partial possession,1326,54,0,Synthetic prototype; fields modeled on public government land-acquisition systems
BHNV-01091,Maharashtra,Thane,Railway,64.29,18.79,129,26,2022-12-23,2025-02-06,2024-06-30,2029-07-18,2029-09-04,2030-07-04,242.59,13.66,Pending,98.4,5,Pending,1600,71,1,Synthetic prototype; fields modeled on public government land-acquisition systems
BHNV-01092,Bihar,Patna,National Highway,49.97,40.24,77,8,2024-01-22,2024-06-10,2026-01-14,2026-07-31,2028-02-03,2029-09-29,58.78,2.86,Partially paid,100.0,1,Partial possession,1545,52,0,Synthetic prototype; fields modeled on public government land-acquisition systems
BHNV-01093,Uttar Pradesh,Agra,Renewable Energy,113.34,68.71,211,36,2018-09-25,2019-12-08,2022-01-10,2022-07-26,2023-08-15,2023-09-22,113.9,6.01,Pending,93.7,7,Pending,942,64,1,Synthetic prototype; fields modeled on public government land-acquisition systems
BHNV-01094,Maharashtra,Nagpur,Urban Development,112.29,91.19,220,33,2017-07-13,2018-01-26,2021-11-04,2020-06-27,2020-10-05,2021-11-29,397.17,5.27,Partially paid,89.0,7,Partial possession,677,56,0,Synthetic prototype; fields modeled on public government land-acquisition systems
BHNV-01095,Bihar,Bhagalpur,National Highway,42.62,37.25,75,17,2025-05-12,2026-12-28,2027-05-24,2027-06-28,2027-12-19,2028-11-05,175.55,1.74,Partially paid,97.1,0,Partial possession,91,14,0,Synthetic prototype; fields modeled on public government land-acquisition systems
BHNV-01096,Rajasthan,Ajmer,Railway,12.53,8.78,21,4,2025-02-25,2026-04-27,2026-07-01,2026-07-19,2027-10-01,2029-06-19,17.72,2.19,Partially paid,94.6,0,Partial possession,454,48,0,Synthetic prototype; fields modeled on public government land-acquisition systems
BHNV-01097,Madhya Pradesh,Jabalpur,Industrial Corridor,17.44,16.77,40,9,2025-08-02,2026-01-05,2027-06-06,2028-12-09,2029-04-08,2030-04-29,74.68,3.71,Partially paid,100.0,0,Substantially complete,553,47,0,Synthetic prototype; fields modeled on public government land-acquisition systems
BHNV-01098,Uttar Pradesh,Prayagraj,Irrigation,27.89,24.22,59,14,2018-10-08,2021-01-01,2022-10-29,2020-03-07,2021-04-16,2023-06-02,85.28,2.37,Mostly paid,100.0,2,Partial possession,562,49,0,Synthetic prototype; fields modeled on public government land-acquisition systems
BHNV-01099,Odisha,Cuttack,National Highway,88.39,70.1,148,24,2016-08-20,2016-10-30,2016-12-30,2022-02-16,2023-07-27,2025-05-06,111.27,16.53,Mostly paid,93.9,1,Partial possession,2387,52,0,Synthetic prototype; fields modeled on public government land-acquisition systems
BHNV-01100,West Bengal,Bardhaman,Railway,18.98,12.87,32,8,2017-07-13,2017-09-21,2020-12-23,2022-04-10,2023-01-24,2023-09-10,26.91,1.07,Partially paid,100.0,2,Partial possession,1058,56,0,Synthetic prototype; fields modeled on public government land-acquisition systems
BHNV-01101,West Bengal,Kolkata,Urban Development,20.64,15.68,35,4,2019-05-16,2020-12-27,2022-03-01,2022-09-16,2023-07-16,2024-04-17,21.55,2.01,Partially paid,100.0,0,Partial possession,704,55,0,Synthetic prototype; fields modeled on public government land-acquisition systems
BHNV-01102,Rajasthan,Kota,National Highway,190.25,105.22,307,59,2025-08-25,2027-01-23,2027-01-16,2027-03-15,2027-12-12,2028-12-06,253.01,20.02,Partially paid,90.7,9,Pending,285,42,0,Synthetic prototype; fields modeled on public government land-acquisition systems
BHNV-01103,Tamil Nadu,Coimbatore,National Highway,27.0,21.33,54,11,2020-10-28,2022-09-28,2023-11-24,2022-11-21,2023-07-13,2024-09-12,94.74,1.49,Partially paid,100.0,0,Partial possession,597,52,0,Synthetic prototype; fields modeled on public government land-acquisition systems
BHNV-01104,Tamil Nadu,Salem,Irrigation,15.88,14.86,32,2,2020-03-04,2022-07-25,2023-07-01,2024-02-21,2025-08-15,2025-12-30,25.56,1.75,Partially paid,82.8,0,Substantially complete,1603,50,0,Synthetic prototype; fields modeled on public government land-acquisition systems
BHNV-01105,Rajasthan,Jodhpur,Railway,65.15,39.32,103,16,2018-07-09,2019-09-10,2019-12-03,2020-05-18,2021-11-16,2024-01-03,187.51,3.11,Pending,100.0,0,Pending,952,59,0,Synthetic prototype; fields modeled on public government land-acquisition systems
BHNV-01106,Maharashtra,Nashik,Industrial Corridor,28.33,18.94,57,11,2023-12-18,2024-07-16,2025-01-19,2029-06-30,2029-09-11,2030-08-11,98.25,5.64,Pending,97.5,2,Partial possession,1495,59,0,Synthetic prototype; fields modeled on public government land-acquisition systems
BHNV-01107,Uttar Pradesh,Kanpur Nagar,Urban Development,7.47,6.16,12,2,2019-05-27,2019-12-23,2019-11-15,2022-07-09,2023-07-18,2024-07-03,30.72,0.3,Partially paid,100.0,0,Partial possession,1306,51,0,Synthetic prototype; fields modeled on public government land-acquisition systems
BHNV-01108,West Bengal,Howrah,Railway,84.85,51.75,150,31,2023-12-29,2025-12-05,2024-12-23,2024-07-29,2024-12-03,2025-05-24,253.08,3.26,Partially paid,89.7,5,Pending,0,16,0,Synthetic prototype; fields modeled on public government land-acquisition systems
BHNV-01109,West Bengal,Kolkata,Urban Development,14.2,11.84,23,5,2016-03-21,2018-05-03,2018-05-19,2022-06-13,2023-03-30,2024-03-05,41.29,2.14,Mostly paid,95.4,1,Partial possession,1865,51,0,Synthetic prototype; fields modeled on public government land-acquisition systems
BHNV-01110,Maharashtra,Pune,National Highway,31.3,23.86,49,7,2023-04-15,2025-05-01,2027-03-20,2024-03-21,2024-12-17,2026-10-23,130.75,4.81,Partially paid,99.1,3,Partial possession,743,54,0,Synthetic prototype; fields modeled on public government land-acquisition systems
BHNV-01111,West Bengal,Bardhaman,Irrigation,27.99,19.76,41,5,2017-12-03,2020-05-17,2020-10-26,2020-01-31,2021-01-08,2021-03-28,52.93,2.85,Partially paid,82.1,1,Partial possession,260,33,0,Synthetic prototype; fields modeled on public government land-acquisition systems
BHNV-01112,Odisha,Sambalpur,Irrigation,37.72,25.33,83,16,2017-06-24,2018-10-30,2019-10-03,2022-11-27,2023-08-03,2024-08-20,58.61,4.3,Partially paid,100.0,1,Partial possession,1806,55,0,Synthetic prototype; fields modeled on public government land-acquisition systems
BHNV-01113,Uttar Pradesh,Gorakhpur,Renewable Energy,3.35,3.12,7,1,2021-01-23,2021-04-12,2023-03-18,2022-11-26,2023-01-30,2023-02-17,13.5,0.31,Partially paid,85.1,0,Substantially complete,102,14,0,Synthetic prototype; fields modeled on public government land-acquisition systems
BHNV-01114,Karnataka,Mysuru,Industrial Corridor,21.43,7.22,42,5,2023-09-13,2024-11-23,2027-03-24,2028-06-25,2029-02-15,2031-01-16,23.05,1.33,Pending,88.5,1,Pending,1631,69,1,Synthetic prototype; fields modeled on public government land-acquisition systems
BHNV-01115,West Bengal,Hooghly,Irrigation,92.28,67.1,153,25,2019-06-28,2020-08-31,2022-01-22,2023-05-05,2024-01-04,2025-10-27,138.59,10.47,Pending,100.0,7,Partial possession,1674,59,0,Synthetic prototype; fields modeled on public government land-acquisition systems
BHNV-01116,Rajasthan,Jaipur,National Highway,106.21,78.32,191,39,2023-08-17,2024-02-08,2024-10-24,2025-01-14,2025-09-07,2027-10-17,246.58,13.2,Partially paid,86.8,4,Partial possession,441,48,0,Synthetic prototype; fields modeled on public government land-acquisition systems
BHNV-01117,Odisha,Cuttack,Industrial Corridor,11.12,4.88,16,3,2023-04-07,2024-02-28,2025-07-16,2027-08-08,2027-10-15,2027-12-28,23.76,1.05,Pending,86.3,2,Pending,842,66,1,Synthetic prototype; fields modeled on public government land-acquisition systems
BHNV-01118,West Bengal,Kolkata,Railway,75.23,71.39,132,27,2025-07-18,2026-01-08,2028-01-07,2027-04-23,2028-02-04,2028-04-03,256.73,12.91,Mostly paid,92.8,1,Substantially complete,0,2,0,Synthetic prototype; fields modeled on public government land-acquisition systems
BHNV-01119,Odisha,Bhubaneswar,Irrigation,13.99,9.63,19,4,2024-08-23,2024-10-07,2028-02-28,2030-07-24,2031-02-21,2032-10-11,15.94,0.57,Partially paid,100.0,2,Partial possession,1848,56,0,Synthetic prototype; fields modeled on public government land-acquisition systems
BHNV-01120,Bihar,Bhagalpur,Industrial Corridor,20.6,11.48,40,9,2017-09-13,2018-01-05,2019-01-15,2020-07-25,2020-12-14,2022-08-27,52.85,3.48,Pending,91.8,0,Pending,1277,62,1,Synthetic prototype; fields modeled on public government land-acquisition systems
BHNV-01121,Karnataka,Mysuru,National Highway,21.72,21.38,41,5,2019-05-25,2020-01-25,2021-09-30,2021-07-17,2021-08-09,2023-02-17,82.35,2.47,Mostly paid,87.4,1,Substantially complete,494,44,0,Synthetic prototype; fields modeled on public government land-acquisition systems
BHNV-01122,Gujarat,Vadodara,Renewable Energy,33.41,28.79,72,12,2024-05-27,2025-10-20,2027-02-03,2027-02-19,2027-10-18,2028-04-05,111.2,3.17,Partially paid,100.0,1,Partial possession,732,51,0,Synthetic prototype; fields modeled on public government land-acquisition systems
BHNV-01123,Rajasthan,Kota,Urban Development,81.56,59.29,119,22,2022-02-21,2022-05-13,2025-01-27,2023-12-23,2025-07-17,2027-08-22,255.86,10.49,Partially paid,93.2,3,Partial possession,1149,57,0,Synthetic prototype; fields modeled on public government land-acquisition systems
BHNV-01124,Rajasthan,Kota,Urban Development,39.04,30.09,54,11,2024-04-30,2025-11-28,2027-08-07,2026-11-17,2027-04-14,2027-07-01,65.81,2.15,Partially paid,100.0,1,Partial possession,12,10,0,Synthetic prototype; fields modeled on public government land-acquisition systems
BHNV-01125,Uttar Pradesh,Prayagraj,National Highway,26.41,21.65,46,10,2019-08-13,2019-12-27,2022-06-18,2022-10-27,2022-11-26,2024-02-04,59.59,1.98,Mostly paid,89.4,0,Partial possession,701,51,0,Synthetic prototype; fields modeled on public government land-acquisition systems
BHNV-01126,Odisha,Cuttack,National Highway,78.83,52.66,129,26,2024-03-12,2024-11-15,2027-07-10,2030-06-23,2031-02-07,2032-01-10,115.78,15.46,Partially paid,100.0,2,Partial possession,2355,56,0,Synthetic prototype; fields modeled on public government land-acquisition systems
BHNV-01127,Maharashtra,Pune,Urban Development,13.43,11.06,22,5,2021-09-22,2022-09-23,2024-06-20,2027-12-11,2028-04-15,2028-08-16,36.03,2.4,Partially paid,100.0,0,Partial possession,1330,51,0,Synthetic prototype; fields modeled on public government land-acquisition systems
BHNV-01128,Rajasthan,Jaipur,Renewable Energy,27.74,22.4,48,5,2022-09-06,2023-10-11,2026-09-29,2026-10-28,2027-04-17,2028-08-06,82.15,4.31,Pending,100.0,0,Partial possession,1044,55,0,Synthetic prototype; fields modeled on public government land-acquisition systems
BHNV-01129,Odisha,Bhubaneswar,Industrial Corridor,81.11,56.69,170,26,2020-01-06,2022-04-24,2023-12-20,2023-06-06,2024-08-18,2026-04-04,254.31,8.77,Partially paid,100.0,4,Partial possession,1550,57,0,Synthetic prototype; fields modeled on public government land-acquisition systems
BHNV-01130,Odisha,Bhubaneswar,Urban Development,50.87,39.52,77,16,2019-01-18,2019-10-28,2022-10-17,2022-07-28,2023-11-06,2025-05-20,205.57,5.67,Partially paid,99.7,4,Partial possession,1414,54,0,Synthetic prototype; fields modeled on public government land-acquisition systems
BHNV-01131,Madhya Pradesh,Bhopal,National Highway,18.8,15.86,34,8,2022-01-11,2023-03-21,2022-05-14,2027-03-09,2028-02-04,2028-10-26,19.34,1.11,Partially paid,95.2,1,Partial possession,1364,52,0,Synthetic prototype; fields modeled on public government land-acquisition systems
BHNV-01132,Madhya Pradesh,Gwalior,Irrigation,6.6,4.39,9,0,2024-04-13,2025-12-13,2026-01-29,2029-05-08,2030-05-17,2031-10-23,14.76,0.48,Partially paid,89.6,0,Partial possession,2227,57,0,Synthetic prototype; fields modeled on public government land-acquisition systems
BHNV-01133,Gujarat,Rajkot,Railway,40.89,31.92,89,17,2025-09-19,2027-09-17,2027-11-28,2029-09-20,2030-10-15,2032-04-29,122.12,2.38,Partially paid,96.0,2,Partial possession,1754,54,0,Synthetic prototype; fields modeled on public government land-acquisition systems
BHNV-01134,Bihar,Gaya,Renewable Energy,6.18,5.5,14,2,2020-07-02,2022-04-28,2021-11-16,2021-10-27,2022-09-02,2023-12-01,17.98,1.13,Partially paid,100.0,0,Partial possession,554,50,0,Synthetic prototype; fields modeled on public government land-acquisition systems
BHNV-01135,Gujarat,Surat,Renewable Energy,24.23,18.84,35,8,2016-02-28,2016-04-27,2020-04-03,2022-07-26,2023-02-23,2024-06-05,21.33,3.7,Partially paid,83.3,1,Partial possession,2255,55,0,Synthetic prototype; fields modeled on public government land-acquisition systems
BHNV-01136,West Bengal,Bardhaman,Irrigation,97.41,77.97,178,32,2021-11-27,2022-06-29,2025-10-06,2026-04-13,2027-11-18,2029-09-06,146.16,17.97,Partially paid,81.3,3,Partial possession,2258,54,0,Synthetic prototype; fields modeled on public government land-acquisition systems
BHNV-01137,Maharashtra,Aurangabad,Irrigation,54.42,50.44,103,16,2017-04-23,2018-03-07,2018-10-15,2022-09-16,2023-11-02,2025-11-19,213.83,10.88,Mostly paid,96.1,5,Substantially complete,2465,50,0,Synthetic prototype; fields modeled on public government land-acquisition systems
BHNV-01138,West Bengal,Bardhaman,National Highway,3.96,2.92,7,0,2023-04-19,2024-05-11,2025-12-25,2023-11-11,2024-07-24,2026-06-17,10.72,0.26,Partially paid,100.0,1,Partial possession,1,9,0,Synthetic prototype; fields modeled on public government land-acquisition systems
BHNV-01139,Tamil Nadu,Salem,Urban Development,36.61,27.13,62,12,2021-04-06,2022-08-22,2025-04-20,2023-12-19,2025-03-06,2025-12-19,85.31,5.27,Partially paid,100.0,1,Partial possession,664,53,0,Synthetic prototype; fields modeled on public government land-acquisition systems
BHNV-01140,West Bengal,Kolkata,Industrial Corridor,21.78,16.05,39,4,2020-10-22,2022-06-08,2023-08-13,2021-06-21,2021-07-11,2021-09-23,89.97,4.51,Partially paid,100.0,1,Partial possession,0,9,0,Synthetic prototype; fields modeled on public government land-acquisition systems
BHNV-01141,Uttar Pradesh,Agra,Renewable Energy,8.38,5.82,15,3,2020-12-03,2022-02-05,2024-08-06,2022-01-07,2022-12-05,2023-11-26,9.03,1.47,Partially paid,96.2,1,Partial possession,577,55,0,Synthetic prototype; fields modeled on public government land-acquisition systems
BHNV-01142,West Bengal,Kolkata,Renewable Energy,41.89,33.78,72,18,2020-06-05,2022-05-24,2022-01-10,2025-08-06,2026-03-20,2027-05-02,176.46,1.46,Mostly paid,100.0,1,Partial possession,1489,51,0,Synthetic prototype; fields modeled on public government land-acquisition systems
BHNV-01143,Gujarat,Vadodara,Irrigation,18.32,14.22,29,9,2018-02-22,2018-08-03,2022-06-07,2020-03-10,2020-12-22,2021-04-28,16.54,3.14,Partially paid,100.0,0,Partial possession,132,18,0,Synthetic prototype; fields modeled on public government land-acquisition systems
BHNV-01144,Rajasthan,Jaipur,Urban Development,18.44,12.45,34,4,2024-07-17,2025-12-30,2028-03-19,2025-09-15,2025-12-22,2026-08-14,53.14,3.08,Pending,87.2,1,Partial possession,0,14,0,Synthetic prototype; fields modeled on public government land-acquisition systems
BHNV-01145,Rajasthan,Jaipur,Renewable Energy,33.92,32.17,52,12,2019-11-01,2021-04-16,2023-02-03,2022-02-10,2023-02-19,2023-05-12,96.8,1.67,Partially paid,96.4,1,Substantially complete,215,22,0,Synthetic prototype; fields modeled on public government land-acquisition systems
BHNV-01146,Madhya Pradesh,Gwalior,Industrial Corridor,16.02,11.9,35,5,2018-11-21,2019-03-07,2019-03-31,2023-08-31,2024-09-29,2025-08-24,50.7,1.8,Partially paid,100.0,1,Partial possession,1378,53,0,Synthetic prototype; fields modeled on public government land-acquisition systems
BHNV-01147,Maharashtra,Thane,Irrigation,32.97,29.74,73,17,2020-02-18,2021-03-03,2021-04-14,2024-05-25,2025-11-30,2027-03-26,29.99,2.32,Partially paid,96.0,1,Substantially complete,1604,51,0,Synthetic prototype; fields modeled on public government land-acquisition systems
BHNV-01148,Maharashtra,Thane,Industrial Corridor,16.55,11.31,25,6,2023-04-02,2023-06-30,2027-01-04,2027-02-04,2027-07-09,2028-04-11,45.73,2.32,Partially paid,97.6,1,Partial possession,1170,55,0,Synthetic prototype; fields modeled on public government land-acquisition systems
BHNV-01149,Uttar Pradesh,Lucknow,Urban Development,17.49,5.77,29,2,2024-03-06,2025-07-03,2025-12-31,2026-03-13,2027-08-19,2029-10-22,21.34,0.59,Pending,100.0,0,Pending,895,69,1,Synthetic prototype; fields modeled on public government land-acquisition systems
BHNV-01150,Gujarat,Vadodara,Renewable Energy,80.88,63.2,138,24,2024-04-27,2025-09-03,2024-08-14,2026-03-08,2026-09-11,2027-02-03,111.38,9.17,Partially paid,84.7,2,Partial possession,48,14,0,Synthetic prototype; fields modeled on public government land-acquisition systems
BHNV-01151,Madhya Pradesh,Ujjain,Railway,89.54,46.73,152,25,2023-01-22,2023-12-28,2025-03-09,2024-10-12,2024-11-15,2026-01-27,142.98,18.24,Pending,95.9,5,Pending,0,19,0,Synthetic prototype; fields modeled on public government land-acquisition systems
BHNV-01152,Tamil Nadu,Chennai,Renewable Energy,5.43,4.94,14,4,2018-10-23,2019-02-20,2021-05-30,2023-01-20,2024-06-20,2025-03-28,16.66,1.47,Mostly paid,100.0,0,Substantially complete,1842,47,0,Synthetic prototype; fields modeled on public government land-acquisition systems
BHNV-01153,Maharashtra,Pune,Urban Development,63.25,41.95,106,18,2017-01-12,2017-12-05,2019-11-04,2020-03-01,2021-10-02,2023-10-06,141.89,8.34,Partially paid,96.5,9,Partial possession,1796,58,0,Synthetic prototype; fields modeled on public government land-acquisition systems
BHNV-01154,Rajasthan,Jodhpur,Renewable Energy,121.34,110.1,204,27,2017-07-25,2018-07-14,2018-08-13,2023-05-23,2024-01-19,2024-09-01,135.38,18.24,Mostly paid,93.2,3,Substantially complete,1901,49,0,Synthetic prototype; fields modeled on public government land-acquisition systems
BHNV-01155,West Bengal,Howrah,Renewable Energy,142.22,135.34,243,42,2021-05-08,2022-03-13,2022-01-15,2026-11-21,2027-03-24,2028-10-21,265.86,19.53,Mostly paid,97.9,6,Substantially complete,1905,49,0,Synthetic prototype; fields modeled on public government land-acquisition systems
BHNV-01156,West Bengal,Hooghly,National Highway,50.42,32.69,89,14,2025-01-26,2027-02-05,2026-05-11,2025-12-02,2026-11-01,2027-08-30,54.63,9.0,Pending,99.5,3,Pending,317,41,0,Synthetic prototype; fields modeled on public government land-acquisition systems
BHNV-01157,Madhya Pradesh,Bhopal,Renewable Energy,10.41,7.18,13,2,2020-04-13,2020-09-07,2021-05-18,2021-05-29,2022-04-16,2023-06-29,33.91,1.41,Partially paid,87.2,0,Partial possession,564,56,0,Synthetic prototype; fields modeled on public government land-acquisition systems
BHNV-01158,Gujarat,Ahmedabad,Renewable Energy,56.26,37.24,110,16,2017-08-09,2019-08-03,2018-04-11,2022-10-28,2023-02-06,2024-08-27,161.05,10.63,Partially paid,100.0,4,Partial possession,1857,58,0,Synthetic prototype; fields modeled on public government land-acquisition systems
BHNV-01159,Gujarat,Rajkot,Industrial Corridor,12.56,11.84,21,4,2020-06-06,2022-01-23,2023-08-25,2023-04-22,2023-12-20,2026-01-31,28.99,0.8,Mostly paid,100.0,0,Substantially complete,1060,46,0,Synthetic prototype; fields modeled on public government land-acquisition systems
BHNV-01160,Bihar,Patna,Railway,21.26,9.75,44,9,2016-12-22,2017-10-18,2021-02-26,2020-03-22,2021-02-09,2023-01-31,89.98,2.52,Pending,90.7,0,Pending,1303,65,1,Synthetic prototype; fields modeled on public government land-acquisition systems
BHNV-01161,Karnataka,Bengaluru Urban,Industrial Corridor,43.95,27.02,93,17,2017-11-15,2019-05-15,2020-01-25,2021-02-22,2022-03-22,2022-12-05,119.51,9.15,Partially paid,68.5,5,Pending,705,62,1,Synthetic prototype; fields modeled on public government land-acquisition systems
BHNV-01162,Maharashtra,Pune,Industrial Corridor,13.4,9.2,23,5,2021-04-30,2021-09-07,2021-12-26,2027-05-08,2028-12-25,2030-12-21,54.72,2.35,Pending,89.5,0,Partial possession,2779,58,0,Synthetic prototype; fields modeled on public government land-acquisition systems
BHNV-01163,Gujarat,Ahmedabad,Irrigation,9.52,4.88,15,1,2024-12-12,2026-02-02,2028-04-06,2030-09-22,2031-10-26,2033-08-03,28.01,1.24,Pending,77.6,0,Pending,2219,64,1,Synthetic prototype; fields modeled on public government land-acquisition systems
BHNV-01164,Rajasthan,Alwar,National Highway,47.74,44.09,66,16,2023-12-15,2024-10-25,2028-03-13,2026-04-28,2026-09-02,2027-08-16,104.75,6.03,Partially paid,100.0,1,Substantially complete,534,48,0,Synthetic prototype; fields modeled on public government land-acquisition systems
BHNV-01165,Madhya Pradesh,Gwalior,Industrial Corridor,193.88,92.66,351,78,2025-07-22,2025-10-12,2026-01-21,2027-01-22,2027-11-25,2028-11-01,541.76,13.14,Pending,100.0,7,Pending,102,28,0,Synthetic prototype; fields modeled on public government land-acquisition systems
BHNV-01166,Tamil Nadu,Madurai,Urban Development,103.88,87.95,177,39,2017-10-20,2019-11-18,2021-07-17,2022-07-23,2023-06-07,2025-06-05,141.47,10.14,Partially paid,94.0,1,Partial possession,2031,51,0,Synthetic prototype; fields modeled on public government land-acquisition systems
BHNV-01167,Bihar,Muzaffarpur,Urban Development,60.78,28.1,119,20,2019-07-20,2021-12-06,2022-11-30,2020-10-12,2021-08-13,2021-12-11,200.37,8.74,Pending,88.1,1,Pending,49,25,0,Synthetic prototype; fields modeled on public government land-acquisition systems
BHNV-01168,Odisha,Sambalpur,Renewable Energy,79.77,53.18,146,24,2020-03-05,2022-06-10,2024-03-22,2025-01-04,2025-05-03,2027-06-18,353.69,17.28,Partially paid,100.0,0,Partial possession,1753,56,0,Synthetic prototype; fields modeled on public government land-acquisition systems
BHNV-01169,Uttar Pradesh,Lucknow,Irrigation,56.7,52.65,107,20,2021-09-13,2022-06-09,2022-01-11,2025-07-20,2026-05-21,2026-08-22,97.27,10.69,Mostly paid,100.0,4,Substantially complete,1304,49,0,Synthetic prototype; fields modeled on public government land-acquisition systems
BHNV-01170,Tamil Nadu,Madurai,National Highway,46.99,42.1,78,12,2024-05-12,2025-01-10,2027-06-15,2028-07-09,2029-11-12,2030-05-10,93.78,3.06,Mostly paid,98.8,3,Partial possession,1496,49,0,Synthetic prototype; fields modeled on public government land-acquisition systems
BHNV-01171,Odisha,Bhubaneswar,National Highway,73.6,44.71,126,24,2022-11-13,2024-08-19,2025-10-14,2028-09-27,2030-03-16,2031-12-21,169.47,6.96,Partially paid,100.0,1,Pending,2462,58,0,Synthetic prototype; fields modeled on public government land-acquisition systems
BHNV-01172,West Bengal,Bardhaman,Renewable Energy,7.63,6.88,10,1,2023-07-28,2024-08-21,2027-04-02,2024-05-01,2024-07-14,2024-09-23,19.75,0.42,Mostly paid,100.0,0,Substantially complete,0,2,0,Synthetic prototype; fields modeled on public government land-acquisition systems
BHNV-01173,Uttar Pradesh,Kanpur Nagar,Urban Development,36.58,33.45,62,14,2020-08-20,2021-09-17,2023-12-13,2022-09-04,2023-07-27,2024-02-14,126.59,2.18,Mostly paid,89.9,0,Substantially complete,410,38,0,Synthetic prototype; fields modeled on public government land-acquisition systems
BHNV-01174,Maharashtra,Nagpur,Railway,27.63,16.21,33,7,2025-02-06,2027-03-11,2026-08-12,2029-09-26,2030-01-24,2030-03-31,36.08,1.06,Pending,94.4,0,Pending,1376,61,1,Synthetic prototype; fields modeled on public government land-acquisition systems
BHNV-01175,Rajasthan,Kota,Irrigation,32.42,26.78,75,11,2020-07-15,2022-12-13,2021-09-29,2023-08-12,2023-11-23,2024-02-17,62.22,8.74,Partially paid,89.9,1,Partial possession,664,54,0,Synthetic prototype; fields modeled on public government land-acquisition systems
BHNV-01176,Uttar Pradesh,Agra,Renewable Energy,18.89,9.71,38,6,2017-05-26,2019-11-01,2018-09-30,2019-08-22,2020-05-30,2022-07-06,52.76,4.21,Partially paid,96.0,0,Pending,1307,61,1,Synthetic prototype; fields modeled on public government land-acquisition systems
BHNV-01177,Karnataka,Mangaluru,Irrigation,50.43,38.99,83,19,2018-12-07,2020-12-06,2022-12-21,2020-04-24,2021-12-12,2022-11-15,150.35,5.67,Partially paid,100.0,2,Partial possession,823,54,0,Synthetic prototype; fields modeled on public government land-acquisition systems
BHNV-01178,Odisha,Cuttack,Urban Development,13.22,11.1,22,3,2024-11-30,2025-11-21,2028-08-30,2029-11-01,2030-03-14,2031-11-30,36.82,1.65,Partially paid,94.4,1,Partial possession,1373,51,0,Synthetic prototype; fields modeled on public government land-acquisition systems
BHNV-01179,Maharashtra,Aurangabad,Urban Development,17.57,12.51,25,5,2022-12-13,2025-04-26,2025-12-19,2026-05-13,2027-08-15,2028-08-01,42.37,2.6,Partially paid,100.0,0,Partial possession,1321,56,0,Synthetic prototype; fields modeled on public government land-acquisition systems
BHNV-01180,Karnataka,Bengaluru Urban,Railway,15.58,12.35,42,8,2022-05-09,2023-09-26,2025-09-26,2027-07-20,2028-10-05,2029-03-23,53.48,3.57,Partially paid,100.0,0,Partial possession,1873,52,0,Synthetic prototype; fields modeled on public government land-acquisition systems
BHNV-01181,West Bengal,Bardhaman,Railway,71.09,48.89,115,19,2020-06-24,2022-10-24,2023-05-30,2025-02-02,2026-02-02,2026-04-16,110.66,10.73,Partially paid,100.0,0,Partial possession,1165,56,0,Synthetic prototype; fields modeled on public government land-acquisition systems
BHNV-01182,Karnataka,Mangaluru,National Highway,29.61,12.41,53,8,2018-10-09,2020-07-10,2019-06-23,2024-06-07,2025-04-23,2026-02-06,54.66,5.25,Pending,100.0,2,Pending,1693,65,1,Synthetic prototype; fields modeled on public government land-acquisition systems
BHNV-01183,Bihar,Bhagalpur,Irrigation,18.9,7.41,38,7,2023-01-18,2023-05-24,2025-07-16,2023-10-27,2024-05-30,2026-07-24,46.2,2.6,Pending,97.9,2,Pending,702,65,1,Synthetic prototype; fields modeled on public government land-acquisition systems
BHNV-01184,Bihar,Bhagalpur,Irrigation,20.63,16.87,31,4,2019-02-25,2020-02-16,2022-11-16,2019-12-14,2020-01-20,2020-08-22,69.59,3.64,Partially paid,100.0,1,Partial possession,0,7,0,Synthetic prototype; fields modeled on public government land-acquisition systems
BHNV-01185,Madhya Pradesh,Ujjain,Urban Development,30.08,19.58,55,8,2016-07-28,2016-11-07,2018-10-04,2021-02-19,2021-06-03,2022-04-08,33.23,4.56,Partially paid,100.0,1,Partial possession,1534,58,0,Synthetic prototype; fields modeled on public government land-acquisition systems
BHNV-01186,Tamil Nadu,Chennai,National Highway,151.74,51.92,272,47,2017-09-15,2018-06-27,2021-06-12,2023-10-18,2025-02-14,2026-01-16,186.33,22.67,Pending,83.8,5,Pending,2202,71,1,Synthetic prototype; fields modeled on public government land-acquisition systems
BHNV-01187,Tamil Nadu,Chennai,Renewable Energy,8.7,6.6,11,1,2020-12-10,2023-01-21,2021-09-01,2023-08-10,2023-11-25,2024-11-02,32.15,0.38,Partially paid,100.0,0,Partial possession,585,53,0,Synthetic prototype; fields modeled on public government land-acquisition systems
BHNV-01188,Maharashtra,Thane,Irrigation,58.88,58.47,125,30,2019-03-11,2019-09-26,2019-07-22,2023-07-21,2024-05-15,2025-06-23,103.95,14.85,Mostly paid,100.0,1,Substantially complete,1561,46,0,Synthetic prototype; fields modeled on public government land-acquisition systems
BHNV-01189,West Bengal,Kolkata,National Highway,48.03,34.55,89,17,2016-06-21,2017-06-18,2017-06-10,2019-03-09,2020-01-26,2020-11-19,209.65,2.41,Partially paid,100.0,4,Partial possession,649,57,0,Synthetic prototype; fields modeled on public government land-acquisition systems
BHNV-01190,Gujarat,Rajkot,National Highway,12.39,10.5,21,5,2021-03-03,2021-09-05,2022-04-08,2023-01-07,2024-07-10,2025-01-16,53.99,2.49,Partially paid,100.0,0,Partial possession,253,27,0,Synthetic prototype; fields modeled on public government land-acquisition systems
BHNV-01191,Bihar,Patna,Urban Development,129.91,111.39,232,41,2017-03-22,2018-06-13,2018-02-04,2019-02-23,2020-03-19,2021-12-03,433.64,25.77,Mostly paid,100.0,5,Partial possession,842,50,0,Synthetic prototype; fields modeled on public government land-acquisition systems
BHNV-01192,Maharashtra,Aurangabad,National Highway,51.38,47.11,88,19,2024-09-25,2026-01-25,2027-11-24,2030-05-27,2031-10-22,2032-10-19,177.39,9.3,Mostly paid,100.0,2,Substantially complete,2324,48,0,Synthetic prototype; fields modeled on public government land-acquisition systems
BHNV-01193,Gujarat,Vadodara,Railway,18.03,10.73,17,3,2016-01-11,2018-02-12,2018-11-10,2017-03-16,2017-08-19,2018-11-08,57.85,1.49,Partially paid,90.0,3,Pending,287,39,0,Synthetic prototype; fields modeled on public government land-acquisition systems
BHNV-01194,Tamil Nadu,Madurai,Railway,4.67,3.53,7,0,2018-01-30,2020-07-05,2019-09-30,2022-12-21,2023-02-25,2025-02-02,6.8,0.57,Partially paid,99.6,0,Partial possession,1807,54,0,Synthetic prototype; fields modeled on public government land-acquisition systems
BHNV-01195,Madhya Pradesh,Jabalpur,Industrial Corridor,37.68,26.29,74,12,2019-08-20,2019-12-26,2023-05-07,2025-01-14,2025-04-08,2026-05-09,99.92,8.85,Partially paid,79.8,3,Partial possession,1389,60,0,Synthetic prototype; fields modeled on public government land-acquisition systems
BHNV-01196,Karnataka,Mysuru,Urban Development,28.65,11.09,58,11,2020-11-18,2022-12-19,2023-10-06,2021-10-14,2022-07-15,2023-04-27,106.98,6.81,Pending,96.8,1,Pending,0,21,0,Synthetic prototype; fields modeled on public government land-acquisition systems
BHNV-01197,Bihar,Patna,Renewable Energy,10.69,9.46,15,4,2019-03-23,2019-12-21,2020-01-31,2021-10-20,2022-08-23,2024-01-11,39.19,1.52,Mostly paid,100.0,0,Partial possession,975,48,0,Synthetic prototype; fields modeled on public government land-acquisition systems
BHNV-01198,Maharashtra,Pune,Industrial Corridor,10.55,7.55,18,1,2022-06-28,2024-09-05,2026-03-24,2024-02-01,2025-02-27,2026-09-11,43.52,0.52,Partially paid,100.0,2,Partial possession,970,55,0,Synthetic prototype; fields modeled on public government land-acquisition systems
BHNV-01199,Uttar Pradesh,Kanpur Nagar,Railway,71.42,30.47,130,24,2018-09-03,2020-01-22,2019-08-13,2023-07-05,2023-08-27,2024-08-06,295.18,7.44,Pending,87.8,5,Pending,1012,70,1,Synthetic prototype; fields modeled on public government land-acquisition systems
BHNV-01200,Gujarat,Vadodara,Industrial Corridor,4.24,3.13,16,4,2022-10-28,2024-02-10,2023-02-24,2025-06-14,2026-06-11,2028-02-14,7.49,1.71,Partially paid,100.0,1,Partial possession,903,55,0,Synthetic prototype; fields modeled on public government land-acquisition systems
BHNV-01201,Karnataka,Mangaluru,Urban Development,41.03,27.38,74,20,2022-07-17,2023-02-25,2023-05-22,2026-03-25,2027-11-07,2028-04-27,142.39,6.68,Partially paid,100.0,5,Partial possession,1078,59,0,Synthetic prototype; fields modeled on public government land-acquisition systems
BHNV-01202,Bihar,Gaya,Urban Development,24.84,18.11,41,9,2022-03-18,2023-04-26,2023-08-25,2025-05-03,2026-10-24,2028-01-13,79.74,1.32,Partially paid,79.9,0,Partial possession,1453,57,0,Synthetic prototype; fields modeled on public government land-acquisition systems
BHNV-01203,Tamil Nadu,Chennai,National Highway,49.26,37.21,96,15,2021-11-27,2023-10-19,2024-11-30,2026-01-01,2027-06-05,2028-05-09,200.86,5.26,Partially paid,92.7,0,Partial possession,1665,54,0,Synthetic prototype; fields modeled on public government land-acquisition systems
BHNV-01204,West Bengal,Howrah,Irrigation,22.32,13.02,45,9,2022-09-23,2023-10-24,2025-09-07,2029-02-25,2030-03-28,2030-08-05,33.01,0.99,Partially paid,94.8,1,Pending,2089,59,0,Synthetic prototype; fields modeled on public government land-acquisition systems
BHNV-01205,Gujarat,Surat,National Highway,40.18,32.21,67,14,2025-07-21,2026-01-21,2026-01-08,2030-08-03,2031-10-16,2033-04-02,142.13,7.32,Partially paid,87.2,3,Partial possession,2008,53,0,Synthetic prototype; fields modeled on public government land-acquisition systems
BHNV-01206,Tamil Nadu,Chennai,Urban Development,14.26,10.92,33,7,2022-12-27,2024-06-07,2023-09-30,2024-05-10,2025-08-03,2027-04-28,33.74,3.13,Partially paid,89.1,0,Partial possession,677,54,0,Synthetic prototype; fields modeled on public government land-acquisition systems
BHNV-01207,Bihar,Muzaffarpur,Railway,28.53,17.04,59,13,2020-12-05,2022-06-21,2022-01-07,2023-02-21,2024-01-23,2025-10-17,64.47,3.75,Partially paid,79.0,4,Pending,946,62,1,Synthetic prototype; fields modeled on public government land-acquisition systems
BHNV-01208,Gujarat,Rajkot,Renewable Energy,48.87,45.37,80,19,2016-02-09,2017-06-10,2017-02-08,2021-09-21,2022-06-12,2024-03-13,45.57,7.68,Mostly paid,100.0,2,Substantially complete,2151,48,0,Synthetic prototype; fields modeled on public government land-acquisition systems
BHNV-01209,Karnataka,Mysuru,Railway,34.84,23.05,60,7,2025-10-20,2027-08-08,2027-07-01,2028-10-05,2029-04-17,2030-07-10,151.81,6.8,Partially paid,100.0,3,Partial possession,556,57,0,Synthetic prototype; fields modeled on public government land-acquisition systems
BHNV-01210,Bihar,Gaya,National Highway,43.83,22.59,78,10,2020-01-22,2020-06-12,2021-01-30,2023-12-13,2024-01-25,2025-07-14,144.65,3.74,Pending,100.0,3,Pending,950,63,1,Synthetic prototype; fields modeled on public government land-acquisition systems
BHNV-01211,Odisha,Cuttack,Renewable Energy,11.85,10.84,20,5,2022-04-29,2024-05-20,2025-03-11,2028-10-13,2030-03-07,2031-10-14,35.38,0.97,Mostly paid,100.0,0,Substantially complete,2619,47,0,Synthetic prototype; fields modeled on public government land-acquisition systems
BHNV-01212,Maharashtra,Thane,Urban Development,16.6,11.13,20,2,2024-09-24,2024-11-16,2025-02-23,2027-05-06,2028-04-10,2029-01-15,28.71,1.37,Partially paid,100.0,0,Partial possession,1045,57,0,Synthetic prototype; fields modeled on public government land-acquisition systems
BHNV-01213,Karnataka,Mysuru,Railway,16.89,14.14,32,3,2025-08-22,2026-06-30,2028-02-19,2029-06-28,2030-01-15,2031-03-03,54.66,2.9,Partially paid,100.0,0,Partial possession,1080,50,0,Synthetic prototype; fields modeled on public government land-acquisition systems
BHNV-01214,Gujarat,Ahmedabad,Urban Development,22.73,19.06,41,7,2025-07-17,2026-06-03,2029-09-17,2028-04-07,2028-06-15,2028-10-09,97.71,4.89,Partially paid,100.0,0,Partial possession,423,41,0,Synthetic prototype; fields modeled on public government land-acquisition systems
BHNV-01215,West Bengal,Howrah,Renewable Energy,116.58,74.4,213,22,2023-07-18,2024-08-13,2027-10-02,2029-07-20,2030-12-30,2031-03-17,163.7,7.73,Partially paid,78.7,8,Pending,1737,62,1,Synthetic prototype; fields modeled on public government land-acquisition systems
BHNV-01216,Tamil Nadu,Salem,Renewable Energy,21.03,19.06,45,9,2021-01-23,2022-03-29,2022-09-03,2025-03-26,2026-05-24,2028-04-24,93.38,2.44,Partially paid,96.6,1,Substantially complete,1915,50,0,Synthetic prototype; fields modeled on public government land-acquisition systems
BHNV-01217,Uttar Pradesh,Varanasi,Railway,9.55,9.24,21,0,2018-04-02,2019-11-20,2019-11-24,2019-05-28,2019-06-28,2021-06-20,22.74,1.18,Mostly paid,90.9,1,Substantially complete,650,47,0,Synthetic prototype; fields modeled on public government land-acquisition systems
BHNV-01218,Tamil Nadu,Chennai,Urban Development,51.5,31.79,83,11,2025-11-06,2026-08-28,2026-12-17,2029-03-01,2030-10-07,2032-03-15,227.6,7.68,Pending,100.0,1,Pending,1299,60,0,Synthetic prototype; fields modeled on public government land-acquisition systems
BHNV-01219,Gujarat,Surat,Industrial Corridor,115.2,109.34,193,40,2017-04-05,2017-06-27,2018-09-03,2019-09-10,2019-12-21,2020-08-13,362.34,20.97,Mostly paid,100.0,5,Substantially complete,343,32,0,Synthetic prototype; fields modeled on public government land-acquisition systems
BHNV-01220,Tamil Nadu,Madurai,Urban Development,8.49,6.81,4,1,2019-02-15,2021-07-12,2020-10-15,2019-12-29,2020-08-22,2021-11-15,16.97,0.15,Partially paid,100.0,0,Partial possession,0,7,0,Synthetic prototype; fields modeled on public government land-acquisition systems
BHNV-01221,Maharashtra,Thane,Renewable Energy,215.47,172.41,353,63,2016-08-04,2018-05-15,2019-05-21,2017-08-12,2017-10-23,2018-05-15,470.9,32.25,Partially paid,82.0,11,Partial possession,0,13,0,Synthetic prototype; fields modeled on public government land-acquisition systems
BHNV-01222,Bihar,Bhagalpur,Urban Development,45.38,22.48,91,13,2020-10-06,2022-10-19,2022-10-13,2024-09-17,2026-04-16,2028-01-30,85.09,10.1,Pending,100.0,5,Pending,1711,65,1,Synthetic prototype; fields modeled on public government land-acquisition systems
BHNV-01223,Uttar Pradesh,Prayagraj,National Highway,84.26,30.39,145,23,2021-10-25,2023-11-07,2023-11-29,2027-12-17,2028-08-17,2029-07-31,171.78,4.66,Pending,88.5,5,Pending,2199,71,1,Synthetic prototype; fields modeled on public government land-acquisition systems
BHNV-01224,Rajasthan,Jaipur,Industrial Corridor,129.94,113.99,245,43,2019-12-15,2021-03-10,2020-03-29,2021-09-15,2022-03-02,2023-09-25,414.79,20.46,Partially paid,100.0,6,Partial possession,771,53,0,Synthetic prototype; fields modeled on public government land-acquisition systems
BHNV-01225,Gujarat,Ahmedabad,Irrigation,79.25,72.91,137,31,2024-01-18,2026-06-14,2025-06-22,2027-12-12,2028-09-24,2030-05-12,68.27,5.51,Partially paid,98.3,3,Substantially complete,1332,50,0,Synthetic prototype; fields modeled on public government land-acquisition systems
BHNV-01226,Madhya Pradesh,Jabalpur,National Highway,26.83,19.49,65,11,2019-04-10,2020-08-25,2023-08-01,2024-03-13,2024-05-12,2025-03-23,117.52,4.17,Partially paid,93.0,1,Partial possession,1347,55,0,Synthetic prototype; fields modeled on public government land-acquisition systems
BHNV-01227,Rajasthan,Jodhpur,Irrigation,101.26,91.25,194,43,2022-09-03,2024-10-01,2026-12-01,2026-01-12,2027-04-23,2028-04-22,368.95,6.34,Mostly paid,100.0,1,Substantially complete,1353,48,0,Synthetic prototype; fields modeled on public government land-acquisition systems
BHNV-01228,Tamil Nadu,Madurai,Railway,38.65,17.43,65,12,2024-06-24,2025-03-23,2025-10-26,2027-08-17,2028-07-02,2030-02-06,165.49,5.74,Pending,69.8,1,Pending,1483,68,1,Synthetic prototype; fields modeled on public government land-acquisition systems
BHNV-01229,Gujarat,Surat,Irrigation,89.16,50.11,168,30,2019-02-25,2020-03-14,2020-05-03,2019-12-04,2021-02-17,2023-03-01,308.04,10.1,Pending,100.0,0,Pending,756,61,1,Synthetic prototype; fields modeled on public government land-acquisition systems
BHNV-01230,Odisha,Bhubaneswar,Urban Development,99.47,89.99,191,35,2017-01-08,2018-03-01,2021-04-28,2020-04-10,2020-08-20,2020-12-27,256.62,14.65,Mostly paid,100.0,5,Substantially complete,765,49,0,Synthetic prototype; fields modeled on public government land-acquisition systems
BHNV-01231,Madhya Pradesh,Indore,Irrigation,10.07,7.46,15,4,2017-10-15,2018-05-10,2018-12-26,2023-12-16,2025-08-01,2027-01-19,15.13,1.09,Partially paid,97.5,0,Partial possession,2282,53,0,Synthetic prototype; fields modeled on public government land-acquisition systems
BHNV-01232,Uttar Pradesh,Agra,Renewable Energy,66.31,51.74,122,21,2018-06-22,2019-11-08,2021-01-24,2023-10-26,2024-07-17,2025-08-02,179.73,10.91,Partially paid,100.0,4,Partial possession,1716,54,0,Synthetic prototype; fields modeled on public government land-acquisition systems
BHNV-01233,West Bengal,Kolkata,National Highway,24.98,18.09,55,7,2024-06-22,2026-02-14,2027-10-16,2025-12-20,2027-02-10,2027-11-20,85.76,6.03,Partially paid,100.0,1,Partial possession,348,38,0,Synthetic prototype; fields modeled on public government land-acquisition systems
BHNV-01234,Odisha,Cuttack,National Highway,34.4,26.45,61,12,2025-09-11,2026-11-19,2026-09-14,2027-09-14,2028-04-15,2028-07-24,136.24,2.93,Partially paid,100.0,3,Partial possession,3,9,0,Synthetic prototype; fields modeled on public government land-acquisition systems
BHNV-01235,Rajasthan,Jodhpur,Irrigation,34.02,26.19,59,12,2018-01-13,2018-03-19,2018-06-26,2023-07-26,2024-01-02,2025-01-28,68.02,4.69,Partially paid,90.4,1,Partial possession,1414,56,0,Synthetic prototype; fields modeled on public government land-acquisition systems
BHNV-01236,Bihar,Muzaffarpur,National Highway,32.69,27.43,70,9,2022-10-06,2023-10-28,2024-11-21,2024-07-17,2024-09-20,2025-02-28,87.9,5.42,Partially paid,100.0,0,Partial possession,0,5,0,Synthetic prototype; fields modeled on public government land-acquisition systems
BHNV-01237,Maharashtra,Nagpur,Renewable Energy,137.49,72.82,227,45,2024-11-22,2026-07-02,2028-02-22,2027-12-14,2028-12-30,2029-05-11,425.38,11.69,Pending,75.6,8,Pending,818,67,1,Synthetic prototype; fields modeled on public government land-acquisition systems
BHNV-01238,West Bengal,Kolkata,National Highway,7.64,4.78,12,2,2018-05-02,2020-01-28,2022-02-23,2021-06-28,2022-05-28,2022-10-24,22.75,0.84,Partially paid,100.0,0,Pending,909,56,0,Synthetic prototype; fields modeled on public government land-acquisition systems
BHNV-01239,Odisha,Cuttack,Irrigation,5.35,2.67,11,3,2020-11-05,2021-10-27,2022-12-01,2021-12-23,2022-07-24,2024-01-16,5.32,0.26,Pending,91.0,1,Pending,10,18,0,Synthetic prototype; fields modeled on public government land-acquisition systems
BHNV-01240,Bihar,Gaya,Industrial Corridor,4.33,3.86,11,3,2018-04-10,2018-06-22,2022-05-19,2021-04-13,2022-07-12,2023-02-17,11.21,0.69,Partially paid,93.9,0,Partial possession,1129,50,0,Synthetic prototype; fields modeled on public government land-acquisition systems
BHNV-01241,Bihar,Gaya,Industrial Corridor,87.28,37.91,157,30,2020-04-10,2021-03-25,2022-09-07,2024-01-29,2024-07-06,2025-03-10,331.09,7.39,Pending,100.0,5,Pending,1274,68,1,Synthetic prototype; fields modeled on public government land-acquisition systems
BHNV-01242,Gujarat,Surat,Railway,13.83,9.97,23,0,2025-02-19,2027-03-28,2026-04-23,2027-06-21,2027-09-02,2027-11-21,52.12,2.45,Partially paid,100.0,1,Partial possession,0,10,0,Synthetic prototype; fields modeled on public government land-acquisition systems
BHNV-01243,Odisha,Cuttack,National Highway,34.2,21.06,77,10,2018-08-30,2020-07-17,2020-05-08,2021-11-24,2022-04-30,2022-05-18,91.53,4.29,Partially paid,100.0,4,Pending,166,28,0,Synthetic prototype; fields modeled on public government land-acquisition systems
BHNV-01244,Uttar Pradesh,Lucknow,Irrigation,26.72,23.63,44,6,2023-04-30,2024-09-12,2025-12-16,2025-06-13,2026-02-05,2026-02-22,115.53,1.73,Partially paid,91.9,3,Partial possession,230,26,0,Synthetic prototype; fields modeled on public government land-acquisition systems
BHNV-01245,Tamil Nadu,Chennai,National Highway,12.35,8.73,22,3,2023-03-02,2023-12-25,2024-08-03,2024-08-15,2024-12-07,2025-09-06,47.63,1.61,Mostly paid,85.6,0,Partial possession,155,22,0,Synthetic prototype; fields modeled on public government land-acquisition systems
BHNV-01246,Madhya Pradesh,Jabalpur,Urban Development,70.21,57.3,124,18,2019-07-17,2021-01-21,2023-06-22,2020-08-31,2020-10-10,2022-10-09,247.71,12.54,Partially paid,100.0,3,Partial possession,631,53,0,Synthetic prototype; fields modeled on public government land-acquisition systems
BHNV-01247,Madhya Pradesh,Gwalior,Renewable Energy,26.38,9.54,48,8,2019-09-14,2019-11-07,2020-10-26,2021-01-14,2022-04-05,2023-03-10,71.43,2.66,Pending,100.0,2,Pending,399,55,0,Synthetic prototype; fields modeled on public government land-acquisition systems
BHNV-01248,Rajasthan,Ajmer,National Highway,23.62,13.33,35,3,2025-08-27,2027-11-07,2028-02-26,2032-02-25,2033-08-18,2034-04-29,70.52,3.66,Pending,100.0,0,Pending,2607,61,1,Synthetic prototype; fields modeled on public government land-acquisition systems
BHNV-01249,Rajasthan,Kota,National Highway,37.82,31.34,61,13,2019-08-11,2021-06-10,2022-03-13,2023-01-17,2023-06-02,2025-02-10,61.49,3.21,Mostly paid,92.4,2,Partial possession,1492,50,0,Synthetic prototype; fields modeled on public government land-acquisition systems
BHNV-01250,Madhya Pradesh,Ujjain,Industrial Corridor,61.61,42.82,130,27,2016-05-01,2017-12-02,2019-03-28,2022-03-01,2023-06-23,2024-12-23,170.65,12.16,Partially paid,100.0,3,Partial possession,2351,56,0,Synthetic prototype; fields modeled on public government land-acquisition systems
BHNV-01251,Uttar Pradesh,Varanasi,Renewable Energy,11.48,7.25,16,3,2016-06-07,2016-12-10,2020-01-10,2017-09-23,2018-06-29,2019-05-27,31.53,0.5,Partially paid,84.1,0,Pending,48,18,0,Synthetic prototype; fields modeled on public government land-acquisition systems
BHNV-01252,Maharashtra,Aurangabad,Irrigation,71.73,51.29,125,17,2024-11-23,2025-06-25,2027-02-21,2029-01-25,2029-02-15,2030-10-21,111.2,3.28,Partially paid,100.0,3,Partial possession,1452,55,0,Synthetic prototype; fields modeled on public government land-acquisition systems
BHNV-01253,Karnataka,Mysuru,National Highway,127.72,98.45,227,39,2025-04-22,2025-11-11,2028-06-30,2028-09-03,2029-04-25,2029-06-29,551.65,21.28,Partially paid,100.0,7,Partial possession,705,55,0,Synthetic prototype; fields modeled on public government land-acquisition systems
BHNV-01254,Tamil Nadu,Madurai,Industrial Corridor,7.2,5.24,14,4,2016-11-02,2017-12-30,2018-09-22,2022-07-16,2023-08-30,2024-12-26,12.28,0.8,Partially paid,100.0,0,Partial possession,2402,55,0,Synthetic prototype; fields modeled on public government land-acquisition systems
BHNV-01255,Maharashtra,Nashik,Railway,39.58,19.25,57,10,2019-01-17,2019-08-20,2020-03-11,2023-08-22,2024-12-05,2025-01-31,46.93,3.38,Pending,100.0,1,Pending,1054,63,1,Synthetic prototype; fields modeled on public government land-acquisition systems
BHNV-01256,Gujarat,Ahmedabad,Renewable Energy,22.09,17.68,35,5,2018-01-20,2018-11-26,2021-02-03,2021-10-04,2022-02-03,2022-09-09,55.84,2.71,Partially paid,93.7,0,Partial possession,776,52,0,Synthetic prototype; fields modeled on public government land-acquisition systems
BHNV-01257,Karnataka,Bengaluru Urban,Industrial Corridor,60.29,52.25,103,18,2018-11-27,2020-08-03,2020-05-24,2019-09-19,2021-02-06,2022-02-02,201.28,12.22,Partially paid,100.0,4,Partial possession,336,35,0,Synthetic prototype; fields modeled on public government land-acquisition systems
BHNV-01258,Karnataka,Mysuru,Industrial Corridor,8.88,4.96,19,3,2021-03-11,2022-01-29,2025-04-16,2022-06-30,2023-10-17,2023-12-28,13.52,0.71,Pending,94.7,0,Pending,242,36,0,Synthetic prototype; fields modeled on public government land-acquisition systems
BHNV-01259,Odisha,Puri,Industrial Corridor,152.77,94.15,295,53,2017-08-13,2019-02-21,2018-09-02,2021-09-29,2021-10-22,2022-01-03,225.6,14.75,Pending,100.0,15,Pending,502,60,0,Synthetic prototype; fields modeled on public government land-acquisition systems
BHNV-01260,Uttar Pradesh,Kanpur Nagar,National Highway,6.0,4.58,15,4,2021-02-23,2021-09-28,2021-11-20,2024-12-20,2026-01-05,2027-11-30,10.6,1.27,Partially paid,100.0,1,Partial possession,1897,53,0,Synthetic prototype; fields modeled on public government land-acquisition systems
BHNV-01261,Uttar Pradesh,Kanpur Nagar,National Highway,23.47,21.56,40,5,2016-12-11,2018-02-25,2017-12-08,2018-05-26,2018-10-12,2020-09-11,45.06,3.6,Mostly paid,100.0,0,Substantially complete,295,26,0,Synthetic prototype; fields modeled on public government land-acquisition systems
BHNV-01262,Karnataka,Bengaluru Urban,Railway,46.26,31.13,72,14,2025-02-05,2027-01-19,2027-12-13,2025-12-04,2026-05-29,2027-11-05,79.15,6.52,Partially paid,100.0,1,Partial possession,0,11,0,Synthetic prototype; fields modeled on public government land-acquisition systems
BHNV-01263,Odisha,Sambalpur,Urban Development,15.08,10.92,24,5,2016-05-28,2016-12-29,2017-01-24,2019-07-26,2019-09-14,2020-08-11,38.33,1.91,Partially paid,84.7,0,Partial possession,387,42,0,Synthetic prototype; fields modeled on public government land-acquisition systems
BHNV-01264,Tamil Nadu,Chennai,Urban Development,12.89,9.36,17,1,2018-11-05,2020-05-31,2022-04-29,2025-02-07,2025-02-25,2026-05-18,11.18,1.34,Partially paid,100.0,0,Partial possession,1643,54,0,Synthetic prototype; fields modeled on public government land-acquisition systems
BHNV-01265,Karnataka,Mangaluru,Urban Development,37.42,26.65,62,10,2019-10-22,2021-06-17,2024-02-01,2021-03-11,2022-05-12,2023-06-02,42.05,2.16,Partially paid,100.0,3,Partial possession,208,27,0,Synthetic prototype; fields modeled on public government land-acquisition systems
BHNV-01266,West Bengal,Hooghly,Renewable Energy,32.39,24.85,55,14,2023-11-22,2026-04-30,2025-11-18,2026-11-09,2027-02-18,2027-09-27,113.32,5.69,Partially paid,87.0,1,Partial possession,665,55,0,Synthetic prototype; fields modeled on public government land-acquisition systems
BHNV-01267,Rajasthan,Alwar,Renewable Energy,30.14,22.28,48,9,2018-02-19,2019-01-15,2020-01-12,2024-05-31,2025-10-10,2026-02-12,70.1,1.0,Partially paid,91.0,0,Partial possession,2411,56,0,Synthetic prototype; fields modeled on public government land-acquisition systems
BHNV-01268,Rajasthan,Alwar,Railway,70.72,48.2,164,26,2016-04-27,2017-03-31,2017-09-24,2017-05-25,2017-08-05,2017-09-11,150.86,10.13,Pending,79.3,2,Partial possession,0,15,0,Synthetic prototype; fields modeled on public government land-acquisition systems
BHNV-01269,Maharashtra,Pune,Renewable Energy,20.2,19.84,36,4,2017-12-04,2018-07-10,2018-04-07,2019-02-25,2019-07-29,2020-10-13,16.94,1.5,Mostly paid,94.2,0,Substantially complete,0,2,0,Synthetic prototype; fields modeled on public government land-acquisition systems
BHNV-01270,Gujarat,Surat,Urban Development,41.25,35.57,90,16,2022-06-22,2024-10-16,2024-06-17,2025-10-16,2026-04-20,2028-05-18,78.52,2.74,Mostly paid,100.0,2,Partial possession,1171,50,0,Synthetic prototype; fields modeled on public government land-acquisition systems
BHNV-01271,Rajasthan,Jaipur,Urban Development,18.05,17.05,38,7,2016-10-14,2017-12-28,2017-04-25,2023-04-03,2024-01-02,2025-11-30,69.28,1.97,Mostly paid,74.3,2,Substantially complete,2478,51,0,Synthetic prototype; fields modeled on public government land-acquisition systems
BHNV-01272,Bihar,Muzaffarpur,Industrial Corridor,12.82,7.94,22,3,2024-02-03,2025-08-23,2025-03-13,2027-11-26,2029-04-18,2029-05-13,26.4,1.89,Pending,93.0,0,Pending,1033,60,0,Synthetic prototype; fields modeled on public government land-acquisition systems
BHNV-01273,Maharashtra,Pune,Renewable Energy,22.54,18.24,39,8,2019-10-06,2020-11-25,2020-07-16,2023-03-30,2023-05-08,2024-12-14,98.4,2.72,Mostly paid,100.0,3,Partial possession,1242,51,0,Synthetic prototype; fields modeled on public government land-acquisition systems
BHNV-01274,Rajasthan,Ajmer,National Highway,18.2,13.55,26,2,2022-06-02,2024-11-05,2023-06-19,2028-07-15,2029-02-12,2031-03-12,40.82,2.79,Partially paid,99.3,0,Partial possession,2315,55,0,Synthetic prototype; fields modeled on public government land-acquisition systems
BHNV-01275,Gujarat,Ahmedabad,National Highway,19.13,15.94,37,4,2024-12-09,2026-07-12,2028-06-09,2026-11-16,2028-07-01,2030-08-01,48.16,2.96,Mostly paid,96.8,2,Partial possession,1193,51,0,Synthetic prototype; fields modeled on public government land-acquisition systems
BHNV-01276,Uttar Pradesh,Gorakhpur,Industrial Corridor,96.09,60.37,167,29,2021-07-17,2022-02-24,2023-09-10,2022-07-06,2023-09-16,2025-02-26,361.98,7.57,Partially paid,100.0,5,Pending,792,60,0,Synthetic prototype; fields modeled on public government land-acquisition systems
BHNV-01277,Uttar Pradesh,Kanpur Nagar,Industrial Corridor,23.24,19.09,43,11,2025-06-25,2026-01-03,2028-02-12,2027-04-16,2027-08-26,2028-01-31,103.12,3.08,Partially paid,100.0,0,Partial possession,28,9,0,Synthetic prototype; fields modeled on public government land-acquisition systems
BHNV-01278,Tamil Nadu,Coimbatore,Industrial Corridor,15.44,7.74,31,3,2017-03-18,2017-06-08,2019-05-11,2021-07-31,2021-08-20,2023-09-15,33.58,1.32,Pending,80.0,1,Pending,1864,65,1,Synthetic prototype; fields modeled on public government land-acquisition systems
BHNV-01279,Karnataka,Mangaluru,National Highway,30.82,22.37,64,13,2025-03-06,2026-07-23,2027-04-10,2027-11-21,2028-03-11,2029-08-28,38.33,2.42,Pending,99.8,1,Partial possession,937,57,0,Synthetic prototype; fields modeled on public government land-acquisition systems
BHNV-01280,West Bengal,Kolkata,Urban Development,33.26,22.1,53,9,2018-06-19,2019-01-08,2021-07-30,2022-05-14,2022-08-08,2023-06-12,90.98,6.12,Partially paid,97.3,1,Partial possession,875,57,0,Synthetic prototype; fields modeled on public government land-acquisition systems
BHNV-01281,Uttar Pradesh,Lucknow,Industrial Corridor,9.14,5.49,22,3,2016-10-27,2017-06-09,2019-07-13,2022-06-25,2023-09-14,2024-08-18,27.32,1.47,Partially paid,75.1,0,Pending,2019,60,0,Synthetic prototype; fields modeled on public government land-acquisition systems
BHNV-01282,Odisha,Bhubaneswar,Railway,22.23,13.14,38,8,2024-01-24,2024-09-20,2026-07-27,2029-03-26,2030-04-24,2030-11-17,96.7,3.23,Pending,100.0,2,Pending,1760,60,0,Synthetic prototype; fields modeled on public government land-acquisition systems
BHNV-01283,Rajasthan,Jodhpur,Industrial Corridor,21.36,16.48,43,8,2022-10-09,2025-01-05,2023-12-23,2024-11-23,2026-06-10,2027-04-11,49.8,4.62,Partially paid,91.1,2,Partial possession,753,54,0,Synthetic prototype; fields modeled on public government land-acquisition systems
BHNV-01284,Odisha,Cuttack,Irrigation,25.23,18.52,47,10,2016-09-06,2018-09-05,2018-08-10,2022-07-20,2022-09-28,2024-07-12,28.66,2.45,Partially paid,100.0,1,Partial possession,2059,55,0,Synthetic prototype; fields modeled on public government land-acquisition systems
BHNV-01285,Gujarat,Rajkot,Industrial Corridor,61.9,53.4,130,23,2021-05-11,2022-07-04,2023-08-22,2022-11-23,2023-03-20,2024-05-26,198.6,12.86,Partially paid,92.6,7,Partial possession,281,32,0,Synthetic prototype; fields modeled on public government land-acquisition systems
BHNV-01286,Uttar Pradesh,Prayagraj,National Highway,34.35,29.7,69,13,2020-11-01,2021-10-04,2025-03-16,2022-08-19,2023-04-06,2024-07-23,30.16,6.82,Partially paid,96.1,3,Partial possession,501,48,0,Synthetic prototype; fields modeled on public government land-acquisition systems
BHNV-01287,West Bengal,Hooghly,Renewable Energy,102.3,49.2,178,36,2020-03-18,2021-07-17,2022-09-22,2021-02-09,2021-03-16,2021-05-17,242.87,18.23,Pending,88.0,5,Pending,0,21,0,Synthetic prototype; fields modeled on public government land-acquisition systems
BHNV-01288,Gujarat,Rajkot,Industrial Corridor,29.62,26.66,37,9,2017-11-16,2018-11-11,2020-08-18,2020-08-23,2021-04-04,2021-08-03,68.59,1.44,Partially paid,85.0,1,Substantially complete,270,28,0,Synthetic prototype; fields modeled on public government land-acquisition systems
BHNV-01289,Bihar,Muzaffarpur,Renewable Energy,176.99,163.71,318,52,2023-08-31,2025-09-24,2027-01-13,2026-08-07,2027-06-08,2028-03-12,308.46,36.98,Partially paid,100.0,9,Substantially complete,973,52,0,Synthetic prototype; fields modeled on public government land-acquisition systems
BHNV-01290,Bihar,Muzaffarpur,Irrigation,18.9,16.83,30,8,2018-09-24,2020-03-01,2022-09-17,2020-03-26,2020-10-14,2021-07-08,82.55,1.42,Mostly paid,82.5,1,Partial possession,132,17,0,Synthetic prototype; fields modeled on public government land-acquisition systems
BHNV-01291,Odisha,Puri,Railway,13.88,6.83,34,4,2017-02-09,2018-02-02,2018-11-10,2022-11-24,2023-05-08,2024-11-11,31.82,3.32,Pending,82.2,0,Pending,2224,64,1,Synthetic prototype; fields modeled on public government land-acquisition systems
BHNV-01292,Karnataka,Mangaluru,Renewable Energy,51.8,28.99,79,8,2023-10-19,2023-12-16,2025-04-09,2025-07-31,2026-02-21,2027-08-10,212.92,2.86,Pending,100.0,0,Pending,553,61,1,Synthetic prototype; fields modeled on public government land-acquisition systems
BHNV-01293,Maharashtra,Pune,Urban Development,117.22,103.82,216,33,2016-08-31,2018-08-13,2019-08-23,2021-01-20,2022-03-17,2024-04-01,317.19,24.28,Mostly paid,98.1,4,Partial possession,2071,50,0,Synthetic prototype; fields modeled on public government land-acquisition systems
BHNV-01294,Karnataka,Mangaluru,Industrial Corridor,7.55,4.46,15,3,2022-08-11,2023-01-09,2024-09-14,2023-06-15,2024-01-29,2024-07-19,28.96,0.94,Pending,100.0,0,Pending,28,17,0,Synthetic prototype; fields modeled on public government land-acquisition systems
BHNV-01295,Tamil Nadu,Madurai,Irrigation,24.61,12.31,53,8,2021-12-07,2023-04-08,2023-04-04,2025-11-07,2027-05-29,2028-11-19,60.79,4.6,Pending,100.0,1,Pending,1500,62,1,Synthetic prototype; fields modeled on public government land-acquisition systems
BHNV-01296,Karnataka,Mangaluru,Irrigation,16.27,14.54,39,9,2023-12-07,2025-02-26,2025-10-18,2026-01-21,2027-05-28,2027-07-10,72.71,4.1,Mostly paid,100.0,1,Partial possession,247,24,0,Synthetic prototype; fields modeled on public government land-acquisition systems
BHNV-01297,Tamil Nadu,Salem,Renewable Energy,34.57,23.24,67,9,2025-08-12,2026-02-16,2026-04-28,2026-10-26,2027-05-22,2028-11-24,109.52,3.23,Pending,90.7,0,Partial possession,264,37,0,Synthetic prototype; fields modeled on public government land-acquisition systems
BHNV-01298,Tamil Nadu,Salem,Railway,30.27,20.53,60,10,2025-10-15,2027-07-04,2027-03-30,2031-01-10,2031-10-01,2033-10-10,41.68,3.53,Pending,100.0,2,Partial possession,2378,58,0,Synthetic prototype; fields modeled on public government land-acquisition systems
BHNV-01299,West Bengal,Hooghly,National Highway,115.05,66.61,201,43,2020-05-24,2022-09-14,2024-07-21,2026-07-13,2026-09-06,2027-02-10,94.78,10.32,Pending,100.0,5,Pending,1732,62,1,Synthetic prototype; fields modeled on public government land-acquisition systems
BHNV-01300,Uttar Pradesh,Kanpur Nagar,Industrial Corridor,26.89,25.53,40,5,2017-03-08,2018-09-04,2019-02-20,2021-04-01,2022-04-20,2024-01-21,113.93,1.93,Mostly paid,99.6,2,Substantially complete,1714,48,0,Synthetic prototype; fields modeled on public government land-acquisition systems
BHNV-01301,West Bengal,Kolkata,Irrigation,118.48,69.49,206,28,2016-07-01,2016-08-01,2018-02-08,2018-01-22,2018-02-25,2018-10-15,395.86,14.63,Partially paid,82.9,3,Pending,0,16,0,Synthetic prototype; fields modeled on public government land-acquisition systems
BHNV-01302,Tamil Nadu,Coimbatore,Railway,21.87,13.99,37,11,2020-01-24,2021-11-28,2023-08-28,2025-12-21,2026-01-13,2027-09-12,26.1,2.76,Partially paid,100.0,2,Pending,2260,58,0,Synthetic prototype; fields modeled on public government land-acquisition systems
BHNV-01303,Gujarat,Rajkot,Urban Development,75.68,55.84,116,15,2023-09-07,2024-08-03,2027-11-26,2030-02-14,2030-09-19,2032-09-15,268.73,3.21,Partially paid,93.9,2,Partial possession,2595,56,0,Synthetic prototype; fields modeled on public government land-acquisition systems
BHNV-01304,Bihar,Bhagalpur,Irrigation,37.66,27.19,77,14,2019-02-15,2019-06-03,2020-05-02,2019-12-09,2020-01-10,2020-03-31,61.78,6.72,Partially paid,100.0,1,Partial possession,0,10,0,Synthetic prototype; fields modeled on public government land-acquisition systems
BHNV-01305,Tamil Nadu,Chennai,Railway,169.0,137.48,319,64,2016-01-31,2017-12-19,2020-02-23,2020-10-06,2021-09-04,2023-10-19,641.21,19.78,Partially paid,84.7,8,Partial possession,2189,56,0,Synthetic prototype; fields modeled on public government land-acquisition systems
BHNV-01306,West Bengal,Bardhaman,National Highway,6.84,4.43,13,1,2024-04-12,2026-03-20,2024-11-06,2025-02-01,2025-11-24,2026-05-01,20.91,1.42,Partially paid,95.0,1,Pending,202,29,0,Synthetic prototype; fields modeled on public government land-acquisition systems
BHNV-01307,Gujarat,Surat,National Highway,9.36,2.95,15,0,2019-03-18,2020-02-25,2021-10-21,2025-02-02,2026-06-07,2026-11-09,11.77,1.63,Pending,89.5,1,Pending,1878,70,1,Synthetic prototype; fields modeled on public government land-acquisition systems
BHNV-01308,West Bengal,Hooghly,Irrigation,187.1,148.44,349,70,2023-01-19,2025-03-08,2024-02-23,2027-09-10,2028-06-02,2029-05-28,198.8,32.11,Partially paid,100.0,6,Partial possession,1222,54,0,Synthetic prototype; fields modeled on public government land-acquisition systems
BHNV-01309,Karnataka,Bengaluru Urban,Irrigation,14.39,13.17,30,4,2019-07-20,2020-07-11,2023-08-19,2025-10-29,2026-10-18,2028-02-09,36.33,3.16,Partially paid,100.0,0,Substantially complete,2056,49,0,Synthetic prototype; fields modeled on public government land-acquisition systems
BHNV-01310,Rajasthan,Ajmer,Renewable Energy,15.34,14.83,19,4,2023-12-21,2024-10-21,2027-09-29,2030-03-17,2031-07-06,2031-10-24,65.45,2.13,Mostly paid,95.1,1,Substantially complete,1908,47,0,Synthetic prototype; fields modeled on public government land-acquisition systems
BHNV-01311,Odisha,Bhubaneswar,Industrial Corridor,12.48,9.1,23,6,2025-06-18,2027-07-03,2029-05-27,2029-11-09,2030-12-29,2032-02-24,36.06,1.79,Partially paid,100.0,0,Partial possession,1894,56,0,Synthetic prototype; fields modeled on public government land-acquisition systems
BHNV-01312,Maharashtra,Pune,Railway,94.49,89.02,180,33,2021-03-18,2022-07-12,2023-05-31,2023-09-19,2024-10-08,2025-02-17,340.99,21.09,Mostly paid,98.6,2,Substantially complete,857,47,0,Synthetic prototype; fields modeled on public government land-acquisition systems
BHNV-01313,West Bengal,Kolkata,Irrigation,8.56,5.85,11,5,2016-04-11,2017-11-26,2019-07-19,2019-06-27,2020-04-18,2022-03-30,21.72,1.27,Partially paid,96.2,0,Partial possession,1134,55,0,Synthetic prototype; fields modeled on public government land-acquisition systems
BHNV-01314,Maharashtra,Thane,Industrial Corridor,30.64,25.92,51,9,2018-12-31,2020-05-29,2020-01-03,2023-09-08,2024-10-16,2026-01-17,68.05,1.58,Partially paid,84.6,1,Partial possession,1827,53,0,Synthetic prototype; fields modeled on public government land-acquisition systems
BHNV-01315,Madhya Pradesh,Gwalior,Renewable Energy,22.97,20.3,46,6,2020-09-24,2021-02-07,2024-05-18,2023-10-04,2024-09-19,2026-10-30,88.25,3.32,Partially paid,90.6,0,Partial possession,1438,51,0,Synthetic prototype; fields modeled on public government land-acquisition systems
BHNV-01316,West Bengal,Kolkata,Industrial Corridor,84.48,67.34,140,30,2023-04-24,2024-12-10,2024-11-21,2026-01-26,2027-01-20,2028-02-18,212.43,4.4,Partially paid,100.0,3,Partial possession,727,55,0,Synthetic prototype; fields modeled on public government land-acquisition systems
BHNV-01317,Rajasthan,Jodhpur,Irrigation,17.05,9.8,31,5,2023-10-23,2024-07-24,2024-07-24,2025-12-29,2027-06-15,2029-06-11,22.57,2.74,Pending,100.0,2,Pending,1028,60,0,Synthetic prototype; fields modeled on public government land-acquisition systems
BHNV-01318,Maharashtra,Thane,National Highway,45.39,19.02,95,22,2022-09-21,2023-04-02,2023-08-25,2025-11-30,2026-09-13,2027-07-02,82.42,9.17,Pending,78.5,2,Pending,810,68,1,Synthetic prototype; fields modeled on public government land-acquisition systems
BHNV-01319,Tamil Nadu,Coimbatore,Railway,9.29,7.18,19,2,2025-05-11,2026-11-18,2028-01-28,2031-01-07,2031-10-01,2032-10-10,26.73,2.06,Partially paid,100.0,0,Partial possession,1827,53,0,Synthetic prototype; fields modeled on public government land-acquisition systems
BHNV-01320,West Bengal,Bardhaman,Railway,291.18,174.01,474,89,2019-10-22,2019-11-21,2021-09-30,2025-05-22,2026-06-14,2027-07-03,666.67,40.29,Pending,98.4,14,Pending,2216,65,1,Synthetic prototype; fields modeled on public government land-acquisition systems
BHNV-01321,Uttar Pradesh,Kanpur Nagar,National Highway,23.58,18.08,47,12,2018-04-09,2020-09-17,2020-11-22,2019-03-09,2019-03-29,2020-12-24,50.83,3.07,Pending,91.8,1,Partial possession,240,32,0,Synthetic prototype; fields modeled on public government land-acquisition systems
BHNV-01322,Odisha,Sambalpur,Irrigation,30.23,23.18,57,14,2023-10-07,2024-03-21,2028-01-19,2025-03-17,2026-05-19,2026-12-31,98.99,2.03,Partially paid,79.3,2,Partial possession,441,48,0,Synthetic prototype; fields modeled on public government land-acquisition systems
BHNV-01323,Rajasthan,Kota,Railway,156.77,135.26,298,49,2017-09-09,2018-03-08,2019-04-23,2018-10-12,2020-03-07,2020-12-05,494.51,9.69,Partially paid,100.0,3,Partial possession,379,38,0,Synthetic prototype; fields modeled on public government land-acquisition systems
BHNV-01324,Maharashtra,Nagpur,Irrigation,16.67,12.6,35,6,2023-02-09,2023-09-06,2023-08-26,2025-07-10,2025-09-18,2027-08-09,32.7,2.4,Partially paid,98.7,2,Partial possession,586,54,0,Synthetic prototype; fields modeled on public government land-acquisition systems
BHNV-01325,Rajasthan,Jaipur,Renewable Energy,158.76,134.31,275,56,2016-10-17,2018-11-29,2017-12-19,2017-09-05,2018-10-22,2019-02-10,338.14,28.4,Partially paid,100.0,8,Partial possession,0,8,0,Synthetic prototype; fields modeled on public government land-acquisition systems
BHNV-01326,Gujarat,Ahmedabad,Irrigation,19.86,17.54,29,5,2022-10-05,2024-03-04,2026-09-23,2025-05-15,2026-01-22,2026-09-03,71.15,2.76,Partially paid,98.5,0,Partial possession,311,32,0,Synthetic prototype; fields modeled on public government land-acquisition systems
BHNV-01327,Odisha,Cuttack,Industrial Corridor,58.66,31.43,95,16,2016-06-29,2018-06-28,2017-12-25,2021-06-09,2022-10-26,2024-05-10,246.89,10.27,Partially paid,100.0,1,Pending,1801,60,0,Synthetic prototype; fields modeled on public government land-acquisition systems
BHNV-01328,Tamil Nadu,Salem,National Highway,16.9,6.9,33,7,2023-05-26,2023-07-12,2026-05-27,2025-07-04,2025-08-09,2027-10-10,33.79,3.34,Pending,100.0,1,Pending,659,63,1,Synthetic prototype; fields modeled on public government land-acquisition systems
BHNV-01329,West Bengal,Kolkata,Irrigation,7.72,2.68,13,4,2021-12-01,2022-08-12,2022-12-30,2026-06-26,2027-09-24,2029-06-11,14.51,0.53,Pending,90.8,0,Pending,1762,69,1,Synthetic prototype; fields modeled on public government land-acquisition systems
BHNV-01330,West Bengal,Bardhaman,Renewable Energy,45.36,29.56,96,17,2019-06-15,2019-10-27,2020-12-07,2023-03-15,2023-05-09,2023-06-13,80.81,3.84,Pending,100.0,2,Partial possession,462,52,0,Synthetic prototype; fields modeled on public government land-acquisition systems
BHNV-01331,West Bengal,Hooghly,Urban Development,56.82,27.35,99,18,2024-08-31,2026-09-17,2027-02-11,2030-06-27,2031-03-26,2033-04-07,75.21,6.51,Pending,86.5,5,Pending,2510,66,1,Synthetic prototype; fields modeled on public government land-acquisition systems
BHNV-01332,Odisha,Puri,National Highway,8.04,5.7,11,1,2016-09-16,2018-09-13,2019-06-03,2021-08-08,2022-11-16,2024-02-06,17.65,0.43,Partially paid,100.0,0,Partial possession,1798,55,0,Synthetic prototype; fields modeled on public government land-acquisition systems
BHNV-01333,Uttar Pradesh,Prayagraj,Railway,22.04,20.76,38,5,2024-09-13,2024-12-16,2025-01-21,2028-10-24,2028-12-25,2030-09-16,59.71,1.47,Partially paid,100.0,1,Substantially complete,1026,48,0,Synthetic prototype; fields modeled on public government land-acquisition systems
BHNV-01334,Madhya Pradesh,Jabalpur,Industrial Corridor,99.56,87.35,169,29,2022-04-10,2023-04-07,2025-09-15,2023-04-09,2024-09-07,2025-09-27,277.62,7.91,Partially paid,85.5,1,Partial possession,391,39,0,Synthetic prototype; fields modeled on public government land-acquisition systems
BHNV-01335,Bihar,Gaya,Railway,54.6,34.52,99,21,2022-10-06,2023-11-11,2024-03-26,2028-05-29,2028-10-29,2029-12-10,183.28,2.2,Pending,100.0,1,Pending,1556,58,0,Synthetic prototype; fields modeled on public government land-acquisition systems
BHNV-01336,Karnataka,Bengaluru Urban,Renewable Energy,20.18,15.57,28,4,2016-11-30,2017-07-24,2020-11-18,2021-08-05,2022-03-09,2023-12-07,20.07,2.16,Partially paid,100.0,1,Partial possession,1366,54,0,Synthetic prototype; fields modeled on public government land-acquisition systems
BHNV-01337,Maharashtra,Thane,Renewable Energy,16.49,9.56,31,7,2018-11-12,2019-07-28,2022-09-02,2021-02-03,2022-07-11,2023-03-01,47.45,1.85,Partially paid,100.0,0,Pending,384,44,0,Synthetic prototype; fields modeled on public government land-acquisition systems
BHNV-01338,Uttar Pradesh,Lucknow,Railway,210.24,182.85,367,65,2021-03-11,2022-11-11,2022-03-31,2026-08-22,2027-06-18,2028-11-17,366.54,16.05,Partially paid,83.9,8,Partial possession,1766,54,0,Synthetic prototype; fields modeled on public government land-acquisition systems
BHNV-01339,Tamil Nadu,Chennai,National Highway,7.05,4.3,15,2,2016-09-27,2017-03-17,2017-10-22,2021-01-28,2021-10-02,2023-07-10,11.88,0.5,Partially paid,100.0,1,Pending,1607,57,0,Synthetic prototype; fields modeled on public government land-acquisition systems
BHNV-01340,Maharashtra,Nashik,Railway,28.24,27.77,51,11,2024-10-16,2026-11-02,2026-01-26,2028-08-16,2029-07-12,2031-08-26,105.11,3.34,Mostly paid,100.0,3,Substantially complete,1594,47,0,Synthetic prototype; fields modeled on public government land-acquisition systems
BHNV-01341,West Bengal,Kolkata,Irrigation,6.93,3.95,12,2,2025-09-07,2027-08-23,2027-04-15,2029-03-02,2030-06-20,2030-10-08,9.48,0.96,Partially paid,98.0,0,Pending,1203,59,0,Synthetic prototype; fields modeled on public government land-acquisition systems
BHNV-01342,Rajasthan,Kota,Railway,111.59,84.23,219,41,2022-11-06,2024-11-13,2024-08-21,2026-07-02,2028-01-17,2029-04-07,225.15,25.69,Partially paid,100.0,4,Partial possession,1600,56,0,Synthetic prototype; fields modeled on public government land-acquisition systems
BHNV-01343,Tamil Nadu,Madurai,Industrial Corridor,29.75,14.43,77,9,2019-11-08,2020-11-02,2020-08-01,2025-04-13,2026-03-14,2026-10-02,93.99,3.49,Pending,100.0,5,Pending,1479,64,1,Synthetic prototype; fields modeled on public government land-acquisition systems
BHNV-01344,Maharashtra,Nagpur,Industrial Corridor,35.81,26.69,67,13,2023-03-26,2025-07-21,2027-08-06,2028-06-17,2028-12-23,2030-05-22,113.83,1.52,Partially paid,96.4,2,Partial possession,1554,55,0,Synthetic prototype; fields modeled on public government land-acquisition systems
BHNV-01345,West Bengal,Kolkata,Urban Development,477.66,371.59,858,167,2019-11-01,2021-11-08,2023-05-17,2022-01-27,2022-03-21,2023-04-14,467.12,80.31,Partially paid,100.0,17,Partial possession,79,20,0,Synthetic prototype; fields modeled on public government land-acquisition systems
BHNV-01346,Maharashtra,Thane,Industrial Corridor,16.55,15.44,24,2,2018-10-06,2020-11-13,2021-02-22,2021-08-29,2022-11-19,2024-02-10,17.68,1.04,Partially paid,100.0,0,Substantially complete,1379,48,0,Synthetic prototype; fields modeled on public government land-acquisition systems
BHNV-01347,Rajasthan,Jodhpur,Railway,172.19,133.7,333,63,2020-01-01,2020-10-27,2024-01-09,2023-10-10,2025-02-20,2026-05-03,555.29,22.79,Mostly paid,71.3,6,Partial possession,1609,57,0,Synthetic prototype; fields modeled on public government land-acquisition systems
BHNV-01348,West Bengal,Howrah,Industrial Corridor,20.27,15.44,39,5,2023-12-13,2025-12-22,2024-06-07,2029-02-10,2030-10-02,2031-03-09,87.7,3.93,Partially paid,98.7,0,Partial possession,1716,52,0,Synthetic prototype; fields modeled on public government land-acquisition systems
BHNV-01349,Madhya Pradesh,Gwalior,National Highway,23.72,15.6,36,5,2025-07-25,2026-07-14,2028-03-01,2030-07-05,2030-09-15,2032-03-22,106.61,0.85,Pending,97.4,1,Partial possession,1512,59,0,Synthetic prototype; fields modeled on public government land-acquisition systems
BHNV-01350,Uttar Pradesh,Kanpur Nagar,Industrial Corridor,419.13,355.73,770,138,2024-11-01,2026-05-11,2028-02-22,2027-02-15,2028-07-09,2029-12-04,1866.1,26.3,Partially paid,97.9,23,Partial possession,687,58,0,Synthetic prototype; fields modeled on public government land-acquisition systems
BHNV-01351,Gujarat,Vadodara,Irrigation,25.51,21.59,54,8,2025-04-29,2027-08-04,2028-01-15,2026-06-17,2026-11-12,2026-12-02,53.59,1.61,Mostly paid,87.7,3,Partial possession,0,6,0,Synthetic prototype; fields modeled on public government land-acquisition systems
BHNV-01352,Karnataka,Mangaluru,National Highway,7.58,4.22,8,1,2020-05-23,2022-10-15,2022-06-22,2024-08-23,2026-01-28,2026-12-25,12.85,0.35,Pending,100.0,0,Pending,1820,61,1,Synthetic prototype; fields modeled on public government land-acquisition systems
BHNV-01353,Odisha,Cuttack,Urban Development,39.72,24.09,70,14,2016-05-11,2018-06-07,2019-12-26,2017-04-19,2017-10-06,2019-12-03,46.27,2.61,Pending,100.0,2,Pending,296,40,0,Synthetic prototype; fields modeled on public government land-acquisition systems
BHNV-01354,Karnataka,Mysuru,Irrigation,25.21,21.64,53,10,2023-09-16,2025-04-14,2025-08-04,2025-12-12,2026-07-15,2027-03-16,50.56,2.74,Partially paid,100.0,0,Partial possession,610,50,0,Synthetic prototype; fields modeled on public government land-acquisition systems
BHNV-01355,Tamil Nadu,Madurai,Railway,43.25,35.17,61,7,2020-10-10,2021-01-16,2024-11-02,2024-01-30,2025-06-26,2025-11-09,78.9,5.77,Partially paid,100.0,0,Partial possession,1168,51,0,Synthetic prototype; fields modeled on public government land-acquisition systems
BHNV-01356,Karnataka,Bengaluru Urban,Railway,26.22,20.66,52,10,2022-12-23,2023-08-21,2025-05-02,2024-06-28,2025-08-18,2027-01-09,76.93,1.26,Partially paid,100.0,0,Partial possession,865,54,0,Synthetic prototype; fields modeled on public government land-acquisition systems
BHNV-01357,West Bengal,Howrah,Railway,274.66,229.82,504,89,2020-03-25,2021-11-02,2022-01-18,2021-07-18,2022-12-10,2024-11-29,594.5,13.8,Partially paid,97.4,10,Partial possession,1198,56,0,Synthetic prototype; fields modeled on public government land-acquisition systems
BHNV-01358,Madhya Pradesh,Ujjain,Irrigation,52.29,37.44,87,14,2024-10-16,2025-12-01,2027-04-15,2029-01-08,2030-05-25,2032-02-15,86.63,6.65,Pending,100.0,1,Partial possession,1501,56,0,Synthetic prototype; fields modeled on public government land-acquisition systems
BHNV-01359,Gujarat,Vadodara,Irrigation,10.23,7.47,21,5,2016-05-14,2018-07-12,2017-06-19,2019-03-16,2019-09-06,2021-08-31,31.37,1.51,Partially paid,100.0,2,Partial possession,1279,56,0,Synthetic prototype; fields modeled on public government land-acquisition systems
BHNV-01360,Uttar Pradesh,Varanasi,Irrigation,33.94,14.25,57,12,2018-02-05,2019-04-30,2019-03-04,2024-01-04,2024-08-16,2025-12-18,67.72,3.84,Pending,100.0,2,Pending,2193,66,1,Synthetic prototype; fields modeled on public government land-acquisition systems
BHNV-01361,Uttar Pradesh,Agra,National Highway,13.47,10.26,23,3,2023-10-30,2025-07-17,2024-11-26,2025-06-10,2026-09-20,2028-04-30,28.4,1.65,Partially paid,100.0,0,Partial possession,825,53,0,Synthetic prototype; fields modeled on public government land-acquisition systems
BHNV-01362,Rajasthan,Jodhpur,Renewable Energy,23.39,16.12,31,8,2025-07-10,2025-09-25,2026-02-03,2029-01-17,2029-04-11,2030-09-15,70.5,2.92,Partially paid,100.0,1,Partial possession,1102,55,0,Synthetic prototype; fields modeled on public government land-acquisition systems
BHNV-01363,Odisha,Bhubaneswar,National Highway,12.06,10.93,19,3,2018-02-08,2018-10-26,2019-05-18,2019-05-18,2020-04-10,2021-12-07,14.92,1.47,Partially paid,98.8,0,Substantially complete,283,27,0,Synthetic prototype; fields modeled on public government land-acquisition systems
BHNV-01364,Maharashtra,Aurangabad,Railway,246.44,209.29,442,78,2021-11-11,2023-07-12,2023-10-11,2028-01-12,2029-04-01,2029-10-07,903.13,29.04,Partially paid,90.1,17,Partial possession,1765,58,0,Synthetic prototype; fields modeled on public government land-acquisition systems
BHNV-01365,Madhya Pradesh,Indore,Renewable Energy,15.01,6.41,25,3,2021-03-22,2022-08-10,2023-05-08,2024-04-07,2025-05-08,2026-10-25,65.63,0.7,Pending,88.9,1,Pending,884,66,1,Synthetic prototype; fields modeled on public government land-acquisition systems
BHNV-01366,Maharashtra,Thane,Industrial Corridor,59.59,52.8,125,23,2019-06-18,2019-10-14,2023-04-08,2020-06-19,2020-12-17,2022-11-23,155.89,14.68,Partially paid,100.0,2,Partial possession,278,28,0,Synthetic prototype; fields modeled on public government land-acquisition systems
BHNV-01367,Gujarat,Ahmedabad,Railway,21.68,18.49,40,6,2020-11-07,2022-12-07,2021-05-18,2026-11-11,2027-12-21,2028-10-01,62.25,1.76,Partially paid,100.0,1,Partial possession,1735,50,0,Synthetic prototype; fields modeled on public government land-acquisition systems
BHNV-01368,Karnataka,Mangaluru,Urban Development,9.41,7.35,17,3,2016-06-13,2016-09-02,2019-09-13,2019-04-28,2020-03-26,2022-02-12,20.92,1.82,Partially paid,100.0,0,Partial possession,1138,53,0,Synthetic prototype; fields modeled on public government land-acquisition systems
BHNV-01369,Uttar Pradesh,Gorakhpur,National Highway,36.51,29.82,60,10,2016-11-20,2018-06-06,2018-05-01,2023-05-14,2023-09-22,2025-09-23,158.45,3.47,Partially paid,100.0,1,Partial possession,2561,51,0,Synthetic prototype; fields modeled on public government land-acquisition systems
BHNV-01370,Gujarat,Rajkot,Irrigation,44.73,27.48,69,13,2025-01-02,2026-03-29,2027-01-09,2026-01-10,2027-06-20,2029-01-26,57.79,6.1,Partially paid,93.4,3,Pending,584,59,0,Synthetic prototype; fields modeled on public government land-acquisition systems
BHNV-01371,Karnataka,Mysuru,National Highway,52.39,35.68,102,18,2024-03-06,2025-12-06,2025-06-16,2030-09-07,2031-04-12,2031-10-29,199.61,6.67,Partially paid,80.7,4,Partial possession,2136,59,0,Synthetic prototype; fields modeled on public government land-acquisition systems
BHNV-01372,Uttar Pradesh,Prayagraj,Irrigation,2.18,1.38,5,0,2017-09-11,2018-12-30,2018-04-03,2018-10-02,2019-03-27,2020-11-17,6.99,0.28,Pending,99.4,0,Pending,280,37,0,Synthetic prototype; fields modeled on public government land-acquisition systems
BHNV-01373,Karnataka,Bengaluru Urban,Renewable Energy,8.72,6.83,16,3,2016-08-18,2017-01-25,2017-06-22,2020-02-25,2021-06-15,2021-10-01,32.51,1.3,Partially paid,100.0,0,Partial possession,973,51,0,Synthetic prototype; fields modeled on public government land-acquisition systems
BHNV-01374,Odisha,Bhubaneswar,Urban Development,78.07,46.3,148,26,2023-03-14,2024-12-02,2026-03-29,2027-04-19,2028-11-08,2030-06-24,337.0,10.89,Pending,100.0,1,Pending,2104,60,0,Synthetic prototype; fields modeled on public government land-acquisition systems
BHNV-01375,Madhya Pradesh,Ujjain,Renewable Energy,11.9,9.28,20,3,2023-08-12,2025-06-19,2025-03-07,2026-12-02,2027-07-05,2028-12-14,31.37,0.86,Mostly paid,100.0,0,Partial possession,1379,51,0,Synthetic prototype; fields modeled on public government land-acquisition systems
BHNV-01376,Tamil Nadu,Chennai,Urban Development,36.71,32.18,67,8,2019-04-17,2020-05-24,2022-07-14,2023-03-03,2023-11-03,2024-05-13,68.53,3.59,Partially paid,100.0,2,Partial possession,881,50,0,Synthetic prototype; fields modeled on public government land-acquisition systems
BHNV-01377,Gujarat,Surat,National Highway,8.52,7.89,21,2,2024-08-17,2026-03-20,2028-08-25,2026-08-18,2028-01-30,2029-11-28,31.39,0.49,Mostly paid,86.0,1,Substantially complete,1250,49,0,Synthetic prototype; fields modeled on public government land-acquisition systems
BHNV-01378,Gujarat,Surat,Irrigation,62.28,45.03,128,20,2019-10-09,2021-04-20,2020-01-28,2023-08-14,2024-03-21,2025-10-12,244.44,5.04,Mostly paid,84.6,2,Partial possession,1093,54,0,Synthetic prototype; fields modeled on public government land-acquisition systems
BHNV-01379,Bihar,Gaya,Renewable Energy,76.04,64.18,169,41,2023-06-11,2023-10-23,2024-12-27,2024-08-11,2025-07-22,2027-06-22,253.91,9.06,Partially paid,99.6,5,Partial possession,779,52,0,Synthetic prototype; fields modeled on public government land-acquisition systems
BHNV-01380,West Bengal,Bardhaman,Urban Development,62.3,54.6,89,10,2021-03-06,2022-04-26,2023-03-24,2023-05-28,2024-05-23,2025-03-28,245.54,10.43,Partially paid,97.3,1,Partial possession,600,50,0,Synthetic prototype; fields modeled on public government land-acquisition systems
BHNV-01381,Odisha,Bhubaneswar,Railway,84.15,75.0,140,20,2024-11-06,2026-09-24,2028-06-16,2031-03-31,2032-03-28,2032-11-28,294.71,10.18,Mostly paid,100.0,4,Partial possession,2216,49,0,Synthetic prototype; fields modeled on public government land-acquisition systems
BHNV-01382,Odisha,Bhubaneswar,Railway,143.15,53.98,265,43,2025-07-30,2026-07-30,2028-11-08,2030-12-16,2031-06-08,2032-02-13,621.65,23.87,Pending,100.0,5,Pending,1215,67,1,Synthetic prototype; fields modeled on public government land-acquisition systems
BHNV-01383,Maharashtra,Thane,Renewable Energy,9.26,4.18,23,2,2017-02-06,2019-03-13,2019-10-08,2018-05-01,2019-01-22,2019-05-09,26.96,2.01,Pending,78.5,0,Pending,0,22,0,Synthetic prototype; fields modeled on public government land-acquisition systems
BHNV-01384,Karnataka,Bengaluru Urban,Irrigation,13.62,11.84,22,4,2024-06-30,2024-11-23,2025-10-28,2030-05-12,2031-01-03,2032-05-18,30.07,2.6,Partially paid,100.0,0,Partial possession,2114,49,0,Synthetic prototype; fields modeled on public government land-acquisition systems
BHNV-01385,West Bengal,Kolkata,Renewable Energy,73.52,36.09,129,22,2021-12-08,2022-01-07,2025-05-20,2024-04-28,2025-06-10,2025-08-07,243.93,9.75,Pending,100.0,3,Pending,200,35,0,Synthetic prototype; fields modeled on public government land-acquisition systems
BHNV-01386,Madhya Pradesh,Bhopal,National Highway,92.78,67.24,177,21,2023-08-06,2025-05-25,2026-04-15,2030-01-18,2031-03-04,2032-09-07,97.95,13.9,Partially paid,77.9,1,Partial possession,2750,57,0,Synthetic prototype; fields modeled on public government land-acquisition systems
BHNV-01387,Madhya Pradesh,Bhopal,Urban Development,15.27,11.5,31,5,2025-10-26,2027-05-16,2027-08-11,2031-04-14,2031-10-12,2033-12-18,40.37,1.55,Partially paid,98.8,2,Partial possession,2385,54,0,Synthetic prototype; fields modeled on public government land-acquisition systems
BHNV-01388,Odisha,Bhubaneswar,National Highway,14.24,7.8,24,5,2017-01-19,2018-04-29,2021-04-27,2018-05-30,2019-09-08,2021-01-09,52.14,1.98,Pending,100.0,0,Pending,346,44,0,Synthetic prototype; fields modeled on public government land-acquisition systems
BHNV-01389,Madhya Pradesh,Indore,Railway,15.61,13.27,25,4,2020-10-29,2022-04-07,2024-01-04,2026-08-26,2027-01-25,2027-03-19,22.25,2.39,Mostly paid,90.8,2,Partial possession,1757,51,0,Synthetic prototype; fields modeled on public government land-acquisition systems
BHNV-01390,Bihar,Patna,Urban Development,6.02,5.59,6,2,2019-12-19,2020-01-29,2022-01-10,2023-12-24,2024-08-04,2025-09-07,13.73,0.18,Mostly paid,90.7,0,Substantially complete,974,48,0,Synthetic prototype; fields modeled on public government land-acquisition systems
BHNV-01391,Gujarat,Vadodara,Renewable Energy,8.4,5.4,12,3,2022-11-28,2023-10-17,2026-11-10,2026-06-25,2028-02-14,2029-05-08,17.61,0.82,Partially paid,100.0,0,Pending,1409,56,0,Synthetic prototype; fields modeled on public government land-acquisition systems
BHNV-01392,Rajasthan,Alwar,National Highway,8.61,5.74,16,2,2023-02-20,2024-08-10,2025-10-11,2027-09-04,2028-04-19,2029-02-16,17.56,1.0,Partially paid,100.0,1,Partial possession,1492,56,0,Synthetic prototype; fields modeled on public government land-acquisition systems
BHNV-01393,Tamil Nadu,Madurai,Industrial Corridor,22.33,13.98,39,7,2019-04-05,2021-09-03,2022-03-28,2024-02-04,2025-02-12,2025-11-01,71.62,1.22,Partially paid,89.0,1,Pending,1719,59,0,Synthetic prototype; fields modeled on public government land-acquisition systems
BHNV-01394,Maharashtra,Nagpur,Irrigation,39.28,36.38,83,22,2017-01-23,2019-01-03,2018-04-20,2020-06-03,2021-02-07,2022-09-06,103.73,4.49,Mostly paid,100.0,3,Substantially complete,1476,48,0,Synthetic prototype; fields modeled on public government land-acquisition systems
BHNV-01395,Karnataka,Mangaluru,Irrigation,46.22,20.95,70,14,2025-04-27,2026-12-12,2026-12-31,2030-03-21,2031-05-06,2032-05-13,173.33,5.15,Pending,96.6,0,Pending,1626,65,1,Synthetic prototype; fields modeled on public government land-acquisition systems
BHNV-01396,Tamil Nadu,Coimbatore,Industrial Corridor,18.02,16.18,32,9,2020-03-26,2022-06-14,2024-06-12,2021-01-15,2021-11-29,2023-02-24,18.27,2.72,Partially paid,82.4,1,Partial possession,269,30,0,Synthetic prototype; fields modeled on public government land-acquisition systems
BHNV-01397,Karnataka,Mysuru,Railway,18.47,13.45,35,4,2020-11-08,2023-01-06,2023-04-30,2025-02-14,2025-06-17,2026-01-26,45.8,1.71,Partially paid,100.0,0,Partial possession,1018,54,0,Synthetic prototype; fields modeled on public government land-acquisition systems
BHNV-01398,Uttar Pradesh,Agra,Urban Development,33.91,23.75,67,12,2018-02-28,2018-08-04,2022-04-01,2024-04-21,2025-05-30,2025-10-15,28.88,4.53,Partially paid,100.0,2,Partial possession,1965,56,0,Synthetic prototype; fields modeled on public government land-acquisition systems
BHNV-01399,Tamil Nadu,Madurai,Irrigation,6.71,6.49,16,5,2023-09-01,2023-12-15,2024-11-16,2028-12-22,2029-05-05,2031-06-19,10.85,1.49,Mostly paid,96.9,0,Substantially complete,1928,46,0,Synthetic prototype; fields modeled on public government land-acquisition systems
BHNV-01400,Rajasthan,Jodhpur,Industrial Corridor,78.21,52.81,166,28,2020-02-03,2020-11-27,2024-01-21,2024-05-04,2024-12-14,2026-02-04,286.94,10.33,Pending,100.0,0,Partial possession,1148,57,0,Synthetic prototype; fields modeled on public government land-acquisition systems
BHNV-01401,Odisha,Bhubaneswar,Renewable Energy,108.35,70.56,194,46,2023-07-14,2024-01-05,2027-08-12,2026-05-07,2027-07-22,2028-05-15,129.2,22.13,Pending,100.0,8,Partial possession,634,61,1,Synthetic prototype; fields modeled on public government land-acquisition systems
BHNV-01402,Bihar,Patna,Industrial Corridor,16.03,10.41,25,2,2020-03-27,2021-06-02,2021-06-05,2025-05-01,2026-11-10,2028-09-17,19.09,0.58,Partially paid,87.5,0,Pending,2291,58,0,Synthetic prototype; fields modeled on public government land-acquisition systems
BHNV-01403,Gujarat,Vadodara,Railway,20.12,11.49,38,10,2021-10-01,2023-03-13,2025-08-20,2026-07-09,2027-06-18,2029-01-28,45.98,1.75,Partially paid,100.0,0,Pending,1831,59,0,Synthetic prototype; fields modeled on public government land-acquisition systems
BHNV-01404,Gujarat,Surat,Railway,103.89,96.42,191,39,2023-02-27,2024-10-08,2023-06-30,2026-03-28,2026-11-23,2027-08-05,381.76,6.37,Mostly paid,100.0,7,Substantially complete,480,45,0,Synthetic prototype; fields modeled on public government land-acquisition systems
BHNV-01405,Bihar,Bhagalpur,National Highway,26.49,15.35,58,7,2018-03-31,2018-11-14,2020-12-09,2021-12-08,2022-05-18,2022-11-15,83.73,4.3,Pending,85.9,1,Pending,541,61,1,Synthetic prototype; fields modeled on public government land-acquisition systems
BHNV-01406,West Bengal,Kolkata,Irrigation,53.96,33.6,98,19,2018-11-10,2020-07-14,2023-02-22,2024-05-08,2025-04-27,2027-06-02,199.25,3.7,Partially paid,93.7,2,Pending,2366,59,0,Synthetic prototype; fields modeled on public government land-acquisition systems
BHNV-01407,Uttar Pradesh,Prayagraj,National Highway,27.32,23.31,46,14,2018-11-08,2020-04-23,2019-05-30,2021-09-03,2023-04-04,2024-10-30,26.86,4.33,Partially paid,100.0,0,Partial possession,1338,50,0,Synthetic prototype; fields modeled on public government land-acquisition systems
BHNV-01408,Karnataka,Mangaluru,Industrial Corridor,142.07,98.86,256,44,2021-02-22,2022-11-17,2025-05-07,2026-02-01,2026-08-14,2028-07-27,409.98,28.63,Partially paid,97.7,7,Partial possession,1529,59,0,Synthetic prototype; fields modeled on public government land-acquisition systems
BHNV-01409,Rajasthan,Ajmer,Urban Development,48.91,44.38,107,16,2018-05-11,2019-07-17,2020-03-14,2020-05-29,2021-03-29,2021-09-07,121.16,4.36,Mostly paid,86.2,3,Substantially complete,57,10,0,Synthetic prototype; fields modeled on public government land-acquisition systems
BHNV-01410,Madhya Pradesh,Gwalior,Urban Development,51.81,33.02,92,19,2020-01-19,2020-09-13,2022-06-11,2023-06-03,2023-12-21,2025-12-05,213.21,10.18,Pending,95.0,3,Pending,1499,61,1,Synthetic prototype; fields modeled on public government land-acquisition systems
BHNV-01411,Tamil Nadu,Chennai,Railway,52.79,38.82,88,12,2022-06-27,2023-07-03,2026-05-14,2024-07-28,2025-12-10,2027-09-08,186.25,7.32,Partially paid,91.3,2,Partial possession,982,54,0,Synthetic prototype; fields modeled on public government land-acquisition systems
BHNV-01412,Uttar Pradesh,Prayagraj,Urban Development,17.2,15.02,41,6,2023-11-14,2026-04-12,2026-07-27,2025-01-08,2025-12-25,2026-09-30,40.77,1.62,Mostly paid,100.0,0,Partial possession,523,47,0,Synthetic prototype; fields modeled on public government land-acquisition systems
BHNV-01413,Tamil Nadu,Madurai,Urban Development,18.85,10.55,40,5,2022-10-16,2023-01-01,2023-09-23,2024-10-15,2025-02-14,2026-07-14,53.71,3.75,Pending,100.0,1,Pending,254,37,0,Synthetic prototype; fields modeled on public government land-acquisition systems
BHNV-01414,Rajasthan,Alwar,Urban Development,64.67,44.62,118,22,2024-07-27,2026-02-17,2025-10-11,2025-03-14,2025-08-01,2026-05-21,153.39,3.43,Pending,89.5,6,Partial possession,0,16,0,Synthetic prototype; fields modeled on public government land-acquisition systems
BHNV-01415,Maharashtra,Nagpur,Industrial Corridor,34.0,25.82,57,14,2024-10-27,2025-05-20,2026-10-29,2029-02-24,2029-04-13,2031-05-16,82.7,5.09,Partially paid,85.3,3,Partial possession,1332,55,0,Synthetic prototype; fields modeled on public government land-acquisition systems
BHNV-01416,Maharashtra,Aurangabad,Urban Development,9.23,3.63,17,3,2020-11-29,2022-05-23,2023-07-21,2021-07-08,2022-10-03,2023-03-25,29.04,1.8,Pending,100.0,0,Pending,158,33,0,Synthetic prototype; fields modeled on public government land-acquisition systems
BHNV-01417,Uttar Pradesh,Varanasi,Renewable Energy,195.02,162.92,330,54,2020-01-03,2020-02-20,2020-10-01,2024-02-23,2024-12-09,2025-02-21,312.26,37.96,Partially paid,84.8,9,Partial possession,1312,56,0,Synthetic prototype; fields modeled on public government land-acquisition systems
BHNV-01418,Odisha,Sambalpur,Urban Development,79.68,55.1,151,31,2021-03-22,2022-08-28,2025-06-08,2023-10-31,2025-03-22,2026-08-17,161.97,3.84,Partially paid,100.0,7,Partial possession,1016,58,0,Synthetic prototype; fields modeled on public government land-acquisition systems
BHNV-01419,Rajasthan,Ajmer,Urban Development,31.11,27.33,47,6,2021-10-06,2022-10-25,2022-04-26,2022-11-23,2023-06-07,2024-05-03,57.02,1.23,Partially paid,100.0,0,Partial possession,0,5,0,Synthetic prototype; fields modeled on public government land-acquisition systems
BHNV-01420,Rajasthan,Kota,National Highway,22.79,9.89,39,4,2024-05-23,2026-01-01,2025-02-06,2026-11-20,2027-07-31,2029-03-23,85.76,4.41,Pending,79.0,0,Pending,1042,67,1,Synthetic prototype; fields modeled on public government land-acquisition systems
BHNV-01421,Bihar,Patna,Industrial Corridor,36.55,33.89,50,7,2018-01-20,2019-01-29,2021-10-31,2021-11-08,2022-11-05,2024-03-21,156.62,4.95,Mostly paid,100.0,0,Substantially complete,1277,47,0,Synthetic prototype; fields modeled on public government land-acquisition systems
BHNV-01422,Odisha,Bhubaneswar,Railway,50.28,48.66,84,17,2019-08-09,2019-11-06,2021-10-30,2026-02-20,2026-07-30,2027-11-21,117.3,8.18,Partially paid,100.0,0,Substantially complete,2201,48,0,Synthetic prototype; fields modeled on public government land-acquisition systems
BHNV-01423,Karnataka,Mangaluru,National Highway,3.92,2.93,6,1,2016-06-30,2018-06-17,2018-04-17,2018-02-28,2018-04-27,2018-12-25,4.25,0.57,Mostly paid,100.0,0,Partial possession,0,6,0,Synthetic prototype; fields modeled on public government land-acquisition systems
BHNV-01424,Karnataka,Mysuru,Irrigation,247.73,192.2,460,69,2021-03-19,2023-05-24,2023-01-23,2023-12-10,2025-05-06,2027-03-17,283.93,42.2,Partially paid,82.7,18,Partial possession,1117,63,1,Synthetic prototype; fields modeled on public government land-acquisition systems
BHNV-01425,Madhya Pradesh,Bhopal,Industrial Corridor,13.6,8.22,25,4,2023-04-08,2023-12-22,2024-01-28,2029-06-15,2030-04-20,2031-04-25,30.99,2.03,Pending,100.0,0,Pending,2248,59,0,Synthetic prototype; fields modeled on public government land-acquisition systems
BHNV-01426,Gujarat,Rajkot,Renewable Energy,29.91,15.09,56,16,2024-08-15,2025-02-07,2027-08-08,2028-01-16,2029-07-14,2030-11-06,67.64,5.67,Pending,97.7,1,Pending,1687,62,1,Synthetic prototype; fields modeled on public government land-acquisition systems
BHNV-01427,Maharashtra,Nashik,Industrial Corridor,31.03,20.26,43,6,2018-08-18,2019-07-11,2022-10-10,2021-07-13,2022-02-23,2024-03-31,41.6,1.01,Pending,100.0,1,Partial possession,1095,59,0,Synthetic prototype; fields modeled on public government land-acquisition systems
BHNV-01428,Karnataka,Mangaluru,Irrigation,220.71,82.76,393,67,2016-04-14,2017-04-11,2019-02-11,2017-01-14,2018-03-06,2018-11-02,835.69,36.95,Pending,100.0,9,Pending,275,46,0,Synthetic prototype; fields modeled on public government land-acquisition systems
BHNV-01429,Odisha,Bhubaneswar,Irrigation,27.44,17.14,42,12,2019-07-08,2021-08-26,2019-12-24,2021-01-23,2021-09-25,2022-03-27,72.73,3.29,Pending,100.0,0,Pending,221,32,0,Synthetic prototype; fields modeled on public government land-acquisition systems
BHNV-01430,Rajasthan,Alwar,Irrigation,146.72,85.5,258,47,2023-04-08,2024-04-03,2025-11-05,2027-12-17,2028-12-04,2029-09-28,176.58,28.57,Partially paid,98.0,5,Pending,1534,59,0,Synthetic prototype; fields modeled on public government land-acquisition systems
BHNV-01431,Karnataka,Bengaluru Urban,Railway,45.0,39.77,88,13,2025-01-07,2026-04-14,2025-12-19,2027-11-13,2027-12-02,2028-09-03,52.44,10.0,Mostly paid,84.4,3,Partial possession,554,51,0,Synthetic prototype; fields modeled on public government land-acquisition systems
BHNV-01432,Rajasthan,Jaipur,Urban Development,11.45,5.42,16,3,2018-09-16,2019-11-18,2019-11-18,2023-08-04,2024-06-24,2025-07-07,28.05,0.71,Pending,81.8,0,Pending,1330,64,1,Synthetic prototype; fields modeled on public government land-acquisition systems
BHNV-01433,Karnataka,Bengaluru Urban,Industrial Corridor,34.28,29.33,68,15,2017-04-28,2019-04-27,2018-01-10,2019-03-27,2019-09-19,2021-03-07,42.24,6.73,Mostly paid,91.2,2,Partial possession,747,51,0,Synthetic prototype; fields modeled on public government land-acquisition systems
BHNV-01434,Maharashtra,Thane,Urban Development,26.62,23.54,56,14,2020-09-21,2023-02-03,2023-07-05,2025-01-07,2025-08-25,2025-12-15,76.57,6.48,Partially paid,84.7,0,Partial possession,1238,51,0,Synthetic prototype; fields modeled on public government land-acquisition systems
BHNV-01435,Tamil Nadu,Coimbatore,Urban Development,10.13,5.68,12,2,2021-12-16,2022-12-15,2024-02-21,2027-05-19,2027-11-20,2027-12-16,22.53,0.56,Partially paid,89.8,0,Pending,1584,60,0,Synthetic prototype; fields modeled on public government land-acquisition systems
BHNV-01436,Karnataka,Mangaluru,Renewable Energy,42.85,37.19,84,16,2022-06-24,2023-02-17,2024-10-13,2026-06-14,2027-03-07,2029-05-13,180.09,8.83,Mostly paid,92.6,3,Partial possession,1715,50,0,Synthetic prototype; fields modeled on public government land-acquisition systems
BHNV-01437,Odisha,Sambalpur,Irrigation,30.63,26.46,58,3,2017-12-07,2019-02-20,2019-10-22,2020-05-23,2020-07-14,2022-03-03,71.98,4.56,Partially paid,81.5,2,Partial possession,717,53,0,Synthetic prototype; fields modeled on public government land-acquisition systems
BHNV-01438,Karnataka,Mangaluru,Railway,52.27,36.03,89,14,2022-12-31,2024-09-07,2023-06-03,2023-11-27,2024-07-26,2025-09-30,160.65,5.3,Partially paid,100.0,1,Partial possession,361,41,0,Synthetic prototype; fields modeled on public government land-acquisition systems
BHNV-01439,Gujarat,Ahmedabad,Renewable Energy,36.36,18.67,53,8,2016-01-20,2018-01-13,2017-08-27,2020-01-27,2020-11-14,2022-04-13,138.24,5.43,Pending,100.0,0,Pending,1718,62,1,Synthetic prototype; fields modeled on public government land-acquisition systems
BHNV-01440,Maharashtra,Nashik,National Highway,15.63,12.1,18,1,2018-01-21,2019-10-11,2021-10-18,2018-11-07,2019-09-02,2020-01-29,30.02,1.93,Partially paid,100.0,1,Partial possession,0,8,0,Synthetic prototype; fields modeled on public government land-acquisition systems
BHNV-01441,Odisha,Sambalpur,Railway,64.61,40.68,114,18,2016-08-22,2017-06-18,2020-09-06,2018-06-24,2019-11-30,2020-08-29,174.06,5.5,Pending,100.0,1,Pending,781,59,0,Synthetic prototype; fields modeled on public government land-acquisition systems
BHNV-01442,Bihar,Gaya,Urban Development,16.05,13.09,32,5,2020-06-08,2021-01-03,2021-10-30,2026-06-05,2027-06-20,2028-12-02,20.02,3.18,Partially paid,91.8,0,Partial possession,2160,52,0,Synthetic prototype; fields modeled on public government land-acquisition systems
BHNV-01443,Odisha,Bhubaneswar,Railway,2.0,1.37,4,2,2017-08-28,2018-11-15,2020-07-22,2021-09-01,2021-11-22,2023-12-27,4.8,0.1,Partially paid,100.0,0,Partial possession,1325,57,0,Synthetic prototype; fields modeled on public government land-acquisition systems
BHNV-01444,Gujarat,Surat,Irrigation,34.08,25.21,57,11,2017-07-07,2019-09-01,2020-04-06,2019-06-08,2019-10-04,2020-08-07,74.65,3.52,Partially paid,93.5,1,Partial possession,238,29,0,Synthetic prototype; fields modeled on public government land-acquisition systems
BHNV-01445,Tamil Nadu,Salem,National Highway,17.22,11.07,28,5,2021-03-14,2022-03-24,2023-06-18,2022-10-21,2023-12-10,2025-08-26,41.06,0.76,Partially paid,100.0,0,Pending,1107,56,0,Synthetic prototype; fields modeled on public government land-acquisition systems
BHNV-01446,Maharashtra,Aurangabad,Irrigation,43.91,34.47,81,23,2025-05-14,2026-11-13,2028-06-25,2028-09-25,2029-06-12,2030-09-09,52.58,4.0,Partially paid,100.0,1,Partial possession,1233,54,0,Synthetic prototype; fields modeled on public government land-acquisition systems
BHNV-01447,Bihar,Gaya,National Highway,221.16,197.68,359,62,2022-11-05,2025-01-23,2023-07-09,2026-06-08,2026-12-31,2027-06-14,502.94,41.3,Partially paid,92.1,11,Partial possession,647,55,0,Synthetic prototype; fields modeled on public government land-acquisition systems
BHNV-01448,Gujarat,Surat,Renewable Energy,227.63,144.05,457,78,2017-08-08,2018-11-18,2020-09-29,2019-10-14,2020-08-19,2021-12-27,915.07,42.72,Pending,73.3,13,Pending,500,62,1,Synthetic prototype; fields modeled on public government land-acquisition systems
BHNV-01449,Gujarat,Surat,Urban Development,25.4,18.38,41,9,2018-09-10,2018-10-22,2019-11-16,2021-09-21,2022-02-26,2022-11-25,108.38,3.92,Partially paid,100.0,1,Partial possession,474,48,0,Synthetic prototype; fields modeled on public government land-acquisition systems
BHNV-01450,Uttar Pradesh,Prayagraj,National Highway,13.11,9.66,19,1,2025-10-20,2026-12-27,2029-05-09,2030-01-21,2030-03-02,2030-08-12,22.21,0.64,Partially paid,100.0,0,Partial possession,608,53,0,Synthetic prototype; fields modeled on public government land-acquisition systems
BHNV-01451,Maharashtra,Aurangabad,National Highway,53.77,30.76,106,15,2020-07-08,2022-08-14,2021-08-01,2022-05-02,2023-01-22,2023-06-27,102.8,8.25,Pending,100.0,1,Pending,0,16,0,Synthetic prototype; fields modeled on public government land-acquisition systems
BHNV-01452,Odisha,Bhubaneswar,National Highway,20.69,17.73,41,5,2017-02-26,2019-05-14,2018-12-27,2020-08-21,2021-03-16,2021-12-06,17.28,2.41,Partially paid,100.0,4,Partial possession,1025,52,0,Synthetic prototype; fields modeled on public government land-acquisition systems
BHNV-01453,Rajasthan,Ajmer,Railway,44.34,39.16,76,19,2024-12-05,2027-01-27,2027-05-14,2029-03-04,2030-04-03,2032-05-02,54.43,7.1,Partially paid,100.0,3,Partial possession,2033,50,0,Synthetic prototype; fields modeled on public government land-acquisition systems
BHNV-01454,Tamil Nadu,Chennai,Renewable Energy,15.47,13.29,19,4,2024-10-01,2025-11-14,2028-03-22,2026-08-05,2026-08-21,2028-06-09,32.13,0.68,Partially paid,97.1,0,Partial possession,847,52,0,Synthetic prototype; fields modeled on public government land-acquisition systems
BHNV-01455,Rajasthan,Jodhpur,Railway,38.5,18.66,68,13,2021-08-15,2023-08-06,2024-05-19,2024-08-06,2024-10-04,2024-12-04,128.39,3.28,Pending,93.4,3,Pending,240,40,0,Synthetic prototype; fields modeled on public government land-acquisition systems
BHNV-01456,Odisha,Puri,Urban Development,13.3,8.53,21,4,2017-04-02,2018-06-26,2020-08-29,2020-05-14,2020-05-31,2021-06-21,25.02,2.31,Partially paid,91.3,1,Pending,1017,58,0,Synthetic prototype; fields modeled on public government land-acquisition systems
BHNV-01457,Odisha,Cuttack,National Highway,97.93,93.82,176,32,2021-03-29,2021-10-24,2021-08-02,2025-05-17,2026-08-23,2026-12-09,105.66,6.51,Mostly paid,100.0,3,Substantially complete,1378,47,0,Synthetic prototype; fields modeled on public government land-acquisition systems
BHNV-01458,Maharashtra,Pune,Renewable Energy,16.61,6.48,30,5,2023-02-14,2024-12-12,2026-05-18,2026-08-23,2028-04-04,2030-05-19,58.2,2.5,Pending,92.4,3,Pending,1951,68,1,Synthetic prototype; fields modeled on public government land-acquisition systems
BHNV-01459,Odisha,Sambalpur,Renewable Energy,58.04,44.92,108,15,2023-01-13,2023-11-21,2026-05-21,2025-02-18,2025-07-17,2026-07-22,146.67,5.56,Partially paid,97.1,3,Partial possession,596,54,0,Synthetic prototype; fields modeled on public government land-acquisition systems
BHNV-01460,Uttar Pradesh,Kanpur Nagar,Industrial Corridor,8.46,4.09,14,3,2024-08-26,2025-11-16,2027-06-17,2027-08-04,2028-06-04,2029-12-02,23.02,0.39,Pending,100.0,0,Pending,1016,64,1,Synthetic prototype; fields modeled on public government land-acquisition systems
BHNV-01461,Bihar,Gaya,Urban Development,65.44,52.65,118,17,2018-04-25,2019-05-15,2019-08-25,2019-07-28,2020-05-15,2022-04-21,131.29,5.0,Partially paid,100.0,2,Partial possession,480,46,0,Synthetic prototype; fields modeled on public government land-acquisition systems
BHNV-01462,Odisha,Puri,Renewable Energy,11.4,9.27,15,1,2024-09-17,2026-09-18,2028-01-17,2029-10-17,2030-04-25,2031-02-05,34.98,1.6,Mostly paid,98.2,0,Partial possession,1529,50,0,Synthetic prototype; fields modeled on public government land-acquisition systems
BHNV-01463,Rajasthan,Ajmer,National Highway,38.91,19.64,76,17,2017-07-04,2017-08-18,2020-10-06,2018-07-22,2019-05-14,2020-07-30,159.37,8.44,Pending,96.8,2,Pending,45,22,0,Synthetic prototype; fields modeled on public government land-acquisition systems
BHNV-01464,Odisha,Puri,National Highway,83.36,52.64,154,30,2019-11-21,2020-10-30,2020-11-04,2026-06-11,2026-10-23,2028-08-15,237.48,9.55,Partially paid,97.8,2,Pending,2155,58,0,Synthetic prototype; fields modeled on public government land-acquisition systems
BHNV-01465,Uttar Pradesh,Prayagraj,Renewable Energy,24.53,8.84,41,8,2021-06-17,2022-12-31,2022-02-13,2026-12-25,2027-07-01,2029-08-02,72.95,3.37,Pending,95.2,0,Pending,2387,70,1,Synthetic prototype; fields modeled on public government land-acquisition systems
BHNV-01466,Karnataka,Mysuru,Railway,10.71,2.31,20,3,2021-08-20,2021-10-04,2022-08-21,2023-10-20,2025-01-15,2027-01-01,23.37,1.44,Pending,91.7,0,Pending,858,74,1,Synthetic prototype; fields modeled on public government land-acquisition systems
BHNV-01467,Karnataka,Mangaluru,Urban Development,49.25,44.74,96,16,2020-07-03,2021-11-09,2021-05-13,2025-11-25,2027-03-13,2029-03-20,54.46,4.61,Mostly paid,100.0,1,Substantially complete,1999,48,0,Synthetic prototype; fields modeled on public government land-acquisition systems
BHNV-01468,Gujarat,Surat,National Highway,12.92,7.58,15,3,2017-05-11,2018-09-15,2018-12-20,2021-10-29,2022-10-19,2023-01-05,30.82,0.82,Pending,100.0,2,Pending,1019,61,1,Synthetic prototype; fields modeled on public government land-acquisition systems
BHNV-01469,Tamil Nadu,Coimbatore,Renewable Energy,20.0,19.06,45,10,2024-06-14,2026-09-02,2026-01-30,2027-10-14,2028-02-26,2028-08-22,84.42,3.27,Partially paid,93.8,0,Substantially complete,485,43,0,Synthetic prototype; fields modeled on public government land-acquisition systems
BHNV-01470,Madhya Pradesh,Jabalpur,National Highway,39.07,32.54,80,14,2024-07-01,2026-01-26,2026-01-31,2029-02-06,2030-09-18,2031-10-26,129.59,7.16,Partially paid,100.0,4,Partial possession,1912,53,0,Synthetic prototype; fields modeled on public government land-acquisition systems
BHNV-01471,Bihar,Gaya,Renewable Energy,116.82,102.89,203,32,2023-08-24,2025-08-16,2025-09-04,2024-10-25,2026-03-16,2027-07-12,305.35,11.16,Partially paid,86.5,4,Partial possession,742,52,0,Synthetic prototype; fields modeled on public government land-acquisition systems
BHNV-01472,West Bengal,Howrah,Urban Development,30.77,29.18,54,13,2022-12-11,2023-03-19,2023-03-21,2027-11-11,2028-08-27,2030-03-14,95.3,4.85,Mostly paid,98.9,0,Substantially complete,1495,47,0,Synthetic prototype; fields modeled on public government land-acquisition systems
BHNV-01473,Gujarat,Ahmedabad,Renewable Energy,30.66,20.31,57,12,2024-12-03,2026-02-16,2028-01-09,2029-03-20,2029-05-02,2031-05-13,87.89,6.62,Partially paid,100.0,0,Partial possession,1638,54,0,Synthetic prototype; fields modeled on public government land-acquisition systems
BHNV-01474,Tamil Nadu,Coimbatore,Industrial Corridor,62.65,50.08,96,20,2023-08-15,2023-11-04,2026-03-12,2028-08-12,2029-04-27,2030-10-24,261.62,2.16,Partially paid,87.9,4,Partial possession,1987,56,0,Synthetic prototype; fields modeled on public government land-acquisition systems
BHNV-01475,Karnataka,Mangaluru,Renewable Energy,31.51,25.63,68,9,2022-11-10,2023-02-12,2024-03-03,2026-12-06,2027-11-06,2029-12-25,51.31,2.47,Mostly paid,100.0,0,Partial possession,1835,49,0,Synthetic prototype; fields modeled on public government land-acquisition systems
BHNV-01476,Rajasthan,Kota,Renewable Energy,56.57,38.04,78,13,2024-07-19,2026-11-07,2027-02-17,2027-02-13,2028-02-14,2029-10-06,231.27,8.71,Partially paid,100.0,1,Partial possession,1267,56,0,Synthetic prototype; fields modeled on public government land-acquisition systems
BHNV-01477,West Bengal,Howrah,Urban Development,88.11,57.85,156,25,2025-02-24,2027-07-20,2028-08-14,2028-04-22,2029-10-20,2031-08-18,294.93,4.24,Partially paid,100.0,4,Partial possession,1820,57,0,Synthetic prototype; fields modeled on public government land-acquisition systems
BHNV-01478,Tamil Nadu,Salem,Renewable Energy,21.59,5.83,43,6,2022-11-16,2024-12-24,2023-12-22,2029-02-02,2029-05-08,2029-06-08,27.48,4.15,Pending,100.0,0,Pending,1837,69,1,Synthetic prototype; fields modeled on public government land-acquisition systems
BHNV-01479,Tamil Nadu,Chennai,Urban Development,2.0,1.59,5,1,2021-09-21,2023-01-30,2023-10-10,2025-10-20,2026-08-23,2028-05-05,4.35,0.41,Partially paid,91.0,0,Partial possession,1358,53,0,Synthetic prototype; fields modeled on public government land-acquisition systems
BHNV-01480,Gujarat,Surat,Industrial Corridor,13.22,9.34,27,4,2017-06-22,2019-07-25,2021-09-09,2019-04-28,2020-03-01,2022-03-31,31.92,0.67,Partially paid,99.9,1,Partial possession,680,54,0,Synthetic prototype; fields modeled on public government land-acquisition systems
BHNV-01481,West Bengal,Hooghly,Urban Development,100.35,78.35,177,37,2017-07-21,2018-05-18,2020-01-15,2023-07-02,2024-11-24,2025-10-05,111.07,3.55,Mostly paid,100.0,3,Partial possession,2438,51,0,Synthetic prototype; fields modeled on public government land-acquisition systems
BHNV-01482,Maharashtra,Pune,National Highway,28.97,22.23,43,11,2016-04-30,2017-08-11,2019-11-23,2019-05-02,2020-08-16,2020-11-26,82.58,3.02,Partially paid,89.3,2,Partial possession,1077,55,0,Synthetic prototype; fields modeled on public government land-acquisition systems
BHNV-01483,Madhya Pradesh,Gwalior,Urban Development,21.35,16.81,35,2,2023-04-26,2024-11-05,2027-02-25,2029-06-07,2030-12-31,2032-07-30,37.57,1.11,Partially paid,94.0,1,Partial possession,2252,55,0,Synthetic prototype; fields modeled on public government land-acquisition systems
BHNV-01484,Maharashtra,Aurangabad,Industrial Corridor,96.23,54.47,177,26,2016-11-11,2018-12-10,2020-05-01,2018-03-10,2018-05-23,2019-02-06,240.1,18.98,Pending,100.0,5,Pending,0,16,0,Synthetic prototype; fields modeled on public government land-acquisition systems
BHNV-01485,West Bengal,Hooghly,Irrigation,27.08,24.67,45,16,2024-05-27,2025-03-25,2025-08-08,2028-03-12,2029-09-20,2031-01-14,65.63,3.06,Partially paid,100.0,0,Substantially complete,1884,49,0,Synthetic prototype; fields modeled on public government land-acquisition systems
BHNV-01486,Maharashtra,Nagpur,Renewable Energy,3.7,3.17,5,1,2019-02-12,2020-06-14,2023-06-13,2021-04-11,2022-05-10,2023-08-09,10.1,0.22,Partially paid,100.0,0,Partial possession,794,51,0,Synthetic prototype; fields modeled on public government land-acquisition systems
BHNV-01487,Uttar Pradesh,Varanasi,Urban Development,6.65,6.52,9,0,2017-09-12,2020-01-09,2021-09-05,2018-07-30,2019-07-03,2019-11-07,26.14,0.33,Mostly paid,100.0,0,Substantially complete,0,0,0,Synthetic prototype; fields modeled on public government land-acquisition systems
BHNV-01488,Karnataka,Mangaluru,Renewable Energy,45.54,40.26,90,13,2017-03-29,2017-10-17,2021-01-20,2020-11-23,2021-02-07,2022-05-09,167.99,9.32,Mostly paid,90.0,2,Partial possession,931,50,0,Synthetic prototype; fields modeled on public government land-acquisition systems
BHNV-01489,Uttar Pradesh,Prayagraj,Railway,28.03,20.05,55,16,2023-06-27,2025-02-13,2026-06-29,2027-06-28,2027-12-05,2027-12-27,112.96,5.05,Partially paid,100.0,0,Partial possession,739,53,0,Synthetic prototype; fields modeled on public government land-acquisition systems
BHNV-01490,Odisha,Sambalpur,National Highway,128.34,109.83,203,44,2023-04-25,2025-10-01,2026-11-25,2023-11-12,2024-11-22,2026-06-08,374.46,18.63,Mostly paid,97.6,6,Partial possession,430,42,0,Synthetic prototype; fields modeled on public government land-acquisition systems
BHNV-01491,Maharashtra,Aurangabad,National Highway,14.39,7.74,27,3,2017-09-03,2019-03-07,2019-10-08,2020-08-29,2020-11-04,2022-05-31,44.3,0.77,Pending,100.0,0,Pending,1194,62,1,Synthetic prototype; fields modeled on public government land-acquisition systems
BHNV-01492,Odisha,Sambalpur,Railway,21.99,12.25,49,3,2020-03-23,2021-08-31,2023-10-09,2022-12-16,2024-02-05,2024-05-29,52.62,4.04,Pending,84.6,6,Pending,561,64,1,Synthetic prototype; fields modeled on public government land-acquisition systems
BHNV-01493,Rajasthan,Jaipur,Railway,12.37,3.85,18,0,2018-08-16,2020-11-17,2020-01-01,2020-11-21,2022-06-21,2023-06-15,42.72,1.93,Pending,96.7,1,Pending,948,70,1,Synthetic prototype; fields modeled on public government land-acquisition systems
BHNV-01494,Bihar,Bhagalpur,Urban Development,17.8,8.35,36,7,2021-07-01,2023-10-13,2025-11-08,2027-04-05,2028-07-11,2030-06-10,27.73,3.48,Pending,93.1,1,Pending,2556,64,1,Synthetic prototype; fields modeled on public government land-acquisition systems
BHNV-01495,Rajasthan,Ajmer,Railway,4.52,3.88,6,0,2017-10-08,2019-04-24,2018-09-19,2019-07-30,2019-11-04,2021-12-10,11.56,0.19,Mostly paid,100.0,0,Partial possession,942,49,0,Synthetic prototype; fields modeled on public government land-acquisition systems
BHNV-01496,West Bengal,Kolkata,Irrigation,20.38,14.48,42,14,2018-02-01,2018-05-13,2019-11-21,2024-01-14,2025-02-10,2026-06-20,70.16,4.83,Partially paid,100.0,1,Partial possession,2206,56,0,Synthetic prototype; fields modeled on public government land-acquisition systems
BHNV-01497,Tamil Nadu,Chennai,Renewable Energy,28.45,19.29,50,7,2019-09-22,2022-03-06,2022-02-15,2022-12-06,2024-03-22,2026-03-09,104.64,1.35,Pending,100.0,0,Partial possession,1231,57,0,Synthetic prototype; fields modeled on public government land-acquisition systems
BHNV-01498,Karnataka,Bengaluru Urban,Renewable Energy,26.15,24.48,66,14,2016-08-27,2019-01-13,2017-03-25,2020-08-30,2020-12-03,2021-11-24,44.91,5.0,Mostly paid,88.2,5,Substantially complete,877,51,0,Synthetic prototype; fields modeled on public government land-acquisition systems
BHNV-01499,Maharashtra,Pune,Industrial Corridor,257.12,144.4,473,81,2023-08-13,2024-03-01,2026-08-04,2024-04-22,2025-10-02,2026-06-07,378.41,54.16,Pending,86.7,8,Pending,321,47,0,Synthetic prototype; fields modeled on public government land-acquisition systems
BHNV-01500,Gujarat,Ahmedabad,Railway,187.44,130.54,341,54,2019-11-10,2021-09-04,2022-05-10,2024-06-26,2025-05-15,2026-01-19,350.06,34.86,Partially paid,100.0,7,Partial possession,1126,57,0,Synthetic prototype; fields modeled on public government land-acquisition systems
BHNV-01501,Bihar,Bhagalpur,Railway,14.14,4.48,24,5,2019-03-14,2020-12-05,2023-02-07,2020-01-16,2021-06-07,2021-10-25,59.45,2.11,Pending,100.0,0,Pending,181,39,0,Synthetic prototype; fields modeled on public government land-acquisition systems
BHNV-01502,Madhya Pradesh,Gwalior,Irrigation,3.88,3.07,9,0,2022-08-21,2024-09-24,2025-06-15,2023-12-13,2024-08-19,2026-07-24,4.96,0.95,Partially paid,100.0,0,Partial possession,442,45,0,Synthetic prototype; fields modeled on public government land-acquisition systems
BHNV-01503,Madhya Pradesh,Gwalior,National Highway,27.13,22.56,47,11,2021-08-13,2022-06-30,2024-04-24,2026-10-14,2026-12-04,2028-04-08,117.38,4.1,Partially paid,100.0,1,Partial possession,1633,51,0,Synthetic prototype; fields modeled on public government land-acquisition systems
BHNV-01504,Madhya Pradesh,Gwalior,National Highway,43.66,22.39,76,14,2023-10-12,2026-03-25,2026-07-16,2028-12-22,2029-11-26,2031-10-26,195.63,1.94,Partially paid,98.4,0,Pending,1853,60,0,Synthetic prototype; fields modeled on public government land-acquisition systems
BHNV-01505,Maharashtra,Aurangabad,Renewable Energy,12.67,11.41,23,7,2023-12-03,2024-09-09,2028-04-16,2027-06-05,2027-08-14,2028-09-03,46.86,1.27,Partially paid,82.3,0,Substantially complete,1179,52,0,Synthetic prototype; fields modeled on public government land-acquisition systems
BHNV-01506,Madhya Pradesh,Ujjain,Renewable Energy,13.32,10.19,29,8,2025-04-22,2026-07-04,2027-09-29,2027-05-06,2027-09-18,2028-01-30,48.13,1.82,Partially paid,97.5,2,Partial possession,218,26,0,Synthetic prototype; fields modeled on public government land-acquisition systems
BHNV-01507,Uttar Pradesh,Gorakhpur,Urban Development,145.85,102.11,264,68,2016-07-15,2018-11-01,2017-08-10,2018-07-12,2019-06-05,2020-12-12,631.12,19.7,Partially paid,90.6,4,Partial possession,653,58,0,Synthetic prototype; fields modeled on public government land-acquisition systems
BHNV-01508,Bihar,Patna,Irrigation,23.16,20.29,29,3,2022-09-02,2023-10-03,2026-06-08,2028-07-03,2029-02-13,2030-09-10,43.42,1.25,Partially paid,100.0,2,Partial possession,1800,51,0,Synthetic prototype; fields modeled on public government land-acquisition systems
BHNV-01509,Uttar Pradesh,Varanasi,Industrial Corridor,58.1,28.43,104,28,2016-09-17,2017-06-29,2017-06-18,2020-01-08,2020-05-04,2020-11-13,74.21,11.24,Pending,98.5,2,Pending,623,64,1,Synthetic prototype; fields modeled on public government land-acquisition systems
BHNV-01510,Tamil Nadu,Salem,Industrial Corridor,11.82,8.92,25,4,2023-04-04,2024-10-09,2023-10-29,2027-03-15,2028-06-10,2028-09-26,45.45,1.07,Partially paid,97.3,2,Partial possession,1129,53,0,Synthetic prototype; fields modeled on public government land-acquisition systems
BHNV-01511,Bihar,Gaya,Irrigation,28.31,14.1,49,7,2020-11-29,2022-03-13,2023-10-26,2023-02-23,2023-04-16,2024-11-17,40.55,4.2,Pending,100.0,0,Pending,888,62,1,Synthetic prototype; fields modeled on public government land-acquisition systems
BHNV-01512,Uttar Pradesh,Agra,Industrial Corridor,21.41,11.33,40,9,2021-05-11,2022-05-10,2025-05-13,2026-04-27,2027-06-29,2029-07-30,20.73,4.31,Pending,99.8,1,Pending,2057,61,1,Synthetic prototype; fields modeled on public government land-acquisition systems
BHNV-01513,Bihar,Gaya,National Highway,15.25,9.16,16,2,2016-04-03,2018-01-22,2018-11-06,2022-06-29,2023-02-22,2024-01-04,23.29,1.49,Pending,98.0,1,Pending,2246,61,1,Synthetic prototype; fields modeled on public government land-acquisition systems
BHNV-01514,Tamil Nadu,Madurai,Industrial Corridor,95.14,73.41,163,32,2019-07-04,2020-10-10,2022-08-14,2020-04-28,2021-03-01,2022-05-07,230.26,5.48,Partially paid,92.7,3,Partial possession,0,10,0,Synthetic prototype; fields modeled on public government land-acquisition systems
BHNV-01515,Odisha,Sambalpur,Industrial Corridor,7.47,4.82,9,3,2016-05-15,2018-05-04,2018-07-16,2020-07-31,2021-01-16,2022-09-08,19.66,1.04,Pending,86.0,0,Pending,1409,60,0,Synthetic prototype; fields modeled on public government land-acquisition systems
BHNV-01516,Maharashtra,Nashik,Irrigation,40.45,34.0,82,17,2023-01-16,2024-05-20,2026-12-31,2024-12-10,2025-01-25,2026-05-06,41.71,2.39,Partially paid,100.0,2,Partial possession,583,52,0,Synthetic prototype; fields modeled on public government land-acquisition systems
BHNV-01517,Maharashtra,Nashik,Irrigation,21.01,14.92,37,5,2021-06-26,2022-05-29,2024-05-24,2024-01-23,2024-09-27,2025-12-02,51.28,1.48,Partially paid,85.6,2,Partial possession,602,57,0,Synthetic prototype; fields modeled on public government land-acquisition systems
BHNV-01518,Madhya Pradesh,Ujjain,Industrial Corridor,45.37,35.57,92,16,2022-12-20,2024-11-21,2023-05-11,2027-09-23,2029-02-07,2029-06-23,137.74,3.12,Partially paid,100.0,4,Partial possession,1232,54,0,Synthetic prototype; fields modeled on public government land-acquisition systems
BHNV-01519,Rajasthan,Ajmer,Railway,21.29,7.97,42,7,2019-04-16,2019-08-18,2020-10-27,2021-11-04,2023-06-11,2023-08-21,90.43,3.64,Pending,96.3,0,Pending,806,68,1,Synthetic prototype; fields modeled on public government land-acquisition systems
BHNV-01520,Madhya Pradesh,Indore,Irrigation,71.32,50.67,131,23,2021-11-29,2023-02-10,2025-04-07,2026-12-29,2027-12-11,2030-02-17,117.04,13.2,Partially paid,69.2,5,Partial possession,1989,59,0,Synthetic prototype; fields modeled on public government land-acquisition systems
BHNV-01521,West Bengal,Kolkata,Urban Development,11.71,7.59,20,2,2019-07-11,2021-11-12,2021-09-22,2025-01-06,2025-02-06,2025-07-09,18.51,0.88,Pending,100.0,0,Pending,1019,58,0,Synthetic prototype; fields modeled on public government land-acquisition systems
BHNV-01522,Uttar Pradesh,Kanpur Nagar,Urban Development,95.35,87.5,166,29,2025-07-17,2026-01-30,2028-08-22,2028-10-26,2029-12-28,2030-07-29,213.67,19.58,Mostly paid,96.8,2,Substantially complete,1182,48,0,Synthetic prototype; fields modeled on public government land-acquisition systems
BHNV-01523,Bihar,Bhagalpur,National Highway,29.11,21.22,54,10,2017-01-03,2017-04-29,2017-09-08,2022-05-10,2023-01-19,2025-01-23,129.23,1.83,Partially paid,100.0,3,Partial possession,2217,54,0,Synthetic prototype; fields modeled on public government land-acquisition systems
BHNV-01524,Rajasthan,Jaipur,Industrial Corridor,7.94,6.33,10,2,2018-07-24,2018-08-25,2019-10-04,2023-12-06,2024-10-01,2026-12-09,16.23,0.52,Partially paid,92.0,0,Partial possession,1906,54,0,Synthetic prototype; fields modeled on public government land-acquisition systems
BHNV-01525,Tamil Nadu,Coimbatore,Railway,59.16,46.79,87,19,2025-06-11,2026-07-17,2028-06-17,2028-10-17,2029-10-12,2030-10-22,56.93,6.01,Partially paid,93.7,4,Partial possession,1066,53,0,Synthetic prototype; fields modeled on public government land-acquisition systems
BHNV-01526,West Bengal,Howrah,National Highway,24.56,19.71,48,9,2018-02-06,2019-08-17,2018-12-26,2022-09-15,2023-10-09,2025-08-03,43.78,4.84,Partially paid,100.0,0,Partial possession,1970,52,0,Synthetic prototype; fields modeled on public government land-acquisition systems
BHNV-01527,Tamil Nadu,Madurai,Industrial Corridor,5.43,5.07,5,0,2023-03-18,2025-01-17,2026-08-02,2028-04-28,2028-05-28,2029-07-26,15.56,0.29,Mostly paid,100.0,0,Substantially complete,1557,47,0,Synthetic prototype; fields modeled on public government land-acquisition systems
BHNV-01528,Maharashtra,Nagpur,Irrigation,41.78,32.6,66,13,2025-06-16,2025-08-07,2026-09-12,2029-01-19,2029-10-20,2031-08-11,97.2,2.51,Mostly paid,100.0,4,Partial possession,1199,52,0,Synthetic prototype; fields modeled on public government land-acquisition systems
BHNV-01529,Maharashtra,Nashik,Urban Development,81.99,69.6,141,29,2017-11-03,2018-03-10,2021-02-22,2023-04-05,2024-04-14,2025-10-08,300.46,9.38,Partially paid,99.4,4,Partial possession,2109,52,0,Synthetic prototype; fields modeled on public government land-acquisition systems
BHNV-01530,Madhya Pradesh,Indore,Renewable Energy,108.0,88.05,179,34,2017-05-25,2019-04-24,2019-03-10,2023-10-01,2024-11-17,2026-08-08,329.07,12.11,Partially paid,100.0,2,Partial possession,2571,52,0,Synthetic prototype; fields modeled on public government land-acquisition systems
BHNV-01531,Uttar Pradesh,Lucknow,Railway,20.53,18.66,40,5,2017-12-13,2020-02-01,2018-05-27,2020-06-22,2021-10-09,2022-06-23,58.92,0.86,Mostly paid,98.4,0,Substantially complete,834,47,0,Synthetic prototype; fields modeled on public government land-acquisition systems
BHNV-01532,Rajasthan,Kota,Renewable Energy,34.65,30.62,65,10,2018-03-30,2019-10-02,2022-05-19,2024-08-01,2026-01-13,2026-04-27,69.13,1.44,Mostly paid,100.0,1,Partial possession,1978,49,0,Synthetic prototype; fields modeled on public government land-acquisition systems
BHNV-01533,Karnataka,Bengaluru Urban,Urban Development,31.52,30.39,50,13,2022-08-21,2023-08-06,2024-08-10,2024-06-21,2024-09-28,2026-03-12,89.57,2.39,Mostly paid,100.0,0,Substantially complete,401,34,0,Synthetic prototype; fields modeled on public government land-acquisition systems
BHNV-01534,West Bengal,Bardhaman,Renewable Energy,132.93,75.95,261,59,2017-06-28,2019-01-12,2020-12-07,2022-10-14,2022-12-30,2023-03-16,409.12,24.57,Pending,96.9,6,Pending,1515,63,1,Synthetic prototype; fields modeled on public government land-acquisition systems
BHNV-01535,West Bengal,Kolkata,Irrigation,13.32,10.06,14,3,2021-10-21,2024-02-17,2025-02-11,2025-09-19,2026-01-11,2026-08-25,19.49,0.79,Partially paid,98.6,1,Partial possession,742,55,0,Synthetic prototype; fields modeled on public government land-acquisition systems
BHNV-01536,Madhya Pradesh,Ujjain,Industrial Corridor,18.83,11.54,36,9,2024-04-09,2025-05-10,2024-10-09,2030-02-22,2030-12-28,2031-09-16,66.33,1.48,Pending,96.7,0,Pending,2134,59,0,Synthetic prototype; fields modeled on public government land-acquisition systems
BHNV-01537,Maharashtra,Pune,Irrigation,13.0,11.45,18,6,2017-05-18,2017-12-17,2018-04-09,2019-05-16,2019-11-08,2021-10-26,29.3,0.56,Partially paid,100.0,0,Partial possession,949,50,0,Synthetic prototype; fields modeled on public government land-acquisition systems
BHNV-01538,Madhya Pradesh,Ujjain,Renewable Energy,7.03,6.97,14,2,2025-05-16,2026-08-05,2029-02-27,2026-04-17,2026-10-26,2028-03-20,24.93,0.67,Mostly paid,100.0,1,Substantially complete,112,10,0,Synthetic prototype; fields modeled on public government land-acquisition systems
BHNV-01539,Bihar,Patna,Irrigation,38.39,28.87,64,12,2018-03-15,2020-04-11,2020-11-30,2022-10-11,2024-01-12,2024-03-22,55.95,4.36,Partially paid,98.5,1,Partial possession,1112,54,0,Synthetic prototype; fields modeled on public government land-acquisition systems
BHNV-01540,Rajasthan,Alwar,Urban Development,148.61,86.6,303,63,2017-12-10,2018-08-10,2020-12-26,2024-06-15,2025-05-23,2026-09-08,479.88,8.89,Pending,95.1,14,Pending,2404,65,1,Synthetic prototype; fields modeled on public government land-acquisition systems
BHNV-01541,Uttar Pradesh,Prayagraj,Railway,24.57,20.08,50,8,2022-06-30,2024-11-23,2022-10-27,2028-08-12,2029-07-20,2030-05-19,22.1,1.07,Partially paid,86.7,2,Partial possession,2000,54,0,Synthetic prototype; fields modeled on public government land-acquisition systems
BHNV-01542,Odisha,Puri,Irrigation,12.41,9.19,19,5,2017-01-22,2018-12-22,2020-03-25,2021-05-27,2021-07-22,2023-01-30,17.23,0.62,Partially paid,85.7,1,Partial possession,1137,57,0,Synthetic prototype; fields modeled on public government land-acquisition systems
BHNV-01543,Gujarat,Ahmedabad,Urban Development,36.12,31.06,73,16,2023-11-15,2024-07-11,2026-03-18,2028-02-29,2028-11-11,2030-03-10,147.99,6.85,Partially paid,100.0,2,Partial possession,1445,52,0,Synthetic prototype; fields modeled on public government land-acquisition systems
BHNV-01544,Gujarat,Surat,Railway,54.01,30.52,79,18,2016-08-27,2017-02-05,2020-12-10,2021-11-28,2022-11-19,2023-12-27,135.43,5.26,Pending,91.6,2,Pending,1993,61,1,Synthetic prototype; fields modeled on public government land-acquisition systems
BHNV-01545,Madhya Pradesh,Bhopal,Industrial Corridor,25.63,23.96,38,3,2024-04-11,2024-07-02,2027-02-15,2027-09-04,2027-12-18,2029-02-25,68.67,2.45,Mostly paid,90.2,0,Substantially complete,1277,48,0,Synthetic prototype; fields modeled on public government land-acquisition systems
BHNV-01546,Bihar,Bhagalpur,Renewable Energy,121.94,110.29,200,33,2019-01-02,2021-02-10,2020-01-06,2024-05-03,2024-06-14,2025-11-23,507.03,4.4,Mostly paid,100.0,5,Substantially complete,1756,50,0,Synthetic prototype; fields modeled on public government land-acquisition systems
BHNV-01547,Rajasthan,Kota,Industrial Corridor,13.3,8.93,26,3,2021-09-09,2023-09-03,2023-01-27,2023-10-08,2025-01-23,2027-01-17,34.5,2.37,Partially paid,93.0,0,Partial possession,1278,57,0,Synthetic prototype; fields modeled on public government land-acquisition systems
BHNV-01548,Karnataka,Mysuru,National Highway,22.49,16.27,35,9,2022-12-01,2023-01-22,2024-01-08,2027-09-30,2028-11-02,2030-05-27,72.46,1.41,Partially paid,89.2,0,Partial possession,2093,56,0,Synthetic prototype; fields modeled on public government land-acquisition systems
BHNV-01549,Gujarat,Surat,Urban Development,40.29,25.49,65,12,2024-06-12,2024-10-25,2028-04-20,2027-07-14,2028-11-26,2030-06-22,65.32,1.89,Pending,100.0,1,Pending,1434,59,0,Synthetic prototype; fields modeled on public government land-acquisition systems
BHNV-01550,Rajasthan,Jaipur,Railway,44.39,35.0,57,12,2023-07-27,2025-04-19,2026-08-08,2028-12-20,2029-08-11,2031-08-29,48.91,5.94,Mostly paid,100.0,0,Partial possession,1830,50,0,Synthetic prototype; fields modeled on public government land-acquisition systems
BHNV-01551,Uttar Pradesh,Varanasi,Irrigation,31.41,17.41,59,6,2019-09-01,2021-06-22,2022-02-26,2025-02-21,2025-11-26,2026-03-01,66.19,4.05,Partially paid,97.3,1,Pending,1404,60,0,Synthetic prototype; fields modeled on public government land-acquisition systems
BHNV-01552,Tamil Nadu,Coimbatore,Industrial Corridor,8.34,6.98,17,3,2016-03-08,2017-07-10,2019-05-04,2020-12-21,2021-05-05,2022-08-06,31.32,1.61,Mostly paid,92.7,1,Partial possession,1151,51,0,Synthetic prototype; fields modeled on public government land-acquisition systems
BHNV-01553,Bihar,Gaya,Railway,310.45,179.02,582,99,2024-05-11,2026-03-21,2025-09-13,2029-11-12,2030-01-11,2030-11-08,761.63,59.47,Pending,100.0,16,Pending,1805,66,1,Synthetic prototype; fields modeled on public government land-acquisition systems
BHNV-01554,Maharashtra,Thane,Urban Development,23.67,17.48,33,5,2023-01-29,2024-06-23,2027-04-17,2026-04-22,2027-02-10,2027-12-05,33.66,3.84,Partially paid,86.1,0,Partial possession,1165,55,0,Synthetic prototype; fields modeled on public government land-acquisition systems
BHNV-01555,Rajasthan,Kota,National Highway,33.46,29.94,78,9,2021-04-27,2021-09-23,2024-01-30,2022-04-28,2022-09-04,2024-01-22,94.25,6.42,Mostly paid,100.0,2,Partial possession,0,4,0,Synthetic prototype; fields modeled on public government land-acquisition systems
BHNV-01556,Uttar Pradesh,Kanpur Nagar,Industrial Corridor,55.52,18.63,97,19,2020-09-15,2022-08-18,2021-05-14,2021-08-27,2022-02-25,2023-04-03,98.62,2.6,Pending,83.1,2,Pending,0,26,0,Synthetic prototype; fields modeled on public government land-acquisition systems
BHNV-01557,Karnataka,Mangaluru,Renewable Energy,15.86,11.26,22,8,2020-07-30,2021-03-24,2022-08-14,2022-05-05,2023-07-28,2025-07-12,68.24,1.67,Partially paid,92.9,1,Partial possession,1278,55,0,Synthetic prototype; fields modeled on public government land-acquisition systems
BHNV-01558,Odisha,Cuttack,Railway,31.72,14.69,52,12,2016-10-17,2019-03-26,2019-04-13,2023-02-20,2023-11-07,2025-05-25,93.14,3.69,Pending,100.0,1,Pending,2096,64,1,Synthetic prototype; fields modeled on public government land-acquisition systems
BHNV-01559,Maharashtra,Thane,Renewable Energy,15.22,11.15,30,10,2018-09-01,2019-08-14,2021-07-14,2022-11-30,2024-04-11,2025-12-11,67.53,0.77,Pending,88.6,2,Partial possession,1638,58,0,Synthetic prototype; fields modeled on public government land-acquisition systems
BHNV-01560,Odisha,Bhubaneswar,Railway,45.4,39.38,73,16,2021-09-02,2022-09-04,2025-09-05,2024-09-24,2025-10-18,2026-12-14,43.56,3.7,Partially paid,100.0,2,Partial possession,809,52,0,Synthetic prototype; fields modeled on public government land-acquisition systems
BHNV-01561,Karnataka,Bengaluru Urban,Railway,22.74,20.79,26,7,2017-02-18,2017-08-21,2018-01-28,2021-02-09,2021-11-30,2022-11-06,19.16,1.59,Mostly paid,98.6,0,Substantially complete,933,48,0,Synthetic prototype; fields modeled on public government land-acquisition systems
BHNV-01562,Uttar Pradesh,Varanasi,Urban Development,39.2,34.53,67,13,2018-04-30,2020-07-12,2020-09-11,2023-12-11,2024-01-16,2024-07-24,100.56,2.42,Partially paid,97.1,0,Partial possession,1736,49,0,Synthetic prototype; fields modeled on public government land-acquisition systems
BHNV-01563,Gujarat,Ahmedabad,Urban Development,10.52,7.59,17,3,2024-03-28,2026-09-11,2026-11-28,2029-05-14,2029-08-04,2031-01-21,41.97,0.35,Partially paid,96.7,1,Partial possession,1804,55,0,Synthetic prototype; fields modeled on public government land-acquisition systems
BHNV-01564,Odisha,Bhubaneswar,Urban Development,13.08,10.32,23,4,2023-06-21,2023-12-22,2026-03-28,2024-11-20,2025-01-31,2026-03-04,35.84,2.2,Mostly paid,100.0,0,Partial possession,0,5,0,Synthetic prototype; fields modeled on public government land-acquisition systems
BHNV-01565,Maharashtra,Nagpur,Irrigation,7.65,6.23,18,5,2024-07-04,2026-11-22,2027-08-06,2025-02-24,2026-08-19,2027-05-18,30.92,1.89,Partially paid,100.0,0,Partial possession,248,28,0,Synthetic prototype; fields modeled on public government land-acquisition systems
BHNV-01566,Madhya Pradesh,Gwalior,Railway,14.72,13.02,32,4,2021-11-18,2023-01-15,2024-09-02,2026-12-15,2027-09-19,2028-09-14,18.89,1.37,Partially paid,98.0,1,Partial possession,1732,52,0,Synthetic prototype; fields modeled on public government land-acquisition systems
BHNV-01567,West Bengal,Hooghly,Industrial Corridor,2.29,1.5,2,0,2017-06-29,2018-12-15,2020-05-02,2018-09-26,2019-12-07,2020-09-18,7.76,0.04,Partially paid,100.0,0,Partial possession,188,27,0,Synthetic prototype; fields modeled on public government land-acquisition systems
BHNV-01568,Rajasthan,Jodhpur,Renewable Energy,22.04,16.54,44,12,2021-09-17,2022-08-25,2023-03-19,2025-12-01,2027-04-28,2028-01-28,71.44,4.8,Partially paid,95.2,3,Partial possession,1154,54,0,Synthetic prototype; fields modeled on public government land-acquisition systems
BHNV-01569,Gujarat,Rajkot,Urban Development,17.56,9.27,28,0,2022-03-08,2024-06-12,2023-03-08,2025-05-12,2026-03-13,2027-04-27,49.46,0.94,Pending,100.0,5,Pending,712,63,1,Synthetic prototype; fields modeled on public government land-acquisition systems
BHNV-01570,Odisha,Bhubaneswar,Urban Development,34.85,25.37,52,15,2018-01-11,2018-10-26,2021-10-04,2019-06-29,2019-12-29,2021-12-04,80.12,3.14,Partially paid,87.5,1,Partial possession,228,30,0,Synthetic prototype; fields modeled on public government land-acquisition systems
BHNV-01571,Tamil Nadu,Madurai,Renewable Energy,31.33,28.2,65,14,2020-12-19,2021-06-23,2021-12-03,2022-04-30,2023-11-25,2024-05-11,100.07,3.68,Mostly paid,81.2,0,Substantially complete,483,45,0,Synthetic prototype; fields modeled on public government land-acquisition systems
BHNV-01572,Rajasthan,Jodhpur,Renewable Energy,105.33,76.13,181,33,2017-08-14,2017-09-26,2020-07-03,2021-01-09,2022-04-30,2023-10-23,298.65,6.59,Partially paid,100.0,2,Partial possession,1695,55,0,Synthetic prototype; fields modeled on public government land-acquisition systems
BHNV-01573,Madhya Pradesh,Indore,Railway,401.14,255.35,775,148,2018-01-19,2018-05-05,2021-12-03,2019-11-27,2021-06-19,2021-09-08,725.55,61.91,Pending,82.5,13,Pending,609,65,1,Synthetic prototype; fields modeled on public government land-acquisition systems
BHNV-01574,Karnataka,Mysuru,Urban Development,93.46,57.04,172,36,2022-01-28,2023-01-31,2023-11-01,2027-07-12,2028-07-13,2030-06-26,110.94,19.24,Partially paid,99.5,6,Pending,2249,61,1,Synthetic prototype; fields modeled on public government land-acquisition systems
BHNV-01575,West Bengal,Bardhaman,Renewable Energy,19.05,10.78,35,4,2018-04-17,2019-06-29,2020-04-17,2021-06-21,2022-03-02,2023-02-27,42.49,2.5,Pending,100.0,0,Pending,672,61,1,Synthetic prototype; fields modeled on public government land-acquisition systems
BHNV-01576,Uttar Pradesh,Varanasi,Irrigation,18.29,8.02,39,5,2022-10-25,2023-12-22,2026-02-08,2024-08-24,2025-06-17,2025-09-02,49.31,4.57,Pending,100.0,0,Pending,485,60,0,Synthetic prototype; fields modeled on public government land-acquisition systems
BHNV-01577,Madhya Pradesh,Indore,Irrigation,71.43,23.53,141,19,2024-07-27,2026-12-20,2027-04-29,2026-09-24,2027-12-31,2029-01-04,191.54,5.51,Pending,96.5,5,Pending,945,69,1,Synthetic prototype; fields modeled on public government land-acquisition systems
BHNV-01578,Madhya Pradesh,Indore,Urban Development,5.57,4.08,13,3,2025-07-13,2026-03-19,2027-03-25,2031-07-10,2033-02-25,2033-12-17,13.23,1.36,Partially paid,100.0,0,Partial possession,2119,54,0,Synthetic prototype; fields modeled on public government land-acquisition systems
BHNV-01579,Karnataka,Bengaluru Urban,Renewable Energy,21.86,10.43,38,6,2017-06-17,2019-07-30,2021-10-07,2022-04-21,2022-07-10,2022-09-03,43.97,1.74,Pending,91.5,2,Pending,1115,65,1,Synthetic prototype; fields modeled on public government land-acquisition systems
BHNV-01580,Bihar,Bhagalpur,Railway,23.61,14.84,44,11,2016-12-30,2018-04-06,2019-09-09,2018-10-06,2019-09-12,2021-03-19,49.51,1.98,Partially paid,99.0,0,Pending,929,57,0,Synthetic prototype; fields modeled on public government land-acquisition systems
BHNV-01581,Karnataka,Mangaluru,Railway,53.74,44.17,97,15,2017-01-01,2019-04-16,2019-04-14,2023-01-16,2024-04-30,2025-05-16,95.85,3.08,Mostly paid,86.5,3,Partial possession,2234,53,0,Synthetic prototype; fields modeled on public government land-acquisition systems
BHNV-01582,Bihar,Muzaffarpur,Railway,55.36,35.09,80,14,2025-05-08,2026-09-04,2026-01-06,2031-04-07,2032-08-10,2033-05-28,163.07,8.51,Partially paid,92.2,1,Pending,2261,58,0,Synthetic prototype; fields modeled on public government land-acquisition systems
BHNV-01583,Bihar,Bhagalpur,National Highway,14.23,10.81,27,5,2020-11-08,2022-09-22,2024-04-04,2021-09-02,2022-06-28,2023-02-18,56.13,2.5,Partially paid,98.6,0,Partial possession,0,9,0,Synthetic prototype; fields modeled on public government land-acquisition systems
BHNV-01584,Gujarat,Vadodara,Urban Development,19.8,8.3,35,9,2022-06-01,2024-08-01,2025-04-09,2024-10-02,2024-11-16,2026-11-29,80.29,1.9,Pending,100.0,0,Pending,919,64,1,Synthetic prototype; fields modeled on public government land-acquisition systems
BHNV-01585,Gujarat,Surat,Railway,46.76,44.51,82,15,2025-05-05,2027-08-20,2027-02-28,2028-11-03,2030-02-08,2032-02-26,209.33,4.51,Partially paid,81.2,1,Substantially complete,1591,50,0,Synthetic prototype; fields modeled on public government land-acquisition systems
BHNV-01586,Maharashtra,Nagpur,Irrigation,13.48,11.32,29,4,2023-04-07,2023-09-23,2026-10-27,2027-07-10,2028-02-23,2028-05-08,15.21,3.03,Mostly paid,73.5,1,Partial possession,1199,53,0,Synthetic prototype; fields modeled on public government land-acquisition systems
BHNV-01587,Odisha,Puri,Renewable Energy,100.09,58.5,170,28,2023-09-04,2025-02-12,2024-02-20,2026-10-11,2028-05-27,2028-09-21,159.42,19.17,Partially paid,100.0,7,Pending,891,59,0,Synthetic prototype; fields modeled on public government land-acquisition systems
BHNV-01588,Odisha,Sambalpur,Industrial Corridor,55.1,36.8,111,23,2023-01-14,2024-11-27,2025-01-15,2027-07-30,2027-09-07,2028-03-24,192.95,8.91,Partially paid,87.5,0,Partial possession,1034,58,0,Synthetic prototype; fields modeled on public government land-acquisition systems
BHNV-01589,Uttar Pradesh,Gorakhpur,Industrial Corridor,35.57,29.06,67,6,2020-07-10,2022-05-11,2023-03-25,2023-04-22,2024-05-13,2024-10-21,113.38,4.07,Partially paid,100.0,2,Partial possession,390,41,0,Synthetic prototype; fields modeled on public government land-acquisition systems
BHNV-01590,Odisha,Puri,Railway,44.3,28.75,72,14,2016-09-21,2019-02-03,2020-05-09,2019-01-29,2020-03-15,2020-06-12,57.38,1.82,Partially paid,100.0,0,Pending,858,57,0,Synthetic prototype; fields modeled on public government land-acquisition systems
BHNV-01591,Gujarat,Vadodara,Industrial Corridor,18.79,10.21,42,8,2025-11-04,2028-02-28,2028-04-22,2028-01-12,2028-12-28,2030-04-29,58.9,1.37,Partially paid,100.0,1,Pending,545,60,0,Synthetic prototype; fields modeled on public government land-acquisition systems
BHNV-01592,Maharashtra,Nagpur,Industrial Corridor,16.02,13.93,27,8,2018-11-27,2020-06-08,2019-09-02,2021-12-20,2022-10-10,2022-10-25,36.91,0.92,Mostly paid,91.3,1,Partial possession,238,24,0,Synthetic prototype; fields modeled on public government land-acquisition systems
BHNV-01593,Maharashtra,Aurangabad,National Highway,19.6,17.73,40,6,2021-07-27,2023-09-19,2023-06-19,2026-11-24,2028-06-19,2029-08-23,85.07,1.91,Partially paid,100.0,1,Substantially complete,2090,50,0,Synthetic prototype; fields modeled on public government land-acquisition systems
BHNV-01594,Bihar,Muzaffarpur,Irrigation,49.4,28.2,89,14,2024-10-07,2026-09-12,2026-08-04,2030-02-16,2031-09-01,2032-12-27,195.84,4.07,Partially paid,80.4,2,Pending,2189,62,1,Synthetic prototype; fields modeled on public government land-acquisition systems
BHNV-01595,Karnataka,Bengaluru Urban,Irrigation,36.64,18.66,62,11,2017-01-16,2019-05-27,2019-03-17,2022-08-09,2023-03-09,2024-03-22,39.24,4.61,Pending,88.7,0,Pending,1517,65,1,Synthetic prototype; fields modeled on public government land-acquisition systems
BHNV-01596,Uttar Pradesh,Lucknow,National Highway,19.63,10.85,39,6,2025-01-09,2025-05-14,2028-05-26,2028-10-11,2030-05-02,2032-03-20,22.24,4.46,Pending,91.6,1,Pending,2106,62,1,Synthetic prototype; fields modeled on public government land-acquisition systems
BHNV-01597,Bihar,Patna,National Highway,63.41,56.72,127,26,2019-03-12,2019-05-08,2023-06-06,2020-09-21,2022-01-27,2022-02-27,148.58,13.48,Mostly paid,100.0,1,Partial possession,163,17,0,Synthetic prototype; fields modeled on public government land-acquisition systems
BHNV-01598,Karnataka,Bengaluru Urban,Industrial Corridor,25.18,18.22,53,10,2022-10-14,2023-06-30,2024-11-16,2028-09-19,2030-05-06,2031-10-12,20.92,3.76,Partially paid,88.5,3,Partial possession,2660,58,0,Synthetic prototype; fields modeled on public government land-acquisition systems
BHNV-01599,Odisha,Cuttack,Urban Development,14.98,13.84,29,7,2017-01-23,2018-04-13,2018-06-12,2021-07-21,2021-10-13,2023-11-21,17.22,0.63,Mostly paid,100.0,0,Substantially complete,1589,47,0,Synthetic prototype; fields modeled on public government land-acquisition systems
BHNV-01600,Bihar,Patna,Renewable Energy,38.64,25.22,72,16,2021-10-02,2023-01-30,2024-09-21,2027-01-03,2028-06-05,2029-09-01,164.24,1.93,Partially paid,92.2,5,Partial possession,1737,58,0,Synthetic prototype; fields modeled on public government land-acquisition systems
BHNV-01601,Rajasthan,Alwar,Renewable Energy,10.88,4.66,18,6,2021-09-02,2021-10-26,2023-09-08,2026-07-14,2026-11-15,2028-05-13,40.6,1.91,Pending,98.1,0,Pending,1678,64,1,Synthetic prototype; fields modeled on public government land-acquisition systems
BHNV-01602,Odisha,Bhubaneswar,Industrial Corridor,5.54,4.07,7,1,2017-01-29,2019-01-15,2020-05-27,2019-02-23,2020-03-25,2020-06-06,18.22,0.34,Partially paid,100.0,0,Partial possession,110,19,0,Synthetic prototype; fields modeled on public government land-acquisition systems
BHNV-01603,Karnataka,Mangaluru,Renewable Energy,29.81,20.29,60,18,2023-05-04,2024-07-10,2027-03-21,2027-04-06,2028-05-21,2030-05-18,115.42,3.11,Pending,95.1,0,Partial possession,1504,58,0,Synthetic prototype; fields modeled on public government land-acquisition systems
BHNV-01604,Uttar Pradesh,Agra,National Highway,15.53,11.25,30,4,2021-12-06,2023-11-08,2026-01-30,2026-09-06,2027-11-03,2028-03-11,26.79,1.02,Partially paid,92.9,0,Partial possession,1682,55,0,Synthetic prototype; fields modeled on public government land-acquisition systems
BHNV-01605,Karnataka,Mangaluru,Irrigation,23.24,21.99,39,8,2018-09-09,2020-04-02,2021-11-12,2025-03-22,2026-03-22,2026-10-25,80.98,1.65,Mostly paid,100.0,2,Substantially complete,1813,47,0,Synthetic prototype; fields modeled on public government land-acquisition systems
BHNV-01606,Bihar,Patna,Renewable Energy,11.4,5.93,17,3,2024-11-30,2025-06-12,2026-08-08,2028-03-03,2029-09-02,2031-03-13,35.08,0.76,Partially paid,100.0,0,Pending,1250,60,0,Synthetic prototype; fields modeled on public government land-acquisition systems
BHNV-01607,Bihar,Patna,Industrial Corridor,100.38,73.59,162,34,2022-02-17,2022-10-12,2024-09-23,2025-03-02,2026-07-30,2027-02-23,395.5,9.92,Partially paid,72.7,5,Partial possession,704,58,0,Synthetic prototype; fields modeled on public government land-acquisition systems
BHNV-01608,Madhya Pradesh,Bhopal,Urban Development,15.46,13.07,29,5,2021-05-16,2023-02-18,2024-02-17,2027-04-16,2028-06-24,2029-10-23,28.54,2.39,Mostly paid,100.0,1,Partial possession,2412,49,0,Synthetic prototype; fields modeled on public government land-acquisition systems
BHNV-01609,Uttar Pradesh,Gorakhpur,Industrial Corridor,19.45,11.44,30,7,2022-12-09,2024-01-15,2024-01-28,2023-07-08,2025-01-29,2025-05-29,70.52,1.66,Pending,86.8,3,Pending,98,25,0,Synthetic prototype; fields modeled on public government land-acquisition systems
BHNV-01610,Tamil Nadu,Coimbatore,Railway,43.72,32.21,86,21,2023-05-04,2025-02-09,2026-11-19,2026-07-26,2026-11-28,2027-04-17,172.9,5.59,Pending,85.0,3,Partial possession,611,59,0,Synthetic prototype; fields modeled on public government land-acquisition systems
BHNV-01611,Odisha,Cuttack,Industrial Corridor,7.56,5.85,17,4,2017-12-21,2020-05-10,2022-02-27,2019-04-07,2019-11-16,2021-01-17,21.4,0.65,Partially paid,95.3,0,Partial possession,606,54,0,Synthetic prototype; fields modeled on public government land-acquisition systems
BHNV-01612,Maharashtra,Thane,National Highway,7.02,5.42,16,4,2022-08-28,2022-12-04,2026-06-13,2024-07-15,2025-10-11,2027-07-02,16.36,0.41,Partially paid,87.3,1,Partial possession,870,54,0,Synthetic prototype; fields modeled on public government land-acquisition systems
BHNV-01613,Uttar Pradesh,Gorakhpur,Irrigation,43.86,37.28,80,9,2023-10-30,2025-05-01,2024-03-04,2029-11-04,2030-05-15,2032-04-03,189.04,4.39,Mostly paid,100.0,0,Partial possession,2411,49,0,Synthetic prototype; fields modeled on public government land-acquisition systems
BHNV-01614,Maharashtra,Thane,Irrigation,19.2,17.12,33,4,2022-07-21,2024-05-15,2022-12-22,2025-12-20,2027-03-04,2028-08-09,27.36,0.87,Mostly paid,100.0,0,Partial possession,1377,48,0,Synthetic prototype; fields modeled on public government land-acquisition systems
BHNV-01615,Uttar Pradesh,Prayagraj,Renewable Energy,12.16,10.49,28,9,2017-04-17,2018-05-04,2018-03-31,2019-04-24,2020-03-31,2021-08-28,11.36,1.4,Partially paid,100.0,0,Partial possession,940,50,0,Synthetic prototype; fields modeled on public government land-acquisition systems
BHNV-01616,Uttar Pradesh,Varanasi,National Highway,54.78,37.06,95,19,2023-06-16,2023-10-24,2024-06-22,2028-08-16,2028-09-10,2029-01-23,80.13,9.86,Pending,100.0,3,Partial possession,919,59,0,Synthetic prototype; fields modeled on public government land-acquisition systems
BHNV-01617,Karnataka,Mysuru,Railway,13.3,7.64,34,6,2020-12-08,2021-01-07,2024-09-20,2025-11-07,2026-07-31,2028-09-04,44.27,1.93,Partially paid,100.0,2,Pending,1952,60,0,Synthetic prototype; fields modeled on public government land-acquisition systems
BHNV-01618,Uttar Pradesh,Varanasi,National Highway,22.77,21.65,37,6,2021-05-29,2022-06-13,2022-03-15,2023-07-25,2024-03-30,2025-12-11,84.68,1.46,Partially paid,100.0,1,Substantially complete,1077,48,0,Synthetic prototype; fields modeled on public government land-acquisition systems
BHNV-01619,Madhya Pradesh,Jabalpur,Industrial Corridor,12.23,9.53,19,1,2021-08-12,2021-09-17,2023-06-17,2026-12-07,2027-09-01,2028-04-10,42.22,2.09,Partially paid,99.5,0,Partial possession,1484,55,0,Synthetic prototype; fields modeled on public government land-acquisition systems
BHNV-01620,Tamil Nadu,Coimbatore,National Highway,40.59,11.5,89,15,2024-07-18,2025-06-30,2027-03-01,2029-09-20,2031-04-23,2033-02-26,95.53,7.47,Pending,98.2,4,Pending,2336,71,1,Synthetic prototype; fields modeled on public government land-acquisition systems
BHNV-01621,Bihar,Bhagalpur,National Highway,113.53,87.52,203,32,2018-07-13,2020-04-25,2022-10-29,2023-10-10,2025-02-13,2026-02-12,497.26,24.12,Partially paid,95.9,5,Partial possession,1592,55,0,Synthetic prototype; fields modeled on public government land-acquisition systems
BHNV-01622,West Bengal,Kolkata,Railway,4.66,3.95,10,1,2018-05-25,2020-10-25,2020-05-09,2023-05-16,2023-10-06,2024-04-30,11.39,0.5,Partially paid,97.4,1,Partial possession,983,50,0,Synthetic prototype; fields modeled on public government land-acquisition systems
BHNV-01623,Maharashtra,Thane,Industrial Corridor,33.54,28.45,57,10,2025-10-15,2027-04-06,2029-12-09,2029-03-01,2030-08-29,2032-06-27,148.61,2.28,Partially paid,96.0,0,Partial possession,1593,51,0,Synthetic prototype; fields modeled on public government land-acquisition systems
BHNV-01624,Bihar,Patna,Urban Development,70.57,56.12,124,23,2024-04-19,2024-11-20,2028-06-28,2025-07-05,2025-10-27,2028-01-03,296.18,6.17,Partially paid,100.0,3,Partial possession,531,52,0,Synthetic prototype; fields modeled on public government land-acquisition systems
BHNV-01625,West Bengal,Howrah,Urban Development,19.66,11.02,34,4,2024-12-26,2027-01-22,2028-01-17,2028-10-27,2029-08-27,2030-10-08,45.34,3.44,Pending,100.0,1,Pending,1385,61,1,Synthetic prototype; fields modeled on public government land-acquisition systems
BHNV-01626,Tamil Nadu,Madurai,Irrigation,9.67,7.7,18,3,2018-08-30,2020-01-03,2020-10-10,2019-11-29,2021-07-04,2022-11-27,13.5,0.63,Mostly paid,100.0,0,Partial possession,860,50,0,Synthetic prototype; fields modeled on public government land-acquisition systems
BHNV-01627,Tamil Nadu,Salem,Renewable Energy,45.65,33.41,93,22,2025-11-08,2026-11-15,2027-12-30,2031-12-29,2032-08-25,2033-10-05,51.69,4.1,Partially paid,99.3,2,Partial possession,1709,54,0,Synthetic prototype; fields modeled on public government land-acquisition systems
BHNV-01628,Maharashtra,Nashik,National Highway,81.59,37.33,160,28,2025-03-08,2027-01-01,2025-10-02,2026-07-30,2026-12-16,2028-12-12,225.72,14.43,Pending,100.0,3,Pending,579,65,1,Synthetic prototype; fields modeled on public government land-acquisition systems
BHNV-01629,Maharashtra,Thane,Irrigation,73.0,37.78,124,27,2017-01-13,2019-01-25,2019-02-03,2020-12-21,2022-03-18,2024-02-04,264.54,11.63,Pending,86.0,2,Pending,1890,65,1,Synthetic prototype; fields modeled on public government land-acquisition systems
BHNV-01630,Tamil Nadu,Madurai,Railway,43.2,37.29,74,18,2025-04-20,2025-05-27,2028-04-04,2028-10-29,2030-05-30,2030-09-30,62.7,8.58,Partially paid,90.3,2,Partial possession,1297,54,0,Synthetic prototype; fields modeled on public government land-acquisition systems
BHNV-01631,West Bengal,Howrah,Urban Development,33.05,21.03,61,7,2019-08-14,2021-04-10,2022-12-22,2021-11-26,2022-11-22,2024-03-20,65.35,7.2,Partially paid,100.0,4,Pending,668,58,0,Synthetic prototype; fields modeled on public government land-acquisition systems
BHNV-01632,Uttar Pradesh,Gorakhpur,National Highway,12.19,6.55,11,0,2021-12-25,2022-06-08,2022-11-15,2024-09-16,2025-04-01,2026-03-31,38.19,0.95,Pending,100.0,2,Pending,1049,61,1,Synthetic prototype; fields modeled on public government land-acquisition systems
BHNV-01633,Odisha,Cuttack,Railway,71.18,62.61,142,25,2016-05-04,2017-06-20,2017-07-30,2020-02-09,2021-02-08,2023-04-08,178.32,7.99,Mostly paid,73.9,4,Partial possession,1444,52,0,Synthetic prototype; fields modeled on public government land-acquisition systems
BHNV-01634,Rajasthan,Jodhpur,Renewable Energy,67.35,53.19,119,22,2024-02-29,2024-10-01,2027-09-04,2030-06-04,2031-11-15,2033-11-20,204.36,7.77,Partially paid,97.1,2,Partial possession,2910,52,0,Synthetic prototype; fields modeled on public government land-acquisition systems
BHNV-01635,Bihar,Bhagalpur,Railway,9.6,6.57,16,2,2025-06-25,2027-04-24,2029-08-30,2030-10-01,2031-10-28,2032-04-08,31.7,1.02,Partially paid,95.3,0,Partial possession,1493,55,0,Synthetic prototype; fields modeled on public government land-acquisition systems
BHNV-01636,Karnataka,Mysuru,National Highway,43.14,18.34,81,13,2019-11-26,2020-12-31,2023-11-12,2025-05-17,2026-09-08,2027-06-05,95.28,4.76,Pending,100.0,2,Pending,2055,65,1,Synthetic prototype; fields modeled on public government land-acquisition systems
BHNV-01637,Bihar,Muzaffarpur,Renewable Energy,57.56,42.25,99,19,2017-04-24,2018-12-05,2017-12-24,2023-06-20,2024-06-08,2025-07-16,213.44,5.33,Partially paid,100.0,6,Partial possession,1984,56,0,Synthetic prototype; fields modeled on public government land-acquisition systems
BHNV-01638,Karnataka,Mangaluru,Railway,72.39,55.13,137,13,2025-07-04,2026-01-15,2029-11-08,2026-04-08,2026-09-10,2027-04-11,246.17,5.04,Partially paid,79.9,4,Partial possession,0,12,0,Synthetic prototype; fields modeled on public government land-acquisition systems
BHNV-01639,West Bengal,Kolkata,Renewable Energy,27.8,20.9,48,14,2023-03-02,2024-12-29,2025-12-10,2027-05-30,2027-10-02,2029-01-01,92.96,2.72,Partially paid,97.6,2,Partial possession,1494,54,0,Synthetic prototype; fields modeled on public government land-acquisition systems
BHNV-01640,Karnataka,Bengaluru Urban,National Highway,12.71,11.34,24,3,2019-10-17,2022-02-06,2023-03-25,2022-01-13,2022-10-15,2023-05-03,17.2,2.81,Partially paid,100.0,1,Partial possession,765,49,0,Synthetic prototype; fields modeled on public government land-acquisition systems
BHNV-01641,Maharashtra,Pune,National Highway,18.14,16.9,31,9,2021-10-14,2022-09-29,2025-02-11,2026-06-08,2026-12-27,2027-12-20,46.34,3.35,Mostly paid,98.9,2,Substantially complete,1480,48,0,Synthetic prototype; fields modeled on public government land-acquisition systems
BHNV-01642,Odisha,Sambalpur,Renewable Energy,10.94,9.65,23,2,2025-07-31,2027-07-19,2026-08-07,2029-11-25,2030-12-15,2032-11-05,32.11,1.88,Mostly paid,69.5,0,Partial possession,2113,52,0,Synthetic prototype; fields modeled on public government land-acquisition systems
BHNV-01643,Odisha,Bhubaneswar,Industrial Corridor,28.47,26.58,51,7,2023-12-09,2025-12-22,2025-09-02,2027-08-17,2028-08-23,2028-12-23,46.62,2.0,Mostly paid,98.0,3,Substantially complete,1114,48,0,Synthetic prototype; fields modeled on public government land-acquisition systems
BHNV-01644,Maharashtra,Nashik,Irrigation,23.41,15.38,36,5,2025-11-01,2026-05-06,2029-06-10,2029-01-21,2029-11-04,2031-07-06,84.43,3.88,Partially paid,100.0,2,Partial possession,1094,58,0,Synthetic prototype; fields modeled on public government land-acquisition systems
BHNV-01645,Madhya Pradesh,Ujjain,Railway,255.96,163.15,449,79,2017-03-07,2019-08-11,2020-09-20,2021-09-09,2022-12-16,2023-03-20,319.44,22.98,Pending,99.4,17,Pending,1288,65,1,Synthetic prototype; fields modeled on public government land-acquisition systems
BHNV-01646,West Bengal,Hooghly,Railway,73.31,57.67,143,34,2021-05-12,2023-06-11,2022-11-22,2026-02-12,2027-04-19,2028-01-11,99.3,10.66,Pending,88.1,5,Partial possession,1735,58,0,Synthetic prototype; fields modeled on public government land-acquisition systems
BHNV-01647,Madhya Pradesh,Indore,Industrial Corridor,79.01,53.06,144,32,2024-09-11,2025-07-22,2027-07-18,2030-01-20,2031-02-26,2031-04-06,184.04,16.01,Pending,100.0,2,Partial possession,1578,58,0,Synthetic prototype; fields modeled on public government land-acquisition systems
BHNV-01648,Madhya Pradesh,Bhopal,Industrial Corridor,48.01,31.02,87,15,2019-01-17,2021-04-26,2022-02-24,2020-11-24,2021-11-11,2022-09-04,62.45,4.65,Pending,94.1,1,Pending,137,26,0,Synthetic prototype; fields modeled on public government land-acquisition systems
BHNV-01649,Bihar,Muzaffarpur,Industrial Corridor,20.75,18.62,22,4,2017-08-23,2017-10-19,2018-05-30,2023-05-18,2024-04-07,2025-11-05,17.49,2.45,Partially paid,100.0,0,Partial possession,2129,49,0,Synthetic prototype; fields modeled on public government land-acquisition systems
BHNV-01650,Tamil Nadu,Salem,Urban Development,22.75,21.84,39,12,2018-05-05,2019-05-20,2022-01-19,2023-05-11,2024-04-18,2026-01-12,52.83,1.7,Mostly paid,100.0,1,Substantially complete,1712,47,0,Synthetic prototype; fields modeled on public government land-acquisition systems
BHNV-01651,Bihar,Gaya,Urban Development,24.93,18.49,53,16,2021-08-15,2021-12-05,2021-12-21,2025-08-09,2025-10-09,2026-06-18,79.77,5.98,Partially paid,100.0,0,Partial possession,709,54,0,Synthetic prototype; fields modeled on public government land-acquisition systems
BHNV-01652,Tamil Nadu,Salem,Renewable Energy,36.17,27.55,68,12,2016-06-06,2018-03-21,2018-02-27,2022-07-25,2023-01-04,2023-11-30,95.2,3.8,Partially paid,98.2,3,Partial possession,1908,54,0,Synthetic prototype; fields modeled on public government land-acquisition systems
BHNV-01653,Rajasthan,Jaipur,Urban Development,44.22,40.97,89,20,2025-06-12,2027-05-08,2028-07-14,2030-04-12,2031-04-11,2032-07-31,43.91,5.11,Partially paid,82.8,1,Substantially complete,1797,51,0,Synthetic prototype; fields modeled on public government land-acquisition systems
BHNV-01654,Karnataka,Mysuru,National Highway,29.99,16.14,38,6,2022-07-05,2023-08-08,2023-03-01,2023-02-19,2024-01-22,2026-01-03,49.79,2.86,Pending,88.5,1,Pending,418,52,0,Synthetic prototype; fields modeled on public government land-acquisition systems
BHNV-01655,Tamil Nadu,Chennai,Renewable Energy,22.41,15.9,36,6,2019-01-31,2020-08-23,2022-03-27,2021-08-14,2021-12-26,2023-08-24,61.41,1.97,Partially paid,100.0,2,Partial possession,639,55,0,Synthetic prototype; fields modeled on public government land-acquisition systems
BHNV-01656,Maharashtra,Thane,Railway,16.54,10.83,33,4,2016-08-10,2017-10-08,2017-02-23,2017-08-17,2018-10-03,2020-06-16,58.4,2.14,Partially paid,88.3,0,Partial possession,267,34,0,Synthetic prototype; fields modeled on public government land-acquisition systems
BHNV-01657,Bihar,Patna,Irrigation,7.44,3.94,15,1,2022-09-15,2024-02-06,2023-09-11,2024-07-13,2025-02-09,2026-03-12,27.81,1.05,Pending,100.0,0,Pending,472,56,0,Synthetic prototype; fields modeled on public government land-acquisition systems
BHNV-01658,West Bengal,Bardhaman,National Highway,108.13,72.08,178,34,2020-09-02,2021-05-02,2020-12-29,2026-08-17,2027-10-18,2029-02-08,294.29,12.3,Partially paid,100.0,6,Partial possession,1885,58,0,Synthetic prototype; fields modeled on public government land-acquisition systems
BHNV-01659,Karnataka,Bengaluru Urban,Railway,271.93,173.63,528,90,2017-06-28,2019-04-02,2017-10-17,2018-05-18,2019-08-14,2020-01-25,867.64,61.31,Partially paid,95.2,9,Pending,0,16,0,Synthetic prototype; fields modeled on public government land-acquisition systems
BHNV-01660,Rajasthan,Ajmer,Railway,99.42,85.19,186,45,2022-12-31,2024-01-24,2024-09-27,2027-10-12,2027-12-02,2028-12-02,411.86,8.96,Partially paid,100.0,6,Partial possession,987,52,0,Synthetic prototype; fields modeled on public government land-acquisition systems
BHNV-01661,Tamil Nadu,Madurai,Renewable Energy,8.51,5.93,17,4,2022-02-09,2022-10-10,2026-06-16,2026-07-17,2027-02-03,2028-05-04,8.86,0.82,Partially paid,90.5,0,Partial possession,1172,57,0,Synthetic prototype; fields modeled on public government land-acquisition systems
BHNV-01662,Rajasthan,Jaipur,Industrial Corridor,65.83,55.31,120,30,2024-02-10,2025-01-08,2025-02-02,2029-10-18,2030-12-26,2032-02-08,76.82,12.46,Partially paid,88.8,3,Partial possession,2142,54,0,Synthetic prototype; fields modeled on public government land-acquisition systems
BHNV-01663,West Bengal,Kolkata,Industrial Corridor,83.41,74.95,148,25,2024-08-24,2025-02-24,2024-12-25,2028-01-02,2029-04-20,2030-05-04,208.03,8.76,Mostly paid,100.0,6,Partial possession,927,50,0,Synthetic prototype; fields modeled on public government land-acquisition systems
BHNV-01664,Madhya Pradesh,Gwalior,National Highway,20.02,13.97,28,6,2023-03-13,2024-04-25,2026-04-17,2025-03-17,2025-07-19,2025-08-08,61.18,0.76,Partially paid,97.8,1,Partial possession,0,11,0,Synthetic prototype; fields modeled on public government land-acquisition systems
BHNV-01665,Odisha,Sambalpur,Industrial Corridor,48.86,25.86,75,12,2025-06-13,2026-01-28,2026-05-06,2027-08-22,2028-03-10,2029-09-09,39.93,5.11,Pending,97.9,1,Pending,729,61,1,Synthetic prototype; fields modeled on public government land-acquisition systems
BHNV-01666,West Bengal,Kolkata,Railway,18.99,15.1,43,6,2017-06-21,2019-05-31,2018-10-09,2020-09-20,2022-01-18,2022-09-09,46.99,3.23,Mostly paid,89.5,0,Partial possession,930,51,0,Synthetic prototype; fields modeled on public government land-acquisition systems
BHNV-01667,Gujarat,Surat,Industrial Corridor,138.23,109.69,229,55,2019-12-07,2020-08-30,2023-05-06,2022-02-19,2022-05-22,2022-06-17,198.94,18.73,Partially paid,100.0,10,Partial possession,120,21,0,Synthetic prototype; fields modeled on public government land-acquisition systems
BHNV-01668,West Bengal,Hooghly,Urban Development,43.18,23.63,65,11,2023-01-09,2024-12-09,2026-05-06,2023-12-13,2025-01-04,2026-02-07,137.61,2.83,Pending,91.8,2,Pending,107,26,0,Synthetic prototype; fields modeled on public government land-acquisition systems
BHNV-01669,Rajasthan,Ajmer,Industrial Corridor,11.98,8.45,26,5,2023-09-16,2025-09-19,2028-01-12,2029-11-20,2030-10-30,2032-10-17,21.45,3.05,Partially paid,100.0,1,Partial possession,2764,56,0,Synthetic prototype; fields modeled on public government land-acquisition systems
BHNV-01670,Maharashtra,Thane,Railway,58.55,41.3,109,20,2022-05-31,2022-12-13,2023-04-19,2027-03-20,2027-08-06,2028-11-20,242.23,10.21,Partially paid,89.7,2,Partial possession,1674,57,0,Synthetic prototype; fields modeled on public government land-acquisition systems
BHNV-01671,Bihar,Bhagalpur,Renewable Energy,86.38,72.99,150,21,2024-05-20,2025-01-30,2026-09-02,2025-04-14,2026-03-10,2026-11-04,89.51,13.8,Mostly paid,85.7,3,Partial possession,377,38,0,Synthetic prototype; fields modeled on public government land-acquisition systems
BHNV-01672,Maharashtra,Nashik,National Highway,36.53,29.38,65,20,2016-09-16,2017-06-23,2017-09-07,2018-05-09,2019-04-08,2020-03-23,138.6,6.97,Partially paid,100.0,2,Partial possession,705,52,0,Synthetic prototype; fields modeled on public government land-acquisition systems
BHNV-01673,Rajasthan,Kota,Irrigation,48.4,30.5,82,17,2025-06-17,2026-04-22,2027-02-21,2029-05-31,2030-10-02,2031-04-01,108.98,1.85,Pending,82.4,6,Pending,1331,63,1,Synthetic prototype; fields modeled on public government land-acquisition systems
BHNV-01674,Bihar,Patna,Industrial Corridor,27.95,19.05,56,10,2018-04-05,2019-08-23,2020-10-23,2020-07-24,2021-12-09,2022-11-04,111.0,4.55,Partially paid,100.0,4,Partial possession,747,58,0,Synthetic prototype; fields modeled on public government land-acquisition systems
BHNV-01675,Gujarat,Surat,Railway,9.64,7.8,10,2,2025-03-29,2026-09-07,2028-09-20,2026-12-25,2028-06-05,2028-10-13,36.79,1.02,Partially paid,86.8,0,Partial possession,692,53,0,Synthetic prototype; fields modeled on public government land-acquisition systems
BHNV-01676,Odisha,Bhubaneswar,Irrigation,25.75,16.89,48,5,2016-11-11,2018-12-13,2020-12-30,2021-04-22,2022-04-05,2023-08-30,43.4,1.12,Partially paid,82.2,1,Partial possession,1842,58,0,Synthetic prototype; fields modeled on public government land-acquisition systems
BHNV-01677,Karnataka,Mysuru,Irrigation,50.55,45.66,116,21,2018-01-15,2019-08-02,2020-03-25,2021-09-12,2021-12-06,2022-05-17,49.9,11.09,Mostly paid,93.9,4,Substantially complete,487,45,0,Synthetic prototype; fields modeled on public government land-acquisition systems
BHNV-01678,Rajasthan,Ajmer,Urban Development,26.36,22.91,43,12,2017-12-19,2019-12-19,2020-09-24,2022-07-21,2023-11-12,2024-01-01,88.92,5.12,Partially paid,100.0,1,Partial possession,1302,50,0,Synthetic prototype; fields modeled on public government land-acquisition systems
BHNV-01679,Tamil Nadu,Madurai,Irrigation,66.74,61.45,120,27,2019-01-05,2020-03-20,2021-03-13,2023-11-18,2024-12-12,2026-02-06,103.86,9.52,Mostly paid,95.3,2,Substantially complete,1501,48,0,Synthetic prototype; fields modeled on public government land-acquisition systems
BHNV-01680,Rajasthan,Alwar,Renewable Energy,20.24,17.54,36,5,2023-06-20,2025-09-10,2024-12-08,2024-03-03,2024-03-25,2025-04-28,85.88,2.25,Partially paid,100.0,2,Partial possession,0,5,0,Synthetic prototype; fields modeled on public government land-acquisition systems
BHNV-01681,Rajasthan,Jaipur,Railway,21.62,18.35,43,8,2023-12-11,2025-03-13,2024-04-25,2027-08-08,2028-02-02,2030-03-14,22.67,2.81,Partially paid,67.5,2,Partial possession,1624,55,0,Synthetic prototype; fields modeled on public government land-acquisition systems
BHNV-01682,Bihar,Gaya,Railway,68.79,56.93,112,22,2025-06-12,2027-01-01,2026-01-03,2027-11-28,2028-10-02,2029-12-01,137.49,9.85,Partially paid,100.0,3,Partial possession,540,53,0,Synthetic prototype; fields modeled on public government land-acquisition systems
BHNV-01683,Uttar Pradesh,Varanasi,Industrial Corridor,37.41,19.83,61,10,2017-04-05,2018-07-21,2019-03-20,2020-12-10,2021-12-17,2022-11-04,31.68,4.7,Pending,83.7,1,Pending,1324,64,1,Synthetic prototype; fields modeled on public government land-acquisition systems
BHNV-01684,West Bengal,Kolkata,Industrial Corridor,19.85,19.35,38,3,2024-07-24,2025-03-20,2025-06-20,2029-03-03,2029-06-06,2031-03-24,39.16,3.75,Partially paid,100.0,0,Substantially complete,1457,47,0,Synthetic prototype; fields modeled on public government land-acquisition systems
BHNV-01685,Uttar Pradesh,Lucknow,Industrial Corridor,84.25,34.41,148,27,2023-10-25,2025-05-23,2026-06-17,2027-05-25,2028-03-09,2028-11-18,236.12,9.2,Pending,77.8,6,Pending,789,70,1,Synthetic prototype; fields modeled on public government land-acquisition systems
BHNV-01686,Gujarat,Rajkot,Renewable Energy,15.05,8.81,27,5,2019-01-09,2021-01-17,2022-07-01,2024-01-24,2025-07-31,2026-08-16,48.51,1.67,Partially paid,75.9,0,Pending,1601,61,1,Synthetic prototype; fields modeled on public government land-acquisition systems
BHNV-01687,Tamil Nadu,Madurai,Irrigation,14.48,11.93,30,1,2020-08-29,2022-01-31,2023-10-13,2022-04-20,2022-06-20,2023-05-04,50.5,2.84,Partially paid,94.9,1,Partial possession,228,25,0,Synthetic prototype; fields modeled on public government land-acquisition systems
BHNV-01688,Odisha,Bhubaneswar,Irrigation,2.0,1.67,7,0,2024-11-21,2026-04-05,2028-05-26,2031-04-25,2032-06-04,2034-02-25,7.77,0.59,Mostly paid,96.6,0,Partial possession,2474,50,0,Synthetic prototype; fields modeled on public government land-acquisition systems
BHNV-01689,Madhya Pradesh,Indore,Urban Development,17.22,12.14,32,4,2023-10-11,2025-09-25,2026-09-04,2028-07-20,2030-02-21,2030-08-21,20.83,3.13,Partially paid,100.0,0,Partial possession,1332,56,0,Synthetic prototype; fields modeled on public government land-acquisition systems
BHNV-01690,Gujarat,Surat,Renewable Energy,110.91,70.51,186,36,2024-02-25,2026-03-25,2027-12-31,2024-12-28,2025-03-31,2026-10-20,401.38,20.22,Partially paid,100.0,5,Pending,150,26,0,Synthetic prototype; fields modeled on public government land-acquisition systems
BHNV-01691,Madhya Pradesh,Ujjain,Industrial Corridor,3.77,2.25,3,0,2019-11-07,2021-06-26,2020-11-18,2025-10-30,2027-04-10,2029-05-29,6.9,0.14,Partially paid,96.4,0,Pending,2604,59,0,Synthetic prototype; fields modeled on public government land-acquisition systems
BHNV-01692,Madhya Pradesh,Ujjain,National Highway,11.57,9.45,24,3,2022-01-05,2023-11-29,2022-08-17,2028-01-11,2028-02-17,2028-12-28,15.17,1.24,Partially paid,82.5,0,Partial possession,1965,53,0,Synthetic prototype; fields modeled on public government land-acquisition systems
BHNV-01693,Odisha,Sambalpur,Urban Development,46.48,42.38,92,21,2023-09-16,2025-01-20,2027-12-07,2024-09-01,2025-05-01,2025-12-06,82.87,6.69,Partially paid,100.0,2,Substantially complete,0,5,0,Synthetic prototype; fields modeled on public government land-acquisition systems
BHNV-01694,Maharashtra,Aurangabad,National Highway,3.17,2.28,5,0,2025-03-06,2026-10-06,2029-02-16,2028-03-15,2029-06-10,2030-01-05,12.6,0.57,Partially paid,73.5,0,Partial possession,1262,58,0,Synthetic prototype; fields modeled on public government land-acquisition systems
BHNV-01695,Uttar Pradesh,Agra,Irrigation,17.98,11.74,33,6,2022-07-20,2023-12-08,2024-09-01,2025-06-03,2026-04-11,2026-10-13,56.12,3.41,Partially paid,100.0,2,Partial possession,812,57,0,Synthetic prototype; fields modeled on public government land-acquisition systems
BHNV-01696,Rajasthan,Jaipur,Urban Development,93.77,82.14,180,41,2020-12-18,2021-08-02,2023-03-12,2026-12-19,2027-09-19,2029-11-03,282.28,12.03,Partially paid,94.7,5,Partial possession,2330,52,0,Synthetic prototype; fields modeled on public government land-acquisition systems
BHNV-01697,Karnataka,Mangaluru,Urban Development,231.14,185.96,427,69,2020-12-19,2022-06-22,2023-01-24,2021-08-02,2021-08-26,2023-05-18,684.9,33.01,Partially paid,93.7,7,Partial possession,6,12,0,Synthetic prototype; fields modeled on public government land-acquisition systems
BHNV-01698,Madhya Pradesh,Bhopal,Railway,40.05,28.65,61,12,2025-07-12,2026-12-22,2029-06-28,2026-05-26,2026-11-14,2028-01-04,92.59,5.57,Partially paid,100.0,2,Partial possession,132,22,0,Synthetic prototype; fields modeled on public government land-acquisition systems
BHNV-01699,Tamil Nadu,Salem,Irrigation,11.86,10.33,26,2,2020-10-07,2022-03-31,2023-07-16,2023-04-17,2023-10-06,2023-11-28,27.79,1.88,Mostly paid,100.0,0,Partial possession,277,26,0,Synthetic prototype; fields modeled on public government land-acquisition systems
BHNV-01700,Gujarat,Surat,Irrigation,11.47,10.66,22,4,2018-08-31,2020-08-19,2020-01-07,2025-02-02,2026-01-02,2028-02-03,15.47,0.66,Mostly paid,100.0,1,Substantially complete,2412,47,0,Synthetic prototype; fields modeled on public government land-acquisition systems
BHNV-01701,Maharashtra,Pune,Renewable Energy,34.64,29.09,58,15,2018-07-10,2019-06-29,2020-11-28,2019-01-28,2019-09-01,2021-06-22,70.34,3.21,Mostly paid,97.1,1,Partial possession,185,21,0,Synthetic prototype; fields modeled on public government land-acquisition systems
BHNV-01702,Madhya Pradesh,Bhopal,Urban Development,39.68,33.93,67,9,2016-01-30,2018-01-16,2016-11-10,2018-10-31,2019-03-15,2019-12-06,106.92,1.66,Partially paid,100.0,2,Partial possession,246,28,0,Synthetic prototype; fields modeled on public government land-acquisition systems
BHNV-01703,Maharashtra,Aurangabad,Irrigation,192.08,108.31,325,64,2023-08-09,2024-12-17,2025-02-24,2029-08-09,2030-01-09,2031-12-06,584.36,28.27,Pending,90.9,3,Pending,1914,63,1,Synthetic prototype; fields modeled on public government land-acquisition systems
BHNV-01704,Maharashtra,Thane,Urban Development,79.11,58.53,146,30,2025-07-25,2027-10-05,2028-10-17,2029-03-15,2030-10-17,2031-08-10,84.26,7.84,Partially paid,90.4,1,Partial possession,1704,55,0,Synthetic prototype; fields modeled on public government land-acquisition systems
BHNV-01705,Madhya Pradesh,Gwalior,Renewable Energy,32.59,20.11,61,14,2018-09-08,2020-05-25,2020-03-18,2022-08-31,2023-08-19,2024-03-27,66.32,5.72,Partially paid,100.0,2,Pending,994,58,0,Synthetic prototype; fields modeled on public government land-acquisition systems
BHNV-01706,Bihar,Muzaffarpur,Renewable Energy,21.43,20.9,42,9,2016-08-18,2017-02-02,2019-08-23,2018-01-03,2018-10-04,2020-03-01,44.06,2.64,Mostly paid,100.0,1,Substantially complete,268,24,0,Synthetic prototype; fields modeled on public government land-acquisition systems
BHNV-01707,West Bengal,Bardhaman,Railway,610.76,444.81,1121,213,2025-05-23,2026-02-18,2029-01-13,2026-06-03,2027-08-24,2028-01-28,1652.57,27.53,Partially paid,67.4,28,Partial possession,75,29,0,Synthetic prototype; fields modeled on public government land-acquisition systems
BHNV-01708,Tamil Nadu,Chennai,Urban Development,56.07,49.22,92,15,2019-03-31,2020-03-10,2019-09-20,2020-01-08,2020-03-06,2020-04-08,192.16,5.33,Mostly paid,100.0,1,Partial possession,0,4,0,Synthetic prototype; fields modeled on public government land-acquisition systems
BHNV-01709,Rajasthan,Jodhpur,Irrigation,15.35,14.25,23,5,2023-08-08,2025-07-04,2026-11-28,2024-11-12,2025-05-04,2027-04-20,48.36,0.96,Mostly paid,100.0,1,Substantially complete,663,48,0,Synthetic prototype; fields modeled on public government land-acquisition systems
BHNV-01710,Rajasthan,Jaipur,Irrigation,23.94,18.02,52,11,2019-06-05,2021-07-06,2021-06-05,2023-04-24,2024-04-27,2025-12-08,69.72,2.15,Partially paid,100.0,2,Partial possession,1562,53,0,Synthetic prototype; fields modeled on public government land-acquisition systems
BHNV-01711,Tamil Nadu,Chennai,Urban Development,12.46,6.36,21,7,2019-05-29,2019-11-09,2022-07-09,2022-02-23,2022-06-15,2024-07-10,23.4,1.21,Pending,91.0,0,Pending,831,64,1,Synthetic prototype; fields modeled on public government land-acquisition systems
BHNV-01712,Bihar,Gaya,Urban Development,2.71,2.28,5,1,2023-08-25,2024-03-29,2026-03-21,2026-08-23,2028-02-26,2030-01-27,10.58,0.59,Mostly paid,84.2,0,Partial possession,1417,51,0,Synthetic prototype; fields modeled on public government land-acquisition systems
BHNV-01713,Rajasthan,Ajmer,Urban Development,40.96,33.32,65,13,2019-01-01,2020-12-20,2021-10-08,2021-12-08,2022-08-18,2022-09-21,151.78,7.54,Mostly paid,99.1,6,Partial possession,520,50,0,Synthetic prototype; fields modeled on public government land-acquisition systems
BHNV-01714,Maharashtra,Pune,Industrial Corridor,178.12,95.78,320,50,2017-02-02,2018-10-03,2019-07-15,2018-09-12,2020-01-14,2021-04-20,263.5,32.11,Pending,92.7,9,Pending,385,52,0,Synthetic prototype; fields modeled on public government land-acquisition systems
BHNV-01715,Odisha,Sambalpur,Irrigation,5.87,5.04,12,2,2016-04-04,2016-07-11,2016-08-30,2021-10-30,2023-04-21,2023-12-17,18.92,0.53,Mostly paid,94.9,0,Partial possession,1795,49,0,Synthetic prototype; fields modeled on public government land-acquisition systems
BHNV-01716,Gujarat,Surat,Renewable Energy,31.67,29.14,62,11,2021-05-17,2022-08-28,2025-08-13,2027-05-29,2028-12-20,2031-01-16,131.58,5.98,Mostly paid,76.4,4,Substantially complete,2602,51,0,Synthetic prototype; fields modeled on public government land-acquisition systems
BHNV-01717,Uttar Pradesh,Varanasi,Irrigation,14.78,10.11,29,9,2017-04-19,2017-08-03,2020-03-19,2020-09-01,2021-10-12,2022-02-04,35.65,0.62,Partially paid,100.0,2,Partial possession,826,56,0,Synthetic prototype; fields modeled on public government land-acquisition systems
BHNV-01718,Rajasthan,Kota,Industrial Corridor,50.48,14.96,91,15,2024-09-01,2025-11-04,2025-12-03,2029-09-24,2029-10-17,2031-11-09,213.11,2.33,Pending,89.1,4,Pending,1604,72,1,Synthetic prototype; fields modeled on public government land-acquisition systems
BHNV-01719,Tamil Nadu,Salem,Urban Development,25.22,19.9,48,14,2021-04-13,2022-05-21,2022-03-20,2026-01-17,2027-06-28,2028-05-01,22.23,4.97,Partially paid,94.0,3,Partial possession,1385,54,0,Synthetic prototype; fields modeled on public government land-acquisition systems
BHNV-01720,Odisha,Bhubaneswar,Railway,7.69,4.76,9,2,2020-11-13,2020-12-24,2024-02-02,2022-08-24,2023-10-01,2025-04-17,20.84,0.69,Pending,100.0,0,Pending,602,60,0,Synthetic prototype; fields modeled on public government land-acquisition systems
BHNV-01721,Madhya Pradesh,Jabalpur,Urban Development,11.23,3.5,20,2,2018-02-13,2019-07-14,2021-05-20,2019-08-08,2020-03-19,2020-06-06,19.63,1.15,Pending,96.1,0,Pending,0,24,0,Synthetic prototype; fields modeled on public government land-acquisition systems
BHNV-01722,West Bengal,Howrah,Urban Development,13.06,6.41,30,4,2019-02-21,2021-05-25,2019-07-26,2022-09-09,2022-11-16,2024-04-12,23.12,2.82,Pending,90.6,1,Pending,1078,65,1,Synthetic prototype; fields modeled on public government land-acquisition systems
BHNV-01723,Tamil Nadu,Chennai,Industrial Corridor,114.93,68.82,215,37,2023-10-18,2025-12-13,2026-06-22,2026-09-11,2027-02-24,2027-05-25,465.11,6.76,Pending,89.5,7,Pending,762,63,1,Synthetic prototype; fields modeled on public government land-acquisition systems
BHNV-01724,Maharashtra,Aurangabad,Irrigation,109.21,73.22,226,37,2020-03-03,2022-04-20,2024-06-29,2026-08-27,2027-10-25,2029-10-12,213.24,11.0,Pending,70.6,7,Partial possession,2849,64,1,Synthetic prototype; fields modeled on public government land-acquisition systems
BHNV-01725,West Bengal,Hooghly,Urban Development,21.95,17.09,43,14,2024-03-10,2026-05-12,2025-02-27,2025-07-24,2025-08-17,2027-05-28,19.45,3.99,Partially paid,98.5,0,Partial possession,226,28,0,Synthetic prototype; fields modeled on public government land-acquisition systems
BHNV-01726,Gujarat,Ahmedabad,Irrigation,102.29,87.12,188,33,2024-05-28,2025-08-17,2024-09-09,2030-06-25,2032-01-12,2032-05-30,286.09,7.65,Partially paid,98.2,3,Partial possession,2214,51,0,Synthetic prototype; fields modeled on public government land-acquisition systems
BHNV-01727,Gujarat,Ahmedabad,National Highway,25.2,21.59,43,6,2017-09-12,2018-05-06,2020-11-30,2020-08-27,2022-03-20,2022-04-30,110.68,3.44,Partially paid,100.0,4,Partial possession,745,52,0,Synthetic prototype; fields modeled on public government land-acquisition systems
BHNV-01728,Bihar,Bhagalpur,Renewable Energy,21.61,15.76,36,9,2023-12-17,2024-12-21,2025-02-17,2024-09-07,2025-06-16,2027-03-07,23.61,2.33,Partially paid,93.4,0,Partial possession,607,55,0,Synthetic prototype; fields modeled on public government land-acquisition systems
BHNV-01729,Karnataka,Mangaluru,Irrigation,31.73,17.6,45,6,2018-08-21,2020-05-31,2019-03-06,2019-10-24,2021-01-31,2021-11-17,59.0,1.81,Pending,100.0,0,Pending,384,47,0,Synthetic prototype; fields modeled on public government land-acquisition systems
BHNV-01730,Bihar,Gaya,Railway,39.84,33.31,68,12,2024-07-16,2026-08-05,2028-01-21,2027-08-11,2028-03-09,2029-10-16,101.08,7.4,Mostly paid,98.3,3,Partial possession,1351,51,0,Synthetic prototype; fields modeled on public government land-acquisition systems
BHNV-01731,Odisha,Puri,Renewable Energy,17.19,10.0,23,4,2023-10-31,2024-10-05,2028-01-07,2029-05-24,2030-07-10,2032-06-03,66.57,1.46,Partially paid,99.8,0,Pending,2357,58,0,Synthetic prototype; fields modeled on public government land-acquisition systems
BHNV-01732,West Bengal,Kolkata,Railway,30.63,22.51,64,12,2021-11-12,2022-10-15,2024-10-27,2022-07-20,2022-09-24,2022-12-30,54.98,5.11,Pending,100.0,2,Partial possession,0,12,0,Synthetic prototype; fields modeled on public government land-acquisition systems
BHNV-01733,Karnataka,Bengaluru Urban,Urban Development,65.85,59.74,112,24,2020-02-09,2020-12-27,2023-02-15,2021-09-17,2023-01-13,2024-05-27,136.42,5.07,Mostly paid,100.0,1,Substantially complete,608,47,0,Synthetic prototype; fields modeled on public government land-acquisition systems
BHNV-01734,Madhya Pradesh,Gwalior,Renewable Energy,34.11,32.22,66,10,2021-09-11,2023-06-27,2024-02-10,2025-02-23,2026-03-12,2027-07-02,75.81,3.61,Mostly paid,94.5,1,Substantially complete,1397,47,0,Synthetic prototype; fields modeled on public government land-acquisition systems
BHNV-01735,Maharashtra,Pune,Irrigation,31.27,29.17,59,10,2024-09-24,2025-11-03,2026-08-01,2027-05-04,2028-05-26,2028-06-15,68.94,1.47,Mostly paid,100.0,0,Substantially complete,493,43,0,Synthetic prototype; fields modeled on public government land-acquisition systems
BHNV-01736,West Bengal,Bardhaman,Renewable Energy,49.12,26.56,80,17,2025-02-04,2026-08-14,2026-04-06,2028-12-01,2029-02-12,2031-01-03,75.71,5.47,Pending,92.6,0,Pending,1471,61,1,Synthetic prototype; fields modeled on public government land-acquisition systems
BHNV-01737,Bihar,Patna,Urban Development,58.36,39.01,115,21,2019-08-19,2020-08-22,2020-07-26,2025-01-30,2025-12-04,2026-12-21,244.41,6.27,Partially paid,97.2,3,Partial possession,1796,58,0,Synthetic prototype; fields modeled on public government land-acquisition systems
BHNV-01738,Uttar Pradesh,Agra,Industrial Corridor,28.15,27.05,50,8,2016-05-01,2016-08-21,2017-08-10,2020-12-04,2021-04-07,2022-08-05,105.11,2.65,Mostly paid,100.0,0,Substantially complete,1747,46,0,Synthetic prototype; fields modeled on public government land-acquisition systems
BHNV-01739,Karnataka,Bengaluru Urban,Railway,18.65,13.64,27,1,2016-08-05,2018-04-03,2018-12-26,2022-11-10,2024-05-19,2026-05-17,82.24,2.94,Partially paid,80.7,1,Partial possession,2388,57,0,Synthetic prototype; fields modeled on public government land-acquisition systems
BHNV-01740,Karnataka,Mysuru,Urban Development,36.21,32.5,66,14,2018-12-12,2020-04-06,2021-03-14,2024-10-25,2025-02-23,2026-06-01,78.67,5.97,Partially paid,100.0,1,Partial possession,1552,50,0,Synthetic prototype; fields modeled on public government land-acquisition systems
BHNV-01741,Maharashtra,Pune,Industrial Corridor,6.09,2.53,10,4,2024-10-02,2024-11-03,2029-01-14,2028-06-15,2029-04-22,2031-03-26,5.89,0.66,Pending,92.5,0,Pending,1225,67,1,Synthetic prototype; fields modeled on public government land-acquisition systems
BHNV-01742,Rajasthan,Ajmer,Renewable Energy,24.28,21.78,41,8,2019-03-28,2020-07-25,2022-09-25,2022-09-25,2023-01-12,2024-01-31,29.8,1.62,Mostly paid,100.0,0,Partial possession,754,48,0,Synthetic prototype; fields modeled on public government land-acquisition systems
BHNV-01743,Gujarat,Vadodara,Renewable Energy,2.53,1.57,4,2,2020-08-21,2021-05-13,2021-07-20,2027-01-10,2028-05-10,2029-04-29,5.37,0.47,Pending,100.0,0,Pending,2544,58,0,Synthetic prototype; fields modeled on public government land-acquisition systems
BHNV-01744,Gujarat,Surat,Urban Development,5.61,4.62,9,2,2018-03-05,2019-04-27,2020-03-25,2022-02-10,2022-05-14,2024-03-26,23.4,0.25,Mostly paid,100.0,0,Partial possession,1026,50,0,Synthetic prototype; fields modeled on public government land-acquisition systems
BHNV-01745,Uttar Pradesh,Prayagraj,Irrigation,4.83,3.94,6,0,2020-06-12,2021-08-08,2021-08-18,2022-02-26,2022-11-17,2023-09-05,21.4,0.2,Partially paid,100.0,0,Partial possession,659,51,0,Synthetic prototype; fields modeled on public government land-acquisition systems
BHNV-01746,Odisha,Cuttack,Renewable Energy,85.4,62.7,154,18,2016-06-24,2018-04-25,2018-02-08,2017-06-19,2018-06-07,2019-05-27,328.05,7.24,Partially paid,99.3,7,Partial possession,527,54,0,Synthetic prototype; fields modeled on public government land-acquisition systems
BHNV-01747,Odisha,Puri,Irrigation,30.39,24.03,51,10,2016-10-18,2018-12-15,2020-03-09,2021-08-17,2021-10-27,2023-07-17,51.12,5.89,Partially paid,81.9,1,Partial possession,1811,55,0,Synthetic prototype; fields modeled on public government land-acquisition systems
BHNV-01748,Madhya Pradesh,Jabalpur,Irrigation,8.48,6.1,16,3,2024-11-04,2026-12-20,2026-02-15,2026-01-21,2026-07-01,2026-10-03,27.48,0.77,Partially paid,100.0,0,Partial possession,0,9,0,Synthetic prototype; fields modeled on public government land-acquisition systems
BHNV-01749,West Bengal,Kolkata,Irrigation,48.96,34.14,85,18,2017-05-05,2017-07-03,2021-04-30,2018-05-22,2018-06-22,2020-06-11,147.24,5.88,Partially paid,100.0,1,Partial possession,284,33,0,Synthetic prototype; fields modeled on public government land-acquisition systems
BHNV-01750,Tamil Nadu,Salem,National Highway,80.53,45.53,149,29,2023-09-09,2025-05-13,2027-02-13,2025-09-21,2026-10-08,2028-06-16,309.72,14.32,Pending,80.5,3,Pending,1234,63,1,Synthetic prototype; fields modeled on public government land-acquisition systems
BHNV-01751,Rajasthan,Jaipur,Industrial Corridor,49.82,27.93,85,24,2025-05-21,2025-11-14,2028-12-12,2030-03-27,2030-10-16,2031-01-05,133.82,9.6,Partially paid,100.0,6,Pending,943,60,0,Synthetic prototype; fields modeled on public government land-acquisition systems
BHNV-01752,Bihar,Bhagalpur,Industrial Corridor,24.81,17.49,55,10,2017-09-25,2019-06-21,2018-04-07,2018-07-14,2019-04-02,2019-11-17,49.05,4.43,Pending,98.2,4,Partial possession,237,33,0,Synthetic prototype; fields modeled on public government land-acquisition systems
BHNV-01753,Tamil Nadu,Chennai,Renewable Energy,37.81,25.35,67,11,2019-06-14,2020-04-21,2023-05-24,2020-06-06,2020-11-17,2022-01-21,32.94,3.91,Partially paid,89.0,3,Partial possession,123,23,0,Synthetic prototype; fields modeled on public government land-acquisition systems
BHNV-01754,Tamil Nadu,Salem,Renewable Energy,73.81,57.98,150,24,2025-07-31,2027-08-28,2028-05-02,2027-04-29,2027-12-12,2028-05-19,276.17,17.78,Partially paid,91.2,5,Partial possession,521,54,0,Synthetic prototype; fields modeled on public government land-acquisition systems
BHNV-01755,Karnataka,Mangaluru,Irrigation,18.74,13.1,29,5,2021-12-12,2022-09-05,2025-04-19,2023-05-01,2023-12-18,2025-07-06,51.76,0.66,Partially paid,91.0,0,Partial possession,394,44,0,Synthetic prototype; fields modeled on public government land-acquisition systems
BHNV-01756,Uttar Pradesh,Kanpur Nagar,National Highway,30.87,28.44,56,13,2025-04-09,2027-05-17,2028-11-18,2031-03-22,2031-04-11,2033-04-18,85.71,5.78,Mostly paid,88.7,1,Substantially complete,2396,48,0,Synthetic prototype; fields modeled on public government land-acquisition systems
BHNV-01757,Gujarat,Ahmedabad,Irrigation,23.17,13.27,47,4,2025-03-04,2027-04-03,2027-08-22,2028-05-28,2029-07-11,2030-05-07,100.58,2.24,Pending,100.0,2,Pending,1148,61,1,Synthetic prototype; fields modeled on public government land-acquisition systems
BHNV-01758,Madhya Pradesh,Bhopal,National Highway,5.97,4.05,10,4,2021-03-05,2022-02-16,2022-01-06,2026-11-22,2027-10-06,2029-05-13,15.52,1.02,Partially paid,100.0,0,Partial possession,2058,56,0,Synthetic prototype; fields modeled on public government land-acquisition systems
BHNV-01759,Odisha,Bhubaneswar,Irrigation,74.93,63.46,134,36,2017-08-26,2018-08-27,2019-08-02,2019-02-19,2020-09-13,2022-03-21,147.5,4.85,Partially paid,83.4,5,Partial possession,751,56,0,Synthetic prototype; fields modeled on public government land-acquisition systems
BHNV-01760,Uttar Pradesh,Gorakhpur,Railway,234.46,155.07,412,67,2024-03-04,2024-05-03,2025-09-27,2029-11-21,2031-01-20,2031-03-22,482.38,22.53,Partially paid,100.0,7,Partial possession,1856,59,0,Synthetic prototype; fields modeled on public government land-acquisition systems
BHNV-01761,Karnataka,Mysuru,Railway,12.51,11.17,18,2,2019-02-02,2020-11-18,2022-03-09,2024-11-03,2025-12-25,2026-09-02,10.55,0.46,Mostly paid,100.0,1,Partial possession,2069,49,0,Synthetic prototype; fields modeled on public government land-acquisition systems
BHNV-01762,Bihar,Gaya,Urban Development,78.47,53.69,157,25,2018-12-01,2020-09-04,2019-07-24,2022-07-26,2023-08-24,2024-01-02,98.3,6.27,Partially paid,100.0,3,Partial possession,965,58,0,Synthetic prototype; fields modeled on public government land-acquisition systems
BHNV-01763,Madhya Pradesh,Ujjain,Irrigation,12.91,10.53,23,1,2025-06-30,2027-03-26,2027-06-09,2027-01-15,2028-04-25,2028-10-07,12.42,1.85,Partially paid,100.0,2,Partial possession,157,21,0,Synthetic prototype; fields modeled on public government land-acquisition systems
BHNV-01764,Karnataka,Mangaluru,Renewable Energy,34.22,27.76,60,11,2020-07-22,2021-03-15,2023-04-28,2026-05-12,2027-01-10,2027-04-17,58.18,5.77,Partially paid,100.0,2,Partial possession,1360,52,0,Synthetic prototype; fields modeled on public government land-acquisition systems
BHNV-01765,Gujarat,Ahmedabad,Industrial Corridor,135.37,113.79,245,38,2020-01-23,2020-10-07,2021-01-17,2026-04-03,2027-09-04,2027-11-14,140.68,27.23,Pending,100.0,6,Partial possession,2084,56,0,Synthetic prototype; fields modeled on public government land-acquisition systems
BHNV-01766,Gujarat,Vadodara,Urban Development,17.81,16.37,17,2,2017-05-05,2019-01-07,2020-10-26,2019-05-06,2019-10-12,2021-10-24,36.07,0.54,Mostly paid,100.0,0,Substantially complete,1010,47,0,Synthetic prototype; fields modeled on public government land-acquisition systems
BHNV-01767,Gujarat,Vadodara,Renewable Energy,29.53,9.79,55,7,2017-07-18,2018-07-24,2019-01-26,2021-01-13,2021-03-18,2022-04-21,37.41,1.87,Pending,94.7,3,Pending,839,68,1,Synthetic prototype; fields modeled on public government land-acquisition systems
BHNV-01768,Uttar Pradesh,Agra,Railway,4.95,3.99,12,2,2016-06-16,2017-10-18,2020-09-24,2019-05-06,2020-07-17,2021-03-08,20.77,1.37,Partially paid,100.0,1,Partial possession,946,51,0,Synthetic prototype; fields modeled on public government land-acquisition systems
BHNV-01769,Uttar Pradesh,Agra,Irrigation,15.42,13.11,29,9,2018-01-28,2018-07-12,2022-04-13,2019-11-27,2020-03-20,2021-01-13,65.87,2.8,Partially paid,100.0,1,Partial possession,149,18,0,Synthetic prototype; fields modeled on public government land-acquisition systems
BHNV-01770,Odisha,Cuttack,Urban Development,4.45,4.17,10,2,2019-04-12,2020-02-19,2020-03-08,2023-07-04,2024-06-25,2026-08-02,13.5,0.74,Partially paid,100.0,0,Substantially complete,1770,49,0,Synthetic prototype; fields modeled on public government land-acquisition systems
BHNV-01771,Odisha,Puri,Irrigation,46.02,17.76,71,13,2025-06-05,2027-11-01,2025-12-22,2028-05-18,2029-11-09,2031-01-31,173.97,4.8,Pending,76.2,1,Pending,1565,69,1,Synthetic prototype; fields modeled on public government land-acquisition systems
BHNV-01772,Bihar,Gaya,Railway,68.83,40.5,107,22,2021-03-19,2022-04-03,2021-11-20,2022-10-06,2022-11-02,2023-10-02,227.53,3.83,Pending,87.2,3,Pending,99,26,0,Synthetic prototype; fields modeled on public government land-acquisition systems
BHNV-01773,Madhya Pradesh,Bhopal,Urban Development,24.01,18.13,34,7,2019-03-19,2019-05-04,2021-06-12,2025-03-29,2025-10-01,2027-06-18,91.26,1.97,Partially paid,100.0,0,Partial possession,1879,54,0,Synthetic prototype; fields modeled on public government land-acquisition systems
BHNV-01774,Maharashtra,Thane,Railway,39.88,17.98,71,17,2022-04-15,2022-12-15,2023-12-12,2024-08-02,2025-12-18,2026-08-31,126.31,4.07,Pending,100.0,2,Pending,717,65,1,Synthetic prototype; fields modeled on public government land-acquisition systems
BHNV-01775,Maharashtra,Nashik,National Highway,21.63,17.44,51,7,2020-07-08,2021-09-05,2022-04-26,2023-06-04,2024-06-11,2025-10-03,51.73,4.33,Partially paid,99.9,0,Partial possession,825,52,0,Synthetic prototype; fields modeled on public government land-acquisition systems
BHNV-01776,Karnataka,Mangaluru,Railway,62.84,35.89,91,20,2016-06-28,2017-08-30,2017-01-17,2020-12-18,2021-04-17,2021-11-20,253.43,7.27,Pending,99.7,1,Pending,1394,60,0,Synthetic prototype; fields modeled on public government land-acquisition systems
BHNV-01777,Gujarat,Ahmedabad,Irrigation,34.11,20.14,68,11,2024-09-26,2025-12-13,2025-12-05,2026-11-23,2027-06-14,2028-12-28,82.58,1.77,Pending,100.0,3,Pending,723,61,1,Synthetic prototype; fields modeled on public government land-acquisition systems
BHNV-01778,Madhya Pradesh,Gwalior,Industrial Corridor,4.11,2.04,5,2,2016-01-28,2016-10-27,2017-07-26,2020-04-05,2021-09-30,2023-11-11,9.31,0.52,Pending,100.0,0,Pending,2182,62,1,Synthetic prototype; fields modeled on public government land-acquisition systems
BHNV-01779,Tamil Nadu,Madurai,Railway,76.71,68.59,148,24,2021-01-18,2021-05-22,2023-05-01,2021-11-05,2022-01-08,2023-04-12,238.58,16.84,Mostly paid,100.0,3,Partial possession,165,18,0,Synthetic prototype; fields modeled on public government land-acquisition systems
BHNV-01780,Uttar Pradesh,Gorakhpur,Renewable Energy,20.3,12.95,33,9,2021-12-04,2023-09-27,2023-05-31,2023-09-22,2024-06-11,2026-03-27,86.69,3.23,Partially paid,100.0,0,Pending,515,56,0,Synthetic prototype; fields modeled on public government land-acquisition systems
BHNV-01781,West Bengal,Kolkata,Industrial Corridor,8.41,4.04,13,5,2023-07-13,2023-08-17,2024-02-15,2027-01-08,2028-03-07,2028-08-03,20.49,0.49,Pending,97.9,0,Pending,723,65,1,Synthetic prototype; fields modeled on public government land-acquisition systems
BHNV-01782,Rajasthan,Ajmer,National Highway,19.32,10.31,37,4,2023-05-28,2025-08-14,2026-03-21,2029-02-09,2030-03-21,2031-11-01,56.56,1.38,Partially paid,97.9,0,Pending,2075,60,0,Synthetic prototype; fields modeled on public government land-acquisition systems
BHNV-01783,Bihar,Gaya,Urban Development,4.47,4.19,4,2,2023-11-19,2024-03-14,2026-02-18,2027-07-25,2028-08-21,2030-02-27,11.72,0.37,Mostly paid,100.0,0,Substantially complete,1217,46,0,Synthetic prototype; fields modeled on public government land-acquisition systems
BHNV-01784,Gujarat,Rajkot,Urban Development,8.59,6.89,22,2,2016-09-18,2017-04-24,2018-07-16,2022-09-21,2023-05-20,2024-10-02,35.79,1.41,Partially paid,100.0,0,Partial possession,2287,51,0,Synthetic prototype; fields modeled on public government land-acquisition systems
BHNV-01785,Gujarat,Rajkot,Industrial Corridor,34.57,28.63,62,9,2023-04-27,2025-01-30,2023-10-31,2029-02-08,2029-09-23,2031-10-15,114.22,6.07,Partially paid,78.3,1,Partial possession,2009,55,0,Synthetic prototype; fields modeled on public government land-acquisition systems
BHNV-01786,Gujarat,Ahmedabad,Urban Development,37.59,20.07,66,11,2023-10-03,2025-07-09,2025-04-30,2029-11-19,2031-05-16,2032-12-22,88.43,1.82,Pending,89.7,2,Pending,2822,63,1,Synthetic prototype; fields modeled on public government land-acquisition systems
BHNV-01787,Uttar Pradesh,Kanpur Nagar,Railway,40.71,27.55,62,19,2024-07-06,2025-09-28,2025-08-04,2029-03-17,2030-03-12,2031-07-25,123.98,5.68,Partially paid,100.0,5,Partial possession,1714,57,0,Synthetic prototype; fields modeled on public government land-acquisition systems
BHNV-01788,Uttar Pradesh,Lucknow,Industrial Corridor,30.06,12.2,54,10,2016-07-15,2018-10-25,2018-10-12,2020-12-04,2022-02-10,2023-09-13,41.41,3.37,Pending,72.5,0,Pending,1424,69,1,Synthetic prototype; fields modeled on public government land-acquisition systems
BHNV-01789,Rajasthan,Ajmer,Irrigation,14.99,9.66,26,5,2025-11-05,2026-02-09,2029-12-18,2027-06-14,2027-09-20,2029-07-26,30.96,0.6,Partially paid,100.0,0,Pending,486,51,0,Synthetic prototype; fields modeled on public government land-acquisition systems
BHNV-01790,Tamil Nadu,Coimbatore,Railway,28.38,23.47,64,13,2019-12-31,2021-10-08,2022-12-29,2025-12-20,2026-07-19,2027-09-11,100.01,4.77,Partially paid,100.0,3,Partial possession,2217,53,0,Synthetic prototype; fields modeled on public government land-acquisition systems
BHNV-01791,Madhya Pradesh,Jabalpur,Railway,19.35,14.08,42,12,2023-06-24,2024-03-27,2027-04-30,2028-06-27,2029-12-23,2031-07-30,55.74,3.78,Partially paid,100.0,2,Partial possession,2358,55,0,Synthetic prototype; fields modeled on public government land-acquisition systems
BHNV-01792,Gujarat,Vadodara,Railway,5.9,3.76,12,3,2020-07-20,2022-12-26,2023-02-18,2025-09-16,2026-05-09,2027-07-30,11.58,0.87,Partially paid,100.0,0,Pending,1677,57,0,Synthetic prototype; fields modeled on public government land-acquisition systems
BHNV-01793,Maharashtra,Pune,Irrigation,13.84,10.02,39,5,2023-12-31,2024-08-23,2026-02-23,2028-02-20,2028-08-28,2030-03-13,29.62,1.26,Partially paid,77.5,2,Partial possession,1170,58,0,Synthetic prototype; fields modeled on public government land-acquisition systems
BHNV-01794,Odisha,Puri,National Highway,72.93,44.01,147,24,2019-12-04,2020-07-25,2021-12-11,2025-05-18,2027-01-06,2028-11-07,276.86,14.93,Pending,95.3,5,Pending,2680,61,1,Synthetic prototype; fields modeled on public government land-acquisition systems
BHNV-01795,Maharashtra,Thane,Renewable Energy,146.69,104.56,249,41,2016-11-28,2017-11-11,2020-05-30,2018-06-21,2019-05-23,2020-02-11,410.92,12.88,Partially paid,100.0,10,Partial possession,38,16,0,Synthetic prototype; fields modeled on public government land-acquisition systems
BHNV-01796,Karnataka,Mangaluru,Urban Development,57.47,42.52,98,14,2025-09-06,2025-12-27,2029-04-01,2028-05-04,2029-11-04,2030-02-06,96.74,10.99,Partially paid,92.6,4,Partial possession,702,57,0,Synthetic prototype; fields modeled on public government land-acquisition systems
BHNV-01797,Maharashtra,Pune,Industrial Corridor,140.29,79.88,265,44,2023-07-30,2024-10-25,2026-06-24,2028-09-26,2029-11-08,2029-12-07,266.3,29.33,Pending,92.2,12,Pending,1820,66,1,Synthetic prototype; fields modeled on public government land-acquisition systems
BHNV-01798,Karnataka,Mysuru,National Highway,32.64,30.25,66,10,2019-03-27,2019-07-16,2022-01-24,2020-05-04,2021-12-10,2022-02-02,82.62,2.64,Mostly paid,100.0,1,Substantially complete,531,46,0,Synthetic prototype; fields modeled on public government land-acquisition systems
BHNV-01799,West Bengal,Bardhaman,Industrial Corridor,171.12,114.98,310,53,2024-11-05,2027-02-11,2027-07-22,2028-01-02,2028-12-05,2029-03-10,619.88,20.97,Partially paid,100.0,5,Partial possession,923,58,0,Synthetic prototype; fields modeled on public government land-acquisition systems
BHNV-01800,Odisha,Sambalpur,Urban Development,233.81,217.83,406,72,2025-04-28,2026-11-27,2028-02-05,2028-02-16,2028-05-25,2029-10-31,1049.93,13.7,Mostly paid,100.0,13,Substantially complete,531,50,0,Synthetic prototype; fields modeled on public government land-acquisition systems
BHNV-01801,Maharashtra,Aurangabad,Irrigation,5.29,4.14,12,1,2020-11-10,2022-12-04,2024-03-04,2022-01-05,2023-03-22,2024-02-06,7.87,1.05,Partially paid,73.8,0,Partial possession,339,38,0,Synthetic prototype; fields modeled on public government land-acquisition systems
BHNV-01802,West Bengal,Hooghly,Railway,37.39,33.23,54,9,2025-06-09,2026-11-07,2026-10-27,2029-03-31,2030-01-07,2031-12-27,134.35,5.68,Partially paid,100.0,2,Partial possession,1727,50,0,Synthetic prototype; fields modeled on public government land-acquisition systems
BHNV-01803,Bihar,Muzaffarpur,Railway,32.67,11.58,70,15,2016-03-19,2016-08-28,2020-01-08,2019-09-19,2020-01-23,2021-03-09,100.74,5.94,Pending,78.6,2,Pending,1242,70,1,Synthetic prototype; fields modeled on public government land-acquisition systems
BHNV-01804,Madhya Pradesh,Bhopal,Irrigation,19.61,9.98,35,8,2021-02-10,2021-07-04,2024-05-12,2026-01-13,2027-03-01,2029-01-21,54.23,1.61,Pending,100.0,1,Pending,2343,62,1,Synthetic prototype; fields modeled on public government land-acquisition systems
BHNV-01805,West Bengal,Hooghly,National Highway,49.0,39.23,90,19,2021-03-07,2022-04-17,2021-10-11,2026-12-14,2027-02-18,2027-09-24,214.42,2.49,Partially paid,90.0,1,Partial possession,1511,53,0,Synthetic prototype; fields modeled on public government land-acquisition systems
BHNV-01806,Madhya Pradesh,Ujjain,National Highway,31.22,24.82,58,16,2016-07-15,2017-03-12,2017-09-28,2017-07-16,2017-10-22,2018-06-04,62.26,1.56,Partially paid,92.9,3,Partial possession,117,19,0,Synthetic prototype; fields modeled on public government land-acquisition systems
BHNV-01807,Maharashtra,Aurangabad,Industrial Corridor,14.36,13.92,23,6,2024-09-26,2025-03-06,2025-11-12,2029-07-04,2030-09-16,2031-11-03,20.89,1.87,Mostly paid,91.5,1,Substantially complete,1434,48,0,Synthetic prototype; fields modeled on public government land-acquisition systems
BHNV-01808,Tamil Nadu,Chennai,Irrigation,29.18,21.49,47,8,2020-11-18,2021-12-26,2021-08-07,2021-10-25,2021-11-29,2022-12-21,118.09,5.42,Pending,89.7,3,Partial possession,141,25,0,Synthetic prototype; fields modeled on public government land-acquisition systems
BHNV-01809,West Bengal,Kolkata,National Highway,99.94,64.1,185,23,2016-08-13,2017-02-12,2017-09-09,2023-02-10,2023-04-21,2024-05-28,105.35,16.56,Partially paid,100.0,2,Pending,1879,58,0,Synthetic prototype; fields modeled on public government land-acquisition systems
BHNV-01810,Odisha,Sambalpur,Irrigation,35.96,21.43,65,10,2023-03-27,2024-06-21,2025-05-24,2024-01-10,2024-11-10,2025-08-09,137.49,6.05,Partially paid,100.0,2,Pending,78,20,0,Synthetic prototype; fields modeled on public government land-acquisition systems
BHNV-01811,Maharashtra,Nashik,Urban Development,56.09,29.19,91,14,2025-07-13,2027-10-26,2029-08-21,2026-12-05,2027-12-27,2028-05-04,167.16,4.82,Pending,100.0,1,Pending,11,17,0,Synthetic prototype; fields modeled on public government land-acquisition systems
BHNV-01812,Gujarat,Surat,Railway,22.71,18.89,39,5,2020-04-10,2021-05-10,2024-06-12,2024-08-21,2024-09-12,2025-08-26,31.95,3.07,Partially paid,97.7,0,Partial possession,984,52,0,Synthetic prototype; fields modeled on public government land-acquisition systems
BHNV-01813,Uttar Pradesh,Prayagraj,Railway,47.09,37.6,89,12,2024-02-08,2026-01-31,2026-03-21,2027-12-18,2028-05-04,2029-05-02,77.29,4.6,Partially paid,100.0,2,Partial possession,1174,52,0,Synthetic prototype; fields modeled on public government land-acquisition systems
BHNV-01814,West Bengal,Kolkata,Railway,8.94,5.42,23,2,2018-01-04,2018-06-29,2022-03-07,2020-12-21,2021-04-15,2021-12-18,12.31,2.53,Partially paid,100.0,0,Pending,773,57,0,Synthetic prototype; fields modeled on public government land-acquisition systems
BHNV-01815,Odisha,Cuttack,Irrigation,18.18,12.14,28,2,2019-09-24,2021-10-26,2021-02-03,2022-05-11,2022-08-26,2024-01-31,62.86,0.93,Partially paid,100.0,1,Partial possession,706,56,0,Synthetic prototype; fields modeled on public government land-acquisition systems
BHNV-01816,Bihar,Bhagalpur,Irrigation,27.04,22.86,38,10,2020-04-28,2022-07-30,2023-01-31,2026-09-27,2027-10-31,2029-02-05,36.37,3.16,Partially paid,100.0,1,Partial possession,2260,50,0,Synthetic prototype; fields modeled on public government land-acquisition systems
BHNV-01817,Gujarat,Rajkot,Industrial Corridor,8.36,8.27,15,5,2020-06-07,2020-11-10,2022-01-14,2024-09-13,2024-12-16,2025-03-17,27.76,1.4,Mostly paid,96.4,1,Substantially complete,1038,46,0,Synthetic prototype; fields modeled on public government land-acquisition systems
BHNV-01818,Bihar,Bhagalpur,Railway,13.06,10.43,18,3,2021-08-04,2022-07-07,2024-09-24,2026-05-08,2027-03-16,2028-11-27,16.64,1.62,Partially paid,100.0,1,Partial possession,2023,52,0,Synthetic prototype; fields modeled on public government land-acquisition systems
BHNV-01819,Maharashtra,Nagpur,Industrial Corridor,40.98,21.83,79,18,2024-02-14,2026-02-27,2027-05-11,2025-01-27,2025-03-13,2025-07-03,154.43,3.61,Pending,100.0,0,Pending,0,16,0,Synthetic prototype; fields modeled on public government land-acquisition systems
BHNV-01820,Uttar Pradesh,Agra,Railway,34.12,28.73,77,11,2023-01-28,2023-06-24,2025-05-25,2025-07-30,2026-08-26,2028-03-30,143.38,5.28,Partially paid,100.0,1,Partial possession,1238,51,0,Synthetic prototype; fields modeled on public government land-acquisition systems
BHNV-01821,West Bengal,Bardhaman,Industrial Corridor,67.11,51.1,126,28,2016-08-07,2018-04-01,2017-07-12,2021-01-18,2021-12-28,2023-10-03,192.57,10.88,Partially paid,78.7,3,Partial possession,1441,56,0,Synthetic prototype; fields modeled on public government land-acquisition systems
BHNV-01822,West Bengal,Kolkata,Industrial Corridor,16.44,13.23,22,4,2022-05-29,2023-02-13,2023-07-13,2027-08-28,2028-07-06,2029-10-25,71.92,2.49,Partially paid,100.0,0,Partial possession,2094,52,0,Synthetic prototype; fields modeled on public government land-acquisition systems
BHNV-01823,Tamil Nadu,Madurai,Urban Development,31.74,25.87,60,6,2019-05-12,2020-09-03,2020-07-05,2023-08-13,2024-06-04,2025-10-31,71.24,4.2,Partially paid,100.0,2,Partial possession,1633,52,0,Synthetic prototype; fields modeled on public government land-acquisition systems
BHNV-01824,Tamil Nadu,Salem,Industrial Corridor,15.3,13.03,31,3,2020-09-24,2022-03-07,2022-11-04,2024-09-13,2024-10-09,2026-07-16,26.09,1.55,Mostly paid,100.0,1,Partial possession,1134,49,0,Synthetic prototype; fields modeled on public government land-acquisition systems
BHNV-01825,Maharashtra,Nagpur,Irrigation,60.71,20.25,115,19,2025-10-25,2027-09-16,2027-08-27,2031-05-14,2031-08-05,2031-09-26,88.39,6.74,Pending,100.0,1,Pending,1280,67,1,Synthetic prototype; fields modeled on public government land-acquisition systems
BHNV-01826,Maharashtra,Pune,Industrial Corridor,98.57,78.53,170,29,2016-07-20,2017-01-10,2017-12-15,2021-04-17,2022-10-06,2024-09-16,253.54,12.6,Mostly paid,78.0,2,Partial possession,2107,54,0,Synthetic prototype; fields modeled on public government land-acquisition systems
BHNV-01827,Uttar Pradesh,Kanpur Nagar,Railway,48.59,32.88,101,12,2021-03-04,2022-12-16,2025-02-16,2025-10-30,2025-12-06,2026-12-13,62.38,11.88,Pending,94.4,4,Partial possession,913,60,0,Synthetic prototype; fields modeled on public government land-acquisition systems
BHNV-01828,Tamil Nadu,Salem,Industrial Corridor,86.59,52.31,123,19,2021-09-10,2023-08-19,2023-01-24,2026-03-19,2027-03-05,2027-11-16,349.86,10.19,Pending,100.0,4,Pending,1512,60,0,Synthetic prototype; fields modeled on public government land-acquisition systems
BHNV-01829,Odisha,Bhubaneswar,National Highway,30.95,17.9,51,7,2024-08-26,2026-08-26,2025-01-31,2026-06-06,2027-08-21,2027-10-25,114.63,1.81,Partially paid,99.9,1,Pending,516,57,0,Synthetic prototype; fields modeled on public government land-acquisition systems
BHNV-01830,Odisha,Sambalpur,Renewable Energy,67.06,39.83,123,33,2024-12-17,2025-03-05,2025-05-18,2030-07-14,2031-02-22,2032-05-06,193.12,12.83,Partially paid,100.0,1,Pending,1574,59,0,Synthetic prototype; fields modeled on public government land-acquisition systems
BHNV-01831,Uttar Pradesh,Lucknow,Railway,32.31,17.75,63,9,2020-09-09,2021-01-23,2023-12-10,2021-06-25,2022-02-09,2022-06-30,112.1,2.4,Partially paid,100.0,2,Pending,0,14,0,Synthetic prototype; fields modeled on public government land-acquisition systems
BHNV-01832,Odisha,Puri,National Highway,10.75,6.15,13,1,2025-03-18,2025-07-18,2027-03-20,2026-03-28,2027-06-08,2027-10-03,10.59,0.31,Pending,91.1,0,Pending,305,42,0,Synthetic prototype; fields modeled on public government land-acquisition systems
BHNV-01833,Karnataka,Bengaluru Urban,Railway,38.35,37.35,59,12,2023-07-26,2025-05-21,2026-12-19,2028-01-24,2028-04-20,2029-08-24,59.56,1.77,Partially paid,100.0,2,Substantially complete,1366,48,0,Synthetic prototype; fields modeled on public government land-acquisition systems
BHNV-01834,Madhya Pradesh,Gwalior,Irrigation,11.08,3.27,22,6,2018-01-22,2020-05-29,2019-02-11,2023-05-31,2024-03-14,2024-11-12,34.33,2.17,Pending,96.4,2,Pending,1748,70,1,Synthetic prototype; fields modeled on public government land-acquisition systems
BHNV-01835,Uttar Pradesh,Prayagraj,Renewable Energy,310.79,262.39,578,101,2018-10-13,2019-03-31,2019-02-07,2024-11-03,2025-07-08,2027-07-15,797.69,63.69,Partially paid,85.2,24,Partial possession,2185,61,1,Synthetic prototype; fields modeled on public government land-acquisition systems
BHNV-01836,Uttar Pradesh,Kanpur Nagar,Renewable Energy,21.45,11.97,42,6,2016-04-24,2017-04-02,2019-05-27,2020-05-22,2020-07-16,2021-10-09,65.15,1.97,Partially paid,100.0,1,Pending,862,59,0,Synthetic prototype; fields modeled on public government land-acquisition systems
BHNV-01837,Rajasthan,Alwar,Irrigation,57.11,48.23,92,13,2023-08-01,2023-09-10,2027-09-24,2025-07-04,2026-05-03,2027-06-06,64.49,6.42,Mostly paid,100.0,1,Partial possession,305,30,0,Synthetic prototype; fields modeled on public government land-acquisition systems
BHNV-01838,Gujarat,Ahmedabad,Renewable Energy,29.59,17.25,56,9,2019-05-30,2020-09-18,2020-02-13,2022-07-28,2024-02-17,2024-05-26,95.1,4.46,Partially paid,100.0,0,Pending,792,58,0,Synthetic prototype; fields modeled on public government land-acquisition systems
BHNV-01839,Gujarat,Ahmedabad,Irrigation,8.73,6.49,24,5,2022-02-07,2023-04-07,2022-10-06,2026-03-18,2026-12-27,2028-01-04,32.94,1.48,Partially paid,91.6,0,Partial possession,1385,55,0,Synthetic prototype; fields modeled on public government land-acquisition systems
BHNV-01840,Karnataka,Mysuru,National Highway,4.49,1.51,13,2,2023-09-19,2025-03-06,2025-01-27,2030-02-21,2031-05-20,2031-06-30,12.67,0.34,Pending,90.6,0,Pending,2165,70,1,Synthetic prototype; fields modeled on public government land-acquisition systems
BHNV-01841,Tamil Nadu,Coimbatore,Urban Development,63.37,29.13,131,25,2017-04-13,2018-05-25,2020-05-28,2021-11-03,2022-09-27,2022-12-22,134.5,3.36,Pending,100.0,3,Pending,1174,64,1,Synthetic prototype; fields modeled on public government land-acquisition systems
BHNV-01842,Maharashtra,Thane,Railway,141.08,139.54,248,43,2017-03-01,2018-03-26,2019-01-09,2018-11-15,2020-04-22,2020-08-09,204.03,15.88,Mostly paid,100.0,3,Substantially complete,644,47,0,Synthetic prototype; fields modeled on public government land-acquisition systems
BHNV-01843,Maharashtra,Aurangabad,Irrigation,14.37,9.77,34,5,2020-04-24,2022-04-06,2023-09-13,2026-01-20,2027-03-04,2028-10-26,25.6,3.39,Partially paid,100.0,1,Partial possession,2581,57,0,Synthetic prototype; fields modeled on public government land-acquisition systems
BHNV-01844,Bihar,Muzaffarpur,Railway,5.72,3.76,14,2,2021-02-08,2022-09-08,2022-11-03,2024-07-15,2024-08-26,2025-11-09,15.63,0.4,Partially paid,90.4,0,Partial possession,536,56,0,Synthetic prototype; fields modeled on public government land-acquisition systems
BHNV-01845,Karnataka,Mangaluru,National Highway,21.65,15.88,28,5,2018-04-13,2020-02-13,2021-01-17,2021-04-22,2022-01-31,2022-02-20,37.79,1.14,Pending,100.0,0,Partial possession,492,52,0,Synthetic prototype; fields modeled on public government land-acquisition systems
BHNV-01846,Uttar Pradesh,Prayagraj,Urban Development,11.74,6.75,22,5,2024-07-28,2026-12-29,2026-02-08,2030-04-14,2031-08-08,2031-11-20,43.18,1.03,Pending,73.6,0,Pending,1573,64,1,Synthetic prototype; fields modeled on public government land-acquisition systems
BHNV-01847,Karnataka,Mysuru,National Highway,15.64,13.27,28,4,2021-07-21,2023-03-15,2022-08-10,2023-11-18,2024-02-14,2025-10-12,20.14,2.13,Partially paid,96.9,1,Partial possession,453,44,0,Synthetic prototype; fields modeled on public government land-acquisition systems
BHNV-01848,Karnataka,Mysuru,Renewable Energy,55.17,30.91,87,19,2022-12-07,2025-04-30,2026-01-08,2026-03-18,2026-12-03,2027-07-27,149.55,2.12,Pending,84.8,2,Pending,732,63,1,Synthetic prototype; fields modeled on public government land-acquisition systems
BHNV-01849,Karnataka,Bengaluru Urban,Railway,28.49,25.22,47,10,2016-01-11,2017-08-23,2016-08-26,2021-11-06,2023-01-04,2024-09-04,75.07,4.98,Partially paid,100.0,1,Partial possession,2480,50,0,Synthetic prototype; fields modeled on public government land-acquisition systems
BHNV-01850,Gujarat,Surat,Urban Development,13.07,8.61,22,3,2019-11-09,2021-01-07,2022-09-29,2023-09-19,2025-02-12,2026-10-13,17.17,1.48,Partially paid,98.9,2,Partial possession,1464,58,0,Synthetic prototype; fields modeled on public government land-acquisition systems
BHNV-01851,Karnataka,Bengaluru Urban,Renewable Energy,53.97,36.08,97,25,2025-07-13,2026-02-13,2027-08-22,2032-01-25,2033-04-01,2033-09-14,241.86,6.65,Pending,92.6,0,Partial possession,2239,59,0,Synthetic prototype; fields modeled on public government land-acquisition systems
BHNV-01852,Madhya Pradesh,Jabalpur,Urban Development,58.37,28.36,86,17,2021-09-20,2022-05-28,2023-05-11,2023-04-11,2023-11-22,2025-06-15,224.47,4.53,Pending,100.0,0,Pending,365,47,0,Synthetic prototype; fields modeled on public government land-acquisition systems
BHNV-01853,Maharashtra,Nashik,Renewable Energy,21.39,20.04,39,7,2020-09-21,2022-03-22,2021-10-01,2026-11-16,2027-07-11,2028-02-22,47.7,1.61,Partially paid,99.3,1,Substantially complete,1894,48,0,Synthetic prototype; fields modeled on public government land-acquisition systems
BHNV-01854,Bihar,Muzaffarpur,National Highway,34.4,24.02,48,6,2021-12-10,2022-11-04,2025-03-30,2023-03-13,2024-03-21,2025-11-08,114.69,2.71,Pending,85.9,3,Partial possession,496,56,0,Synthetic prototype; fields modeled on public government land-acquisition systems
BHNV-01855,Madhya Pradesh,Jabalpur,Irrigation,50.43,26.29,80,15,2023-07-11,2024-01-31,2026-12-03,2028-07-20,2030-03-08,2030-12-10,174.05,8.91,Partially paid,100.0,4,Pending,1977,60,0,Synthetic prototype; fields modeled on public government land-acquisition systems
BHNV-01856,Bihar,Gaya,Railway,45.88,40.66,80,11,2022-04-18,2024-07-16,2022-08-24,2027-02-18,2027-03-24,2028-04-23,147.24,2.35,Partially paid,100.0,3,Partial possession,1077,50,0,Synthetic prototype; fields modeled on public government land-acquisition systems
BHNV-01857,Rajasthan,Jaipur,Industrial Corridor,31.21,18.13,42,7,2018-08-30,2019-10-04,2021-09-07,2022-05-05,2023-07-16,2025-02-19,74.91,1.1,Pending,78.4,0,Pending,1497,63,1,Synthetic prototype; fields modeled on public government land-acquisition systems
BHNV-01858,Bihar,Patna,Industrial Corridor,125.54,104.74,217,36,2017-08-26,2020-02-07,2021-09-15,2018-03-31,2018-08-13,2018-10-23,511.56,6.82,Mostly paid,100.0,7,Partial possession,0,6,0,Synthetic prototype; fields modeled on public government land-acquisition systems
BHNV-01859,Maharashtra,Nagpur,National Highway,53.66,39.07,102,17,2025-09-25,2027-03-17,2027-10-14,2029-12-05,2030-06-10,2031-08-24,196.11,9.97,Partially paid,96.1,4,Partial possession,1492,56,0,Synthetic prototype; fields modeled on public government land-acquisition systems
BHNV-01860,Maharashtra,Nashik,Railway,19.09,13.73,47,8,2016-07-31,2017-03-21,2020-02-01,2022-05-04,2022-06-21,2024-03-19,53.56,1.17,Partially paid,100.0,0,Partial possession,2221,54,0,Synthetic prototype; fields modeled on public government land-acquisition systems
BHNV-01861,Karnataka,Mangaluru,Railway,19.21,14.5,38,9,2022-05-04,2024-01-31,2022-09-11,2027-06-03,2027-08-27,2028-01-30,15.55,2.03,Partially paid,100.0,0,Partial possession,1047,54,0,Synthetic prototype; fields modeled on public government land-acquisition systems
BHNV-01862,West Bengal,Hooghly,National Highway,17.15,13.36,26,5,2024-05-11,2025-03-18,2026-12-09,2025-03-16,2026-09-26,2028-04-30,27.89,1.62,Partially paid,91.1,0,Partial possession,296,33,0,Synthetic prototype; fields modeled on public government land-acquisition systems
BHNV-01863,Rajasthan,Jaipur,Railway,56.38,27.13,112,18,2023-07-17,2025-05-23,2027-05-26,2024-12-28,2026-06-30,2027-12-20,151.25,7.92,Pending,100.0,3,Pending,773,63,1,Synthetic prototype; fields modeled on public government land-acquisition systems
BHNV-01864,Uttar Pradesh,Varanasi,Irrigation,16.07,8.71,30,5,2017-06-23,2018-09-11,2018-09-01,2022-05-24,2022-06-21,2022-07-20,66.31,0.61,Pending,95.1,0,Pending,824,62,1,Synthetic prototype; fields modeled on public government land-acquisition systems
BHNV-01865,Odisha,Bhubaneswar,National Highway,19.59,13.95,39,6,2017-12-06,2018-02-06,2019-10-06,2021-01-24,2021-12-10,2022-01-01,61.24,2.68,Partially paid,100.0,0,Partial possession,936,54,0,Synthetic prototype; fields modeled on public government land-acquisition systems
BHNV-01866,Bihar,Gaya,Irrigation,86.32,53.27,170,31,2024-05-16,2024-09-04,2025-07-02,2028-06-11,2029-12-25,2030-08-27,202.51,6.71,Pending,93.5,1,Pending,1350,59,0,Synthetic prototype; fields modeled on public government land-acquisition systems
BHNV-01867,West Bengal,Howrah,Railway,36.29,32.64,57,8,2020-10-24,2022-03-20,2022-09-22,2022-02-03,2022-11-15,2023-06-03,35.47,1.7,Partially paid,100.0,1,Partial possession,0,5,0,Synthetic prototype; fields modeled on public government land-acquisition systems
BHNV-01868,Karnataka,Bengaluru Urban,National Highway,99.34,89.64,166,28,2023-04-20,2023-10-14,2026-09-17,2025-01-13,2025-03-21,2025-05-27,299.01,12.17,Mostly paid,100.0,3,Substantially complete,0,3,0,Synthetic prototype; fields modeled on public government land-acquisition systems
BHNV-01869,Gujarat,Surat,Railway,66.56,61.55,111,20,2020-08-11,2022-05-09,2023-04-02,2026-09-24,2028-02-14,2028-07-14,139.63,10.48,Mostly paid,76.4,2,Substantially complete,2255,51,0,Synthetic prototype; fields modeled on public government land-acquisition systems
BHNV-01870,Uttar Pradesh,Kanpur Nagar,National Highway,9.24,9.06,20,4,2019-03-04,2020-08-09,2020-06-16,2025-01-12,2026-08-09,2027-02-13,25.76,2.27,Mostly paid,92.8,0,Substantially complete,1995,46,0,Synthetic prototype; fields modeled on public government land-acquisition systems
BHNV-01871,Tamil Nadu,Chennai,Railway,27.05,13.65,42,9,2017-05-12,2017-11-27,2019-11-02,2022-04-29,2023-08-19,2024-04-08,98.35,4.67,Pending,96.8,1,Pending,1689,62,1,Synthetic prototype; fields modeled on public government land-acquisition systems
BHNV-01872,West Bengal,Kolkata,Irrigation,80.64,59.65,144,22,2024-05-26,2026-06-17,2025-07-13,2026-11-30,2028-05-20,2029-02-21,304.32,8.63,Pending,84.5,1,Partial possession,952,58,0,Synthetic prototype; fields modeled on public government land-acquisition systems
BHNV-01873,Gujarat,Rajkot,Irrigation,8.83,8.34,16,5,2018-02-20,2020-02-22,2018-06-27,2020-09-17,2021-08-21,2022-05-17,35.3,1.45,Mostly paid,96.5,1,Substantially complete,643,48,0,Synthetic prototype; fields modeled on public government land-acquisition systems
BHNV-01874,Rajasthan,Ajmer,Railway,45.59,19.8,77,12,2021-03-24,2021-04-29,2024-09-22,2026-02-25,2027-08-17,2028-05-27,143.76,6.9,Pending,100.0,1,Pending,2000,65,1,Synthetic prototype; fields modeled on public government land-acquisition systems
BHNV-01875,Karnataka,Mangaluru,National Highway,28.81,25.93,51,8,2016-05-05,2017-06-18,2019-04-05,2020-08-01,2021-11-01,2023-06-25,119.58,3.12,Partially paid,100.0,0,Substantially complete,1461,49,0,Synthetic prototype; fields modeled on public government land-acquisition systems
BHNV-01876,Uttar Pradesh,Prayagraj,Industrial Corridor,5.18,4.96,9,2,2025-05-23,2027-09-25,2029-02-04,2030-04-17,2031-01-07,2031-09-02,17.38,0.27,Mostly paid,100.0,0,Substantially complete,1334,47,0,Synthetic prototype; fields modeled on public government land-acquisition systems
BHNV-01877,Uttar Pradesh,Kanpur Nagar,Irrigation,33.77,31.79,47,11,2020-03-06,2022-08-06,2023-04-09,2022-12-05,2023-05-28,2025-02-04,124.97,2.74,Mostly paid,100.0,1,Substantially complete,608,47,0,Synthetic prototype; fields modeled on public government land-acquisition systems
BHNV-01878,Uttar Pradesh,Kanpur Nagar,Irrigation,12.97,11.69,26,4,2018-04-20,2019-07-27,2019-11-13,2019-12-27,2020-02-15,2020-07-12,43.27,3.1,Partially paid,100.0,1,Substantially complete,276,29,0,Synthetic prototype; fields modeled on public government land-acquisition systems
BHNV-01879,Rajasthan,Jaipur,Renewable Energy,9.32,5.83,16,4,2018-09-09,2018-11-11,2022-08-20,2021-08-25,2022-03-25,2022-09-18,37.52,1.21,Partially paid,100.0,0,Pending,896,56,0,Synthetic prototype; fields modeled on public government land-acquisition systems
BHNV-01880,Bihar,Patna,Industrial Corridor,30.24,14.09,61,15,2019-09-03,2021-04-17,2023-05-13,2022-05-20,2023-08-27,2025-08-20,49.13,3.3,Pending,89.3,0,Pending,1118,66,1,Synthetic prototype; fields modeled on public government land-acquisition systems
BHNV-01881,Tamil Nadu,Madurai,Railway,4.35,3.14,9,2,2016-01-12,2017-11-03,2019-03-13,2021-12-26,2023-01-22,2025-01-06,15.71,0.85,Partially paid,96.0,0,Partial possession,2566,56,0,Synthetic prototype; fields modeled on public government land-acquisition systems
BHNV-01882,Rajasthan,Ajmer,National Highway,15.27,12.34,27,2,2020-02-09,2020-07-25,2020-08-15,2025-05-19,2026-02-03,2026-05-01,18.84,2.39,Partially paid,100.0,0,Partial possession,1528,52,0,Synthetic prototype; fields modeled on public government land-acquisition systems
BHNV-01883,Odisha,Cuttack,Renewable Energy,384.2,244.84,637,136,2019-08-10,2020-09-09,2023-08-06,2025-06-06,2026-07-18,2028-07-19,438.13,49.61,Partially paid,100.0,18,Pending,2349,63,1,Synthetic prototype; fields modeled on public government land-acquisition systems
BHNV-01884,Tamil Nadu,Salem,Railway,57.41,25.1,107,13,2020-01-03,2020-05-17,2020-05-21,2025-07-03,2026-02-06,2027-08-17,150.36,8.96,Pending,100.0,2,Pending,2081,67,1,Synthetic prototype; fields modeled on public government land-acquisition systems
BHNV-01885,Maharashtra,Thane,Urban Development,12.41,10.37,13,2,2021-01-04,2023-04-07,2023-02-23,2026-01-08,2026-03-07,2027-12-12,23.71,1.02,Partially paid,100.0,0,Partial possession,1378,51,0,Synthetic prototype; fields modeled on public government land-acquisition systems
BHNV-01886,Karnataka,Bengaluru Urban,Irrigation,122.02,77.77,223,38,2017-05-30,2017-07-30,2018-09-16,2023-10-23,2024-09-16,2026-01-27,351.96,25.78,Partially paid,95.5,6,Pending,2146,60,0,Synthetic prototype; fields modeled on public government land-acquisition systems
BHNV-01887,Rajasthan,Jaipur,Urban Development,11.11,7.27,14,3,2025-06-24,2027-04-20,2029-05-15,2029-01-12,2030-03-10,2032-01-24,36.75,0.99,Partially paid,88.7,0,Partial possession,1293,58,0,Synthetic prototype; fields modeled on public government land-acquisition systems
BHNV-01888,Gujarat,Vadodara,Irrigation,17.22,15.9,31,4,2022-06-21,2024-06-01,2025-06-22,2026-07-20,2027-02-25,2027-11-21,28.21,2.45,Mostly paid,70.6,2,Substantially complete,1184,51,0,Synthetic prototype; fields modeled on public government land-acquisition systems
BHNV-01889,Tamil Nadu,Coimbatore,Irrigation,9.5,7.45,17,4,2020-08-30,2022-03-06,2022-01-04,2026-04-05,2026-12-16,2029-01-25,32.2,1.14,Partially paid,100.0,2,Partial possession,2121,53,0,Synthetic prototype; fields modeled on public government land-acquisition systems
BHNV-01890,Odisha,Cuttack,Urban Development,38.71,33.15,55,13,2024-06-06,2024-12-20,2027-07-22,2026-02-21,2026-04-17,2028-01-09,173.54,4.4,Mostly paid,88.2,2,Partial possession,585,51,0,Synthetic prototype; fields modeled on public government land-acquisition systems
BHNV-01891,Maharashtra,Pune,Urban Development,117.76,81.41,195,30,2025-10-19,2028-03-21,2026-06-07,2028-10-05,2029-10-17,2030-05-17,425.33,21.27,Partially paid,100.0,3,Partial possession,1069,57,0,Synthetic prototype; fields modeled on public government land-acquisition systems
BHNV-01892,Bihar,Gaya,Railway,11.03,10.02,24,6,2019-02-21,2019-06-08,2020-03-16,2024-09-19,2025-01-06,2026-03-23,15.92,1.3,Mostly paid,100.0,1,Substantially complete,1996,48,0,Synthetic prototype; fields modeled on public government land-acquisition systems
BHNV-01893,Gujarat,Ahmedabad,Renewable Energy,3.82,1.6,9,1,2025-06-05,2027-01-01,2027-11-27,2028-02-15,2029-08-22,2031-01-11,12.01,0.63,Pending,100.0,0,Pending,1190,66,1,Synthetic prototype; fields modeled on public government land-acquisition systems
BHNV-01894,Tamil Nadu,Salem,Renewable Energy,89.21,70.91,166,27,2022-06-19,2023-02-12,2023-04-23,2024-06-22,2024-11-27,2026-09-04,74.5,10.77,Partially paid,96.3,4,Partial possession,340,38,0,Synthetic prototype; fields modeled on public government land-acquisition systems
BHNV-01895,Karnataka,Bengaluru Urban,Urban Development,141.71,111.37,260,45,2024-11-30,2027-04-16,2026-01-30,2029-12-08,2030-02-19,2030-05-26,359.65,15.55,Partially paid,100.0,3,Partial possession,1358,53,0,Synthetic prototype; fields modeled on public government land-acquisition systems
BHNV-01896,Gujarat,Surat,Railway,4.08,3.26,3,1,2023-02-07,2024-04-22,2026-02-02,2024-06-05,2025-11-10,2026-09-28,11.31,0.31,Partially paid,100.0,0,Partial possession,563,52,0,Synthetic prototype; fields modeled on public government land-acquisition systems
BHNV-01897,Maharashtra,Pune,Renewable Energy,47.47,44.7,87,14,2020-03-28,2020-05-04,2021-11-20,2023-11-17,2025-04-27,2027-07-02,208.76,3.76,Partially paid,100.0,2,Substantially complete,2034,48,0,Synthetic prototype; fields modeled on public government land-acquisition systems
BHNV-01898,Gujarat,Vadodara,Railway,37.58,28.53,72,14,2021-09-17,2023-10-23,2022-09-30,2023-08-21,2023-09-26,2025-09-08,132.57,5.04,Partially paid,100.0,0,Partial possession,450,44,0,Synthetic prototype; fields modeled on public government land-acquisition systems
BHNV-01899,Madhya Pradesh,Gwalior,Railway,13.63,11.0,21,2,2024-08-21,2025-05-04,2028-10-04,2025-04-23,2025-11-27,2026-12-20,46.51,2.36,Partially paid,100.0,0,Partial possession,88,16,0,Synthetic prototype; fields modeled on public government land-acquisition systems
BHNV-01900,West Bengal,Hooghly,Irrigation,7.43,6.34,20,3,2024-06-19,2025-01-09,2026-11-23,2029-01-14,2030-05-14,2031-12-13,20.58,0.72,Partially paid,100.0,1,Partial possession,1958,50,0,Synthetic prototype; fields modeled on public government land-acquisition systems
BHNV-01901,Bihar,Muzaffarpur,Renewable Energy,80.78,54.5,152,43,2022-04-19,2022-08-07,2025-04-29,2026-01-15,2026-11-09,2028-02-25,218.01,3.11,Partially paid,97.0,4,Partial possession,1580,58,0,Synthetic prototype; fields modeled on public government land-acquisition systems
BHNV-01902,Maharashtra,Aurangabad,Renewable Energy,35.84,31.61,65,9,2022-06-08,2024-09-08,2025-04-24,2024-06-13,2025-07-04,2026-12-01,160.23,3.02,Partially paid,97.2,4,Partial possession,791,51,0,Synthetic prototype; fields modeled on public government land-acquisition systems
BHNV-01903,Gujarat,Vadodara,Irrigation,38.65,30.94,46,13,2018-09-05,2018-11-30,2022-08-07,2019-05-24,2020-10-17,2021-10-23,33.96,5.16,Mostly paid,100.0,1,Partial possession,0,5,0,Synthetic prototype; fields modeled on public government land-acquisition systems
BHNV-01904,West Bengal,Kolkata,Urban Development,16.09,8.51,22,6,2022-04-24,2022-10-05,2023-05-05,2027-09-10,2028-08-21,2029-06-27,30.92,0.63,Pending,95.2,1,Pending,1936,61,1,Synthetic prototype; fields modeled on public government land-acquisition systems
BHNV-01905,West Bengal,Hooghly,Irrigation,13.44,12.09,21,7,2024-05-05,2025-01-27,2027-08-17,2027-12-01,2028-01-11,2029-08-27,17.4,0.71,Partially paid,82.2,2,Partial possession,1326,52,0,Synthetic prototype; fields modeled on public government land-acquisition systems
BHNV-01906,Gujarat,Ahmedabad,Renewable Energy,2.57,2.47,5,0,2023-02-02,2024-06-17,2024-03-05,2024-03-18,2024-08-08,2025-06-18,5.05,0.26,Mostly paid,99.7,0,Substantially complete,6,2,0,Synthetic prototype; fields modeled on public government land-acquisition systems
BHNV-01907,Karnataka,Mysuru,Renewable Energy,23.85,19.96,47,6,2021-06-29,2022-03-02,2025-08-08,2023-12-24,2025-01-21,2026-11-12,59.99,4.56,Partially paid,83.5,1,Partial possession,1227,54,0,Synthetic prototype; fields modeled on public government land-acquisition systems
BHNV-01908,Madhya Pradesh,Indore,Urban Development,126.32,82.92,237,35,2023-05-11,2025-06-17,2024-10-24,2029-06-15,2030-11-18,2031-11-10,260.87,22.55,Partially paid,70.6,5,Partial possession,2164,62,1,Synthetic prototype; fields modeled on public government land-acquisition systems
BHNV-01909,Rajasthan,Jodhpur,Irrigation,12.3,10.25,19,4,2021-01-20,2021-03-16,2024-02-03,2022-08-19,2022-12-06,2023-04-19,53.65,0.55,Partially paid,69.6,0,Partial possession,0,11,0,Synthetic prototype; fields modeled on public government land-acquisition systems
BHNV-01910,Madhya Pradesh,Ujjain,National Highway,6.54,4.55,16,1,2023-02-12,2023-09-16,2026-07-01,2026-11-28,2028-07-12,2030-02-15,21.7,1.81,Partially paid,100.0,0,Partial possession,1798,55,0,Synthetic prototype; fields modeled on public government land-acquisition systems
BHNV-01911,Gujarat,Surat,National Highway,46.32,36.05,77,17,2022-11-13,2024-09-02,2026-02-20,2029-02-20,2029-08-30,2030-03-18,161.83,3.38,Partially paid,100.0,1,Partial possession,2132,54,0,Synthetic prototype; fields modeled on public government land-acquisition systems
BHNV-01912,Bihar,Gaya,Urban Development,55.71,38.03,89,14,2016-08-11,2018-08-19,2017-10-01,2019-04-24,2020-08-23,2022-04-13,197.57,4.28,Partially paid,100.0,1,Partial possession,1221,55,0,Synthetic prototype; fields modeled on public government land-acquisition systems
BHNV-01913,Rajasthan,Kota,Irrigation,16.68,6.02,40,5,2021-11-09,2022-04-03,2024-12-27,2024-05-29,2025-10-11,2026-04-01,68.84,2.35,Pending,97.5,2,Pending,688,68,1,Synthetic prototype; fields modeled on public government land-acquisition systems
BHNV-01914,Maharashtra,Aurangabad,Irrigation,21.14,15.93,35,6,2016-10-06,2019-01-28,2020-05-09,2019-12-17,2020-10-01,2021-05-31,76.98,2.92,Partially paid,80.5,1,Partial possession,1186,55,0,Synthetic prototype; fields modeled on public government land-acquisition systems
BHNV-01915,Madhya Pradesh,Jabalpur,Railway,39.01,36.97,72,9,2019-04-08,2021-01-10,2019-11-14,2021-03-29,2022-06-09,2023-04-27,33.55,5.19,Mostly paid,91.5,2,Substantially complete,587,49,0,Synthetic prototype; fields modeled on public government land-acquisition systems
BHNV-01916,Gujarat,Ahmedabad,Renewable Energy,25.65,14.91,52,8,2020-12-24,2021-07-04,2024-12-28,2027-06-09,2028-12-05,2029-08-10,45.33,5.87,Partially paid,100.0,1,Pending,2120,59,0,Synthetic prototype; fields modeled on public government land-acquisition systems
BHNV-01917,Madhya Pradesh,Gwalior,Industrial Corridor,81.46,70.6,127,21,2020-10-23,2022-01-09,2022-11-14,2024-04-23,2025-03-23,2025-04-17,363.29,9.71,Partially paid,100.0,3,Partial possession,925,50,0,Synthetic prototype; fields modeled on public government land-acquisition systems
BHNV-01918,Rajasthan,Ajmer,Urban Development,342.83,271.46,624,113,2021-08-07,2022-03-02,2022-09-14,2023-07-31,2023-10-11,2024-04-17,1101.46,65.96,Partially paid,94.0,13,Partial possession,215,30,0,Synthetic prototype; fields modeled on public government land-acquisition systems
BHNV-01919,Odisha,Bhubaneswar,Industrial Corridor,5.42,4.73,6,1,2016-09-04,2017-07-10,2019-07-06,2023-03-25,2024-01-06,2026-03-03,5.7,0.17,Mostly paid,100.0,1,Partial possession,2928,49,0,Synthetic prototype; fields modeled on public government land-acquisition systems
BHNV-01920,Tamil Nadu,Chennai,Industrial Corridor,102.49,95.31,181,33,2019-10-16,2022-01-20,2024-02-02,2021-08-13,2022-03-13,2023-12-30,258.95,19.11,Mostly paid,98.3,3,Substantially complete,390,36,0,Synthetic prototype; fields modeled on public government land-acquisition systems
BHNV-01921,Madhya Pradesh,Gwalior,Urban Development,33.29,24.43,65,13,2019-10-04,2020-06-01,2022-01-01,2024-08-22,2024-11-23,2024-12-09,147.44,2.59,Partially paid,100.0,2,Partial possession,1213,53,0,Synthetic prototype; fields modeled on public government land-acquisition systems
BHNV-01922,Maharashtra,Aurangabad,Irrigation,120.09,80.78,221,42,2023-12-23,2024-03-15,2025-08-09,2027-11-02,2027-12-27,2030-02-09,537.22,12.43,Partially paid,100.0,3,Partial possession,1476,55,0,Synthetic prototype; fields modeled on public government land-acquisition systems
BHNV-01923,Maharashtra,Nashik,Urban Development,61.83,47.4,128,28,2025-08-07,2025-11-11,2026-05-18,2031-08-02,2032-04-17,2034-04-13,148.4,6.65,Partially paid,100.0,2,Partial possession,2566,54,0,Synthetic prototype; fields modeled on public government land-acquisition systems
BHNV-01924,Uttar Pradesh,Kanpur Nagar,Industrial Corridor,31.85,26.99,53,7,2025-07-09,2027-02-02,2028-03-22,2030-11-08,2030-12-15,2031-06-29,130.72,2.85,Mostly paid,94.1,2,Partial possession,1195,50,0,Synthetic prototype; fields modeled on public government land-acquisition systems
BHNV-01925,Madhya Pradesh,Jabalpur,Renewable Energy,64.07,25.55,128,28,2021-10-26,2023-12-27,2024-04-20,2024-06-09,2025-02-14,2026-02-13,191.59,14.32,Pending,93.2,4,Pending,668,67,1,Synthetic prototype; fields modeled on public government land-acquisition systems
BHNV-01926,Tamil Nadu,Salem,Renewable Energy,20.2,12.54,32,5,2022-11-10,2024-05-12,2024-01-15,2026-08-18,2027-01-05,2028-10-19,54.23,2.05,Partially paid,98.8,0,Pending,1281,58,0,Synthetic prototype; fields modeled on public government land-acquisition systems
BHNV-01927,Karnataka,Mysuru,Renewable Energy,13.81,11.77,24,2,2023-03-18,2024-08-27,2025-06-07,2026-04-09,2026-09-10,2027-10-11,32.1,1.12,Partially paid,87.6,1,Partial possession,561,52,0,Synthetic prototype; fields modeled on public government land-acquisition systems
BHNV-01928,West Bengal,Kolkata,Irrigation,67.41,57.77,105,20,2025-06-25,2026-09-28,2027-05-01,2029-02-03,2030-03-18,2031-01-23,276.44,5.19,Mostly paid,88.4,2,Partial possession,1416,51,0,Synthetic prototype; fields modeled on public government land-acquisition systems
BHNV-01929,Tamil Nadu,Salem,National Highway,12.88,8.79,22,3,2024-06-12,2026-07-08,2025-09-04,2026-12-04,2027-04-24,2027-11-21,39.9,2.21,Pending,96.5,2,Partial possession,721,58,0,Synthetic prototype; fields modeled on public government land-acquisition systems
BHNV-01930,West Bengal,Bardhaman,Urban Development,56.96,31.51,110,23,2016-02-14,2016-04-29,2018-09-08,2022-01-11,2022-05-19,2023-03-15,115.92,8.13,Pending,98.2,2,Pending,1584,62,1,Synthetic prototype; fields modeled on public government land-acquisition systems
BHNV-01931,West Bengal,Howrah,Renewable Energy,30.9,25.77,61,10,2021-09-16,2023-05-30,2022-11-09,2024-07-15,2026-01-05,2027-07-29,80.96,3.96,Mostly paid,96.4,4,Partial possession,1116,51,0,Synthetic prototype; fields modeled on public government land-acquisition systems
BHNV-01932,Odisha,Puri,Urban Development,2.92,1.87,2,0,2017-02-19,2017-04-24,2018-11-17,2018-10-10,2019-06-09,2020-11-26,7.13,0.23,Partially paid,100.0,0,Pending,280,35,0,Synthetic prototype; fields modeled on public government land-acquisition systems
BHNV-01933,Uttar Pradesh,Kanpur Nagar,Renewable Energy,16.87,12.43,29,4,2022-04-11,2022-11-15,2023-09-04,2027-10-09,2029-03-27,2029-11-21,41.66,3.28,Partially paid,100.0,1,Partial possession,2190,56,0,Synthetic prototype; fields modeled on public government land-acquisition systems
BHNV-01934,Tamil Nadu,Coimbatore,Irrigation,41.88,40.07,73,10,2024-07-30,2024-11-25,2027-05-01,2028-12-15,2029-05-24,2031-06-05,81.79,6.98,Mostly paid,86.4,0,Substantially complete,1902,48,0,Synthetic prototype; fields modeled on public government land-acquisition systems
BHNV-01935,Tamil Nadu,Coimbatore,National Highway,19.97,19.08,33,5,2022-12-15,2023-12-14,2026-06-16,2024-05-25,2024-11-18,2026-11-25,62.74,2.37,Mostly paid,94.7,1,Substantially complete,256,24,0,Synthetic prototype; fields modeled on public government land-acquisition systems
BHNV-01936,Odisha,Bhubaneswar,National Highway,2.35,1.66,4,1,2022-06-28,2022-12-10,2024-03-21,2026-08-01,2027-01-31,2027-11-27,2.33,0.13,Pending,100.0,0,Partial possession,1024,56,0,Synthetic prototype; fields modeled on public government land-acquisition systems
BHNV-01937,Madhya Pradesh,Jabalpur,Renewable Energy,112.25,94.37,215,37,2019-06-29,2021-01-24,2021-02-19,2024-06-22,2025-12-26,2028-01-08,457.85,19.52,Partially paid,81.4,3,Partial possession,2018,53,0,Synthetic prototype; fields modeled on public government land-acquisition systems
BHNV-01938,Madhya Pradesh,Gwalior,Irrigation,35.49,29.52,53,7,2022-11-20,2025-02-19,2026-05-20,2026-04-14,2026-08-31,2027-08-11,82.94,5.38,Partially paid,100.0,2,Partial possession,832,53,0,Synthetic prototype; fields modeled on public government land-acquisition systems
BHNV-01939,Madhya Pradesh,Ujjain,Railway,46.7,25.86,77,14,2018-12-20,2019-05-11,2021-09-28,2022-01-11,2022-11-21,2024-06-18,175.74,8.1,Partially paid,100.0,1,Pending,914,60,0,Synthetic prototype; fields modeled on public government land-acquisition systems
BHNV-01940,Bihar,Patna,Urban Development,18.67,11.9,31,6,2019-02-16,2019-09-05,2022-05-22,2019-11-19,2020-08-09,2021-02-02,65.33,2.42,Partially paid,87.7,0,Pending,0,11,0,Synthetic prototype; fields modeled on public government land-acquisition systems
BHNV-01941,West Bengal,Hooghly,Urban Development,50.98,29.8,79,15,2016-03-27,2017-03-30,2019-06-04,2019-09-20,2021-03-09,2021-10-02,129.79,6.45,Pending,95.9,3,Pending,1399,62,1,Synthetic prototype; fields modeled on public government land-acquisition systems
BHNV-01942,Bihar,Muzaffarpur,Industrial Corridor,187.7,144.68,372,45,2021-10-28,2023-06-04,2023-07-16,2026-05-04,2026-08-31,2027-02-06,288.16,33.83,Partially paid,80.5,7,Partial possession,749,58,0,Synthetic prototype; fields modeled on public government land-acquisition systems
BHNV-01943,Uttar Pradesh,Gorakhpur,Irrigation,14.37,9.57,24,3,2016-08-15,2018-02-20,2020-02-28,2022-01-07,2023-06-18,2025-05-03,41.39,2.58,Partially paid,100.0,0,Partial possession,2193,57,0,Synthetic prototype; fields modeled on public government land-acquisition systems
BHNV-01944,Odisha,Cuttack,Industrial Corridor,158.7,131.77,258,50,2022-12-05,2023-06-26,2025-02-22,2027-10-19,2029-03-22,2031-02-26,683.66,6.33,Mostly paid,72.7,14,Partial possession,2164,58,0,Synthetic prototype; fields modeled on public government land-acquisition systems
BHNV-01945,Tamil Nadu,Coimbatore,Renewable Energy,44.64,24.78,80,15,2021-01-12,2022-11-09,2023-05-11,2024-05-13,2025-03-25,2026-09-28,66.4,6.11,Partially paid,100.0,1,Pending,1160,60,0,Synthetic prototype; fields modeled on public government land-acquisition systems
BHNV-01946,West Bengal,Hooghly,Industrial Corridor,12.56,10.07,24,4,2017-09-14,2018-09-10,2020-08-04,2018-08-08,2019-04-09,2020-12-25,21.95,1.37,Partially paid,82.7,3,Partial possession,229,30,0,Synthetic prototype; fields modeled on public government land-acquisition systems
BHNV-01947,Bihar,Gaya,National Highway,273.8,172.92,503,86,2025-04-04,2025-11-26,2025-11-01,2027-03-23,2027-06-09,2029-03-07,1225.01,51.97,Partially paid,100.0,11,Pending,800,62,1,Synthetic prototype; fields modeled on public government land-acquisition systems
BHNV-01948,Bihar,Bhagalpur,Urban Development,44.33,19.08,81,17,2020-05-25,2021-06-01,2021-12-08,2024-01-20,2024-09-22,2025-07-03,181.86,2.7,Pending,100.0,1,Pending,1186,65,1,Synthetic prototype; fields modeled on public government land-acquisition systems
BHNV-01949,Gujarat,Rajkot,Industrial Corridor,58.94,43.69,96,10,2024-03-14,2024-07-25,2024-08-12,2027-03-30,2027-10-13,2027-12-17,167.0,10.65,Partially paid,94.9,3,Partial possession,197,27,0,Synthetic prototype; fields modeled on public government land-acquisition systems
BHNV-01950,Bihar,Muzaffarpur,National Highway,22.89,10.63,37,6,2017-04-29,2019-03-01,2018-04-18,2020-02-08,2021-01-06,2022-07-01,77.15,1.2,Pending,100.0,0,Pending,1178,65,1,Synthetic prototype; fields modeled on public government land-acquisition systems
BHNV-01951,Karnataka,Bengaluru Urban,Irrigation,13.51,12.12,26,7,2023-11-27,2024-02-04,2027-05-31,2027-02-12,2027-05-29,2027-10-18,32.96,0.75,Partially paid,100.0,0,Partial possession,404,38,0,Synthetic prototype; fields modeled on public government land-acquisition systems
BHNV-01952,Tamil Nadu,Madurai,Industrial Corridor,35.44,33.7,59,11,2016-01-25,2016-03-17,2017-02-27,2021-12-26,2022-03-14,2024-01-09,81.34,3.22,Mostly paid,99.0,1,Substantially complete,1822,47,0,Synthetic prototype; fields modeled on public government land-acquisition systems
BHNV-01953,Karnataka,Bengaluru Urban,Renewable Energy,145.69,130.97,274,55,2020-12-19,2021-09-26,2023-11-11,2024-06-30,2025-02-18,2027-03-28,355.45,32.74,Mostly paid,100.0,8,Partial possession,1378,50,0,Synthetic prototype; fields modeled on public government land-acquisition systems
BHNV-01954,Tamil Nadu,Coimbatore,Renewable Energy,21.98,17.67,30,4,2019-05-10,2021-09-22,2020-10-17,2024-10-30,2025-07-18,2025-09-16,51.29,2.5,Partially paid,100.0,0,Partial possession,1465,52,0,Synthetic prototype; fields modeled on public government land-acquisition systems
BHNV-01955,Odisha,Bhubaneswar,Renewable Energy,29.17,17.6,70,9,2019-06-02,2020-04-16,2022-05-26,2022-03-06,2023-07-06,2024-03-10,96.25,1.59,Partially paid,96.2,2,Pending,791,59,0,Synthetic prototype; fields modeled on public government land-acquisition systems
BHNV-01956,Tamil Nadu,Madurai,Urban Development,128.55,122.16,224,23,2018-02-17,2018-10-06,2019-03-30,2022-05-09,2022-07-19,2023-10-24,260.02,10.06,Mostly paid,100.0,5,Substantially complete,1141,48,0,Synthetic prototype; fields modeled on public government land-acquisition systems
BHNV-01957,Karnataka,Mangaluru,Industrial Corridor,22.19,13.9,46,7,2025-10-21,2026-04-23,2026-05-07,2029-03-11,2029-05-09,2030-12-28,31.77,1.61,Pending,82.4,3,Pending,1318,62,1,Synthetic prototype; fields modeled on public government land-acquisition systems
BHNV-01958,Tamil Nadu,Chennai,Irrigation,49.91,41.76,85,10,2018-07-19,2020-03-06,2019-02-24,2020-08-26,2020-12-04,2022-03-06,170.41,1.71,Partially paid,100.0,3,Partial possession,544,52,0,Synthetic prototype; fields modeled on public government land-acquisition systems
BHNV-01959,Odisha,Puri,Industrial Corridor,72.05,57.78,127,26,2023-10-13,2024-02-25,2026-12-09,2026-12-25,2027-02-15,2028-07-16,65.98,9.08,Partially paid,89.9,3,Partial possession,562,54,0,Synthetic prototype; fields modeled on public government land-acquisition systems
BHNV-01960,Odisha,Cuttack,Urban Development,24.61,21.77,44,4,2020-05-21,2021-03-06,2021-04-15,2026-01-29,2026-08-13,2028-04-25,85.14,2.56,Mostly paid,92.7,4,Partial possession,1711,50,0,Synthetic prototype; fields modeled on public government land-acquisition systems
BHNV-01961,Uttar Pradesh,Varanasi,National Highway,40.85,24.19,82,13,2020-05-01,2020-12-16,2022-05-21,2022-07-19,2023-01-13,2023-11-08,72.47,6.67,Pending,100.0,2,Pending,177,31,0,Synthetic prototype; fields modeled on public government land-acquisition systems
BHNV-01962,Tamil Nadu,Madurai,Urban Development,58.04,38.7,89,17,2018-01-22,2020-06-07,2021-10-30,2024-01-14,2024-06-02,2024-10-26,87.29,3.71,Pending,100.0,0,Partial possession,1433,57,0,Synthetic prototype; fields modeled on public government land-acquisition systems
BHNV-01963,Gujarat,Rajkot,Renewable Energy,20.07,11.91,28,4,2020-09-09,2021-05-13,2024-11-14,2022-04-19,2022-11-26,2024-03-30,44.2,2.89,Partially paid,85.3,1,Pending,378,47,0,Synthetic prototype; fields modeled on public government land-acquisition systems
BHNV-01964,Madhya Pradesh,Ujjain,National Highway,67.75,51.81,146,24,2025-10-31,2027-01-14,2028-12-28,2031-01-10,2031-10-18,2033-04-28,83.65,8.51,Partially paid,100.0,6,Partial possession,2086,55,0,Synthetic prototype; fields modeled on public government land-acquisition systems
BHNV-01965,Maharashtra,Nashik,Renewable Energy,17.34,9.56,32,4,2024-11-28,2026-07-09,2028-06-05,2027-07-14,2028-07-16,2029-07-21,38.54,2.19,Pending,100.0,2,Pending,694,61,1,Synthetic prototype; fields modeled on public government land-acquisition systems
BHNV-01966,Odisha,Puri,Railway,15.26,14.12,29,7,2019-01-05,2019-05-31,2023-04-09,2024-08-27,2025-10-26,2025-12-16,17.99,2.7,Mostly paid,100.0,1,Substantially complete,1372,47,0,Synthetic prototype; fields modeled on public government land-acquisition systems
BHNV-01967,Rajasthan,Ajmer,Urban Development,6.51,4.85,9,4,2017-03-01,2018-05-28,2020-08-31,2019-02-14,2019-06-30,2021-04-12,16.85,0.33,Pending,100.0,0,Partial possession,416,45,0,Synthetic prototype; fields modeled on public government land-acquisition systems
BHNV-01968,Madhya Pradesh,Bhopal,Urban Development,18.11,14.82,37,6,2024-08-04,2025-04-02,2028-07-20,2030-03-07,2031-08-11,2032-01-10,26.29,1.71,Partially paid,88.5,0,Partial possession,1701,52,0,Synthetic prototype; fields modeled on public government land-acquisition systems
BHNV-01969,West Bengal,Howrah,Irrigation,13.26,9.64,17,1,2017-10-21,2018-04-23,2019-10-19,2018-06-22,2019-10-18,2020-12-27,16.99,0.6,Partially paid,99.9,0,Partial possession,79,15,0,Synthetic prototype; fields modeled on public government land-acquisition systems
BHNV-01970,Tamil Nadu,Madurai,Industrial Corridor,20.07,18.31,34,2,2020-02-26,2020-12-14,2023-10-02,2024-08-25,2025-01-19,2026-04-23,59.06,3.29,Partially paid,100.0,0,Substantially complete,1126,50,0,Synthetic prototype; fields modeled on public government land-acquisition systems
BHNV-01971,Karnataka,Bengaluru Urban,National Highway,55.26,17.27,105,22,2023-06-25,2024-12-12,2027-01-14,2026-01-02,2027-01-30,2028-10-17,172.05,3.12,Pending,86.8,2,Pending,1107,70,1,Synthetic prototype; fields modeled on public government land-acquisition systems
BHNV-01972,Maharashtra,Nagpur,National Highway,5.34,2.55,11,2,2017-06-30,2017-12-27,2020-05-12,2020-02-10,2021-01-07,2021-09-20,4.38,0.76,Pending,92.8,0,Pending,460,58,0,Synthetic prototype; fields modeled on public government land-acquisition systems
BHNV-01973,Rajasthan,Ajmer,Irrigation,4.16,3.75,6,2,2019-01-05,2019-09-03,2020-09-12,2024-10-13,2026-05-27,2027-02-10,9.3,0.57,Partially paid,100.0,0,Substantially complete,2047,49,0,Synthetic prototype; fields modeled on public government land-acquisition systems
BHNV-01974,Madhya Pradesh,Indore,Irrigation,14.17,11.64,28,6,2024-02-11,2024-09-19,2026-09-12,2025-09-18,2026-02-04,2027-08-11,15.42,1.98,Partially paid,100.0,3,Partial possession,523,51,0,Synthetic prototype; fields modeled on public government land-acquisition systems
BHNV-01975,Tamil Nadu,Coimbatore,Industrial Corridor,47.52,43.99,87,20,2021-10-03,2023-11-26,2024-04-22,2027-11-11,2029-02-18,2029-09-29,167.89,6.17,Mostly paid,100.0,1,Substantially complete,2201,47,0,Synthetic prototype; fields modeled on public government land-acquisition systems
BHNV-01976,Uttar Pradesh,Agra,Renewable Energy,40.0,31.82,64,15,2020-02-05,2020-06-11,2022-08-12,2021-08-17,2022-03-27,2023-07-11,132.87,1.69,Partially paid,99.6,2,Partial possession,545,53,0,Synthetic prototype; fields modeled on public government land-acquisition systems
BHNV-01977,West Bengal,Hooghly,Industrial Corridor,13.94,10.74,19,5,2025-01-31,2026-08-24,2027-07-30,2029-09-18,2030-07-29,2030-11-19,13.72,1.87,Partially paid,100.0,0,Partial possession,1329,52,0,Synthetic prototype; fields modeled on public government land-acquisition systems
BHNV-01978,Maharashtra,Thane,Urban Development,96.49,74.36,170,26,2020-01-02,2022-01-01,2022-05-12,2023-03-29,2024-08-13,2026-01-11,413.23,13.67,Partially paid,96.4,5,Partial possession,1125,55,0,Synthetic prototype; fields modeled on public government land-acquisition systems
BHNV-01979,Gujarat,Ahmedabad,Renewable Energy,15.51,10.97,35,6,2020-10-01,2021-04-20,2024-10-02,2026-09-07,2027-02-10,2027-07-11,67.5,3.04,Partially paid,100.0,2,Partial possession,1690,56,0,Synthetic prototype; fields modeled on public government land-acquisition systems
BHNV-01980,Uttar Pradesh,Agra,Railway,47.58,31.99,81,14,2020-11-06,2021-12-11,2021-12-29,2021-12-15,2023-04-17,2023-11-04,96.98,7.82,Pending,100.0,2,Partial possession,78,20,0,Synthetic prototype; fields modeled on public government land-acquisition systems
BHNV-01981,Rajasthan,Jodhpur,Industrial Corridor,20.85,15.25,34,7,2022-06-19,2024-06-26,2023-01-15,2025-12-12,2027-07-18,2027-09-06,26.76,2.59,Partially paid,100.0,3,Partial possession,775,54,0,Synthetic prototype; fields modeled on public government land-acquisition systems
BHNV-01982,Maharashtra,Thane,Irrigation,12.57,9.03,20,2,2019-09-05,2020-03-07,2022-02-27,2021-03-23,2022-02-04,2023-11-10,15.37,1.42,Partially paid,100.0,0,Partial possession,350,38,0,Synthetic prototype; fields modeled on public government land-acquisition systems
BHNV-01983,Uttar Pradesh,Agra,Renewable Energy,16.36,9.15,34,7,2022-03-17,2022-09-02,2026-07-30,2028-07-28,2030-02-18,2032-01-03,63.98,2.93,Partially paid,100.0,1,Pending,2848,60,0,Synthetic prototype; fields modeled on public government land-acquisition systems
BHNV-01984,West Bengal,Bardhaman,Industrial Corridor,62.43,52.09,106,19,2019-10-26,2022-02-06,2022-12-09,2022-06-20,2022-08-03,2023-12-09,156.01,11.66,Partially paid,87.1,0,Partial possession,364,38,0,Synthetic prototype; fields modeled on public government land-acquisition systems
BHNV-01985,Gujarat,Rajkot,National Highway,42.99,33.42,87,17,2019-05-24,2021-09-01,2023-01-26,2022-08-22,2023-09-17,2025-08-12,35.9,7.29,Partially paid,100.0,3,Partial possession,1169,52,0,Synthetic prototype; fields modeled on public government land-acquisition systems
BHNV-01986,Uttar Pradesh,Prayagraj,Railway,78.89,44.32,121,19,2016-02-18,2016-11-29,2017-09-26,2017-10-26,2018-10-16,2018-12-24,333.22,11.96,Partially paid,100.0,5,Pending,209,33,0,Synthetic prototype; fields modeled on public government land-acquisition systems
BHNV-01987,Bihar,Gaya,Urban Development,42.99,34.24,81,14,2020-12-25,2022-11-30,2023-06-23,2025-07-13,2026-02-21,2027-06-21,128.67,5.51,Mostly paid,100.0,3,Partial possession,1233,51,0,Synthetic prototype; fields modeled on public government land-acquisition systems
BHNV-01988,Gujarat,Surat,National Highway,5.98,4.65,13,1,2022-11-15,2024-09-20,2026-10-13,2026-08-12,2027-04-26,2027-08-02,20.06,1.03,Partially paid,100.0,0,Partial possession,1015,51,0,Synthetic prototype; fields modeled on public government land-acquisition systems
BHNV-01989,Rajasthan,Kota,National Highway,248.24,137.8,484,101,2021-12-05,2024-05-16,2023-08-13,2023-01-05,2023-06-26,2023-07-16,955.02,18.4,Partially paid,100.0,13,Pending,0,19,0,Synthetic prototype; fields modeled on public government land-acquisition systems
BHNV-01990,West Bengal,Kolkata,Railway,43.6,34.06,85,13,2021-10-30,2023-01-18,2025-04-04,2026-03-07,2026-08-14,2027-08-26,166.93,5.85,Partially paid,92.5,2,Partial possession,1266,56,0,Synthetic prototype; fields modeled on public government land-acquisition systems
BHNV-01991,Tamil Nadu,Salem,Urban Development,50.13,26.22,92,10,2025-02-16,2026-02-09,2027-09-08,2029-01-01,2029-12-21,2032-02-11,54.16,3.21,Pending,100.0,3,Pending,1701,63,1,Synthetic prototype; fields modeled on public government land-acquisition systems
BHNV-01992,Karnataka,Mysuru,Irrigation,20.56,13.32,35,7,2020-10-12,2021-11-23,2022-10-05,2026-12-31,2027-04-16,2029-04-09,60.11,2.33,Partially paid,100.0,0,Pending,2229,57,0,Synthetic prototype; fields modeled on public government land-acquisition systems
BHNV-01993,Karnataka,Mysuru,Renewable Energy,91.21,77.35,153,24,2017-05-10,2018-03-01,2020-06-30,2020-11-28,2021-11-06,2023-09-15,307.93,4.05,Partially paid,100.0,3,Partial possession,1719,53,0,Synthetic prototype; fields modeled on public government land-acquisition systems
BHNV-01994,Karnataka,Mangaluru,Urban Development,10.04,6.4,13,6,2017-09-25,2019-04-18,2021-03-03,2023-06-27,2023-12-30,2024-07-01,11.21,1.01,Partially paid,73.5,0,Pending,1428,61,1,Synthetic prototype; fields modeled on public government land-acquisition systems
BHNV-01995,Maharashtra,Nagpur,Industrial Corridor,55.14,33.43,106,19,2023-11-24,2024-05-10,2025-09-09,2029-01-05,2029-02-19,2031-04-04,89.49,5.16,Pending,86.5,0,Pending,1719,60,0,Synthetic prototype; fields modeled on public government land-acquisition systems
BHNV-01996,Rajasthan,Alwar,National Highway,3.74,2.15,10,1,2017-08-24,2020-01-30,2021-08-07,2022-01-27,2022-11-09,2023-07-30,8.47,1.04,Partially paid,100.0,0,Pending,1536,59,0,Synthetic prototype; fields modeled on public government land-acquisition systems
BHNV-01997,West Bengal,Howrah,Industrial Corridor,58.98,42.76,113,22,2023-09-18,2026-01-18,2025-05-06,2030-03-02,2030-06-19,2032-04-25,240.65,6.51,Partially paid,97.4,3,Partial possession,2114,55,0,Synthetic prototype; fields modeled on public government land-acquisition systems
BHNV-01998,Gujarat,Ahmedabad,Irrigation,10.18,7.61,12,1,2023-06-13,2025-02-28,2026-02-24,2029-11-05,2030-02-04,2030-09-16,40.18,1.34,Partially paid,100.0,0,Partial possession,1676,52,0,Synthetic prototype; fields modeled on public government land-acquisition systems
BHNV-01999,Maharashtra,Aurangabad,Industrial Corridor,39.53,25.7,79,17,2016-06-24,2017-12-17,2017-10-18,2017-02-15,2017-07-30,2019-08-23,146.02,5.32,Partially paid,93.4,1,Partial possession,408,46,0,Synthetic prototype; fields modeled on public government land-acquisition systems
BHNV-02000,Rajasthan,Kota,Urban Development,116.44,79.17,209,35,2023-10-23,2024-07-27,2024-09-02,2027-01-27,2027-07-02,2028-03-16,519.79,21.92,Partially paid,100.0,12,Partial possession,732,60,0,Synthetic prototype; fields modeled on public government land-acquisition systems
